folio,nro,area,depto,upm,estrato,factor,s02c_15,s01a_02,s01a_03
111-000187-A-0041,5,1,1,111-000187-A,111,164.947151775844,3,1,0
111-000187-A-0151,6,1,1,111-000187-A,111,164.947151775844,3,2,5
111-000187-A-0181,4,1,1,111-000187-A,111,164.947151775844,3,2,3
111-000187-A-0181,5,1,1,111-000187-A,111,164.947151775844,3,1,1
111-000187-A-0301,4,1,1,111-000187-A,111,164.947151775844,3,1,4
111-000187-A-0331,5,1,1,111-000187-A,111,164.947151775844,3,1,3
111-000192-A-0091,3,1,1,111-000192-A,111,271.677661748449,3,1,2
111-000192-A-0181,8,1,1,111-000192-A,111,271.677661748449,3,1,3
111-000192-A-0211,4,1,1,111-000192-A,111,271.677661748449,3,2,4
111-000192-A-0331,5,1,1,111-000192-A,111,271.677661748449,3,1,4
111-000196-A-0021,2,1,1,111-000196-A,111,141.121452074889,3,1,1
111-000196-A-0061,3,1,1,111-000196-A,111,141.121452074889,2,2,3
111-000196-A-0131,2,1,1,111-000196-A,111,141.121452074889,1,1,3
111-000196-A-0131,3,1,1,111-000196-A,111,141.121452074889,3,1,0
111-000228-A-0101,4,1,1,111-000228-A,111,241.922489271237,3,2,3
111-000228-A-0131,4,1,1,111-000228-A,111,241.922489271237,3,2,4
111-000228-A-0161,4,1,1,111-000228-A,111,241.922489271237,3,2,2
111-000228-A-0251,3,1,1,111-000228-A,111,241.922489271237,1,1,5
111-000228-A-0281,5,1,1,111-000228-A,111,241.922489271237,3,2,5
111-000268-A-0131,3,1,1,111-000268-A,111,173.553090129366,3,1,2
111-000268-A-0191,3,1,1,111-000268-A,111,173.553090129366,3,1,5
111-000268-A-0191,4,1,1,111-000268-A,111,173.553090129366,3,2,2
111-000268-A-0321,9,1,1,111-000268-A,111,173.553090129366,3,1,1
112-000333-A-0051,5,1,1,112-000333-A,112,189.912365893797,3,1,1
112-000333-A-0101,3,1,1,112-000333-A,112,189.912365893797,3,1,1
112-000333-A-0121,3,1,1,112-000333-A,112,189.912365893797,3,2,1
112-000333-A-0171,3,1,1,112-000333-A,112,189.912365893797,3,1,3
112-000333-A-0191,4,1,1,112-000333-A,112,189.912365893797,3,2,3
112-000333-A-0221,4,1,1,112-000333-A,112,189.912365893797,3,2,2
112-000333-A-0261,3,1,1,112-000333-A,112,189.912365893797,3,1,4
112-000333-A-0261,4,1,1,112-000333-A,112,189.912365893797,3,2,1
112-000368-A-0221,4,1,1,112-000368-A,112,160.238558722891,3,1,0
112-000368-A-0341,4,1,1,112-000368-A,112,160.238558722891,3,2,3
112-000541-A-0101,3,1,1,112-000541-A,112,428.642330543993,3,1,2
112-000541-A-0171,6,1,1,112-000541-A,112,428.642330543993,3,1,3
112-000541-A-0571,3,1,1,112-000541-A,112,428.642330543993,3,2,5
112-000541-A-0771,3,1,1,112-000541-A,112,428.642330543993,3,1,3
112-000541-A-0771,4,1,1,112-000541-A,112,428.642330543993,3,2,2
112-000595-A-0041,4,1,1,112-000595-A,112,209.429051716875,3,1,0
112-000595-A-0151,5,1,1,112-000595-A,112,209.429051716875,3,1,0
112-000595-A-0301,7,1,1,112-000595-A,112,209.429051716875,3,1,5
112-000595-A-0301,9,1,1,112-000595-A,112,209.429051716875,3,1,4
112-000604-A-0021,2,1,1,112-000604-A,112,256.381693956626,3,2,2
112-000604-A-0081,6,1,1,112-000604-A,112,256.381693956626,3,1,1
112-000604-A-0151,3,1,1,112-000604-A,112,256.381693956626,3,2,3
112-000616-A-0041,3,1,1,112-000616-A,112,191.976630740469,1,1,4
112-000616-A-0121,8,1,1,112-000616-A,112,191.976630740469,3,2,5
112-000616-A-0121,9,1,1,112-000616-A,112,191.976630740469,3,2,5
112-000699-A-0071,4,1,1,112-000699-A,112,135.651689924141,3,2,5
112-000699-A-0111,4,1,1,112-000699-A,112,135.651689924141,3,1,3
112-000699-A-0171,6,1,1,112-000699-A,112,135.651689924141,3,1,1
113-000945-A-0051,3,1,1,113-000945-A,113,144.745835459345,3,2,3
113-000945-A-0051,4,1,1,113-000945-A,113,144.745835459345,3,1,0
113-000945-A-0141,5,1,1,113-000945-A,113,144.745835459345,3,2,4
113-000945-A-0141,6,1,1,113-000945-A,113,144.745835459345,3,2,3
113-000945-A-0201,3,1,1,113-000945-A,113,144.745835459345,3,1,5
113-000970-A-0011,5,1,1,113-000970-A,113,163.302993851569,3,2,2
113-000970-A-0031,4,1,1,113-000970-A,113,163.302993851569,3,2,4
113-000970-A-0051,2,1,1,113-000970-A,113,163.302993851569,3,2,2
113-000970-A-0111,2,1,1,113-000970-A,113,163.302993851569,3,1,3
113-000970-A-0191,3,1,1,113-000970-A,113,163.302993851569,3,2,2
113-000970-A-0191,4,1,1,113-000970-A,113,163.302993851569,3,2,0
113-001018-A-0021,3,1,1,113-001018-A,113,157.470744071156,3,1,0
113-001018-A-0051,3,1,1,113-001018-A,113,157.470744071156,3,2,0
113-001018-A-0071,6,1,1,113-001018-A,113,157.470744071156,3,2,5
113-001018-A-0101,8,1,1,113-001018-A,113,157.470744071156,3,2,5
113-001032-A-0041,3,1,1,113-001032-A,113,220.459041699618,3,1,3
113-001032-A-0111,3,1,1,113-001032-A,113,220.459041699618,3,2,4
113-001032-A-0161,4,1,1,113-001032-A,113,220.459041699618,3,1,4
113-001032-A-0161,5,1,1,113-001032-A,113,220.459041699618,3,2,0
113-001040-A-0101,4,1,1,113-001040-A,113,154.708099438328,3,1,3
113-001077-A-0111,5,1,1,113-001077-A,113,261.28479016251,3,2,0
113-001077-A-0301,3,1,1,113-001077-A,113,261.28479016251,3,2,5
113-001134-A-0101,4,1,1,113-001134-A,113,202.462385234343,3,2,2
113-001134-A-0461,4,1,1,113-001134-A,113,202.462385234343,3,1,4
113-001312-A-0041,3,1,1,113-001312-A,113,211.273248295467,3,2,5
113-001312-A-0061,5,1,1,113-001312-A,113,211.273248295467,3,2,3
113-001312-A-0221,4,1,1,113-001312-A,113,211.273248295467,3,1,4
113-001466-A-0011,5,1,1,113-001466-A,113,149.14776605471,3,2,4
113-001466-A-0111,3,1,1,113-001466-A,113,149.14776605471,3,1,3
113-001466-A-0221,3,1,1,113-001466-A,113,149.14776605471,3,2,4
114-001615-A-0011,2,1,1,114-001615-A,114,171.362823699177,1,2,1
114-001615-A-0071,2,1,1,114-001615-A,114,171.362823699177,3,1,3
114-001615-A-0071,3,1,1,114-001615-A,114,171.362823699177,3,1,0
114-001615-A-0081,3,1,1,114-001615-A,114,171.362823699177,3,2,1
114-001615-A-0161,2,1,1,114-001615-A,114,171.362823699177,1,1,4
114-001615-A-0161,3,1,1,114-001615-A,114,171.362823699177,1,1,1
114-001664-A-0071,3,1,1,114-001664-A,114,247.524078676589,3,1,2
114-001772-A-0371,4,1,1,114-001772-A,114,236.630822255541,3,2,1
114-001825-A-0371,2,1,1,114-001825-A,114,183.263019789398,2,2,3
114-001836-A-0111,2,1,1,114-001836-A,114,204.207364908186,3,1,0
114-001849-A-0021,3,1,1,114-001849-A,114,205.703389559528,3,1,3
114-001849-A-0131,3,1,1,114-001849-A,114,205.703389559528,3,1,5
114-001849-A-0211,4,1,1,114-001849-A,114,205.703389559528,3,2,3
114-001977-A-0061,5,1,1,114-001977-A,114,308.005075276298,3,1,5
114-001977-A-0251,4,1,1,114-001977-A,114,308.005075276298,3,1,1
114-001977-A-0391,4,1,1,114-001977-A,114,308.005075276298,3,1,1
114-001977-A-0481,4,1,1,114-001977-A,114,308.005075276298,3,2,5
114-002243-A-0151,7,1,1,114-002243-A,114,164.585762874916,3,2,4
114-002243-A-0151,8,1,1,114-002243-A,114,164.585762874916,3,2,2
114-002243-A-0211,4,1,1,114-002243-A,114,164.585762874916,2,2,2
114-002244-A-0061,5,1,1,114-002244-A,114,56.3693499010451,3,2,2
114-002244-A-0111,3,1,1,114-002244-A,114,56.3693499010451,2,2,3
114-002378-A-0081,4,1,1,114-002378-A,114,169.165864420982,1,1,3
114-002378-A-0101,4,1,1,114-002378-A,114,169.165864420982,2,1,2
114-002378-A-0131,5,1,1,114-002378-A,114,169.165864420982,3,2,5
131-002730-A-0071,3,1,1,131-002730-A,111,87.97181428045,3,2,3
131-002730-A-0071,4,1,1,131-002730-A,111,87.97181428045,3,1,1
131-002730-A-0081,3,1,1,131-002730-A,111,87.97181428045,3,2,5
131-002730-A-0141,3,1,1,131-002730-A,111,87.97181428045,3,1,1
132-002939-A-0011,4,1,1,132-002939-A,112,142.434274420348,3,2,4
132-002939-A-0031,4,1,1,132-002939-A,112,142.434274420348,3,2,4
132-002979-A-0021,3,1,1,132-002979-A,112,132.438886741727,1,1,4
132-002979-A-0371,5,1,1,132-002979-A,112,132.438886741727,1,2,5
132-002596-A-0211,4,1,1,132-002596-A,112,745.040820044896,1,1,5
132-002596-A-0321,4,1,1,132-002596-A,112,745.040820044896,1,2,5
132-002596-A-0601,4,1,1,132-002596-A,112,745.040820044896,1,1,4
132-002596-A-0661,4,1,1,132-002596-A,112,745.040820044896,3,1,0
133-002785-A-0061,3,1,1,133-002785-A,113,291.784025778906,3,1,2
133-002785-A-0201,6,1,1,133-002785-A,113,291.784025778906,1,2,3
133-002785-A-0221,5,1,1,133-002785-A,113,291.784025778906,1,2,5
133-002785-A-0221,6,1,1,133-002785-A,113,291.784025778906,3,1,3
133-002989-A-0011,5,1,1,133-002989-A,113,130.379003155688,1,2,5
133-002989-A-0101,4,1,1,133-002989-A,113,130.379003155688,3,2,1
133-002989-A-0131,4,1,1,133-002989-A,113,130.379003155688,3,1,2
133-002989-A-0171,4,1,1,133-002989-A,113,130.379003155688,3,1,0
133-002989-A-0191,3,1,1,133-002989-A,113,130.379003155688,3,2,1
133-002447-A-0091,6,1,1,133-002447-A,113,59.7076571269799,3,1,0
134-002545-A-0031,5,1,1,134-002545-A,114,278.167083608907,3,2,2
134-002545-A-0151,3,1,1,134-002545-A,114,278.167083608907,3,2,3
141-005023-D-0021,5,2,1,141-005023-D,121,213.249115510681,3,1,3
141-005023-D-0061,4,2,1,141-005023-D,121,213.249115510681,1,2,5
141-005023-D-0061,5,2,1,141-005023-D,121,213.249115510681,3,1,3
141-005023-D-0061,6,2,1,141-005023-D,121,213.249115510681,3,1,3
141-005023-D-0061,7,2,1,141-005023-D,121,213.249115510681,3,1,1
141-005023-D-0121,5,2,1,141-005023-D,121,213.249115510681,1,1,5
141-005023-D-0121,6,2,1,141-005023-D,121,213.249115510681,3,1,3
141-005023-D-0201,6,2,1,141-005023-D,121,213.249115510681,3,1,3
141-005023-D-0221,5,2,1,141-005023-D,121,213.249115510681,3,2,4
141-005023-D-0221,6,2,1,141-005023-D,121,213.249115510681,3,2,2
141-004862-D-0021,3,2,1,141-004862-D,121,527.022985701455,1,2,5
141-004862-D-0041,4,2,1,141-004862-D,121,527.022985701455,3,1,3
141-004862-D-0041,5,2,1,141-004862-D,121,527.022985701455,3,2,0
141-004862-D-0111,4,2,1,141-004862-D,121,527.022985701455,3,1,3
141-004926-D-0021,4,2,1,141-004926-D,121,121.929214347977,3,1,4
141-004926-D-0091,3,2,1,141-004926-D,121,121.929214347977,3,1,4
141-004926-D-0091,4,2,1,141-004926-D,121,121.929214347977,3,2,3
141-004926-D-0091,5,2,1,141-004926-D,121,121.929214347977,3,1,1
141-004926-D-0131,5,2,1,141-004926-D,121,121.929214347977,3,2,1
141-004062-D-0011,8,2,1,141-004062-D,121,132.452866776821,3,1,3
141-004062-D-0061,5,2,1,141-004062-D,121,132.452866776821,3,2,2
141-004062-D-0061,6,2,1,141-004062-D,121,132.452866776821,3,1,0
141-004062-D-0091,4,2,1,141-004062-D,121,132.452866776821,3,1,4
141-004062-D-0091,5,2,1,141-004062-D,121,132.452866776821,3,1,1
141-004062-D-0161,4,2,1,141-004062-D,121,132.452866776821,3,2,0
141-004111-D-0071,4,2,1,141-004111-D,121,289.277061040576,3,2,3
141-004111-D-0071,5,2,1,141-004111-D,121,289.277061040576,3,1,0
141-004111-D-0151,2,2,1,141-004111-D,121,289.277061040576,3,1,1
141-004111-D-0501,3,2,1,141-004111-D,121,289.277061040576,3,1,3
141-004111-D-0501,4,2,1,141-004111-D,121,289.277061040576,3,2,2
142-004985-D-0191,4,2,1,142-004985-D,122,185.412740709216,1,1,5
142-003752-D-0011,4,2,1,142-003752-D,122,133.512653038524,3,1,4
142-003752-D-0011,5,2,1,142-003752-D,122,133.512653038524,3,2,3
142-003752-D-0041,3,2,1,142-003752-D,122,133.512653038524,3,1,2
142-004142-D-0131,4,2,1,142-004142-D,122,144.407999975447,3,2,1
143-005040-D-0121,4,2,1,143-005040-D,123,174.323279318883,3,2,4
143-005040-D-0211,4,2,1,143-005040-D,123,174.323279318883,3,1,0
143-004721-D-0051,3,2,1,143-004721-D,123,156.489695756849,3,2,0
143-004345-D-0051,3,2,1,143-004345-D,123,204.503579682246,1,1,4
143-004345-D-0051,4,2,1,143-004345-D,123,204.503579682246,3,2,2
143-003024-A-0011,3,2,1,143-003024-A,123,107.44068663903,3,2,3
143-003024-A-0011,4,2,1,143-003024-A,123,107.44068663903,3,2,1
143-003024-A-0041,4,2,1,143-003024-A,123,107.44068663903,1,2,5
143-003024-A-0041,5,2,1,143-003024-A,123,107.44068663903,3,2,2
143-003621-A-0061,4,2,1,143-003621-A,123,287.441142553378,1,2,5
143-003621-A-0181,3,2,1,143-003621-A,123,287.441142553378,3,2,4
143-003621-A-0181,4,2,1,143-003621-A,123,287.441142553378,3,1,3
143-003250-A-0011,3,2,1,143-003250-A,123,390.350692446111,1,1,5
143-003250-A-0011,4,2,1,143-003250-A,123,390.350692446111,3,1,2
143-003250-A-0011,5,2,1,143-003250-A,123,390.350692446111,3,1,0
143-003250-A-0051,6,2,1,143-003250-A,123,390.350692446111,3,2,3
143-003250-A-0161,3,2,1,143-003250-A,123,390.350692446111,3,1,3
144-003730-A-0011,4,2,1,144-003730-A,124,253.171509976169,3,1,3
144-003730-A-0081,4,2,1,144-003730-A,124,253.171509976169,3,2,5
144-003730-A-0101,3,2,1,144-003730-A,124,253.171509976169,3,1,4
144-003730-A-0101,4,2,1,144-003730-A,124,253.171509976169,3,2,2
144-003167-A-0101,4,2,1,144-003167-A,124,175.272583829656,3,1,2
144-003167-A-0151,4,2,1,144-003167-A,124,175.272583829656,1,1,4
144-003167-A-0181,4,2,1,144-003167-A,124,175.272583829656,3,2,3
144-003167-A-0201,3,2,1,144-003167-A,124,175.272583829656,3,2,1
144-003185-A-0071,5,2,1,144-003185-A,124,184.124734528123,3,1,3
144-003185-A-0071,6,2,1,144-003185-A,124,184.124734528123,3,2,1
144-003185-A-0111,5,2,1,144-003185-A,124,184.124734528123,1,1,5
144-003185-A-0201,5,2,1,144-003185-A,124,184.124734528123,3,1,2
144-003612-A-0011,5,2,1,144-003612-A,124,253.171509976169,1,2,4
144-003612-A-0011,6,2,1,144-003612-A,124,253.171509976169,3,1,1
144-003612-A-0071,3,2,1,144-003612-A,124,253.171509976169,1,2,5
144-003612-A-0071,4,2,1,144-003612-A,124,253.171509976169,3,1,3
144-003612-A-0111,4,2,1,144-003612-A,124,253.171509976169,3,2,5
144-003612-A-0111,5,2,1,144-003612-A,124,253.171509976169,3,2,3
151-004061-D-0011,7,2,1,151-004061-D,121,145.122271425038,3,1,0
151-004061-D-0011,8,2,1,151-004061-D,121,145.122271425038,3,1,0
151-004061-D-0051,5,2,1,151-004061-D,121,145.122271425038,3,2,1
151-004061-D-0061,3,2,1,151-004061-D,121,145.122271425038,3,1,0
151-004492-D-0011,4,2,1,151-004492-D,121,1040.35706268339,3,1,1
151-004492-D-0041,3,2,1,151-004492-D,121,1040.35706268339,1,2,5
151-004492-D-0161,3,2,1,151-004492-D,121,1040.35706268339,1,1,4
151-004492-D-0311,3,2,1,151-004492-D,121,1040.35706268339,3,1,3
151-004492-D-0311,4,2,1,151-004492-D,121,1040.35706268339,3,1,1
151-004492-D-0311,5,2,1,151-004492-D,121,1040.35706268339,3,2,4
151-003798-D-0011,6,2,1,151-003798-D,121,417.226530346985,3,1,4
152-005268-D-0081,5,2,1,152-005268-D,122,391.104999933502,3,1,4
152-005268-D-0111,3,2,1,152-005268-D,122,391.104999933502,3,1,3
152-005268-D-0131,3,2,1,152-005268-D,122,391.104999933502,3,1,3
152-005163-D-0011,3,2,1,152-005163-D,122,264.515458892224,3,1,3
152-005163-D-0041,3,2,1,152-005163-D,122,264.515458892224,3,1,3
152-005163-D-0301,6,2,1,152-005163-D,122,264.515458892224,1,1,5
152-005163-D-0331,7,2,1,152-005163-D,122,264.515458892224,1,2,4
152-005163-D-0331,8,2,1,152-005163-D,122,264.515458892224,3,2,0
152-004962-D-0141,3,2,1,152-004962-D,122,458.896533255309,1,2,5
152-004962-D-0411,5,2,1,152-004962-D,122,458.896533255309,3,2,5
152-004962-D-0411,6,2,1,152-004962-D,122,458.896533255309,3,1,3
152-004962-D-0521,4,2,1,152-004962-D,122,458.896533255309,3,2,0
152-004962-D-0581,5,2,1,152-004962-D,122,458.896533255309,1,1,3
152-004964-D-0011,5,2,1,152-004964-D,122,267.783603558073,3,2,5
152-004964-D-0111,2,2,1,152-004964-D,122,267.783603558073,3,2,5
152-004964-D-0111,3,2,1,152-004964-D,122,267.783603558073,3,2,3
152-004964-D-0111,4,2,1,152-004964-D,122,267.783603558073,3,1,1
152-004833-D-0011,5,2,1,152-004833-D,122,307.754754046034,1,2,5
152-005277-D-0031,3,2,1,152-005277-D,122,439.135438521827,3,2,3
152-005096-D-0031,2,2,1,152-005096-D,122,223.488571390573,3,2,5
152-005096-D-0081,3,2,1,152-005096-D,122,223.488571390573,3,1,0
152-005096-D-0111,4,2,1,152-005096-D,122,223.488571390573,1,2,5
153-005265-D-0071,5,2,1,153-005265-D,123,229.461211446745,3,2,3
153-005265-D-0121,6,2,1,153-005265-D,123,229.461211446745,3,2,0
153-005265-D-0331,4,2,1,153-005265-D,123,229.461211446745,3,2,2
153-005326-D-0091,3,2,1,153-005326-D,123,162.128964072411,3,2,0
153-005326-D-0131,5,2,1,153-005326-D,123,162.128964072411,3,2,5
153-004390-D-0281,6,2,1,153-004390-D,123,351.356626425496,3,2,1
153-004390-D-0391,4,2,1,153-004390-D,123,351.356626425496,1,1,5
153-004390-D-0391,5,2,1,153-004390-D,123,351.356626425496,3,1,0
153-004291-D-0051,3,2,1,153-004291-D,123,256.357763704239,3,2,3
153-004291-D-0141,4,2,1,153-004291-D,123,256.357763704239,3,2,4
154-005293-D-0111,2,2,1,154-005293-D,124,217.004151408145,1,1,4
211-000064-A-0081,4,1,2,211-000064-A,211,211.415872764532,3,2,2
211-000167-A-0021,3,1,2,211-000167-A,211,187.391341768562,3,1,3
211-000167-A-0081,4,1,2,211-000167-A,211,187.391341768562,2,2,1
211-000167-A-0101,3,1,2,211-000167-A,211,187.391341768562,3,1,1
211-000169-A-0091,3,1,2,211-000169-A,211,322.343954153329,3,1,0
211-000169-A-0151,5,1,2,211-000169-A,211,322.343954153329,3,2,3
211-000169-A-0241,6,1,2,211-000169-A,211,322.343954153329,1,1,5
211-000169-A-0281,5,1,2,211-000169-A,211,322.343954153329,1,2,3
211-000169-A-0311,4,1,2,211-000169-A,211,322.343954153329,1,2,5
212-000172-A-0041,3,1,2,212-000172-A,212,91.2333515291436,3,1,0
212-000206-A-0071,3,1,2,212-000206-A,212,243.28893741105,3,2,1
212-000206-A-0151,3,1,2,212-000206-A,212,243.28893741105,2,1,3
212-000291-A-0051,4,1,2,212-000291-A,212,263.563015528637,3,2,4
212-000291-A-0091,4,1,2,212-000291-A,212,263.563015528637,3,2,5
212-000291-A-0091,5,1,2,212-000291-A,212,263.563015528637,3,1,4
212-000291-A-0161,3,1,2,212-000291-A,212,263.563015528637,1,1,5
212-000291-A-0201,3,1,2,212-000291-A,212,263.563015528637,3,2,1
212-000332-A-0071,4,1,2,212-000332-A,212,153.656170996452,3,1,3
212-000332-A-0091,6,1,2,212-000332-A,212,153.656170996452,3,2,1
212-000332-A-0171,5,1,2,212-000332-A,212,153.656170996452,3,2,3
212-000348-A-0151,5,1,2,212-000348-A,212,177.535170543198,3,2,3
212-000348-A-0151,6,1,2,212-000348-A,212,177.535170543198,3,2,0
212-000348-A-0201,4,1,2,212-000348-A,212,177.535170543198,3,1,1
212-000625-A-0221,3,1,2,212-000625-A,212,298.581877731743,3,2,1
212-000634-A-0031,4,1,2,212-000634-A,212,316.275618634365,3,1,5
212-000760-A-0031,3,1,2,212-000760-A,212,508.695050950377,3,1,3
212-000760-A-0071,5,1,2,212-000760-A,212,508.695050950377,3,1,4
212-000760-A-0111,3,1,2,212-000760-A,212,508.695050950377,3,1,4
212-000760-A-0151,4,1,2,212-000760-A,212,508.695050950377,3,1,3
212-000760-A-0261,5,1,2,212-000760-A,212,508.695050950377,3,1,1
212-000760-A-0301,4,1,2,212-000760-A,212,508.695050950377,1,1,5
212-000780-A-0151,3,1,2,212-000780-A,212,134.228379261269,3,2,4
212-000780-A-0151,4,1,2,212-000780-A,212,134.228379261269,3,1,1
212-001058-A-0021,4,1,2,212-001058-A,212,229.772885332658,3,2,1
212-001058-A-0081,5,1,2,212-001058-A,212,229.772885332658,3,2,3
212-001058-A-0101,3,1,2,212-001058-A,212,229.772885332658,3,1,1
212-001058-A-0131,4,1,2,212-001058-A,212,229.772885332658,3,2,4
212-001058-A-0131,5,1,2,212-001058-A,212,229.772885332658,3,2,0
212-001112-A-0171,6,1,2,212-001112-A,212,307.312341992905,3,2,5
212-001112-A-0211,3,1,2,212-001112-A,212,307.312341992905,3,2,2
212-001112-A-0211,4,1,2,212-001112-A,212,307.312341992905,3,1,0
212-001153-A-0061,3,1,2,212-001153-A,212,212.877820234669,1,1,5
212-001153-A-0061,4,1,2,212-001153-A,212,212.877820234669,3,1,4
212-001153-A-0111,3,1,2,212-001153-A,212,212.877820234669,3,2,5
212-001153-A-0131,8,1,2,212-001153-A,212,212.877820234669,3,2,4
212-001158-A-0081,3,1,2,212-001158-A,212,324.3852498814,3,2,2
212-001163-A-0021,4,1,2,212-001163-A,212,273.700054587431,3,2,1
212-001163-A-0131,3,1,2,212-001163-A,212,273.700054587431,3,2,0
212-001163-A-0131,7,1,2,212-001163-A,212,273.700054587431,3,2,4
212-001163-A-0141,3,1,2,212-001163-A,212,273.700054587431,3,1,5
213-001450-A-0151,4,1,2,213-001450-A,213,339.632087275342,2,2,5
213-001450-A-0221,5,1,2,213-001450-A,213,339.632087275342,3,2,4
213-001525-A-0051,5,1,2,213-001525-A,213,347.411694060795,3,1,4
213-001525-A-0081,4,1,2,213-001525-A,213,347.411694060795,3,1,3
213-001525-A-0131,3,1,2,213-001525-A,213,347.411694060795,3,1,1
213-001543-A-0041,5,1,2,213-001543-A,213,311.329413335731,3,2,5
213-001543-A-0061,3,1,2,213-001543-A,213,311.329413335731,3,1,1
213-001543-A-0081,6,1,2,213-001543-A,213,311.329413335731,3,2,3
213-001543-A-0151,3,1,2,213-001543-A,213,311.329413335731,3,2,0
213-001543-A-0241,5,1,2,213-001543-A,213,311.329413335731,3,1,5
213-001543-A-0261,4,1,2,213-001543-A,213,311.329413335731,2,1,5
213-001711-A-0011,4,1,2,213-001711-A,213,201.263459126129,3,1,3
213-001711-A-0171,4,1,2,213-001711-A,213,201.263459126129,3,2,2
213-001867-A-0301,7,1,2,213-001867-A,213,228.308236446202,3,1,1
213-001876-A-0131,4,1,2,213-001876-A,213,200.458405289624,3,1,4
213-001876-A-0201,3,1,2,213-001876-A,213,200.458405289624,1,2,3
213-001876-A-0691,5,1,2,213-001876-A,213,200.458405289624,3,2,1
213-001876-A-0821,4,1,2,213-001876-A,213,200.458405289624,3,1,3
213-001914-A-0341,3,1,2,213-001914-A,213,239.000357712278,3,2,3
213-001914-A-0341,4,1,2,213-001914-A,213,239.000357712278,3,1,1
213-001914-A-0811,4,1,2,213-001914-A,213,239.000357712278,1,1,5
213-001917-A-0051,4,1,2,213-001917-A,213,368.983008397903,3,2,3
213-001917-A-0111,4,1,2,213-001917-A,213,368.983008397903,3,1,5
213-001917-A-0191,7,1,2,213-001917-A,213,368.983008397903,3,1,5
213-001967-A-0241,4,1,2,213-001967-A,213,278.899266113259,3,2,5
213-001967-A-0671,3,1,2,213-001967-A,213,278.899266113259,3,1,2
213-001967-A-0671,4,1,2,213-001967-A,213,278.899266113259,3,2,0
213-002015-A-0071,5,1,2,213-002015-A,213,142.832132283059,3,2,1
213-002078-A-2291,4,1,2,213-002078-A,213,297.553775577512,3,2,5
213-002191-A-0251,5,1,2,213-002191-A,213,216.777517433768,3,2,5
213-002191-A-0331,4,1,2,213-002191-A,213,216.777517433768,3,2,5
213-002236-A-0011,3,1,2,213-002236-A,213,264.705201676756,3,1,0
213-002236-A-0011,4,1,2,213-002236-A,213,264.705201676756,3,2,0
213-002236-A-0131,5,1,2,213-002236-A,213,264.705201676756,3,1,2
213-002236-A-0131,6,1,2,213-002236-A,213,264.705201676756,3,2,0
213-002278-A-0391,3,1,2,213-002278-A,213,225.907964325247,3,1,5
213-002334-A-0021,5,1,2,213-002334-A,213,233.908871395099,3,2,1
213-002334-A-0491,4,1,2,213-002334-A,213,233.908871395099,1,1,5
213-002401-A-0091,3,1,2,213-002401-A,213,436.953562576464,3,2,4
213-002401-A-0291,6,1,2,213-002401-A,213,436.953562576464,3,2,0
213-002440-A-0201,3,1,2,213-002440-A,213,310.623450947214,3,1,2
213-002440-A-0521,5,1,2,213-002440-A,213,310.623450947214,3,2,2
213-002442-A-0521,3,1,2,213-002442-A,213,250.200807064331,1,2,4
213-002442-A-0521,4,1,2,213-002442-A,213,250.200807064331,3,2,1
213-002539-A-0051,3,1,2,213-002539-A,213,311.329413335731,1,1,5
213-002622-A-0011,5,1,2,213-002622-A,213,371.618601315031,3,1,2
213-002622-A-0331,4,1,2,213-002622-A,213,371.618601315031,3,1,1
213-002622-A-0451,8,1,2,213-002622-A,213,371.618601315031,1,1,5
213-002622-A-0451,9,1,2,213-002622-A,213,371.618601315031,3,1,1
213-002663-A-0071,5,1,2,213-002663-A,213,276.737256298427,1,2,3
213-002663-A-0111,2,1,2,213-002663-A,213,276.737256298427,3,2,1
213-002663-A-0131,3,1,2,213-002663-A,213,276.737256298427,3,2,1
213-002669-A-0381,8,1,2,213-002669-A,213,444.75630476533,3,1,1
213-002685-A-0041,5,1,2,213-002685-A,213,267.51268108848,3,1,4
213-002685-A-0331,4,1,2,213-002685-A,213,267.51268108848,3,2,2
213-002685-A-0431,4,1,2,213-002685-A,213,267.51268108848,3,1,5
213-002770-A-0251,3,1,2,213-002770-A,213,225.489616243163,3,2,3
213-002770-A-0391,4,1,2,213-002770-A,213,225.489616243163,3,2,5
213-003068-A-0041,2,1,2,213-003068-A,213,169.816043637671,3,1,4
213-003068-A-0131,4,1,2,213-003068-A,213,169.816043637671,3,1,4
213-003109-A-0111,3,1,2,213-003109-A,213,250.381327127148,3,1,4
213-003109-A-0111,4,1,2,213-003109-A,213,250.381327127148,3,2,3
213-003109-A-0111,5,1,2,213-003109-A,213,250.381327127148,3,1,0
213-003141-A-0011,3,1,2,213-003141-A,213,276.737256298427,3,2,3
213-003141-A-0011,4,1,2,213-003141-A,213,276.737256298427,3,1,1
213-003141-A-0041,3,1,2,213-003141-A,213,276.737256298427,3,2,2
213-003141-A-0141,3,1,2,213-003141-A,213,276.737256298427,3,2,4
213-003141-A-0171,4,1,2,213-003141-A,213,276.737256298427,3,1,4
213-003315-A-0091,5,1,2,213-003315-A,213,205.288728308651,3,2,4
213-003315-A-0131,4,1,2,213-003315-A,213,205.288728308651,3,1,3
213-003566-A-0011,3,1,2,213-003566-A,213,192.512873946732,3,1,4
213-003566-A-0021,3,1,2,213-003566-A,213,192.512873946732,3,2,2
213-003566-A-0021,4,1,2,213-003566-A,213,192.512873946732,3,1,0
213-003566-A-0071,3,1,2,213-003566-A,213,192.512873946732,3,1,5
213-003566-A-0091,7,1,2,213-003566-A,213,192.512873946732,3,1,0
213-003679-A-0121,4,1,2,213-003679-A,213,150.228796276289,3,1,3
213-003679-A-0311,5,1,2,213-003679-A,213,150.228796276289,3,2,2
213-003721-A-0021,3,1,2,213-003721-A,213,256.488188764396,3,1,3
213-003824-A-0121,5,1,2,213-003824-A,213,420.640629573609,3,1,5
213-003824-A-0121,6,1,2,213-003824-A,213,420.640629573609,3,1,2
213-003824-A-0181,3,1,2,213-003824-A,213,420.640629573609,3,1,5
213-003824-A-0211,4,1,2,213-003824-A,213,420.640629573609,3,1,5
213-003824-A-0211,7,1,2,213-003824-A,213,420.640629573609,3,2,1
213-003824-A-0281,3,1,2,213-003824-A,213,420.640629573609,3,1,5
213-003824-A-0281,4,1,2,213-003824-A,213,420.640629573609,3,2,1
213-003834-A-0011,5,1,2,213-003834-A,213,276.737256298427,3,2,3
213-003834-A-0061,4,1,2,213-003834-A,213,276.737256298427,3,2,0
213-003834-A-0071,5,1,2,213-003834-A,213,276.737256298427,3,1,2
213-003834-A-0091,4,1,2,213-003834-A,213,276.737256298427,3,1,2
213-003834-A-0091,5,1,2,213-003834-A,213,276.737256298427,3,2,1
213-003834-A-0121,3,1,2,213-003834-A,213,276.737256298427,3,2,5
213-003834-A-0121,4,1,2,213-003834-A,213,276.737256298427,3,1,1
213-003834-A-0171,3,1,2,213-003834-A,213,276.737256298427,1,1,5
213-003834-A-0191,5,1,2,213-003834-A,213,276.737256298427,3,1,5
213-003898-A-0101,4,1,2,213-003898-A,213,338.234424364744,3,2,3
213-003898-A-0121,6,1,2,213-003898-A,213,338.234424364744,1,1,5
213-003898-A-0131,6,1,2,213-003898-A,213,338.234424364744,3,2,0
213-003898-A-0171,4,1,2,213-003898-A,213,338.234424364744,3,1,4
214-003934-A-0041,5,1,2,214-003934-A,214,292.795014610105,3,2,3
214-003934-A-0091,5,1,2,214-003934-A,214,292.795014610105,1,1,4
214-003934-A-0091,6,1,2,214-003934-A,214,292.795014610105,3,1,2
214-003934-A-0111,3,1,2,214-003934-A,214,292.795014610105,3,1,5
214-003934-A-0111,4,1,2,214-003934-A,214,292.795014610105,3,1,0
214-004022-A-0071,3,1,2,214-004022-A,214,330.332836996016,3,2,1
214-004022-A-0151,3,1,2,214-004022-A,214,330.332836996016,1,2,4
214-004022-A-0151,4,1,2,214-004022-A,214,330.332836996016,3,1,2
214-004318-A-0091,4,1,2,214-004318-A,214,223.773857319882,3,2,3
214-004318-A-0211,7,1,2,214-004318-A,214,223.773857319882,3,2,5
214-004356-A-0611,3,1,2,214-004356-A,214,190.017847207199,2,1,4
214-004356-A-0611,4,1,2,214-004356-A,214,190.017847207199,2,1,2
214-004501-A-0011,3,1,2,214-004501-A,214,227.72945580786,3,1,3
214-004723-A-0051,3,1,2,214-004723-A,214,183.935329690964,3,1,4
214-004775-A-0451,3,1,2,214-004775-A,214,100.726490068861,3,1,2
214-004816-A-0311,3,1,2,214-004816-A,214,343.982954227257,3,2,4
214-004859-A-0381,5,1,2,214-004859-A,214,163.168437629081,3,1,5
214-004924-A-0201,5,1,2,214-004924-A,214,201.452980137722,3,1,3
214-004987-A-0761,2,1,2,214-004987-A,214,413.314998946706,2,1,3
214-004987-A-0881,3,1,2,214-004987-A,214,413.314998946706,3,2,4
214-004987-A-0881,4,1,2,214-004987-A,214,413.314998946706,3,2,0
214-004987-A-1131,3,1,2,214-004987-A,214,413.314998946706,3,2,5
214-004987-A-1131,4,1,2,214-004987-A,214,413.314998946706,3,2,0
214-005040-A-0141,4,1,2,214-005040-A,214,74.1131365055165,2,2,4
214-005041-A-0211,5,1,2,214-005041-A,214,122.925581583288,3,1,4
214-005041-A-0211,6,1,2,214-005041-A,214,122.925581583288,3,2,0
214-005041-A-0301,3,1,2,214-005041-A,214,122.925581583288,3,2,0
214-005113-A-0051,4,1,2,214-005113-A,214,219.457231985779,3,2,5
214-005113-A-0051,5,1,2,214-005113-A,214,219.457231985779,3,2,5
214-005113-A-0111,4,1,2,214-005113-A,214,219.457231985779,3,1,4
214-005113-A-0281,4,1,2,214-005113-A,214,219.457231985779,3,1,5
214-005165-A-0211,2,1,2,214-005165-A,214,364.556509297405,3,1,5
214-005165-A-0271,3,1,2,214-005165-A,214,364.556509297405,3,2,0
214-005165-A-0331,3,1,2,214-005165-A,214,364.556509297405,3,1,1
214-005212-A-0101,7,1,2,214-005212-A,214,134.010025917702,3,1,5
214-005218-A-1451,4,1,2,214-005218-A,214,224.628986702239,3,1,4
214-005218-A-1581,5,1,2,214-005218-A,214,224.628986702239,3,1,5
214-005379-A-0031,5,1,2,214-005379-A,214,81.9669166426682,3,1,3
214-005379-A-0041,3,1,2,214-005379-A,214,81.9669166426682,3,2,2
214-005488-A-0061,3,1,2,214-005488-A,214,231.232985897211,2,1,3
214-005488-A-0131,5,1,2,214-005488-A,214,231.232985897211,3,1,5
214-005488-A-0231,4,1,2,214-005488-A,214,231.232985897211,3,2,5
214-005605-A-0421,4,1,2,214-005605-A,214,256.625393227045,1,1,5
214-005651-A-0071,3,1,2,214-005651-A,214,276.2894132963,3,1,0
214-005866-A-0071,5,1,2,214-005866-A,214,233.261345422625,1,1,4
214-005866-A-0111,6,1,2,214-005866-A,214,233.261345422625,3,2,2
214-005866-A-0151,6,1,2,214-005866-A,214,233.261345422625,3,1,3
214-005998-A-0081,4,1,2,214-005998-A,214,289.041232371514,3,1,5
214-005998-A-0081,5,1,2,214-005998-A,214,289.041232371514,3,1,3
214-006214-A-0081,3,1,2,214-006214-A,214,604.358940413166,3,1,4
214-006214-A-0081,4,1,2,214-006214-A,214,604.358940413166,3,1,0
214-006433-A-0201,5,1,2,214-006433-A,214,149.744252915363,3,2,1
214-006433-A-0411,4,1,2,214-006433-A,214,149.744252915363,2,1,5
214-006458-A-0171,4,1,2,214-006458-A,214,216.322613656482,3,2,5
214-006553-A-0061,3,1,2,214-006553-A,214,213.639171752858,3,1,5
214-006553-A-0091,4,1,2,214-006553-A,214,213.639171752858,3,2,5
214-006553-A-0091,5,1,2,214-006553-A,214,213.639171752858,3,2,3
214-006553-A-0101,10,1,2,214-006553-A,214,213.639171752858,3,1,3
214-006553-A-0101,13,1,2,214-006553-A,214,213.639171752858,3,2,4
214-006553-A-0101,14,1,2,214-006553-A,214,213.639171752858,3,2,2
214-006553-A-0121,4,1,2,214-006553-A,214,213.639171752858,3,1,1
214-006602-A-0091,4,1,2,214-006602-A,214,402.7623729767,2,1,3
214-006602-A-0091,5,1,2,214-006602-A,214,402.7623729767,3,1,1
214-006602-A-0171,6,1,2,214-006602-A,214,402.7623729767,3,2,1
214-006602-A-0521,3,1,2,214-006602-A,214,402.7623729767,1,2,4
214-006602-A-0521,4,1,2,214-006602-A,214,402.7623729767,3,1,3
214-006602-A-0661,4,1,2,214-006602-A,214,402.7623729767,1,2,4
214-006628-A-0051,3,1,2,214-006628-A,214,328.100858367665,1,1,4
214-006672-A-0091,4,1,2,214-006672-A,214,314.175252577733,3,2,5
214-006672-A-0141,4,1,2,214-006672-A,214,314.175252577733,3,1,4
221-018509-A-0011,8,1,2,221-018509-A,211,271.977711316872,3,2,3
221-018509-A-0031,3,1,2,221-018509-A,211,271.977711316872,3,1,3
221-018509-A-0041,4,1,2,221-018509-A,211,271.977711316872,3,2,4
221-018509-A-0041,5,1,2,221-018509-A,211,271.977711316872,3,2,2
221-018509-A-0151,3,1,2,221-018509-A,211,271.977711316872,3,1,3
221-018509-A-0151,4,1,2,221-018509-A,211,271.977711316872,3,1,1
221-018509-A-0181,2,1,2,221-018509-A,211,271.977711316872,3,2,1
221-018530-A-0181,3,1,2,221-018530-A,211,136.713180158196,3,2,3
221-018530-A-0251,6,1,2,221-018530-A,211,136.713180158196,3,2,3
221-020464-A-0151,3,1,2,221-020464-A,211,229.866712569436,3,2,1
221-020464-A-0381,3,1,2,221-020464-A,211,229.866712569436,3,1,4
221-020464-A-0381,4,1,2,221-020464-A,211,229.866712569436,3,1,2
221-020464-A-0451,4,1,2,221-020464-A,211,229.866712569436,3,2,1
222-020475-A-0031,4,1,2,222-020475-A,212,110.168575431419,3,2,5
222-020475-A-0131,2,1,2,222-020475-A,212,110.168575431419,3,1,0
222-020475-A-0191,3,1,2,222-020475-A,212,110.168575431419,3,2,5
222-020475-A-0191,4,1,2,222-020475-A,212,110.168575431419,3,1,0
222-020061-A-0171,3,1,2,222-020061-A,212,311.409839886144,3,2,0
222-020061-A-0301,3,1,2,222-020061-A,212,311.409839886144,3,2,4
222-020061-A-0301,4,1,2,222-020061-A,212,311.409839886144,3,1,2
222-020061-A-0301,5,1,2,222-020061-A,212,311.409839886144,3,1,0
222-018911-A-0151,3,1,2,222-018911-A,212,281.302833881526,3,2,4
222-018911-A-0301,5,1,2,222-018911-A,212,281.302833881526,3,1,5
222-018911-A-0301,6,1,2,222-018911-A,212,281.302833881526,3,1,3
222-018911-A-0361,3,1,2,222-018911-A,212,281.302833881526,3,1,2
222-018911-A-0361,4,1,2,222-018911-A,212,281.302833881526,3,2,0
222-006896-A-0031,4,1,2,222-006896-A,212,423.111195497478,3,2,4
222-006896-A-0161,3,1,2,222-006896-A,212,423.111195497478,3,1,4
222-006896-A-0331,4,1,2,222-006896-A,212,423.111195497478,3,1,4
222-006896-A-0391,3,1,2,222-006896-A,212,423.111195497478,3,2,5
222-006896-A-0391,4,1,2,222-006896-A,212,423.111195497478,3,2,4
222-019033-A-0011,3,1,2,222-019033-A,212,171.73336758427,3,1,0
222-019033-A-0031,7,1,2,222-019033-A,212,171.73336758427,3,1,5
222-019033-A-0071,7,1,2,222-019033-A,212,171.73336758427,3,1,5
222-019035-A-0141,2,1,2,222-019035-A,212,256.093618327421,3,2,4
222-006933-A-0081,3,1,2,222-006933-A,212,275.72746239919,3,2,2
223-020091-A-0061,3,1,2,223-020091-A,213,221.389805038742,3,2,4
223-020091-A-0081,3,1,2,223-020091-A,213,221.389805038742,3,1,4
223-020091-A-0081,4,1,2,223-020091-A,213,221.389805038742,3,2,2
223-020091-A-0101,4,1,2,223-020091-A,213,221.389805038742,3,2,0
223-020091-A-0191,3,1,2,223-020091-A,213,221.389805038742,3,2,3
223-020091-A-0191,4,1,2,223-020091-A,213,221.389805038742,3,2,2
223-020091-A-0191,5,1,2,223-020091-A,213,221.389805038742,3,2,0
223-019152-A-0291,6,1,2,223-019152-A,213,260.133020920522,3,1,0
223-019152-A-0411,7,1,2,223-019152-A,213,260.133020920522,3,1,5
223-019152-A-0411,8,1,2,223-019152-A,213,260.133020920522,3,2,0
223-019176-A-0051,3,1,2,223-019176-A,213,423.753923706967,3,1,5
223-019176-A-0051,4,1,2,223-019176-A,213,423.753923706967,3,2,2
223-019176-A-0051,5,1,2,223-019176-A,213,423.753923706967,3,2,0
223-019176-A-0091,3,1,2,223-019176-A,213,423.753923706967,3,1,2
223-019176-A-0461,3,1,2,223-019176-A,213,423.753923706967,3,2,4
223-019176-A-0461,4,1,2,223-019176-A,213,423.753923706967,3,1,0
223-020542-A-0081,4,1,2,223-020542-A,213,269.257870993064,3,2,4
223-020542-A-0161,3,1,2,223-020542-A,213,269.257870993064,3,2,1
223-020542-A-0241,4,1,2,223-020542-A,213,269.257870993064,3,2,4
223-019277-A-0041,3,1,2,223-019277-A,213,383.174662567053,3,1,4
223-019277-A-0041,4,1,2,223-019277-A,213,383.174662567053,3,2,1
223-019277-A-0191,3,1,2,223-019277-A,213,383.174662567053,3,2,0
223-019277-A-0221,3,1,2,223-019277-A,213,383.174662567053,3,1,1
223-019277-A-0281,3,1,2,223-019277-A,213,383.174662567053,3,1,3
223-019277-A-0311,6,1,2,223-019277-A,213,383.174662567053,3,2,3
231-019841-A-0031,6,1,2,231-019841-A,211,147.641663211595,3,1,5
231-019841-A-0031,7,1,2,231-019841-A,211,147.641663211595,3,1,1
231-019841-A-0061,4,1,2,231-019841-A,211,147.641663211595,3,1,2
231-018203-A-0131,3,1,2,231-018203-A,211,90.986054831311,3,1,5
231-018220-A-0021,3,1,2,231-018220-A,211,119.495928084301,3,2,2
231-018220-A-0101,3,1,2,231-018220-A,211,119.495928084301,1,1,5
231-018220-A-0101,4,1,2,231-018220-A,211,119.495928084301,3,1,2
231-018220-A-0111,6,1,2,231-018220-A,211,119.495928084301,1,1,5
231-018220-A-0111,7,1,2,231-018220-A,211,119.495928084301,3,1,1
231-018220-A-0121,3,1,2,231-018220-A,211,119.495928084301,3,1,1
231-018356-A-0501,5,1,2,231-018356-A,211,543.955422633743,3,1,3
231-018356-A-0561,6,1,2,231-018356-A,211,543.955422633743,3,2,5
231-020230-A-0061,5,1,2,231-020230-A,211,88.5597600358094,3,2,3
231-020230-A-0181,3,1,2,231-020230-A,211,88.5597600358094,3,1,1
231-020230-A-0271,5,1,2,231-020230-A,211,88.5597600358094,3,1,4
232-019392-A-0081,2,1,2,232-019392-A,212,89.8634813860634,3,2,2
232-019392-A-0111,4,1,2,232-019392-A,212,89.8634813860634,1,1,5
232-019392-A-0111,5,1,2,232-019392-A,212,89.8634813860634,1,1,4
232-019392-A-0151,4,1,2,232-019392-A,212,89.8634813860634,3,2,2
232-019392-A-0221,3,1,2,232-019392-A,212,89.8634813860634,3,1,0
232-019392-A-0321,3,1,2,232-019392-A,212,89.8634813860634,3,2,1
232-019392-A-0351,3,1,2,232-019392-A,212,89.8634813860634,3,1,5
232-019392-A-0391,4,1,2,232-019392-A,212,89.8634813860634,3,2,5
232-020368-A-0121,4,1,2,232-020368-A,212,107.333354740169,3,2,1
232-020368-A-0141,4,1,2,232-020368-A,212,107.333354740169,3,1,4
232-020387-A-0021,4,1,2,232-020387-A,212,168.430802823034,3,1,5
232-020387-A-0051,5,1,2,232-020387-A,212,168.430802823034,3,2,0
232-020387-A-0171,7,1,2,232-020387-A,212,168.430802823034,3,1,5
232-020296-A-0021,3,1,2,232-020296-A,212,306.237823314608,3,2,1
232-020296-A-0061,6,1,2,232-020296-A,212,306.237823314608,3,1,4
232-020296-A-0131,3,1,2,232-020296-A,212,306.237823314608,3,2,2
233-018183-A-0031,5,1,2,233-018183-A,213,138.00922911506,3,2,0
233-018183-A-0061,4,1,2,233-018183-A,213,138.00922911506,3,1,2
233-018183-A-0111,4,1,2,233-018183-A,213,138.00922911506,1,1,5
233-019691-A-0101,6,1,2,233-019691-A,213,397.809805928989,3,1,2
233-019691-A-0141,3,1,2,233-019691-A,213,397.809805928989,3,2,4
233-019691-A-0161,5,1,2,233-019691-A,213,397.809805928989,3,2,1
241-023268-A-0041,3,2,2,241-023268-A,221,572.291416177235,3,2,0
241-023268-A-0101,3,2,2,241-023268-A,221,572.291416177235,3,1,0
241-024142-D-0191,4,2,2,241-024142-D,221,914.462036041875,1,1,5
241-024142-D-0591,6,2,2,241-024142-D,221,914.462036041875,1,1,4
241-021169-A-0061,4,2,2,241-021169-A,221,735.803249370731,3,1,1
241-021169-A-0081,3,2,2,241-021169-A,221,735.803249370731,1,2,5
241-021169-A-0121,8,2,2,241-021169-A,221,735.803249370731,3,2,4
242-022362-A-0011,5,2,2,242-022362-A,222,733.260717512577,3,1,2
242-026549-D-0031,5,2,2,242-026549-D,222,286.704940547417,3,1,2
242-028052-D-0071,5,2,2,242-028052-D,222,505.949895083678,3,2,3
242-028052-D-0071,7,2,2,242-028052-D,222,505.949895083678,3,1,3
242-027726-D-0511,3,2,2,242-027726-D,222,1541.94253739788,3,2,4
242-027726-D-0511,4,2,2,242-027726-D,222,1541.94253739788,3,2,0
242-027726-D-0591,6,2,2,242-027726-D,222,1541.94253739788,3,1,1
242-027726-D-0671,6,2,2,242-027726-D,222,1541.94253739788,3,2,4
242-027726-D-0671,7,2,2,242-027726-D,222,1541.94253739788,3,1,2
242-027921-D-0121,3,2,2,242-027921-D,222,322.634715705534,3,1,5
242-027921-D-0121,4,2,2,242-027921-D,222,322.634715705534,3,1,4
242-021332-A-0131,4,2,2,242-021332-A,222,1231.87800542113,3,2,3
242-021332-A-0131,5,2,2,242-021332-A,222,1231.87800542113,3,1,2
242-021332-A-0171,3,2,2,242-021332-A,222,1231.87800542113,3,2,5
242-021332-A-0171,4,2,2,242-021332-A,222,1231.87800542113,3,2,0
242-026081-D-0041,7,2,2,242-026081-D,222,1837.20812966555,3,2,0
242-026081-D-0151,3,2,2,242-026081-D,222,1837.20812966555,3,2,4
242-026081-D-0151,4,2,2,242-026081-D,222,1837.20812966555,3,2,1
242-026081-D-0261,4,2,2,242-026081-D,222,1837.20812966555,3,2,0
242-026081-D-0421,5,2,2,242-026081-D,222,1837.20812966555,1,1,4
242-026081-D-0581,3,2,2,242-026081-D,222,1837.20812966555,3,1,2
242-026081-D-0631,3,2,2,242-026081-D,222,1837.20812966555,3,2,0
242-023719-A-0111,5,2,2,242-023719-A,222,415.138375453274,3,1,2
243-022395-A-0051,4,2,2,243-022395-A,223,1268.20570586582,3,1,3
243-022395-A-0091,3,2,2,243-022395-A,223,1268.20570586582,3,2,3
243-022395-A-0121,3,2,2,243-022395-A,223,1268.20570586582,3,2,4
243-024626-D-0281,3,2,2,243-024626-D,223,713.568427852891,3,2,1
243-024699-D-0041,4,2,2,243-024699-D,223,222.318881043872,3,2,5
243-024699-D-0091,4,2,2,243-024699-D,223,222.318881043872,3,2,2
243-024699-D-0161,4,2,2,243-024699-D,223,222.318881043872,1,2,5
243-024687-D-0051,4,2,2,243-024687-D,223,434.437248722202,1,2,5
243-024687-D-0301,3,2,2,243-024687-D,223,434.437248722202,3,1,4
243-024687-D-0301,4,2,2,243-024687-D,223,434.437248722202,3,1,3
243-024687-D-0301,5,2,2,243-024687-D,223,434.437248722202,3,2,2
243-024687-D-0301,6,2,2,243-024687-D,223,434.437248722202,3,2,1
243-028609-D-0151,3,2,2,243-028609-D,223,997.37405256711,3,1,3
243-028609-D-0251,3,2,2,243-028609-D,223,997.37405256711,3,2,4
243-028609-D-0281,3,2,2,243-028609-D,223,997.37405256711,3,2,5
243-028609-D-0281,4,2,2,243-028609-D,223,997.37405256711,3,1,2
243-028609-D-0321,5,2,2,243-028609-D,223,997.37405256711,3,2,2
243-028609-D-0351,2,2,2,243-028609-D,223,997.37405256711,3,1,4
244-020683-A-0071,3,2,2,244-020683-A,224,457.148350837659,3,1,1
244-020683-A-0091,4,2,2,244-020683-A,224,457.148350837659,3,2,2
251-026751-D-0091,5,2,2,251-026751-D,221,256.21720290588,3,1,3
251-025014-D-0061,5,2,2,251-025014-D,221,220.740974811219,3,1,4
251-025014-D-0061,6,2,2,251-025014-D,221,220.740974811219,3,1,2
251-027379-D-0101,7,2,2,251-027379-D,221,638.987032348266,3,2,2
251-027676-D-0091,3,2,2,251-027676-D,221,599.154074487595,3,2,3
251-027676-D-0091,4,2,2,251-027676-D,221,599.154074487595,3,1,1
251-027676-D-0121,7,2,2,251-027676-D,221,599.154074487595,3,2,3
251-027676-D-0241,3,2,2,251-027676-D,221,599.154074487595,2,2,5
251-027676-D-0241,4,2,2,251-027676-D,221,599.154074487595,3,1,2
251-027834-D-0041,5,2,2,251-027834-D,221,1449.96522670115,3,1,3
251-027834-D-0041,6,2,2,251-027834-D,221,1449.96522670115,3,2,1
251-027834-D-0211,5,2,2,251-027834-D,221,1449.96522670115,3,1,2
251-027834-D-0321,4,2,2,251-027834-D,221,1449.96522670115,3,2,3
251-027834-D-0381,3,2,2,251-027834-D,221,1449.96522670115,3,2,1
251-027834-D-0491,3,2,2,251-027834-D,221,1449.96522670115,3,2,5
251-027834-D-0601,7,2,2,251-027834-D,221,1449.96522670115,3,2,3
251-027833-D-0151,5,2,2,251-027833-D,221,871.345953202181,3,1,1
251-027833-D-0341,7,2,2,251-027833-D,221,871.345953202181,3,2,5
251-027833-D-0341,8,2,2,251-027833-D,221,871.345953202181,3,2,3
251-027833-D-0461,3,2,2,251-027833-D,221,871.345953202181,3,2,1
251-027810-D-0041,3,2,2,251-027810-D,221,796.488053442544,3,2,2
251-027810-D-0041,4,2,2,251-027810-D,221,796.488053442544,3,1,1
251-027810-D-0091,4,2,2,251-027810-D,221,796.488053442544,3,2,5
251-027810-D-0151,3,2,2,251-027810-D,221,796.488053442544,3,1,3
251-027810-D-0271,6,2,2,251-027810-D,221,796.488053442544,3,2,0
251-027810-D-0441,5,2,2,251-027810-D,221,796.488053442544,3,2,3
251-027810-D-0441,6,2,2,251-027810-D,221,796.488053442544,3,1,2
251-027810-D-0501,3,2,2,251-027810-D,221,796.488053442544,3,1,4
251-027810-D-0621,7,2,2,251-027810-D,221,796.488053442544,3,2,5
251-027810-D-0621,8,2,2,251-027810-D,221,796.488053442544,3,2,2
251-029252-D-0101,3,2,2,251-029252-D,221,863.769031869988,3,1,1
251-029252-D-0111,3,2,2,251-029252-D,221,863.769031869988,3,2,4
251-029252-D-0131,4,2,2,251-029252-D,221,863.769031869988,3,2,4
251-029252-D-0141,7,2,2,251-029252-D,221,863.769031869988,3,2,3
251-029252-D-0171,3,2,2,251-029252-D,221,863.769031869988,3,2,3
251-029232-D-0061,4,2,2,251-029232-D,221,861.428194385246,3,1,4
251-029232-D-0111,3,2,2,251-029232-D,221,861.428194385246,3,2,2
251-024391-D-0051,3,2,2,251-024391-D,221,441.481949622439,3,2,0
251-025746-D-0041,4,2,2,251-025746-D,221,462.015993790924,3,1,5
251-025746-D-0051,3,2,2,251-025746-D,221,462.015993790924,3,1,3
251-025746-D-0071,4,2,2,251-025746-D,221,462.015993790924,1,2,4
251-025746-D-0101,3,2,2,251-025746-D,221,462.015993790924,3,1,3
251-025746-D-0131,3,2,2,251-025746-D,221,462.015993790924,3,1,3
251-025746-D-0171,9,2,2,251-025746-D,221,462.015993790924,1,1,5
251-025746-D-0171,10,2,2,251-025746-D,221,462.015993790924,3,1,3
251-025186-D-0031,3,2,2,251-025186-D,221,387.788198992683,3,1,2
251-025186-D-0071,8,2,2,251-025186-D,221,387.788198992683,1,1,5
251-026207-D-0041,3,2,2,251-026207-D,221,315.344249730313,3,2,2
251-026207-D-0061,3,2,2,251-026207-D,221,315.344249730313,3,2,4
251-026207-D-0111,3,2,2,251-026207-D,221,315.344249730313,3,2,4
251-026207-D-0111,4,2,2,251-026207-D,221,315.344249730313,3,2,2
252-024167-D-0021,4,2,2,252-024167-D,222,706.723662974027,3,1,0
252-024167-D-0131,5,2,2,252-024167-D,222,706.723662974027,3,1,5
252-024167-D-0131,6,2,2,252-024167-D,222,706.723662974027,3,1,3
252-024167-D-0161,5,2,2,252-024167-D,222,706.723662974027,3,1,5
252-024167-D-0191,5,2,2,252-024167-D,222,706.723662974027,3,1,2
252-024777-D-0091,4,2,2,252-024777-D,222,306.636300050714,3,1,2
252-024777-D-0161,3,2,2,252-024777-D,222,306.636300050714,3,1,4
253-026663-D-0011,4,2,2,253-026663-D,223,627.734531597859,3,2,4
253-029390-D-0201,4,2,2,253-029390-D,223,632.481106505972,3,1,3
253-029390-D-0221,5,2,2,253-029390-D,223,632.481106505972,3,2,0
254-026367-D-0021,8,2,2,254-026367-D,224,629.769472898755,3,1,4
254-026367-D-0021,9,2,2,254-026367-D,224,629.769472898755,3,2,1
254-026367-D-0041,2,2,2,254-026367-D,224,629.769472898755,3,2,3
254-026367-D-0161,6,2,2,254-026367-D,224,629.769472898755,3,1,4
254-026367-D-0181,2,2,2,254-026367-D,224,629.769472898755,3,1,5
254-026367-D-0181,3,2,2,254-026367-D,224,629.769472898755,3,2,2
254-026367-D-0201,4,2,2,254-026367-D,224,629.769472898755,3,2,3
254-026367-D-0201,5,2,2,254-026367-D,224,629.769472898755,3,2,0
254-029407-D-0141,4,2,2,254-029407-D,224,300.785419891943,3,1,3
254-029407-D-0161,3,2,2,254-029407-D,224,300.785419891943,3,2,5
254-029407-D-0201,5,2,2,254-029407-D,224,300.785419891943,3,1,1
254-027638-D-0081,3,2,2,254-027638-D,224,896.114664994276,3,2,3
254-027638-D-0121,3,2,2,254-027638-D,224,896.114664994276,3,1,4
254-027638-D-0121,4,2,2,254-027638-D,224,896.114664994276,3,1,1
254-027638-D-0351,4,2,2,254-027638-D,224,896.114664994276,3,1,2
261-007143-A-0011,5,1,2,261-007143-A,211,188.616121780121,3,1,4
261-007143-A-0011,9,1,2,261-007143-A,211,188.616121780121,3,1,2
261-007143-A-0021,2,1,2,261-007143-A,211,188.616121780121,3,1,1
261-007143-A-0021,6,1,2,261-007143-A,211,188.616121780121,3,1,1
261-007143-A-0041,3,1,2,261-007143-A,211,188.616121780121,3,2,3
261-007143-A-0051,6,1,2,261-007143-A,211,188.616121780121,1,2,5
261-007143-A-0101,3,1,2,261-007143-A,211,188.616121780121,3,2,3
261-007143-A-0121,6,1,2,261-007143-A,211,188.616121780121,3,2,5
261-007143-A-0131,3,1,2,261-007143-A,211,188.616121780121,3,2,2
261-007341-A-0131,4,1,2,261-007341-A,211,140.943915176354,3,1,3
261-007591-A-0011,5,1,2,261-007591-A,211,206.869294855617,3,1,0
261-007591-A-0031,2,1,2,261-007591-A,211,206.869294855617,3,1,4
261-007591-A-0081,3,1,2,261-007591-A,211,206.869294855617,3,2,2
261-007591-A-0121,3,1,2,261-007591-A,211,206.869294855617,3,2,3
261-007591-A-0121,4,1,2,261-007591-A,211,206.869294855617,3,2,2
261-007591-A-0221,2,1,2,261-007591-A,211,206.869294855617,3,2,3
261-007591-A-0241,5,1,2,261-007591-A,211,206.869294855617,3,2,3
261-007694-A-0051,6,1,2,261-007694-A,211,229.033862161576,3,1,5
261-007694-A-0051,7,1,2,261-007694-A,211,229.033862161576,3,1,4
261-007839-A-0061,3,1,2,261-007839-A,211,441.708162740182,3,2,0
261-007839-A-0111,3,1,2,261-007839-A,211,441.708162740182,3,1,5
261-007839-A-0151,6,1,2,261-007839-A,211,441.708162740182,3,1,3
261-007966-A-0011,3,1,2,261-007966-A,211,143.146163850985,3,1,4
261-007966-A-0011,4,1,2,261-007966-A,211,143.146163850985,3,1,1
261-007966-A-0031,3,1,2,261-007966-A,211,143.146163850985,3,2,4
261-007966-A-0061,5,1,2,261-007966-A,211,143.146163850985,3,1,5
261-007966-A-0121,3,1,2,261-007966-A,211,143.146163850985,3,1,4
261-008065-A-0021,3,1,2,261-008065-A,211,237.842856860098,3,2,0
261-008065-A-0041,4,1,2,261-008065-A,211,237.842856860098,3,1,3
261-008065-A-0111,3,1,2,261-008065-A,211,237.842856860098,3,2,1
261-008065-A-0131,6,1,2,261-008065-A,211,237.842856860098,3,2,1
261-008155-A-0041,3,1,2,261-008155-A,211,196.314738995637,3,2,3
261-008155-A-0081,3,1,2,261-008155-A,211,196.314738995637,3,1,0
261-008164-A-0021,3,1,2,261-008164-A,211,204.925034565621,3,1,4
261-008164-A-0051,5,1,2,261-008164-A,211,204.925034565621,3,1,0
261-008164-A-0061,4,1,2,261-008164-A,211,204.925034565621,3,2,4
261-008164-A-0121,3,1,2,261-008164-A,211,204.925034565621,3,1,2
261-008170-A-0081,7,1,2,261-008170-A,211,750.722103751833,3,2,5
261-008170-A-0171,3,1,2,261-008170-A,211,750.722103751833,3,1,0
261-008170-A-0221,4,1,2,261-008170-A,211,750.722103751833,3,2,5
261-008170-A-0221,5,1,2,261-008170-A,211,750.722103751833,3,1,2
261-008170-A-0371,4,1,2,261-008170-A,211,750.722103751833,1,1,4
261-008170-A-0571,6,1,2,261-008170-A,211,750.722103751833,3,1,1
261-008182-A-0181,4,1,2,261-008182-A,211,249.855122358083,3,2,4
261-008240-A-0011,5,1,2,261-008240-A,211,295.199200119365,3,1,3
261-008240-A-0011,6,1,2,261-008240-A,211,295.199200119365,3,1,0
261-008240-A-0131,3,1,2,261-008240-A,211,295.199200119365,1,1,5
261-008240-A-0131,4,1,2,261-008240-A,211,295.199200119365,3,1,0
261-008240-A-0181,8,1,2,261-008240-A,211,295.199200119365,3,1,3
261-008240-A-0231,2,1,2,261-008240-A,211,295.199200119365,3,2,2
261-008523-A-0011,3,1,2,261-008523-A,211,317.123809146798,3,2,2
261-008523-A-0021,4,1,2,261-008523-A,211,317.123809146798,3,2,2
261-008523-A-0041,5,1,2,261-008523-A,211,317.123809146798,3,1,5
261-008523-A-0081,6,1,2,261-008523-A,211,317.123809146798,3,1,2
261-008523-A-0101,6,1,2,261-008523-A,211,317.123809146798,3,2,1
261-008523-A-0131,3,1,2,261-008523-A,211,317.123809146798,3,2,4
261-008523-A-0141,3,1,2,261-008523-A,211,317.123809146798,3,2,3
261-008523-A-0171,4,1,2,261-008523-A,211,317.123809146798,3,1,0
261-008525-A-0011,4,1,2,261-008525-A,211,229.033862161576,3,2,0
261-008525-A-0031,7,1,2,261-008525-A,211,229.033862161576,3,1,4
261-008525-A-0051,7,1,2,261-008525-A,211,229.033862161576,3,2,3
261-008525-A-0091,3,1,2,261-008525-A,211,229.033862161576,3,2,0
261-008525-A-0141,5,1,2,261-008525-A,211,229.033862161576,1,2,4
261-008525-A-0161,3,1,2,261-008525-A,211,229.033862161576,3,2,3
261-008525-A-0201,3,1,2,261-008525-A,211,229.033862161576,3,1,1
261-008525-A-0241,3,1,2,261-008525-A,211,229.033862161576,3,2,1
261-008525-A-0241,4,1,2,261-008525-A,211,229.033862161576,3,2,0
262-009006-A-0011,4,1,2,262-009006-A,212,197.672261646478,3,1,4
262-009006-A-0031,6,1,2,262-009006-A,212,197.672261646478,1,1,5
262-009006-A-0051,3,1,2,262-009006-A,212,197.672261646478,3,1,0
262-009006-A-0081,3,1,2,262-009006-A,212,197.672261646478,1,1,5
262-009006-A-0101,7,1,2,262-009006-A,212,197.672261646478,3,1,2
262-009196-A-0011,4,1,2,262-009196-A,212,243.28893741105,3,1,3
262-009196-A-0011,5,1,2,262-009196-A,212,243.28893741105,3,2,3
262-009196-A-0081,5,1,2,262-009196-A,212,243.28893741105,1,2,4
262-009196-A-0081,6,1,2,262-009196-A,212,243.28893741105,3,1,1
262-009196-A-0141,7,1,2,262-009196-A,212,243.28893741105,3,2,2
262-009196-A-0161,5,1,2,262-009196-A,212,243.28893741105,3,2,3
262-009196-A-0221,3,1,2,262-009196-A,212,243.28893741105,3,1,2
262-009268-A-0041,3,1,2,262-009268-A,212,217.150456532177,3,1,2
262-009268-A-0161,3,1,2,262-009268-A,212,217.150456532177,3,2,0
262-009302-A-0021,5,1,2,262-009302-A,212,256.093618327421,3,2,3
262-009302-A-0071,4,1,2,262-009302-A,212,256.093618327421,1,1,1
262-009302-A-0111,4,1,2,262-009302-A,212,256.093618327421,3,2,0
262-009302-A-0121,4,1,2,262-009302-A,212,256.093618327421,3,1,0
262-009302-A-0161,4,1,2,262-009302-A,212,256.093618327421,3,1,1
262-009302-A-0161,7,1,2,262-009302-A,212,256.093618327421,3,1,1
262-009681-A-0021,4,1,2,262-009681-A,212,156.400031192818,3,1,0
262-009761-A-0011,4,1,2,262-009761-A,212,278.044499898343,3,1,5
262-009761-A-0151,3,1,2,262-009761-A,212,278.044499898343,3,1,5
262-009761-A-0151,4,1,2,262-009761-A,212,278.044499898343,3,1,2
262-009927-A-0181,3,1,2,262-009927-A,212,989.240968646582,3,1,4
262-009927-A-0391,3,1,2,262-009927-A,212,989.240968646582,3,2,4
262-009927-A-0391,4,1,2,262-009927-A,212,989.240968646582,3,2,1
262-009927-A-0531,2,1,2,262-009927-A,212,989.240968646582,3,1,4
262-009927-A-0731,5,1,2,262-009927-A,212,989.240968646582,3,2,4
262-010483-A-0081,3,1,2,262-010483-A,212,219.744846693851,3,2,2
262-010483-A-0241,4,1,2,262-010483-A,212,219.744846693851,3,2,5
262-010483-A-0261,2,1,2,262-010483-A,212,219.744846693851,3,2,5
262-010529-A-0041,6,1,2,262-010529-A,212,265.406113539327,3,2,0
262-010529-A-0051,6,1,2,262-010529-A,212,265.406113539327,3,1,0
262-010529-A-0101,3,1,2,262-010529-A,212,265.406113539327,3,2,5
262-010529-A-0101,4,1,2,262-010529-A,212,265.406113539327,1,1,3
262-010529-A-0141,4,1,2,262-010529-A,212,265.406113539327,3,2,5
262-010709-A-0061,3,1,2,262-010709-A,212,231.703749915285,1,1,4
262-010709-A-0071,4,1,2,262-010709-A,212,231.703749915285,3,1,3
262-010709-A-0141,4,1,2,262-010709-A,212,231.703749915285,3,1,4
262-010867-A-0131,7,1,2,262-010867-A,212,170.302256187735,3,2,1
262-010992-A-0091,3,1,2,262-010992-A,212,236.530911371854,3,2,5
262-010992-A-0151,4,1,2,262-010992-A,212,236.530911371854,3,2,3
262-011048-A-0031,5,1,2,262-011048-A,212,260.666718654696,3,2,5
262-011048-A-0061,5,1,2,262-011048-A,212,260.666718654696,3,2,4
262-011120-A-0061,6,1,2,262-011120-A,212,243.28893741105,3,2,1
262-011120-A-0131,5,1,2,262-011120-A,212,243.28893741105,3,2,0
262-011120-A-0211,4,1,2,262-011120-A,212,243.28893741105,3,2,4
262-011163-A-0061,5,1,2,262-011163-A,212,184.899592432398,3,2,4
262-011163-A-0071,4,1,2,262-011163-A,212,184.899592432398,3,2,1
262-011163-A-0111,6,1,2,262-011163-A,212,184.899592432398,3,1,4
262-011163-A-0151,4,1,2,262-011163-A,212,184.899592432398,3,2,2
262-011204-A-0021,9,1,2,262-011204-A,212,265.406113539327,3,2,5
262-011204-A-0021,10,1,2,262-011204-A,212,265.406113539327,3,2,3
262-011204-A-0021,12,1,2,262-011204-A,212,265.406113539327,3,2,0
262-011204-A-0061,4,1,2,262-011204-A,212,265.406113539327,3,2,3
262-011204-A-0191,5,1,2,262-011204-A,212,265.406113539327,3,1,5
262-011347-A-0011,4,1,2,262-011347-A,212,311.713951057907,3,1,5
262-011347-A-0051,4,1,2,262-011347-A,212,311.713951057907,3,2,4
262-011347-A-0081,4,1,2,262-011347-A,212,311.713951057907,3,2,3
262-011347-A-0281,3,1,2,262-011347-A,212,311.713951057907,1,2,4
262-011347-A-0281,4,1,2,262-011347-A,212,311.713951057907,3,1,2
262-011347-A-0321,5,1,2,262-011347-A,212,311.713951057907,3,2,0
262-011347-A-0351,3,1,2,262-011347-A,212,311.713951057907,3,1,3
262-011347-A-0351,4,1,2,262-011347-A,212,311.713951057907,3,1,0
262-011354-A-0011,7,1,2,262-011354-A,212,275.022277073361,3,1,0
262-011354-A-0071,3,1,2,262-011354-A,212,275.022277073361,3,1,2
262-011354-A-0091,3,1,2,262-011354-A,212,275.022277073361,3,1,1
262-011354-A-0241,3,1,2,262-011354-A,212,275.022277073361,3,2,3
262-011354-A-0241,4,1,2,262-011354-A,212,275.022277073361,3,2,0
262-011366-A-0151,5,1,2,262-011366-A,212,157.558549942394,3,1,3
262-011366-A-0211,5,1,2,262-011366-A,212,157.558549942394,3,2,2
262-011366-A-0321,4,1,2,262-011366-A,212,157.558549942394,3,2,1
262-011366-A-0491,7,1,2,262-011366-A,212,157.558549942394,3,1,3
262-011366-A-0601,4,1,2,262-011366-A,212,157.558549942394,3,2,4
262-011382-A-0151,4,1,2,262-011382-A,212,256.804989489441,3,2,1
262-011382-A-0181,3,1,2,262-011382-A,212,256.804989489441,3,2,5
262-011382-A-0181,4,1,2,262-011382-A,212,256.804989489441,3,2,2
262-011510-A-0021,3,1,2,262-011510-A,212,257.112172491223,3,1,4
262-011510-A-0021,4,1,2,262-011510-A,212,257.112172491223,3,1,3
262-011510-A-0021,5,1,2,262-011510-A,212,257.112172491223,3,1,1
262-011510-A-0071,2,1,2,262-011510-A,212,257.112172491223,3,1,5
262-011510-A-0201,5,1,2,262-011510-A,212,257.112172491223,3,1,0
262-011510-A-0251,6,1,2,262-011510-A,212,257.112172491223,3,1,1
262-011510-A-0281,4,1,2,262-011510-A,212,257.112172491223,3,1,2
262-011515-A-0201,3,1,2,262-011515-A,212,271.360737881555,3,1,5
262-011781-A-0011,4,1,2,262-011781-A,212,236.337824913591,3,1,5
262-011781-A-0071,4,1,2,262-011781-A,212,236.337824913591,3,1,2
262-011781-A-0211,3,1,2,262-011781-A,212,236.337824913591,1,2,5
262-011813-A-0071,5,1,2,262-011813-A,212,218.121116299562,3,2,1
262-011813-A-0221,7,1,2,262-011813-A,212,218.121116299562,3,1,1
262-011916-A-0041,3,1,2,262-011916-A,212,193.525291122426,3,2,1
262-011916-A-0271,4,1,2,262-011916-A,212,193.525291122426,3,2,5
262-012058-A-0031,4,1,2,262-012058-A,212,243.28893741105,3,1,1
262-012058-A-0301,3,1,2,262-012058-A,212,243.28893741105,1,1,4
262-012139-A-0021,4,1,2,262-012139-A,212,148.676572862308,3,1,1
262-012139-A-0061,5,1,2,262-012139-A,212,148.676572862308,3,2,1
262-012139-A-0121,3,1,2,262-012139-A,212,148.676572862308,3,2,0
262-012139-A-0171,6,1,2,262-012139-A,212,148.676572862308,2,1,3
262-012338-A-0091,4,1,2,262-012338-A,212,113.53483745849,1,2,4
262-012338-A-0121,4,1,2,262-012338-A,212,113.53483745849,3,1,4
262-012449-A-0011,3,1,2,262-012449-A,212,324.3852498814,3,1,4
262-012449-A-0031,3,1,2,262-012449-A,212,324.3852498814,3,2,5
262-012449-A-0031,4,1,2,262-012449-A,212,324.3852498814,3,1,2
262-012449-A-0071,4,1,2,262-012449-A,212,324.3852498814,3,2,0
262-012449-A-0151,5,1,2,262-012449-A,212,324.3852498814,3,2,3
262-012449-A-0171,5,1,2,262-012449-A,212,324.3852498814,3,2,4
262-012449-A-0171,6,1,2,262-012449-A,212,324.3852498814,3,1,2
262-012729-A-0021,4,1,2,262-012729-A,212,186.044481549626,3,1,4
262-012729-A-0041,2,1,2,262-012729-A,212,186.044481549626,3,2,3
262-012729-A-0061,2,1,2,262-012729-A,212,186.044481549626,1,2,5
262-012729-A-0061,3,1,2,262-012729-A,212,186.044481549626,3,2,3
262-012729-A-0061,4,1,2,262-012729-A,212,186.044481549626,3,1,0
262-012754-A-0071,5,1,2,262-012754-A,212,187.345491910113,3,2,2
262-012754-A-0151,4,1,2,262-012754-A,212,187.345491910113,3,1,3
262-012754-A-0171,6,1,2,262-012754-A,212,187.345491910113,3,2,5
262-012754-A-0211,3,1,2,262-012754-A,212,187.345491910113,1,2,3
262-012758-A-0011,4,1,2,262-012758-A,212,187.145336470038,3,2,3
262-012758-A-0021,5,1,2,262-012758-A,212,187.145336470038,3,1,4
262-012758-A-0061,4,1,2,262-012758-A,212,187.145336470038,3,1,4
262-012758-A-0071,6,1,2,262-012758-A,212,187.145336470038,3,1,2
262-012758-A-0121,3,1,2,262-012758-A,212,187.145336470038,1,1,4
262-012758-A-0121,4,1,2,262-012758-A,212,187.145336470038,3,2,2
262-012758-A-0141,3,1,2,262-012758-A,212,187.145336470038,3,2,5
262-012758-A-0141,4,1,2,262-012758-A,212,187.145336470038,3,1,1
262-012758-A-0161,5,1,2,262-012758-A,212,187.145336470038,3,1,3
262-012797-A-0051,4,1,2,262-012797-A,212,206.795596799392,1,1,5
262-012797-A-0061,3,1,2,262-012797-A,212,206.795596799392,3,1,1
262-012797-A-0091,3,1,2,262-012797-A,212,206.795596799392,3,1,4
262-012797-A-0091,4,1,2,262-012797-A,212,206.795596799392,3,1,1
262-012797-A-0151,5,1,2,262-012797-A,212,206.795596799392,3,2,4
262-012797-A-0161,3,1,2,262-012797-A,212,206.795596799392,3,2,3
262-012797-A-0161,4,1,2,262-012797-A,212,206.795596799392,1,2,2
262-013053-A-0011,5,1,2,262-013053-A,212,263.563015528637,3,2,4
262-013053-A-0021,4,1,2,262-013053-A,212,263.563015528637,3,2,4
262-013053-A-0041,3,1,2,262-013053-A,212,263.563015528637,3,1,5
262-013053-A-0041,4,1,2,262-013053-A,212,263.563015528637,3,2,3
262-013053-A-0051,2,1,2,262-013053-A,212,263.563015528637,3,1,3
262-013053-A-0091,3,1,2,262-013053-A,212,263.563015528637,3,1,0
262-013053-A-0111,5,1,2,262-013053-A,212,263.563015528637,3,2,4
263-013202-A-0021,3,1,2,263-013202-A,213,103.560719612717,1,1,5
263-013202-A-0031,7,1,2,263-013202-A,213,103.560719612717,3,1,1
263-013202-A-0081,9,1,2,263-013202-A,213,103.560719612717,3,1,0
263-013202-A-0091,3,1,2,263-013202-A,213,103.560719612717,3,1,4
263-013248-A-0041,4,1,2,263-013248-A,213,112.953982162623,3,2,2
263-013499-A-0061,5,1,2,263-013499-A,213,226.421391516895,3,1,2
263-013499-A-0221,8,1,2,263-013499-A,213,226.421391516895,3,1,1
263-013651-A-0011,5,1,2,263-013651-A,213,234.807368980484,3,2,5
263-013651-A-0191,4,1,2,263-013651-A,213,234.807368980484,3,1,0
263-013651-A-0261,2,1,2,263-013651-A,213,234.807368980484,3,1,3
263-013756-A-0031,3,1,2,263-013756-A,213,319.312218805878,3,1,2
263-013756-A-0111,4,1,2,263-013756-A,213,319.312218805878,2,1,5
263-013756-A-0181,5,1,2,263-013756-A,213,319.312218805878,3,1,4
263-013756-A-0201,2,1,2,263-013756-A,213,319.312218805878,3,1,5
263-013756-A-0241,4,1,2,263-013756-A,213,319.312218805878,3,1,3
263-013824-A-0111,3,1,2,263-013824-A,213,219.761938825222,3,1,3
263-013824-A-0241,5,1,2,263-013824-A,213,219.761938825222,3,2,4
263-014002-A-0121,5,1,2,263-014002-A,213,230.614380248689,3,2,4
263-014002-A-0121,6,1,2,263-014002-A,213,230.614380248689,3,1,2
263-014002-A-0141,5,1,2,263-014002-A,213,230.614380248689,3,1,2
263-014002-A-0141,10,1,2,263-014002-A,213,230.614380248689,3,2,3
263-014552-A-0131,3,1,2,263-014552-A,213,205.837628651723,3,1,4
263-014591-A-0011,3,1,2,263-014591-A,213,221.389805038742,3,2,4
263-014591-A-0091,5,1,2,263-014591-A,213,221.389805038742,3,1,5
263-014594-A-0471,2,1,2,263-014594-A,213,187.785995345361,3,2,4
263-014594-A-0521,5,1,2,263-014594-A,213,187.785995345361,3,1,4
263-014650-A-0041,3,1,2,263-014650-A,213,301.895188689193,3,1,1
263-014650-A-0091,3,1,2,263-014650-A,213,301.895188689193,3,2,2
263-014650-A-0181,3,1,2,263-014650-A,213,301.895188689193,3,1,4
263-014650-A-0211,3,1,2,263-014650-A,213,301.895188689193,3,1,4
263-014650-A-0301,5,1,2,263-014650-A,213,301.895188689193,3,2,0
263-014732-A-0031,7,1,2,263-014732-A,213,125.176053846739,3,1,5
263-014732-A-0061,4,1,2,263-014732-A,213,125.176053846739,3,2,0
263-014732-A-0081,3,1,2,263-014732-A,213,125.176053846739,3,1,5
263-014732-A-0101,6,1,2,263-014732-A,213,125.176053846739,3,1,4
263-014864-A-0041,5,1,2,263-014864-A,213,271.705669820274,1,1,4
263-014864-A-0051,5,1,2,263-014864-A,213,271.705669820274,3,2,5
263-014864-A-0141,4,1,2,263-014864-A,213,271.705669820274,3,1,2
263-014864-A-0171,3,1,2,263-014864-A,213,271.705669820274,3,1,4
263-014864-A-0171,4,1,2,263-014864-A,213,271.705669820274,3,2,2
263-014864-A-0171,5,1,2,263-014864-A,213,271.705669820274,3,2,0
263-015062-A-0021,5,1,2,263-015062-A,213,307.485840331586,3,1,2
263-015062-A-0141,3,1,2,263-015062-A,213,307.485840331586,1,1,4
263-015062-A-0141,4,1,2,263-015062-A,213,307.485840331586,3,1,1
263-015122-A-0081,3,1,2,263-015122-A,213,205.778985452677,3,2,4
263-015122-A-0111,4,1,2,263-015122-A,213,205.778985452677,1,2,3
263-015122-A-0251,4,1,2,263-015122-A,213,205.778985452677,3,2,3
263-015122-A-0271,4,1,2,263-015122-A,213,205.778985452677,3,2,5
263-015455-A-0041,4,1,2,263-015455-A,213,196.022223211386,3,2,1
263-015455-A-0101,4,1,2,263-015455-A,213,196.022223211386,3,2,0
263-015455-A-0151,5,1,2,263-015455-A,213,196.022223211386,3,1,4
263-015455-A-0181,3,1,2,263-015455-A,213,196.022223211386,3,1,3
263-015620-A-0081,4,1,2,263-015620-A,213,365.452070518497,3,2,2
263-015620-A-0221,6,1,2,263-015620-A,213,365.452070518497,3,2,5
263-015876-A-0071,4,1,2,263-015876-A,213,205.576247535974,3,2,1
263-015876-A-0161,2,1,2,263-015876-A,213,205.576247535974,3,2,0
263-015898-A-0101,4,1,2,263-015898-A,213,313.076491973978,3,2,5
263-015898-A-0101,5,1,2,263-015898-A,213,313.076491973978,3,1,3
263-015934-A-0091,5,1,2,263-015934-A,213,242.145099261124,3,1,1
263-015934-A-0111,4,1,2,263-015934-A,213,242.145099261124,3,1,5
263-015934-A-0121,4,1,2,263-015934-A,213,242.145099261124,3,1,5
263-015941-A-0111,5,1,2,263-015941-A,213,278.672481866948,3,1,4
263-015941-A-0131,5,1,2,263-015941-A,213,278.672481866948,3,1,2
263-016011-A-0431,3,1,2,263-016011-A,213,359.010494657419,3,1,3
263-016141-A-0031,4,1,2,263-016141-A,213,322.860132348165,3,1,2
263-016141-A-0221,4,1,2,263-016141-A,213,322.860132348165,3,2,4
263-016194-A-0081,4,1,2,263-016194-A,213,267.061128455825,3,2,4
263-016194-A-0181,3,1,2,263-016194-A,213,267.061128455825,3,1,2
263-016194-A-0181,4,1,2,263-016194-A,213,267.061128455825,3,2,1
263-016224-A-0161,4,1,2,263-016224-A,213,345.921570373034,3,2,2
263-016339-A-0091,4,1,2,263-016339-A,213,330.547278356455,3,1,2
263-016341-A-0141,5,1,2,263-016341-A,213,197.669468784591,3,1,4
263-016341-A-0291,4,1,2,263-016341-A,213,197.669468784591,3,2,2
263-016403-A-0091,3,1,2,263-016403-A,213,147.593203359161,3,2,4
263-016403-A-0091,4,1,2,263-016403-A,213,147.593203359161,3,2,2
263-016403-A-0191,4,1,2,263-016403-A,213,147.593203359161,3,1,5
263-016449-A-0621,2,1,2,263-016449-A,213,139.441253173626,3,1,1
263-016456-A-0171,5,1,2,263-016456-A,213,226.421391516895,3,1,2
263-016456-A-0241,3,1,2,263-016456-A,213,226.421391516895,3,1,3
263-016701-A-0251,4,1,2,263-016701-A,213,378.20758360785,3,1,3
263-016701-A-0321,5,1,2,263-016701-A,213,378.20758360785,3,2,3
263-016720-A-0091,7,1,2,263-016720-A,213,379.232536408956,3,1,4
263-016720-A-0241,4,1,2,263-016720-A,213,379.232536408956,3,2,5
263-016738-A-0201,3,1,2,263-016738-A,213,328.146944227384,3,2,0
263-017269-A-0021,5,1,2,263-017269-A,213,242.145099261124,3,2,5
263-017269-A-0061,3,1,2,263-017269-A,213,242.145099261124,3,1,2
264-017320-A-0061,3,1,2,264-017320-A,214,369.330463585824,3,2,4
264-017320-A-0101,4,1,2,264-017320-A,214,369.330463585824,3,2,4
264-017397-A-0151,8,1,2,264-017397-A,214,222.802616619709,3,2,3
264-017397-A-0151,9,1,2,264-017397-A,214,222.802616619709,3,2,1
264-017397-A-0331,6,1,2,264-017397-A,214,222.802616619709,3,2,2
264-017507-A-0051,5,1,2,264-017507-A,214,239.206537135046,3,2,2
264-017507-A-0231,6,1,2,264-017507-A,214,239.206537135046,3,1,5
264-017775-A-0021,5,1,2,264-017775-A,214,262.764756701377,1,2,4
264-017775-A-0071,4,1,2,264-017775-A,214,262.764756701377,3,2,0
264-017901-A-0011,5,1,2,264-017901-A,214,219.671336602351,3,1,5
264-017901-A-0011,6,1,2,264-017901-A,214,219.671336602351,3,2,0
264-017901-A-0121,2,1,2,264-017901-A,214,219.671336602351,3,2,5
311-000001-A-0041,5,1,3,311-000001-A,311,448.01307704441,3,1,4
311-000001-A-0071,3,1,3,311-000001-A,311,448.01307704441,3,1,1
311-000016-A-0021,7,1,3,311-000016-A,311,209.348046139646,3,1,5
311-000016-A-0091,4,1,3,311-000016-A,311,209.348046139646,3,1,3
311-000016-A-0121,5,1,3,311-000016-A,311,209.348046139646,3,1,5
311-000016-A-0121,6,1,3,311-000016-A,311,209.348046139646,3,2,3
311-000016-A-0151,4,1,3,311-000016-A,311,209.348046139646,3,2,0
311-000022-A-0021,3,1,3,311-000022-A,311,93.6027321682072,3,1,3
311-000022-A-0021,4,1,3,311-000022-A,311,93.6027321682072,3,2,1
311-000022-A-0041,4,1,3,311-000022-A,311,93.6027321682072,3,1,5
311-000022-A-0071,6,1,3,311-000022-A,311,93.6027321682072,3,2,2
311-000022-A-0081,4,1,3,311-000022-A,311,93.6027321682072,3,1,2
311-000022-A-0081,5,1,3,311-000022-A,311,93.6027321682072,3,1,1
311-000022-A-0101,3,1,3,311-000022-A,311,93.6027321682072,3,2,3
311-000251-A-0011,4,1,3,311-000251-A,311,173.061051475441,3,1,1
311-000251-A-0031,7,1,3,311-000251-A,311,173.061051475441,3,1,5
311-000251-A-0161,8,1,3,311-000251-A,311,173.061051475441,3,2,3
311-000251-A-0161,9,1,3,311-000251-A,311,173.061051475441,3,1,0
311-000251-A-0161,10,1,3,311-000251-A,311,173.061051475441,3,2,2
311-000251-A-0241,3,1,3,311-000251-A,311,173.061051475441,3,1,3
311-000251-A-0241,4,1,3,311-000251-A,311,173.061051475441,3,2,1
311-000253-A-0021,4,1,3,311-000253-A,311,32.6284033701811,3,2,4
311-000253-A-0021,5,1,3,311-000253-A,311,32.6284033701811,3,1,3
311-000253-A-0041,3,1,3,311-000253-A,311,32.6284033701811,3,1,4
311-000253-A-0071,3,1,3,311-000253-A,311,32.6284033701811,3,2,2
311-000253-A-0071,4,1,3,311-000253-A,311,32.6284033701811,3,1,0
311-000253-A-0121,4,1,3,311-000253-A,311,32.6284033701811,3,1,2
311-000253-A-0161,4,1,3,311-000253-A,311,32.6284033701811,3,1,5
311-000253-A-0161,5,1,3,311-000253-A,311,32.6284033701811,1,2,4
311-000253-A-0161,6,1,3,311-000253-A,311,32.6284033701811,1,2,3
311-000253-A-0171,5,1,3,311-000253-A,311,32.6284033701811,3,1,2
312-000309-A-0091,4,1,3,312-000309-A,312,185.418658083003,3,1,1
312-000309-A-0111,4,1,3,312-000309-A,312,185.418658083003,1,2,5
312-000451-A-0111,4,1,3,312-000451-A,312,520.135456440632,3,1,5
312-000451-A-0151,3,1,3,312-000451-A,312,520.135456440632,3,1,1
312-000451-A-0241,3,1,3,312-000451-A,312,520.135456440632,3,2,5
312-000451-A-0241,4,1,3,312-000451-A,312,520.135456440632,3,1,0
312-000451-A-0261,4,1,3,312-000451-A,312,520.135456440632,1,2,5
312-000474-A-0021,5,1,3,312-000474-A,312,232.088660457636,3,1,2
312-000474-A-0021,6,1,3,312-000474-A,312,232.088660457636,3,2,0
312-000474-A-0121,6,1,3,312-000474-A,312,232.088660457636,3,2,3
312-000474-A-0161,2,1,3,312-000474-A,312,232.088660457636,3,1,0
312-000474-A-0201,5,1,3,312-000474-A,312,232.088660457636,3,2,2
312-000474-A-0221,5,1,3,312-000474-A,312,232.088660457636,3,2,4
312-000492-A-0031,3,1,3,312-000492-A,312,157.698260695179,3,2,4
312-000492-A-0031,4,1,3,312-000492-A,312,157.698260695179,3,2,0
312-000492-A-0061,5,1,3,312-000492-A,312,157.698260695179,1,1,5
312-000492-A-0171,3,1,3,312-000492-A,312,157.698260695179,3,1,4
312-000492-A-0171,4,1,3,312-000492-A,312,157.698260695179,3,2,0
312-000492-A-0191,6,1,3,312-000492-A,312,157.698260695179,3,1,1
312-000492-A-0301,9,1,3,312-000492-A,312,157.698260695179,3,2,5
312-000524-A-0031,3,1,3,312-000524-A,312,154.114209315743,3,1,0
312-000524-A-0051,3,1,3,312-000524-A,312,154.114209315743,3,2,2
312-000524-A-0091,3,1,3,312-000524-A,312,154.114209315743,3,1,2
312-000524-A-0091,4,1,3,312-000524-A,312,154.114209315743,3,2,2
312-000524-A-0111,7,1,3,312-000524-A,312,154.114209315743,3,2,4
312-000524-A-0131,4,1,3,312-000524-A,312,154.114209315743,3,1,4
312-000524-A-0231,7,1,3,312-000524-A,312,154.114209315743,3,1,1
312-000569-A-0021,4,1,3,312-000569-A,312,223.060039799101,3,1,5
312-000569-A-0021,5,1,3,312-000569-A,312,223.060039799101,3,2,3
312-000569-A-0061,7,1,3,312-000569-A,312,223.060039799101,3,1,4
312-000575-A-0051,4,1,3,312-000575-A,312,173.378485480211,3,2,4
312-000575-A-0051,5,1,3,312-000575-A,312,173.378485480211,3,2,3
312-000575-A-0131,4,1,3,312-000575-A,312,173.378485480211,3,1,3
312-000728-A-0011,6,1,3,312-000728-A,312,170.790746890954,3,1,1
312-000728-A-0101,6,1,3,312-000728-A,312,170.790746890954,3,1,1
312-000728-A-0101,7,1,3,312-000728-A,312,170.790746890954,3,1,0
312-000728-A-0151,2,1,3,312-000728-A,312,170.790746890954,3,2,0
312-000728-A-0241,3,1,3,312-000728-A,312,170.790746890954,3,1,4
312-000728-A-0331,7,1,3,312-000728-A,312,170.790746890954,3,2,4
312-000728-A-0461,5,1,3,312-000728-A,312,170.790746890954,3,1,4
312-000728-A-0461,6,1,3,312-000728-A,312,170.790746890954,3,1,2
312-000770-A-0091,3,1,3,312-000770-A,312,288.964142467018,3,2,3
312-000770-A-0191,5,1,3,312-000770-A,312,288.964142467018,3,2,5
312-000770-A-0391,3,1,3,312-000770-A,312,288.964142467018,3,1,1
312-000788-A-0051,2,1,3,312-000788-A,312,231.171313973614,3,2,1
312-000788-A-0131,4,1,3,312-000788-A,312,231.171313973614,3,1,5
312-000802-A-0011,3,1,3,312-000802-A,312,221.997849133391,3,2,3
312-000802-A-0011,4,1,3,312-000802-A,312,221.997849133391,3,1,2
312-000802-A-0021,2,1,3,312-000802-A,312,221.997849133391,3,1,3
312-000802-A-0081,5,1,3,312-000802-A,312,221.997849133391,3,1,2
312-000802-A-0121,4,1,3,312-000802-A,312,221.997849133391,3,2,5
312-001032-A-0041,2,1,3,312-001032-A,312,231.171313973614,3,1,3
312-001032-A-0151,3,1,3,312-001032-A,312,231.171313973614,3,2,3
312-001032-A-0151,4,1,3,312-001032-A,312,231.171313973614,3,1,2
312-001032-A-0221,3,1,3,312-001032-A,312,231.171313973614,3,2,2
312-001051-A-0021,3,1,3,312-001051-A,312,359.599821736733,3,1,1
312-001051-A-0161,4,1,3,312-001051-A,312,359.599821736733,3,2,3
312-001051-A-0191,4,1,3,312-001051-A,312,359.599821736733,3,1,5
312-001051-A-0191,5,1,3,312-001051-A,312,359.599821736733,3,1,0
312-001051-A-0231,8,1,3,312-001051-A,312,359.599821736733,3,2,1
312-001051-A-0261,4,1,3,312-001051-A,312,359.599821736733,3,2,5
312-001051-A-0331,4,1,3,312-001051-A,312,359.599821736733,3,1,3
312-001143-A-0011,4,1,3,312-001143-A,312,297.220260823218,3,2,3
312-001143-A-0071,3,1,3,312-001143-A,312,297.220260823218,3,1,1
312-001143-A-0071,4,1,3,312-001143-A,312,297.220260823218,3,1,0
312-001143-A-0131,5,1,3,312-001143-A,312,297.220260823218,3,2,5
312-001143-A-0131,6,1,3,312-001143-A,312,297.220260823218,3,2,1
312-001143-A-0171,4,1,3,312-001143-A,312,297.220260823218,3,1,4
312-001162-A-0081,3,1,3,312-001162-A,312,231.171313973614,3,2,5
312-001162-A-0161,4,1,3,312-001162-A,312,231.171313973614,3,2,0
312-001223-A-0061,4,1,3,312-001223-A,312,211.907037809146,3,2,2
312-001223-A-0201,4,1,3,312-001223-A,312,211.907037809146,1,1,3
313-001277-A-0031,6,1,3,313-001277-A,313,245.735738509863,3,2,4
313-001277-A-0041,2,1,3,313-001277-A,313,245.735738509863,3,1,3
313-001277-A-0051,2,1,3,313-001277-A,313,245.735738509863,3,1,5
313-001277-A-0061,4,1,3,313-001277-A,313,245.735738509863,2,2,5
313-001277-A-0081,4,1,3,313-001277-A,313,245.735738509863,3,1,4
313-001304-A-0011,6,1,3,313-001304-A,313,278.500503644512,3,2,4
313-001304-A-0011,7,1,3,313-001304-A,313,278.500503644512,3,2,0
313-001304-A-0091,3,1,3,313-001304-A,313,278.500503644512,3,1,0
313-001304-A-0091,4,1,3,313-001304-A,313,278.500503644512,3,1,4
313-001304-A-0101,4,1,3,313-001304-A,313,278.500503644512,3,2,2
313-001304-A-0151,3,1,3,313-001304-A,313,278.500503644512,3,2,3
313-001304-A-0151,4,1,3,313-001304-A,313,278.500503644512,3,1,0
313-001346-A-0201,5,1,3,313-001346-A,313,502.641283315629,3,2,4
313-001607-A-0041,4,1,3,313-001607-A,313,335.094188877086,3,1,0
313-001607-A-0061,3,1,3,313-001607-A,313,335.094188877086,3,2,2
313-001607-A-0241,3,1,3,313-001607-A,313,335.094188877086,3,1,3
313-001607-A-0261,3,1,3,313-001607-A,313,335.094188877086,3,1,0
313-001761-A-0041,3,1,3,313-001761-A,313,304.71231575223,3,1,3
313-001761-A-0041,4,1,3,313-001761-A,313,304.71231575223,3,1,0
313-001761-A-0071,6,1,3,313-001761-A,313,304.71231575223,3,1,5
313-001761-A-0171,3,1,3,313-001761-A,313,304.71231575223,3,1,5
313-001761-A-0201,3,1,3,313-001761-A,313,304.71231575223,3,1,1
313-001882-A-0011,3,1,3,313-001882-A,313,351.05105501409,3,2,1
313-001882-A-0141,3,1,3,313-001882-A,313,351.05105501409,1,2,5
313-001882-A-0191,4,1,3,313-001882-A,313,351.05105501409,3,2,3
313-001882-A-0261,5,1,3,313-001882-A,313,351.05105501409,1,2,5
313-001882-A-0261,6,1,3,313-001882-A,313,351.05105501409,1,1,4
313-001882-A-0291,3,1,3,313-001882-A,313,351.05105501409,3,2,3
313-001896-A-0041,3,1,3,313-001896-A,313,269.516616430173,3,2,2
313-002073-A-0021,3,1,3,313-002073-A,313,302.443985858293,2,2,3
313-002073-A-0111,3,1,3,313-002073-A,313,302.443985858293,3,1,4
313-002073-A-0131,4,1,3,313-002073-A,313,302.443985858293,3,2,5
313-002073-A-0131,5,1,3,313-002073-A,313,302.443985858293,3,2,3
313-002073-A-0131,6,1,3,313-002073-A,313,302.443985858293,3,1,0
313-002073-A-0151,3,1,3,313-002073-A,313,302.443985858293,3,1,5
313-002073-A-0151,4,1,3,313-002073-A,313,302.443985858293,3,2,1
313-002084-A-0021,3,1,3,313-002084-A,313,285.584777187138,3,2,1
313-002084-A-0201,3,1,3,313-002084-A,313,285.584777187138,3,2,5
313-002084-A-0231,3,1,3,313-002084-A,313,285.584777187138,3,1,5
313-002230-A-0031,7,1,3,313-002230-A,313,285.947041175114,3,1,2
313-002230-A-0111,3,1,3,313-002230-A,313,285.947041175114,3,2,2
313-002230-A-0131,6,1,3,313-002230-A,313,285.947041175114,3,2,0
313-002232-A-0051,6,1,3,313-002232-A,313,359.152233206723,3,1,5
313-002232-A-0311,4,1,3,313-002232-A,313,359.152233206723,1,1,5
313-002260-A-0181,4,1,3,313-002260-A,313,360.515127343624,3,1,4
313-002260-A-0381,4,1,3,313-002260-A,313,360.515127343624,3,2,4
313-002286-A-0251,3,1,3,313-002286-A,313,465.604557176583,3,2,1
313-002286-A-0251,4,1,3,313-002286-A,313,465.604557176583,3,1,0
313-002286-A-0341,3,1,3,313-002286-A,313,465.604557176583,3,1,0
313-002314-A-0201,6,1,3,313-002314-A,313,307.169673137329,3,1,0
313-002314-A-0421,5,1,3,313-002314-A,313,307.169673137329,3,2,3
313-002345-A-0011,4,1,3,313-002345-A,313,157.522909301194,3,2,5
313-002345-A-0011,5,1,3,313-002345-A,313,157.522909301194,2,1,2
313-002345-A-0071,4,1,3,313-002345-A,313,157.522909301194,3,2,0
313-002345-A-0091,5,1,3,313-002345-A,313,157.522909301194,3,1,4
313-002345-A-0201,4,1,3,313-002345-A,313,157.522909301194,3,1,4
313-002345-A-0241,5,1,3,313-002345-A,313,157.522909301194,1,1,5
313-002377-A-0011,6,1,3,313-002377-A,313,274.645825393377,3,1,5
313-002378-A-0011,4,1,3,313-002378-A,313,335.094188877086,2,2,3
313-002378-A-0081,3,1,3,313-002378-A,313,335.094188877086,3,1,5
313-002378-A-0231,3,1,3,313-002378-A,313,335.094188877086,3,1,2
313-002378-A-0351,3,1,3,313-002378-A,313,335.094188877086,3,2,3
313-002439-A-0061,3,1,3,313-002439-A,313,232.083753037093,3,1,0
313-002439-A-0121,5,1,3,313-002439-A,313,232.083753037093,1,2,5
313-002439-A-0161,3,1,3,313-002439-A,313,232.083753037093,3,2,3
313-002492-A-0011,3,1,3,313-002492-A,313,278.500503644512,3,1,5
313-002492-A-0011,4,1,3,313-002492-A,313,278.500503644512,3,1,0
313-002492-A-0061,3,1,3,313-002492-A,313,278.500503644512,3,2,4
313-002492-A-0101,5,1,3,313-002492-A,313,278.500503644512,3,2,2
313-002492-A-0131,4,1,3,313-002492-A,313,278.500503644512,3,2,5
313-002492-A-0161,3,1,3,313-002492-A,313,278.500503644512,3,1,1
313-002517-A-0301,3,1,3,313-002517-A,313,332.465999160403,3,2,3
313-002517-A-0421,3,1,3,313-002517-A,313,332.465999160403,3,2,5
313-002517-A-0451,3,1,3,313-002517-A,313,332.465999160403,3,2,2
313-002522-A-0061,5,1,3,313-002522-A,313,230.377254852997,3,2,4
313-002522-A-0111,3,1,3,313-002522-A,313,230.377254852997,3,2,1
313-002522-A-0191,2,1,3,313-002522-A,313,230.377254852997,3,2,5
313-002603-A-0111,3,1,3,313-002603-A,313,268.075351101669,3,2,4
313-002603-A-0151,4,1,3,313-002603-A,313,268.075351101669,3,1,0
313-002740-A-0101,5,1,3,313-002740-A,313,231.280695068107,1,1,5
313-002740-A-0111,5,1,3,313-002740-A,313,231.280695068107,3,1,4
313-002740-A-0131,4,1,3,313-002740-A,313,231.280695068107,3,2,5
313-002740-A-0131,5,1,3,313-002740-A,313,231.280695068107,3,2,0
313-002740-A-0151,4,1,3,313-002740-A,313,231.280695068107,3,2,5
313-002802-A-0131,4,1,3,313-002802-A,313,343.249920458222,1,2,5
313-002802-A-0641,3,1,3,313-002802-A,313,343.249920458222,3,2,2
313-002802-A-0721,6,1,3,313-002802-A,313,343.249920458222,3,2,2
313-002802-A-0791,4,1,3,313-002802-A,313,343.249920458222,3,2,2
313-002884-A-0041,6,1,3,313-002884-A,313,139.250251822256,3,1,0
313-002884-A-0291,3,1,3,313-002884-A,313,139.250251822256,3,1,5
313-002884-A-0291,4,1,3,313-002884-A,313,139.250251822256,3,1,2
313-002904-A-0181,4,1,3,313-002904-A,313,159.728230031411,3,2,3
313-002904-A-0181,5,1,3,313-002904-A,313,159.728230031411,3,2,1
313-002904-A-0241,4,1,3,313-002904-A,313,159.728230031411,1,2,5
313-002909-A-0041,3,1,3,313-002909-A,313,257.437440343666,3,2,0
313-002909-A-0101,3,1,3,313-002909-A,313,257.437440343666,3,1,0
313-002909-A-0121,4,1,3,313-002909-A,313,257.437440343666,3,2,0
313-002958-A-0381,3,1,3,313-002958-A,313,250.046891817054,3,2,5
313-002958-A-0381,4,1,3,313-002958-A,313,250.046891817054,3,2,5
313-002958-A-0571,5,1,3,313-002958-A,313,250.046891817054,3,2,3
313-002980-A-0111,2,1,3,313-002980-A,313,176.163802152525,3,1,0
313-002980-A-0421,2,1,3,313-002980-A,313,176.163802152525,3,1,2
313-003001-A-0051,4,1,3,313-003001-A,313,145.207481846737,3,1,2
313-003001-A-0111,4,1,3,313-003001-A,313,145.207481846737,1,1,5
313-003002-A-0041,3,1,3,313-003002-A,313,488.843287303043,3,1,5
313-003002-A-0091,6,1,3,313-003002-A,313,488.843287303043,3,1,2
313-003002-A-0171,2,1,3,313-003002-A,313,488.843287303043,3,2,3
313-003002-A-0251,3,1,3,313-003002-A,313,488.843287303043,3,1,2
313-003002-A-0251,4,1,3,313-003002-A,313,488.843287303043,3,2,0
313-003086-A-0121,5,1,3,313-003086-A,313,537.546927990326,3,1,5
313-003086-A-0151,3,1,3,313-003086-A,313,537.546927990326,3,1,3
313-003086-A-0151,4,1,3,313-003086-A,313,537.546927990326,3,1,1
313-003086-A-0151,5,1,3,313-003086-A,313,537.546927990326,3,2,0
313-003086-A-0241,4,1,3,313-003086-A,313,537.546927990326,3,2,0
313-003231-A-0211,4,1,3,313-003231-A,313,303.074077495498,3,2,5
314-003295-A-0021,3,1,3,314-003295-A,314,345.507678705606,3,2,2
314-003295-A-0061,3,1,3,314-003295-A,314,345.507678705606,3,2,1
314-003295-A-0111,3,1,3,314-003295-A,314,345.507678705606,3,2,0
314-003345-A-0031,5,1,3,314-003345-A,314,316.075543112165,1,1,5
314-003345-A-0071,4,1,3,314-003345-A,314,316.075543112165,3,1,4
314-003345-A-0071,5,1,3,314-003345-A,314,316.075543112165,3,1,4
314-003345-A-0141,4,1,3,314-003345-A,314,316.075543112165,3,1,1
314-003402-A-0131,3,1,3,314-003402-A,314,164.704377304106,3,1,4
314-003402-A-0341,4,1,3,314-003402-A,314,164.704377304106,1,2,5
314-003402-A-0341,5,1,3,314-003402-A,314,164.704377304106,3,2,3
314-003402-A-0451,4,1,3,314-003402-A,314,164.704377304106,3,2,3
314-003543-A-0091,3,1,3,314-003543-A,314,314.970383870515,3,1,3
314-003543-A-0091,4,1,3,314-003543-A,314,314.970383870515,3,2,0
314-003543-A-0151,3,1,3,314-003543-A,314,314.970383870515,3,2,2
314-003543-A-0181,3,1,3,314-003543-A,314,314.970383870515,3,1,2
314-003657-A-0111,4,1,3,314-003657-A,314,307.676332875618,3,2,0
314-003710-A-0331,3,1,3,314-003710-A,314,238.632532549071,3,1,0
314-003710-A-0421,6,1,3,314-003710-A,314,238.632532549071,3,2,0
314-003724-A-0021,6,1,3,314-003724-A,314,273.526912308605,3,2,2
314-003724-A-0131,4,1,3,314-003724-A,314,273.526912308605,3,1,3
314-003724-A-0171,3,1,3,314-003724-A,314,273.526912308605,3,2,0
314-003724-A-0201,3,1,3,314-003724-A,314,273.526912308605,3,2,2
314-003784-A-0211,3,1,3,314-003784-A,314,170.711831795441,3,1,5
314-003784-A-0211,4,1,3,314-003784-A,314,170.711831795441,3,2,0
314-003784-A-0271,4,1,3,314-003784-A,314,170.711831795441,3,1,5
314-003988-A-0211,5,1,3,314-003988-A,314,183.702025056643,3,1,2
314-003988-A-0321,4,1,3,314-003988-A,314,183.702025056643,1,1,5
314-003988-A-0321,5,1,3,314-003988-A,314,183.702025056643,3,1,3
314-003988-A-0321,6,1,3,314-003988-A,314,183.702025056643,3,1,0
314-004036-A-0231,4,1,3,314-004036-A,314,212.190574396978,3,2,0
314-004036-A-0231,5,1,3,314-004036-A,314,212.190574396978,3,1,0
314-004063-A-0091,3,1,3,314-004063-A,314,166.355549006403,3,1,5
314-004103-A-0031,5,1,3,314-004103-A,314,196.076639647745,3,1,5
314-004103-A-0051,5,1,3,314-004103-A,314,196.076639647745,2,2,2
314-004103-A-0091,3,1,3,314-004103-A,314,196.076639647745,3,2,2
314-004103-A-0241,3,1,3,314-004103-A,314,196.076639647745,3,2,3
314-004103-A-0241,4,1,3,314-004103-A,314,196.076639647745,3,1,2
314-004123-A-0391,5,1,3,314-004123-A,314,251.239534268644,2,2,5
314-004146-A-0011,5,1,3,314-004146-A,314,180.792716967511,1,2,5
314-004146-A-0011,6,1,3,314-004146-A,314,180.792716967511,3,2,3
314-004146-A-0131,3,1,3,314-004146-A,314,180.792716967511,3,1,3
314-004156-A-0331,4,1,3,314-004156-A,314,390.489598716661,3,1,3
314-004325-A-0171,4,1,3,314-004325-A,314,222.873780399604,3,1,2
314-004331-A-0161,6,1,3,314-004331-A,314,383.897420784007,3,1,4
314-004331-A-0161,7,1,3,314-004331-A,314,383.897420784007,3,2,3
314-004331-A-0161,8,1,3,314-004331-A,314,383.897420784007,3,2,2
314-004331-A-0161,9,1,3,314-004331-A,314,383.897420784007,3,2,0
314-004434-A-0011,3,1,3,314-004434-A,314,243.135033163204,1,1,5
314-004434-A-0071,4,1,3,314-004434-A,314,243.135033163204,2,2,4
314-004434-A-0191,5,1,3,314-004434-A,314,243.135033163204,3,2,3
314-004528-A-0681,3,1,3,314-004528-A,314,205.053642426799,3,1,0
314-004532-A-0061,4,1,3,314-004532-A,314,236.717979502005,1,1,5
314-004535-A-0261,3,1,3,314-004535-A,314,226.367099841604,3,2,1
314-004622-A-0021,5,1,3,314-004622-A,314,208.975565693994,3,2,5
314-004622-A-0201,3,1,3,314-004622-A,314,208.975565693994,3,2,0
314-004698-A-0301,6,1,3,314-004698-A,314,139.349033932344,3,1,4
314-004711-A-0221,4,1,3,314-004711-A,314,377.035486209606,3,1,2
314-004711-A-0581,5,1,3,314-004711-A,314,377.035486209606,3,2,5
314-004711-A-0581,6,1,3,314-004711-A,314,377.035486209606,3,1,1
314-004711-A-0761,4,1,3,314-004711-A,314,377.035486209606,1,1,5
314-004711-A-1031,5,1,3,314-004711-A,314,377.035486209606,3,1,1
314-004794-A-0231,3,1,3,314-004794-A,314,255.291784821364,3,2,4
314-004794-A-0231,4,1,3,314-004794-A,314,255.291784821364,3,2,2
314-004815-A-0111,5,1,3,314-004815-A,314,189.949244658753,3,1,4
314-004815-A-0161,5,1,3,314-004815-A,314,189.949244658753,3,1,0
314-004862-A-0041,5,1,3,314-004862-A,314,250.901017023454,3,1,3
314-004862-A-0041,6,1,3,314-004862-A,314,250.901017023454,3,1,0
314-004862-A-0241,4,1,3,314-004862-A,314,250.901017023454,3,2,5
314-004877-A-0161,3,1,3,314-004877-A,314,265.238217996223,3,1,1
314-004896-A-0161,3,1,3,314-004896-A,314,216.737515276913,3,1,1
314-004929-A-0191,4,1,3,314-004929-A,314,243.135033163204,3,2,1
314-005144-A-0191,4,1,3,314-005144-A,314,329.408754608212,3,1,4
314-005244-A-0301,3,1,3,314-005244-A,314,299.866540901285,3,1,1
314-005287-A-0031,3,1,3,314-005287-A,314,75.9796978635013,2,2,4
314-005287-A-0031,4,1,3,314-005287-A,314,75.9796978635013,3,1,0
314-005389-A-0281,4,1,3,314-005389-A,314,205.184281846135,3,1,2
314-005389-A-0351,7,1,3,314-005389-A,314,205.184281846135,3,1,3
314-005389-A-0351,8,1,3,314-005389-A,314,205.184281846135,3,2,1
314-005576-A-0291,5,1,3,314-005576-A,314,353.650957328297,3,1,2
314-005576-A-0391,3,1,3,314-005576-A,314,353.650957328297,3,1,2
314-005594-A-0451,3,1,3,314-005594-A,314,228.249214806273,3,2,5
314-005594-A-0451,4,1,3,314-005594-A,314,228.249214806273,2,1,2
314-005643-A-0321,3,1,3,314-005643-A,314,673.603616468549,3,1,1
314-005643-A-0601,3,1,3,314-005643-A,314,673.603616468549,2,1,2
314-005643-A-1171,6,1,3,314-005643-A,314,673.603616468549,3,2,4
314-005773-A-0031,4,1,3,314-005773-A,314,243.135033163204,3,2,5
314-005773-A-0171,2,1,3,314-005773-A,314,243.135033163204,3,2,1
314-005773-A-0251,3,1,3,314-005773-A,314,243.135033163204,3,2,0
314-005789-A-0101,4,1,3,314-005789-A,314,325.519631177182,3,2,5
314-005803-A-0191,5,1,3,314-005803-A,314,194.508026530563,3,1,5
314-005885-A-0041,3,1,3,314-005885-A,314,320.496180078769,3,2,4
314-005885-A-0191,4,1,3,314-005885-A,314,320.496180078769,3,1,4
314-005885-A-0381,4,1,3,314-005885-A,314,320.496180078769,3,2,1
314-005937-A-0111,6,1,3,314-005937-A,314,327.488003852479,3,1,4
314-005937-A-0431,3,1,3,314-005937-A,314,327.488003852479,3,2,0
314-005978-A-0121,3,1,3,314-005978-A,314,264.588124324663,3,1,3
314-005978-A-0151,3,1,3,314-005978-A,314,264.588124324663,3,2,2
314-006178-A-0151,3,1,3,314-006178-A,314,243.135033163204,3,1,5
314-006305-A-0011,2,1,3,314-006305-A,314,345.962893038551,3,1,4
314-006305-A-0011,3,1,3,314-006305-A,314,345.962893038551,3,2,5
314-006477-A-0241,3,1,3,314-006477-A,314,290.193426678663,3,2,0
321-007198-A-0081,5,1,3,321-007198-A,311,232.966800063093,2,1,4
322-012054-A-0051,4,1,3,322-012054-A,312,231.171313973614,1,2,5
322-012054-A-0211,6,1,3,322-012054-A,312,231.171313973614,1,1,5
322-012054-A-0271,6,1,3,322-012054-A,312,231.171313973614,3,1,3
322-008249-A-0011,3,1,3,322-008249-A,312,167.295029849326,3,1,5
322-008249-A-0031,3,1,3,322-008249-A,312,167.295029849326,3,1,5
322-008249-A-0121,3,1,3,322-008249-A,312,167.295029849326,3,1,3
322-008869-A-0011,3,1,3,322-008869-A,312,219.755446616892,3,1,3
322-008869-A-0011,4,1,3,322-008869-A,312,219.755446616892,3,1,1
322-008869-A-0031,4,1,3,322-008869-A,312,219.755446616892,3,1,3
322-008869-A-0031,5,1,3,322-008869-A,312,219.755446616892,3,2,0
322-008869-A-0051,4,1,3,322-008869-A,312,219.755446616892,3,1,5
322-008869-A-0081,3,1,3,322-008869-A,312,219.755446616892,3,2,2
322-008869-A-0081,4,1,3,322-008869-A,312,219.755446616892,3,2,0
322-008869-A-0101,2,1,3,322-008869-A,312,219.755446616892,3,2,1
322-008869-A-0121,8,1,3,322-008869-A,312,219.755446616892,3,1,5
322-007269-A-0171,4,1,3,322-007269-A,312,606.289580398391,3,2,4
322-007269-A-1021,4,1,3,322-007269-A,312,606.289580398391,3,2,3
322-009986-A-0101,3,1,3,322-009986-A,312,134.849933151275,3,2,5
322-009986-A-0101,4,1,3,322-009986-A,312,134.849933151275,3,2,4
323-012131-A-0081,5,1,3,323-012131-A,313,215.01877119613,1,2,4
323-012131-A-0081,6,1,3,323-012131-A,313,215.01877119613,3,2,0
323-012131-A-0101,3,1,3,323-012131-A,313,215.01877119613,3,2,0
323-012131-A-0131,6,1,3,323-012131-A,313,215.01877119613,3,1,3
323-012131-A-0181,4,1,3,323-012131-A,313,215.01877119613,3,1,5
323-007307-A-0341,3,1,3,323-007307-A,313,224.822058636683,3,1,2
323-010063-A-0051,3,1,3,323-010063-A,313,389.08158597395,3,2,1
323-010063-A-0121,2,1,3,323-010063-A,313,389.08158597395,3,1,4
323-010063-A-0211,4,1,3,323-010063-A,313,389.08158597395,3,1,2
323-010139-A-0041,2,1,3,323-010139-A,313,305.915919369422,3,2,5
323-010139-A-0091,3,1,3,323-010139-A,313,305.915919369422,3,1,0
323-010139-A-0151,6,1,3,323-010139-A,313,305.915919369422,3,1,5
323-010139-A-0351,3,1,3,323-010139-A,313,305.915919369422,1,1,5
323-010139-A-0351,4,1,3,323-010139-A,313,305.915919369422,3,2,2
323-010139-A-0551,2,1,3,323-010139-A,313,305.915919369422,1,1,5
323-008972-A-0051,4,1,3,323-008972-A,313,549.291650786753,3,1,0
323-008972-A-0091,5,1,3,323-008972-A,313,549.291650786753,3,1,2
323-008972-A-0181,2,1,3,323-008972-A,313,549.291650786753,3,2,5
323-008972-A-0211,3,1,3,323-008972-A,313,549.291650786753,3,2,1
323-008972-A-0311,3,1,3,323-008972-A,313,549.291650786753,3,1,1
323-008972-A-0371,5,1,3,323-008972-A,313,549.291650786753,3,2,4
323-007445-A-0071,4,1,3,323-007445-A,313,225.811219171226,3,1,3
323-007445-A-0071,5,1,3,323-007445-A,313,225.811219171226,3,1,1
323-007445-A-0121,2,1,3,323-007445-A,313,225.811219171226,2,2,5
323-007445-A-0241,3,1,3,323-007445-A,313,225.811219171226,3,2,3
323-007445-A-0271,3,1,3,323-007445-A,313,225.811219171226,3,1,3
323-010291-A-0031,4,1,3,323-010291-A,313,283.54123674215,3,2,5
323-010291-A-0911,5,1,3,323-010291-A,313,283.54123674215,3,1,3
323-010291-A-0991,5,1,3,323-010291-A,313,283.54123674215,2,1,3
323-010366-A-0101,3,1,3,323-010366-A,313,386.156160515499,1,1,4
323-010366-A-0161,3,1,3,323-010366-A,313,386.156160515499,3,2,4
323-010366-A-0161,4,1,3,323-010366-A,313,386.156160515499,1,2,2
323-007627-A-0121,3,1,3,323-007627-A,313,613.979029942532,1,2,4
323-007627-A-0121,4,1,3,323-007627-A,313,613.979029942532,3,1,2
323-007627-A-0481,4,1,3,323-007627-A,313,613.979029942532,3,1,0
323-007627-A-1191,3,1,3,323-007627-A,313,613.979029942532,3,2,4
323-009359-A-0031,4,1,3,323-009359-A,313,356.316820839302,3,1,3
324-009098-A-0111,3,1,3,324-009098-A,314,312.602185495548,3,1,1
324-009098-A-0151,6,1,3,324-009098-A,314,312.602185495548,3,1,1
324-009098-A-0221,3,1,3,324-009098-A,314,312.602185495548,3,1,4
324-009098-A-0261,3,1,3,324-009098-A,314,312.602185495548,3,1,0
324-007846-A-0161,3,1,3,324-007846-A,314,217.874250496897,3,1,0
324-007846-A-0331,3,1,3,324-007846-A,314,217.874250496897,3,2,4
324-007846-A-0391,3,1,3,324-007846-A,314,217.874250496897,3,2,4
324-007846-A-0441,3,1,3,324-007846-A,314,217.874250496897,1,1,3
324-009428-A-0111,3,1,3,324-009428-A,314,332.284545323046,3,1,3
324-009428-A-0111,4,1,3,324-009428-A,314,332.284545323046,3,1,2
324-009428-A-0151,4,1,3,324-009428-A,314,332.284545323046,3,1,5
324-009428-A-0251,3,1,3,324-009428-A,314,332.284545323046,3,2,0
324-010739-A-0051,3,1,3,324-010739-A,314,410.628056008967,3,1,1
324-010739-A-0121,2,1,3,324-010739-A,314,410.628056008967,3,1,0
324-007909-A-0181,8,1,3,324-007909-A,314,153.085020880536,1,2,5
324-007960-A-0011,3,1,3,324-007960-A,314,221.031848330186,3,1,1
324-007960-A-0051,3,1,3,324-007960-A,314,221.031848330186,3,1,3
324-011012-A-0131,2,1,3,324-011012-A,314,226.926030952324,3,1,4
324-008029-A-0151,4,1,3,324-008029-A,314,369.20505035894,3,1,4
324-008029-A-0221,3,1,3,324-008029-A,314,369.20505035894,1,2,5
324-008029-A-0221,4,1,3,324-008029-A,314,369.20505035894,3,1,2
324-008029-A-0321,4,1,3,324-008029-A,314,369.20505035894,3,2,4
324-008061-A-0061,4,1,3,324-008061-A,314,153.558968313603,3,2,0
324-008061-A-0081,6,1,3,324-008061-A,314,153.558968313603,3,1,4
324-009568-A-0521,3,1,3,324-009568-A,314,364.702549744806,3,2,2
324-011112-A-0051,6,1,3,324-011112-A,314,295.704770063356,3,1,4
324-011112-A-0161,3,1,3,324-011112-A,314,295.704770063356,3,2,5
324-011112-A-0271,3,1,3,324-011112-A,314,295.704770063356,3,1,0
331-012246-A-0061,5,1,3,331-012246-A,311,816.896571649808,3,1,3
331-012246-A-0101,3,1,3,331-012246-A,311,816.896571649808,3,2,3
331-012246-A-0331,3,1,3,331-012246-A,311,816.896571649808,3,1,3
331-012246-A-0461,3,1,3,331-012246-A,311,816.896571649808,3,1,4
332-011971-A-0061,5,1,3,332-011971-A,312,455.600131289665,1,1,5
332-011971-A-0201,2,1,3,332-011971-A,312,455.600131289665,3,2,5
332-011971-A-0271,4,1,3,332-011971-A,312,455.600131289665,3,2,4
332-011971-A-0341,3,1,3,332-011971-A,312,455.600131289665,3,2,2
332-011971-A-0341,4,1,3,332-011971-A,312,455.600131289665,3,2,0
332-011971-A-0381,6,1,3,332-011971-A,312,455.600131289665,3,1,3
332-011971-A-0411,3,1,3,332-011971-A,312,455.600131289665,3,1,4
332-011971-A-0411,4,1,3,332-011971-A,312,455.600131289665,3,1,1
332-007125-A-0171,3,1,3,332-007125-A,312,260.067728220316,1,2,4
332-007125-A-0171,4,1,3,332-007125-A,312,260.067728220316,3,1,0
332-007125-A-0201,5,1,3,332-007125-A,312,260.067728220316,3,2,1
332-012405-A-0061,3,1,3,332-012405-A,312,105.953518904573,3,2,1
332-012405-A-0071,4,1,3,332-012405-A,312,105.953518904573,3,2,1
333-007079-A-0021,3,1,3,333-007079-A,313,186.759161267496,3,1,3
333-007079-A-0121,7,1,3,333-007079-A,313,186.759161267496,3,2,3
333-007079-A-0151,3,1,3,333-007079-A,313,186.759161267496,1,2,5
333-007079-A-0151,4,1,3,333-007079-A,313,186.759161267496,3,1,1
333-007079-A-0281,4,1,3,333-007079-A,313,186.759161267496,3,1,3
333-007079-A-0281,5,1,3,333-007079-A,313,186.759161267496,3,2,0
333-006922-A-0011,5,1,3,333-006922-A,313,389.08158597395,3,1,0
333-006922-A-0061,3,1,3,333-006922-A,313,389.08158597395,3,1,1
333-006922-A-0071,4,1,3,333-006922-A,313,389.08158597395,1,2,5
333-006922-A-0091,6,1,3,333-006922-A,313,389.08158597395,3,2,5
333-006922-A-0111,2,1,3,333-006922-A,313,389.08158597395,3,2,1
333-006922-A-0151,5,1,3,333-006922-A,313,389.08158597395,3,2,1
333-006922-A-0181,5,1,3,333-006922-A,313,389.08158597395,3,1,4
333-006922-A-0181,6,1,3,333-006922-A,313,389.08158597395,3,1,2
333-012361-A-0261,2,1,3,333-012361-A,313,491.471477019727,3,1,1
333-008215-A-0031,3,1,3,333-008215-A,313,150.612226828626,3,1,3
334-006934-A-0011,4,1,3,334-006934-A,314,830.711363307614,3,2,0
341-015143-D-0011,4,2,3,341-015143-D,321,208.499980901978,3,1,1
341-015143-D-0011,5,2,3,341-015143-D,321,208.499980901978,3,2,4
341-015143-D-0101,6,2,3,341-015143-D,321,208.499980901978,3,1,4
341-015143-D-0101,7,2,3,341-015143-D,321,208.499980901978,3,2,3
342-017885-D-0331,6,2,3,342-017885-D,322,1775.25704892982,3,1,3
342-017885-D-0331,7,2,3,342-017885-D,322,1775.25704892982,3,1,0
342-017885-D-0481,7,2,3,342-017885-D,322,1775.25704892982,3,2,0
342-017885-D-0561,4,2,3,342-017885-D,322,1775.25704892982,3,1,4
342-017885-D-0561,5,2,3,342-017885-D,322,1775.25704892982,3,2,3
342-017885-D-0561,6,2,3,342-017885-D,322,1775.25704892982,3,1,1
342-017885-D-0631,3,2,3,342-017885-D,322,1775.25704892982,1,2,5
342-017885-D-0631,4,2,3,342-017885-D,322,1775.25704892982,3,2,0
342-017885-D-0711,3,2,3,342-017885-D,322,1775.25704892982,3,2,3
342-017885-D-0781,3,2,3,342-017885-D,322,1775.25704892982,3,1,0
342-015958-D-0041,6,2,3,342-015958-D,322,908.097945364522,3,1,5
342-014797-D-0181,3,2,3,342-014797-D,322,362.013202134709,3,1,4
342-014797-D-0251,5,2,3,342-014797-D,322,362.013202134709,3,1,2
342-014797-D-0351,4,2,3,342-014797-D,322,362.013202134709,3,2,3
342-014797-D-0351,5,2,3,342-014797-D,322,362.013202134709,3,2,0
343-012909-A-0111,4,2,3,343-012909-A,323,354.664108986066,1,2,2
343-012909-A-0111,5,2,3,343-012909-A,323,354.664108986066,3,2,0
343-012909-A-0191,3,2,3,343-012909-A,323,354.664108986066,3,2,0
343-012746-A-0091,4,2,3,343-012746-A,323,362.724656917567,3,2,4
343-015133-D-0011,6,2,3,343-015133-D,323,892.302656017216,3,1,2
343-015133-D-0281,5,2,3,343-015133-D,323,892.302656017216,3,2,5
343-012651-A-0011,3,2,3,343-012651-A,323,319.197698087459,3,1,0
343-012651-A-0041,3,2,3,343-012651-A,323,319.197698087459,3,1,3
343-012651-A-0061,3,2,3,343-012651-A,323,319.197698087459,3,2,3
343-012651-A-0091,5,2,3,343-012651-A,323,319.197698087459,3,1,4
343-012651-A-0111,3,2,3,343-012651-A,323,319.197698087459,3,2,3
343-012651-A-0111,4,2,3,343-012651-A,323,319.197698087459,3,1,1
343-012651-A-0141,3,2,3,343-012651-A,323,319.197698087459,3,1,5
343-012651-A-0141,4,2,3,343-012651-A,323,319.197698087459,3,2,0
343-012651-A-0161,4,2,3,343-012651-A,323,319.197698087459,3,2,5
343-012651-A-0161,5,2,3,343-012651-A,323,319.197698087459,3,2,1
343-012651-A-0241,3,2,3,343-012651-A,323,319.197698087459,3,2,3
343-012651-A-0241,4,2,3,343-012651-A,323,319.197698087459,3,1,1
343-012651-A-0261,3,2,3,343-012651-A,323,319.197698087459,3,2,3
343-012651-A-0291,3,2,3,343-012651-A,323,319.197698087459,3,1,5
343-012651-A-0291,4,2,3,343-012651-A,323,319.197698087459,3,1,3
343-015648-D-0021,4,2,3,343-015648-D,323,72.7285894376489,3,1,5
343-015648-D-0021,5,2,3,343-015648-D,323,72.7285894376489,3,1,2
343-015648-D-0021,6,2,3,343-015648-D,323,72.7285894376489,3,2,0
343-015648-D-0041,5,2,3,343-015648-D,323,72.7285894376489,3,2,2
343-015648-D-0041,6,2,3,343-015648-D,323,72.7285894376489,3,2,0
343-015648-D-0051,6,2,3,343-015648-D,323,72.7285894376489,3,2,2
343-015648-D-0081,3,2,3,343-015648-D,323,72.7285894376489,3,2,1
343-015648-D-0081,4,2,3,343-015648-D,323,72.7285894376489,3,1,0
343-015648-D-0101,7,2,3,343-015648-D,323,72.7285894376489,3,1,4
343-015648-D-0111,4,2,3,343-015648-D,323,72.7285894376489,3,1,3
343-015648-D-0111,5,2,3,343-015648-D,323,72.7285894376489,3,1,0
343-012698-A-0021,3,2,3,343-012698-A,323,542.636086748681,3,1,0
343-012698-A-0031,3,2,3,343-012698-A,323,542.636086748681,3,2,0
344-013091-A-0011,5,2,3,344-013091-A,324,994.874728457777,3,1,4
344-013091-A-0031,3,2,3,344-013091-A,324,994.874728457777,3,1,4
344-013091-A-0081,5,2,3,344-013091-A,324,994.874728457777,1,2,5
344-013091-A-0251,3,2,3,344-013091-A,324,994.874728457777,3,1,5
344-013091-A-0251,4,2,3,344-013091-A,324,994.874728457777,3,1,1
344-013217-A-0061,6,2,3,344-013217-A,324,257.295188394252,3,1,3
344-013217-A-0061,7,2,3,344-013217-A,324,257.295188394252,3,1,1
344-013217-A-0091,3,2,3,344-013217-A,324,257.295188394252,3,1,0
344-013217-A-0131,5,2,3,344-013217-A,324,257.295188394252,3,2,3
344-013217-A-0141,4,2,3,344-013217-A,324,257.295188394252,3,2,3
344-014229-A-0041,4,2,3,344-014229-A,324,1063.48677869624,3,1,5
344-014229-A-0091,2,2,3,344-014229-A,324,1063.48677869624,3,2,3
344-014229-A-0091,3,2,3,344-014229-A,324,1063.48677869624,3,1,0
344-013337-A-0051,4,2,3,344-013337-A,324,325.004448498003,1,2,5
344-013337-A-0061,4,2,3,344-013337-A,324,325.004448498003,3,2,4
344-013337-A-0091,5,2,3,344-013337-A,324,325.004448498003,3,2,2
344-013310-A-0041,2,2,3,344-013310-A,324,1423.33508473416,3,1,2
344-013310-A-0151,4,2,3,344-013310-A,324,1423.33508473416,3,1,2
344-013310-A-0251,2,2,3,344-013310-A,324,1423.33508473416,3,2,1
344-013310-A-0471,4,2,3,344-013310-A,324,1423.33508473416,3,2,2
344-013310-A-0691,5,2,3,344-013310-A,324,1423.33508473416,3,1,3
344-013310-A-1121,5,2,3,344-013310-A,324,1423.33508473416,3,1,0
344-013310-A-1231,3,2,3,344-013310-A,324,1423.33508473416,3,2,5
344-013310-A-1231,4,2,3,344-013310-A,324,1423.33508473416,3,2,4
344-013310-A-1231,5,2,3,344-013310-A,324,1423.33508473416,3,2,2
344-015738-D-0341,2,2,3,344-015738-D,324,381.348225655767,3,2,5
344-015738-D-0411,3,2,3,344-015738-D,324,381.348225655767,3,1,4
344-015738-D-0411,4,2,3,344-015738-D,324,381.348225655767,3,1,1
344-015738-D-0821,3,2,3,344-015738-D,324,381.348225655767,3,2,3
344-015956-D-0031,5,2,3,344-015956-D,324,469.843387502548,3,2,4
344-015956-D-0241,3,2,3,344-015956-D,324,469.843387502548,3,2,1
344-015956-D-0391,4,2,3,344-015956-D,324,469.843387502548,3,2,1
351-017553-D-0041,3,2,3,351-017553-D,321,370.666632714628,3,2,4
351-017553-D-0041,4,2,3,351-017553-D,321,370.666632714628,3,1,0
351-017553-D-0081,4,2,3,351-017553-D,321,370.666632714628,3,1,4
351-017767-D-0021,3,2,3,351-017767-D,321,237.844422658553,3,1,4
351-017767-D-0031,4,2,3,351-017767-D,321,237.844422658553,3,2,1
351-017767-D-0041,4,2,3,351-017767-D,321,237.844422658553,3,1,5
351-017767-D-0041,5,2,3,351-017767-D,321,237.844422658553,3,1,2
351-017767-D-0061,3,2,3,351-017767-D,321,237.844422658553,3,1,4
351-017767-D-0061,4,2,3,351-017767-D,321,237.844422658553,3,2,3
351-017767-D-0061,5,2,3,351-017767-D,321,237.844422658553,3,1,1
351-017767-D-0101,2,2,3,351-017767-D,321,237.844422658553,3,2,3
351-017451-D-0191,5,2,3,351-017451-D,321,313.640996912377,3,1,4
351-017451-D-0331,6,2,3,351-017451-D,321,313.640996912377,3,1,2
351-017451-D-0361,4,2,3,351-017451-D,321,313.640996912377,3,1,5
351-017451-D-0361,5,2,3,351-017451-D,321,313.640996912377,1,2,2
351-017451-D-0361,6,2,3,351-017451-D,321,313.640996912377,3,2,0
351-014556-D-0031,3,2,3,351-014556-D,321,227.723383396487,3,2,4
351-014556-D-0031,4,2,3,351-014556-D,321,227.723383396487,3,2,1
351-014556-D-0111,7,2,3,351-014556-D,321,227.723383396487,1,2,4
351-014556-D-0111,8,2,3,351-014556-D,321,227.723383396487,3,2,0
351-014556-D-0151,4,2,3,351-014556-D,321,227.723383396487,3,1,4
351-014556-D-0151,5,2,3,351-014556-D,321,227.723383396487,3,2,0
351-014556-D-0171,4,2,3,351-014556-D,321,227.723383396487,3,1,3
351-015549-D-0121,3,2,3,351-015549-D,321,329.784283518162,3,2,3
351-015549-D-0171,3,2,3,351-015549-D,321,329.784283518162,3,2,4
351-015191-D-0011,8,2,3,351-015191-D,321,796.354093722834,3,2,4
351-015191-D-0011,9,2,3,351-015191-D,321,796.354093722834,3,1,0
351-015191-D-0031,8,2,3,351-015191-D,321,796.354093722834,3,2,4
351-015191-D-0051,10,2,3,351-015191-D,321,796.354093722834,3,2,5
351-015191-D-0051,11,2,3,351-015191-D,321,796.354093722834,3,1,2
351-015191-D-0071,5,2,3,351-015191-D,321,796.354093722834,3,1,4
351-015191-D-0141,3,2,3,351-015191-D,321,796.354093722834,3,2,0
351-015191-D-0221,4,2,3,351-015191-D,321,796.354093722834,3,2,5
351-015191-D-0221,5,2,3,351-015191-D,321,796.354093722834,3,2,2
351-015191-D-0241,6,2,3,351-015191-D,321,796.354093722834,3,2,5
351-017879-D-0111,3,2,3,351-017879-D,321,441.711070651598,1,2,5
351-017879-D-0111,4,2,3,351-017879-D,321,441.711070651598,3,2,3
351-017879-D-0121,7,2,3,351-017879-D,321,441.711070651598,3,2,0
351-014659-D-0021,3,2,3,351-014659-D,321,309.440447846587,3,2,5
351-014659-D-0021,4,2,3,351-014659-D,321,309.440447846587,3,1,1
351-014659-D-0161,5,2,3,351-014659-D,321,309.440447846587,3,2,5
351-014772-D-0181,3,2,3,351-014772-D,321,387.789819551989,3,1,2
351-014772-D-0181,4,2,3,351-014772-D,321,387.789819551989,3,1,0
351-014772-D-0241,9,2,3,351-014772-D,321,387.789819551989,3,1,3
351-014772-D-0331,6,2,3,351-014772-D,321,387.789819551989,3,2,2
351-014635-D-0041,4,2,3,351-014635-D,321,122.319988795827,3,1,4
351-014635-D-0041,5,2,3,351-014635-D,321,122.319988795827,3,1,3
351-014635-D-0051,7,2,3,351-014635-D,321,122.319988795827,1,2,4
351-014635-D-0171,9,2,3,351-014635-D,321,122.319988795827,3,1,3
351-014890-D-0061,5,2,3,351-014890-D,321,285.910542917076,3,1,3
351-014890-D-0181,4,2,3,351-014890-D,321,285.910542917076,3,2,5
351-014890-D-0181,5,2,3,351-014890-D,321,285.910542917076,3,2,3
351-016209-D-0031,4,2,3,351-016209-D,321,119.381370446378,3,1,5
351-016209-D-0071,3,2,3,351-016209-D,321,119.381370446378,3,1,2
351-016209-D-0091,5,2,3,351-016209-D,321,119.381370446378,3,2,5
351-016209-D-0091,6,2,3,351-016209-D,321,119.381370446378,3,1,3
351-016209-D-0091,7,2,3,351-016209-D,321,119.381370446378,3,2,0
351-016209-D-0141,4,2,3,351-016209-D,321,119.381370446378,3,2,5
351-016209-D-0141,5,2,3,351-016209-D,321,119.381370446378,3,1,0
351-016209-D-0161,10,2,3,351-016209-D,321,119.381370446378,3,2,4
351-016209-D-0201,11,2,3,351-016209-D,321,119.381370446378,3,1,4
353-017829-D-0161,5,2,3,353-017829-D,323,762.527834320042,3,1,1
353-017829-D-0201,6,2,3,353-017829-D,323,762.527834320042,3,1,3
353-017829-D-0271,4,2,3,353-017829-D,323,762.527834320042,3,1,3
354-015530-D-0381,4,2,3,354-015530-D,324,345.620402320638,3,2,3
411-000057-A-0021,3,1,4,411-000057-A,411,146.905121941673,3,1,5
411-000057-A-0021,4,1,4,411-000057-A,411,146.905121941673,3,1,2
411-000057-A-0061,5,1,4,411-000057-A,411,146.905121941673,1,1,5
411-000057-A-0071,3,1,4,411-000057-A,411,146.905121941673,3,2,0
411-000057-A-0081,3,1,4,411-000057-A,411,146.905121941673,3,2,3
411-000057-A-0091,4,1,4,411-000057-A,411,146.905121941673,3,2,0
411-000057-A-0111,6,1,4,411-000057-A,411,146.905121941673,3,1,1
411-000057-A-0121,3,1,4,411-000057-A,411,146.905121941673,3,1,3
411-000057-A-0121,4,1,4,411-000057-A,411,146.905121941673,3,2,2
411-000074-A-0011,4,1,4,411-000074-A,411,156.698796737785,3,1,3
411-000074-A-0011,5,1,4,411-000074-A,411,156.698796737785,3,1,0
411-000074-A-0031,7,1,4,411-000074-A,411,156.698796737785,3,1,2
411-000074-A-0061,4,1,4,411-000074-A,411,156.698796737785,3,1,4
411-000074-A-0061,5,1,4,411-000074-A,411,156.698796737785,3,1,4
411-000074-A-0071,7,1,4,411-000074-A,411,156.698796737785,3,1,3
411-000288-A-0091,4,1,4,411-000288-A,411,235.048195106678,3,1,1
411-000288-A-0231,3,1,4,411-000288-A,411,235.048195106678,3,2,2
411-000288-A-0371,4,1,4,411-000288-A,411,235.048195106678,3,2,5
411-000288-A-0371,5,1,4,411-000288-A,411,235.048195106678,3,2,2
411-000288-A-0421,3,1,4,411-000288-A,411,235.048195106678,3,1,4
411-000288-A-0421,4,1,4,411-000288-A,411,235.048195106678,3,1,0
411-000288-A-0471,5,1,4,411-000288-A,411,235.048195106678,3,2,2
411-000337-A-0031,3,1,4,411-000337-A,411,230.439406967331,3,2,2
411-000337-A-0031,4,1,4,411-000337-A,411,230.439406967331,3,2,0
411-000337-A-0111,3,1,4,411-000337-A,411,230.439406967331,1,1,5
411-000337-A-0141,4,1,4,411-000337-A,411,230.439406967331,1,2,3
412-000469-A-0021,3,1,4,412-000469-A,412,101.070526492499,3,2,0
412-000469-A-0041,2,1,4,412-000469-A,412,101.070526492499,3,1,5
412-000469-A-0041,3,1,4,412-000469-A,412,101.070526492499,3,1,3
412-000469-A-0041,4,1,4,412-000469-A,412,101.070526492499,3,1,1
412-000469-A-0051,7,1,4,412-000469-A,412,101.070526492499,3,1,4
412-000469-A-0051,8,1,4,412-000469-A,412,101.070526492499,3,2,2
412-000469-A-0061,3,1,4,412-000469-A,412,101.070526492499,3,1,0
412-000469-A-0071,3,1,4,412-000469-A,412,101.070526492499,3,2,0
412-000469-A-0111,3,1,4,412-000469-A,412,101.070526492499,3,1,2
412-000469-A-0111,4,1,4,412-000469-A,412,101.070526492499,3,2,0
412-000501-A-0111,2,1,4,412-000501-A,412,156.988243812314,1,1,5
412-000501-A-0201,4,1,4,412-000501-A,412,156.988243812314,1,1,5
412-000501-A-0221,4,1,4,412-000501-A,412,156.988243812314,3,2,5
412-000563-A-0071,3,1,4,412-000563-A,412,249.703653687351,3,1,4
412-000563-A-0111,5,1,4,412-000563-A,412,249.703653687351,3,1,0
412-000563-A-0141,7,1,4,412-000563-A,412,249.703653687351,3,2,1
412-000886-A-0071,5,1,4,412-000886-A,412,151.605789738749,1,1,4
412-000886-A-0071,6,1,4,412-000886-A,412,151.605789738749,3,2,2
412-000894-A-0071,3,1,4,412-000894-A,412,174.929757390864,3,1,3
412-000894-A-0091,2,1,4,412-000894-A,412,174.929757390864,3,1,3
412-000894-A-0141,4,1,4,412-000894-A,412,174.929757390864,3,2,4
412-000944-A-0011,5,1,4,412-000944-A,412,217.690364753075,3,1,4
412-000944-A-0051,8,1,4,412-000944-A,412,217.690364753075,3,1,0
412-000944-A-0061,2,1,4,412-000944-A,412,217.690364753075,1,1,4
412-000944-A-0091,3,1,4,412-000944-A,412,217.690364753075,3,1,1
412-000944-A-0101,3,1,4,412-000944-A,412,217.690364753075,3,1,2
412-000944-A-0111,3,1,4,412-000944-A,412,217.690364753075,1,2,4
412-000944-A-0141,3,1,4,412-000944-A,412,217.690364753075,3,2,1
412-000994-A-0021,3,1,4,412-000994-A,412,176.873421361874,3,1,4
412-000994-A-0051,6,1,4,412-000994-A,412,176.873421361874,3,2,4
412-000994-A-0101,4,1,4,412-000994-A,412,176.873421361874,3,2,1
412-000994-A-0121,8,1,4,412-000994-A,412,176.873421361874,3,2,3
412-001052-A-0021,3,1,4,412-001052-A,412,155.846511130043,1,2,5
412-001052-A-0031,7,1,4,412-001052-A,412,155.846511130043,1,1,5
412-001052-A-0051,3,1,4,412-001052-A,412,155.846511130043,3,1,4
412-001052-A-0051,4,1,4,412-001052-A,412,155.846511130043,3,2,1
412-001052-A-0081,4,1,4,412-001052-A,412,155.846511130043,3,2,4
412-001052-A-0081,5,1,4,412-001052-A,412,155.846511130043,3,1,1
412-001052-A-0111,5,1,4,412-001052-A,412,155.846511130043,3,1,4
412-001052-A-0121,4,1,4,412-001052-A,412,155.846511130043,3,1,1
412-001115-A-0011,2,1,4,412-001115-A,412,315.651028891959,3,1,3
412-001115-A-0061,7,1,4,412-001115-A,412,315.651028891959,1,2,5
412-001115-A-0081,3,1,4,412-001115-A,412,315.651028891959,3,1,0
412-001115-A-0201,3,1,4,412-001115-A,412,315.651028891959,3,1,4
412-001135-A-0131,4,1,4,412-001135-A,412,226.063071089732,3,1,4
412-001275-A-0011,3,1,4,412-001275-A,412,211.643410176601,3,1,5
412-001275-A-0071,3,1,4,412-001275-A,412,211.643410176601,3,1,4
412-001275-A-0071,4,1,4,412-001275-A,412,211.643410176601,3,1,1
412-001275-A-0181,3,1,4,412-001275-A,412,211.643410176601,3,2,5
412-001275-A-0301,2,1,4,412-001275-A,412,211.643410176601,3,2,4
412-001275-A-0331,4,1,4,412-001275-A,412,211.643410176601,3,1,4
413-001545-A-0091,5,1,4,413-001545-A,413,162.78556499031,3,2,0
413-001545-A-0151,4,1,4,413-001545-A,413,162.78556499031,3,2,4
413-001545-A-0151,5,1,4,413-001545-A,413,162.78556499031,3,1,2
413-001545-A-0201,4,1,4,413-001545-A,413,162.78556499031,3,1,4
413-001547-A-0361,3,1,4,413-001547-A,413,114.570485623679,3,1,4
413-001634-A-0021,3,1,4,413-001634-A,413,198.990843451653,3,1,4
413-001634-A-0021,4,1,4,413-001634-A,413,198.990843451653,3,2,2
413-001746-A-0011,4,1,4,413-001746-A,413,170.137171151163,3,2,0
413-001746-A-0041,3,1,4,413-001746-A,413,170.137171151163,3,1,5
413-001746-A-0041,4,1,4,413-001746-A,413,170.137171151163,3,1,3
413-001746-A-0081,3,1,4,413-001746-A,413,170.137171151163,3,2,1
413-001915-A-0241,3,1,4,413-001915-A,413,224.486545268896,3,1,2
413-001915-A-0281,6,1,4,413-001915-A,413,224.486545268896,3,1,5
413-001977-A-0121,4,1,4,413-001977-A,413,114.775075776578,3,1,1
413-002303-A-0091,3,1,4,413-002303-A,413,423.307794251697,3,1,4
413-002303-A-0091,4,1,4,413-002303-A,413,423.307794251697,3,1,3
413-002390-A-0011,3,1,4,413-002390-A,413,218.889927796818,3,1,5
413-002390-A-0011,4,1,4,413-002390-A,413,218.889927796818,3,2,0
413-002390-A-0041,4,1,4,413-002390-A,413,218.889927796818,3,1,0
413-002390-A-0101,5,1,4,413-002390-A,413,218.889927796818,1,1,5
413-002390-A-0131,3,1,4,413-002390-A,413,218.889927796818,1,2,4
413-002390-A-0171,4,1,4,413-002390-A,413,218.889927796818,3,2,4
413-002424-A-0041,7,1,4,413-002424-A,413,210.045890310078,3,1,3
413-002424-A-0061,7,1,4,413-002424-A,413,210.045890310078,3,2,0
413-002424-A-0171,3,1,4,413-002424-A,413,210.045890310078,3,2,0
413-002444-A-0021,5,1,4,413-002444-A,413,267.808510145349,3,2,2
413-002444-A-0061,4,1,4,413-002444-A,413,267.808510145349,3,1,1
413-002449-A-0081,2,1,4,413-002449-A,413,278.587180832314,3,1,1
413-002449-A-0241,3,1,4,413-002449-A,413,278.587180832314,3,2,3
413-002449-A-0241,4,1,4,413-002449-A,413,278.587180832314,3,1,1
413-002472-A-0021,4,1,4,413-002472-A,413,567.12390383721,3,1,3
413-002472-A-0191,4,1,4,413-002472-A,413,567.12390383721,1,2,5
413-002472-A-0191,5,1,4,413-002472-A,413,567.12390383721,3,1,3
413-002472-A-0301,3,1,4,413-002472-A,413,567.12390383721,3,1,1
413-002472-A-0331,3,1,4,413-002472-A,413,567.12390383721,3,2,2
413-002472-A-0371,3,1,4,413-002472-A,413,567.12390383721,3,1,2
413-002476-A-0011,3,1,4,413-002476-A,413,258.688096487148,3,1,4
413-002476-A-0011,4,1,4,413-002476-A,413,258.688096487148,3,1,1
413-002476-A-0011,5,1,4,413-002476-A,413,258.688096487148,3,2,0
413-002476-A-0011,6,1,4,413-002476-A,413,258.688096487148,1,1,5
413-002476-A-0111,3,1,4,413-002476-A,413,258.688096487148,3,1,2
413-002476-A-0141,4,1,4,413-002476-A,413,258.688096487148,3,1,3
413-002476-A-0161,5,1,4,413-002476-A,413,258.688096487148,1,1,4
413-002476-A-0181,3,1,4,413-002476-A,413,258.688096487148,3,2,1
413-002476-A-0201,9,1,4,413-002476-A,413,258.688096487148,3,2,3
413-002543-A-0011,4,1,4,413-002543-A,413,180.448514857294,3,1,1
413-002543-A-0041,2,1,4,413-002543-A,413,180.448514857294,3,1,5
413-002615-A-0131,2,1,4,413-002615-A,413,220.548184825582,3,2,0
414-002760-A-0071,5,1,4,414-002760-A,414,182.489616319015,3,2,5
414-002820-A-0291,4,1,4,414-002820-A,414,220.753568127841,3,2,5
414-003025-A-0191,4,1,4,414-003025-A,414,365.035565286995,3,2,2
414-003073-A-0271,5,1,4,414-003073-A,414,277.826441838942,3,2,1
414-003225-A-0111,3,1,4,414-003225-A,414,282.564567203637,3,2,5
414-003225-A-0111,4,1,4,414-003225-A,414,282.564567203637,3,2,1
414-003265-A-0011,4,1,4,414-003265-A,414,288.986489185538,3,1,3
414-003265-A-0331,3,1,4,414-003265-A,414,288.986489185538,2,2,4
414-003265-A-0371,3,1,4,414-003265-A,414,288.986489185538,2,1,5
414-003423-A-0191,6,1,4,414-003423-A,414,463.582493068467,3,2,4
414-003423-A-0221,4,1,4,414-003423-A,414,463.582493068467,3,2,4
414-003423-A-0261,3,1,4,414-003423-A,414,463.582493068467,3,2,2
414-003521-A-0011,4,1,4,414-003521-A,414,308.25225513124,2,2,5
414-003521-A-0101,5,1,4,414-003521-A,414,308.25225513124,3,2,3
421-003709-A-0011,6,1,4,421-003709-A,411,180.806303928214,3,2,2
421-003709-A-0071,3,1,4,421-003709-A,411,180.806303928214,3,1,1
422-003805-A-0011,5,1,4,422-003805-A,412,243.729882068037,3,2,5
422-003805-A-0031,4,1,4,422-003805-A,412,243.729882068037,3,1,0
422-003805-A-0051,4,1,4,422-003805-A,412,243.729882068037,3,1,3
422-003805-A-0051,5,1,4,422-003805-A,412,243.729882068037,3,2,0
422-003805-A-0071,4,1,4,422-003805-A,412,243.729882068037,3,1,4
422-003805-A-0091,4,1,4,422-003805-A,412,243.729882068037,3,2,4
422-003805-A-0111,4,1,4,422-003805-A,412,243.729882068037,3,1,4
422-003805-A-0181,3,1,4,422-003805-A,412,243.729882068037,3,1,4
422-003938-A-0031,3,1,4,422-003938-A,412,145.126909835384,3,2,4
422-003938-A-0031,4,1,4,422-003938-A,412,145.126909835384,3,2,1
422-003938-A-0071,5,1,4,422-003938-A,412,145.126909835384,3,2,4
423-004075-A-0041,4,1,4,423-004075-A,413,151.233041023256,3,2,2
423-004075-A-0051,4,1,4,423-004075-A,413,151.233041023256,3,2,5
423-004075-A-0061,4,1,4,423-004075-A,413,151.233041023256,3,2,5
423-004075-A-0061,5,1,4,423-004075-A,413,151.233041023256,3,2,4
423-004075-A-0071,3,1,4,423-004075-A,413,151.233041023256,3,2,5
423-004075-A-0071,4,1,4,423-004075-A,413,151.233041023256,3,1,4
423-004075-A-0091,3,1,4,423-004075-A,413,151.233041023256,3,1,3
423-004141-A-0061,5,1,4,423-004141-A,413,153.596057289244,3,1,4
432-004305-A-0071,3,1,4,432-004305-A,412,102.042358478004,3,1,5
432-004305-A-0111,4,1,4,432-004305-A,412,102.042358478004,1,1,5
432-004305-A-0131,3,1,4,432-004305-A,412,102.042358478004,1,1,5
432-004246-A-0121,5,1,4,432-004246-A,412,91.4299531962917,3,1,2
433-004334-A-0041,5,1,4,433-004334-A,413,100.080688912449,3,2,1
433-004334-A-0081,4,1,4,433-004334-A,413,100.080688912449,1,1,4
433-004285-A-0111,3,1,4,433-004285-A,413,105.863128716279,1,1,5
433-004285-A-0111,4,1,4,433-004285-A,413,105.863128716279,3,1,0
433-004285-A-0131,4,1,4,433-004285-A,413,105.863128716279,3,1,1
441-006513-D-0051,3,2,4,441-006513-D,421,92.4367996195757,3,2,4
441-006513-D-0051,4,2,4,441-006513-D,421,92.4367996195757,3,1,2
441-006052-D-0011,3,2,4,441-006052-D,421,155.461890269286,3,2,1
441-006052-D-0031,8,2,4,441-006052-D,421,155.461890269286,3,2,4
441-006052-D-0041,6,2,4,441-006052-D,421,155.461890269286,1,1,5
441-006052-D-0061,3,2,4,441-006052-D,421,155.461890269286,3,2,4
441-006052-D-0071,5,2,4,441-006052-D,421,155.461890269286,3,1,2
441-006052-D-0081,3,2,4,441-006052-D,421,155.461890269286,3,1,4
441-006052-D-0081,4,2,4,441-006052-D,421,155.461890269286,3,2,0
441-006424-D-0101,7,2,4,441-006424-D,421,322.189134905912,3,1,3
441-006424-D-0111,4,2,4,441-006424-D,421,322.189134905912,3,1,1
442-005583-A-0091,3,2,4,442-005583-A,422,233.593050844075,3,1,4
442-006157-D-0021,4,2,4,442-006157-D,422,209.048853472777,3,1,3
442-006157-D-0051,4,2,4,442-006157-D,422,209.048853472777,3,1,3
442-005919-D-0091,2,2,4,442-005919-D,422,523.962190434974,3,1,2
442-005919-D-0131,3,2,4,442-005919-D,422,523.962190434974,3,1,2
442-005919-D-0131,4,2,4,442-005919-D,422,523.962190434974,3,2,1
442-005919-D-0161,4,2,4,442-005919-D,422,523.962190434974,3,1,1
443-004904-A-0061,5,2,4,443-004904-A,423,98.2811561207304,3,1,3
443-004904-A-0061,6,2,4,443-004904-A,423,98.2811561207304,3,2,2
443-005835-A-0021,2,2,4,443-005835-A,423,165.664557474408,3,2,1
444-004680-A-0041,7,2,4,444-004680-A,424,209.496619510415,3,2,5
444-004680-A-0091,2,2,4,444-004680-A,424,209.496619510415,3,1,4
444-005080-A-0031,3,2,4,444-005080-A,424,146.64763365729,3,1,0
444-005080-A-0071,2,2,4,444-005080-A,424,146.64763365729,3,2,5
444-005080-A-0091,3,2,4,444-005080-A,424,146.64763365729,1,2,2
444-005088-A-0011,3,2,4,444-005088-A,424,96.2837998759986,3,2,4
444-005088-A-0041,4,2,4,444-005088-A,424,96.2837998759986,3,1,0
444-005088-A-0071,3,2,4,444-005088-A,424,96.2837998759986,3,2,0
444-005088-A-0121,3,2,4,444-005088-A,424,96.2837998759986,1,1,3
444-004379-A-0021,2,2,4,444-004379-A,424,279.328826013886,3,2,1
444-004379-A-0051,3,2,4,444-004379-A,424,279.328826013886,3,1,5
444-004379-A-0051,4,2,4,444-004379-A,424,279.328826013886,3,2,1
444-004379-A-0061,4,2,4,444-004379-A,424,279.328826013886,3,2,2
444-004379-A-0071,5,2,4,444-004379-A,424,279.328826013886,3,1,4
444-004379-A-0071,6,2,4,444-004379-A,424,279.328826013886,3,1,1
444-004379-A-0091,4,2,4,444-004379-A,424,279.328826013886,3,1,1
444-004379-A-0101,3,2,4,444-004379-A,424,279.328826013886,3,1,2
444-004379-A-0151,3,2,4,444-004379-A,424,279.328826013886,3,1,4
451-006586-D-0051,3,2,4,451-006586-D,421,235.873212822366,3,2,4
451-006586-D-0051,4,2,4,451-006586-D,421,235.873212822366,3,1,2
451-006586-D-0051,5,2,4,451-006586-D,421,235.873212822366,3,1,0
451-006586-D-0061,3,2,4,451-006586-D,421,235.873212822366,3,2,4
451-006705-D-0041,5,2,4,451-006705-D,421,253.345302661059,3,2,4
451-006705-D-0041,6,2,4,451-006705-D,421,253.345302661059,3,2,2
451-006705-D-0051,4,2,4,451-006705-D,421,253.345302661059,3,2,1
451-006705-D-0091,5,2,4,451-006705-D,421,253.345302661059,3,2,5
451-006041-D-0041,4,2,4,451-006041-D,421,180.008504522332,3,1,5
451-006041-D-0081,4,2,4,451-006041-D,421,180.008504522332,3,2,2
451-006041-D-0091,7,2,4,451-006041-D,421,180.008504522332,1,1,2
451-006041-D-0121,3,2,4,451-006041-D,421,180.008504522332,3,2,5
452-006321-D-0021,3,2,4,452-006321-D,422,61.6426106394088,3,1,2
452-006321-D-0031,3,2,4,452-006321-D,422,61.6426106394088,3,1,3
452-006321-D-0041,2,2,4,452-006321-D,422,61.6426106394088,3,1,5
452-006809-D-0041,6,2,4,452-006809-D,422,82.1901475192117,3,2,3
452-007304-D-0031,5,2,4,452-007304-D,422,65.5440416925359,3,2,5
452-007304-D-0051,2,2,4,452-007304-D,422,65.5440416925359,3,1,4
452-005021-A-0021,5,2,4,452-005021-A,422,178.078652958292,3,2,4
452-005021-A-0021,6,2,4,452-005021-A,422,178.078652958292,1,2,2
452-005021-A-0101,3,2,4,452-005021-A,422,178.078652958292,3,2,1
452-005021-A-0121,2,2,4,452-005021-A,422,178.078652958292,3,2,3
452-006692-D-0021,6,2,4,452-006692-D,422,70.44869787361,1,2,4
452-006484-D-0061,5,2,4,452-006484-D,422,180.186092638272,3,2,4
452-006484-D-0061,6,2,4,452-006484-D,422,180.186092638272,3,1,3
452-006484-D-0071,3,2,4,452-006484-D,422,180.186092638272,3,1,2
452-004516-A-0041,5,2,4,452-004516-A,422,277.391747877339,3,2,1
452-004516-A-0081,3,2,4,452-004516-A,422,277.391747877339,3,2,0
452-004516-A-0091,3,2,4,452-004516-A,422,277.391747877339,3,2,1
452-004516-A-0111,6,2,4,452-004516-A,422,277.391747877339,3,1,5
453-006753-D-0131,4,2,4,453-006753-D,423,151.201778647277,3,2,4
453-006753-D-0141,2,2,4,453-006753-D,423,151.201778647277,3,1,4
453-006735-D-0071,7,2,4,453-006735-D,423,233.282744198657,3,1,2
453-006735-D-0081,5,2,4,453-006735-D,423,233.282744198657,3,1,5
453-006104-D-0151,3,2,4,453-006104-D,423,159.747966136037,3,2,3
453-006104-D-0171,4,2,4,453-006104-D,423,159.747966136037,3,2,2
453-006104-D-0241,7,2,4,453-006104-D,423,159.747966136037,3,2,2
453-006059-D-0041,5,2,4,453-006059-D,423,132.403719680319,3,1,4
453-006059-D-0041,6,2,4,453-006059-D,423,132.403719680319,3,1,1
453-006059-D-0101,3,2,4,453-006059-D,423,132.403719680319,3,1,4
453-006059-D-0101,4,2,4,453-006059-D,423,132.403719680319,3,1,1
453-006059-D-0111,2,2,4,453-006059-D,423,132.403719680319,3,1,3
453-006059-D-0141,4,2,4,453-006059-D,423,132.403719680319,3,1,5
453-006059-D-0161,3,2,4,453-006059-D,423,132.403719680319,3,2,2
454-006066-D-0011,5,2,4,454-006066-D,424,102.653343560103,3,2,3
454-006066-D-0081,2,2,4,454-006066-D,424,102.653343560103,3,2,5
454-006066-D-0111,6,2,4,454-006066-D,424,102.653343560103,3,1,2
511-000025-A-0071,4,1,5,511-000025-A,511,322.999826614973,3,1,3
511-000025-A-0071,5,1,5,511-000025-A,511,322.999826614973,3,1,1
511-000025-A-0101,6,1,5,511-000025-A,511,322.999826614973,3,1,5
511-000025-A-0131,3,1,5,511-000025-A,511,322.999826614973,3,2,0
511-000025-A-0191,3,1,5,511-000025-A,511,322.999826614973,3,1,0
511-000042-A-0011,3,1,5,511-000042-A,511,341.832137107715,3,1,5
511-000042-A-0091,7,1,5,511-000042-A,511,341.832137107715,3,2,3
511-000042-A-0211,5,1,5,511-000042-A,511,341.832137107715,3,2,0
511-000042-A-0301,3,1,5,511-000042-A,511,341.832137107715,3,1,3
511-000042-A-0301,4,1,5,511-000042-A,511,341.832137107715,3,1,2
511-000042-A-0331,4,1,5,511-000042-A,511,341.832137107715,3,2,3
511-000042-A-0331,5,1,5,511-000042-A,511,341.832137107715,3,1,2
511-000114-A-0061,9,1,5,511-000114-A,511,394.385921452166,3,2,4
511-000114-A-0061,10,1,5,511-000114-A,511,394.385921452166,3,1,2
511-000114-A-0291,3,1,5,511-000114-A,511,394.385921452166,3,1,2
511-000114-A-0371,5,1,5,511-000114-A,511,394.385921452166,3,1,1
511-000114-A-0511,3,1,5,511-000114-A,511,394.385921452166,1,2,4
512-000265-A-0391,3,1,5,512-000265-A,512,260.574780988939,3,1,1
512-000265-A-0441,3,1,5,512-000265-A,512,260.574780988939,1,1,5
512-000265-A-0441,4,1,5,512-000265-A,512,260.574780988939,1,2,5
512-000265-A-0501,4,1,5,512-000265-A,512,260.574780988939,3,1,0
512-000265-A-0561,8,1,5,512-000265-A,512,260.574780988939,3,2,4
512-000296-A-0011,4,1,5,512-000296-A,512,348.32161687183,3,2,1
512-000296-A-0421,2,1,5,512-000296-A,512,348.32161687183,3,2,0
512-000432-A-0051,5,1,5,512-000432-A,512,356.178495447887,3,1,3
512-000432-A-0081,3,1,5,512-000432-A,512,356.178495447887,3,1,4
512-000432-A-0101,3,1,5,512-000432-A,512,356.178495447887,3,1,0
512-000432-A-0151,3,1,5,512-000432-A,512,356.178495447887,3,1,0
512-000432-A-0241,3,1,5,512-000432-A,512,356.178495447887,3,2,5
512-000432-A-0241,4,1,5,512-000432-A,512,356.178495447887,3,2,1
513-000570-A-0011,4,1,5,513-000570-A,513,386.98425689923,3,1,2
513-000570-A-0161,3,1,5,513-000570-A,513,386.98425689923,3,2,4
513-000570-A-0191,3,1,5,513-000570-A,513,386.98425689923,3,1,1
513-000570-A-0191,10,1,5,513-000570-A,513,386.98425689923,1,1,5
513-000706-A-0041,6,1,5,513-000706-A,513,434.116954854906,3,2,4
513-000706-A-0041,7,1,5,513-000706-A,513,434.116954854906,3,2,2
513-000706-A-0041,8,1,5,513-000706-A,513,434.116954854906,3,1,0
513-000706-A-0081,6,1,5,513-000706-A,513,434.116954854906,3,2,1
513-000706-A-0101,2,1,5,513-000706-A,513,434.116954854906,3,2,1
513-000706-A-0111,7,1,5,513-000706-A,513,434.116954854906,3,2,2
513-000706-A-0131,6,1,5,513-000706-A,513,434.116954854906,3,2,2
513-000706-A-0171,3,1,5,513-000706-A,513,434.116954854906,3,2,2
513-000706-A-0201,3,1,5,513-000706-A,513,434.116954854906,3,2,3
513-000706-A-0201,4,1,5,513-000706-A,513,434.116954854906,3,1,3
513-000779-A-0021,3,1,5,513-000779-A,513,345.521657945741,3,2,4
513-000779-A-0041,3,1,5,513-000779-A,513,345.521657945741,3,2,3
513-000779-A-0041,4,1,5,513-000779-A,513,345.521657945741,3,2,1
513-000779-A-0081,3,1,5,513-000779-A,513,345.521657945741,2,1,4
513-000779-A-0131,3,1,5,513-000779-A,513,345.521657945741,1,2,5
513-000779-A-0131,4,1,5,513-000779-A,513,345.521657945741,3,2,2
513-000995-A-0011,4,1,5,513-000995-A,513,388.178652753858,3,1,0
513-000995-A-0031,3,1,5,513-000995-A,513,388.178652753858,2,2,4
513-000995-A-0051,3,1,5,513-000995-A,513,388.178652753858,3,1,2
513-000995-A-0241,3,1,5,513-000995-A,513,388.178652753858,3,1,5
513-000995-A-0241,4,1,5,513-000995-A,513,388.178652753858,3,1,2
514-001199-A-0151,4,1,5,514-001199-A,514,421.275941462512,3,1,1
514-001199-A-0151,5,1,5,514-001199-A,514,421.275941462512,3,1,0
514-001244-A-0311,4,1,5,514-001244-A,514,223.712051673196,3,1,4
514-001244-A-0661,5,1,5,514-001244-A,514,223.712051673196,2,2,3
514-001286-A-0091,4,1,5,514-001286-A,514,484.697634920704,3,2,5
514-001286-A-0181,3,1,5,514-001286-A,514,484.697634920704,3,1,2
514-001286-A-0561,5,1,5,514-001286-A,514,484.697634920704,3,2,2
514-001427-A-0031,3,1,5,514-001427-A,514,421.275941462512,3,1,2
514-001427-A-0201,4,1,5,514-001427-A,514,421.275941462512,3,2,2
514-001449-A-0111,3,1,5,514-001449-A,514,326.852023548501,3,1,4
514-001449-A-0631,3,1,5,514-001449-A,514,326.852023548501,3,2,2
521-001878-A-0041,4,1,5,521-001878-A,511,52.0887066068899,3,1,4
521-001878-A-0041,5,1,5,521-001878-A,511,52.0887066068899,3,1,3
521-001878-A-0041,6,1,5,521-001878-A,511,52.0887066068899,3,2,0
521-001878-A-0061,3,1,5,521-001878-A,511,52.0887066068899,3,1,4
521-001878-A-0121,3,1,5,521-001878-A,511,52.0887066068899,3,2,1
522-002607-A-0061,2,1,5,522-002607-A,512,166.163628456715,3,1,1
522-002607-A-0111,4,1,5,522-002607-A,512,166.163628456715,3,1,5
522-003039-A-0031,4,1,5,522-003039-A,512,273.91822388016,3,1,3
522-003039-A-0091,4,1,5,522-003039-A,512,273.91822388016,1,1,2
523-003563-A-0071,3,1,5,523-003563-A,513,195.446594393551,3,1,1
523-003563-A-0091,2,1,5,523-003563-A,513,195.446594393551,3,2,3
523-002065-A-0081,6,1,5,523-002065-A,513,181.794074932236,3,2,0
523-002065-A-0161,7,1,5,523-002065-A,513,181.794074932236,3,2,3
523-002065-A-0201,3,1,5,523-002065-A,513,181.794074932236,3,2,4
523-003709-A-0071,4,1,5,523-003709-A,513,239.866274937539,3,1,1
523-003709-A-0111,3,1,5,523-003709-A,513,239.866274937539,1,1,3
523-003709-A-0111,4,1,5,523-003709-A,513,239.866274937539,3,1,1
523-003709-A-0171,3,1,5,523-003709-A,513,239.866274937539,3,1,3
523-003709-A-0171,4,1,5,523-003709-A,513,239.866274937539,3,1,1
523-002793-A-0161,6,1,5,523-002793-A,513,460.695543927655,3,1,1
523-002793-A-0251,4,1,5,523-002793-A,513,460.695543927655,3,1,0
523-002797-A-0171,4,1,5,523-002797-A,513,591.225948040491,3,2,0
523-002797-A-0321,2,1,5,523-002797-A,513,591.225948040491,3,2,3
523-002797-A-0391,2,1,5,523-002797-A,513,591.225948040491,3,1,4
524-003738-A-0011,4,1,5,524-003738-A,514,153.136225847724,3,2,4
524-003738-A-0041,4,1,5,524-003738-A,514,153.136225847724,3,2,0
524-003738-A-0081,4,1,5,524-003738-A,514,153.136225847724,3,2,5
524-003738-A-0081,5,1,5,524-003738-A,514,153.136225847724,3,2,2
524-003738-A-0181,5,1,5,524-003738-A,514,153.136225847724,3,2,5
524-003738-A-0181,6,1,5,524-003738-A,514,153.136225847724,3,1,0
524-002091-A-0071,3,1,5,524-002091-A,514,122.67038908487,3,1,5
524-002878-A-0061,4,1,5,524-002878-A,514,230.814021567583,3,1,4
524-002878-A-0061,5,1,5,524-002878-A,514,230.814021567583,3,2,3
531-003302-A-0081,3,1,5,531-003302-A,511,299.510062989617,3,2,2
531-003302-A-0101,4,1,5,531-003302-A,511,299.510062989617,3,1,1
531-003302-A-0141,3,1,5,531-003302-A,511,299.510062989617,3,2,5
531-003302-A-0141,4,1,5,531-003302-A,511,299.510062989617,3,1,3
531-003302-A-0161,5,1,5,531-003302-A,511,299.510062989617,3,2,4
531-003302-A-0181,3,1,5,531-003302-A,511,299.510062989617,3,1,5
531-003302-A-0181,4,1,5,531-003302-A,511,299.510062989617,3,2,3
531-003302-A-0201,3,1,5,531-003302-A,511,299.510062989617,3,2,3
531-003302-A-0221,3,1,5,531-003302-A,511,299.510062989617,3,2,4
532-003329-A-0031,3,1,5,532-003329-A,512,295.402006145271,3,1,5
532-003329-A-0051,4,1,5,532-003329-A,512,295.402006145271,3,1,5
532-003329-A-0101,4,1,5,532-003329-A,512,295.402006145271,3,2,4
532-003329-A-0151,3,1,5,532-003329-A,512,295.402006145271,3,1,0
532-003329-A-0171,3,1,5,532-003329-A,512,295.402006145271,3,1,4
532-003329-A-0171,4,1,5,532-003329-A,512,295.402006145271,3,2,0
532-003329-A-0241,4,1,5,532-003329-A,512,295.402006145271,3,2,2
532-003015-A-0011,3,1,5,532-003015-A,512,271.904119292806,3,1,2
532-003015-A-0131,3,1,5,532-003015-A,512,271.904119292806,3,1,4
532-003015-A-0131,4,1,5,532-003015-A,512,271.904119292806,3,2,1
532-003015-A-0171,5,1,5,532-003015-A,512,271.904119292806,3,1,5
533-003287-A-0011,4,1,5,533-003287-A,513,58.4215363676374,3,2,3
533-003287-A-0031,6,1,5,533-003287-A,513,58.4215363676374,3,1,2
533-003287-A-0071,4,1,5,533-003287-A,513,58.4215363676374,3,1,1
533-003287-A-0141,5,1,5,533-003287-A,513,58.4215363676374,3,1,3
533-003287-A-0161,5,1,5,533-003287-A,513,58.4215363676374,3,1,2
533-002180-A-0091,4,1,5,533-002180-A,513,550.275233024699,3,2,4
533-002180-A-0161,4,1,5,533-002180-A,513,550.275233024699,3,1,2
534-001806-A-0041,4,1,5,534-001806-A,514,227.375320729392,3,1,1
534-001806-A-0141,3,1,5,534-001806-A,514,227.375320729392,1,1,5
534-001806-A-0141,4,1,5,534-001806-A,514,227.375320729392,1,2,4
541-005966-D-0531,4,2,5,541-005966-D,521,477.230867033975,1,1,1
541-005966-D-0841,5,2,5,541-005966-D,521,477.230867033975,3,2,2
542-008014-D-0301,3,2,5,542-008014-D,522,1074.37949690473,3,1,2
542-005405-D-0041,5,2,5,542-005405-D,522,88.2188443206234,3,2,5
542-005405-D-0051,3,2,5,542-005405-D,522,88.2188443206234,3,1,3
542-005405-D-0051,4,2,5,542-005405-D,522,88.2188443206234,3,2,1
542-008326-D-0021,2,2,5,542-008326-D,522,512.772032613623,3,1,5
542-008326-D-0021,3,2,5,542-008326-D,522,512.772032613623,3,2,2
542-008326-D-0031,5,2,5,542-008326-D,522,512.772032613623,3,2,4
542-008326-D-0031,6,2,5,542-008326-D,522,512.772032613623,3,2,1
542-006421-D-0011,5,2,5,542-006421-D,522,132.328266480935,3,1,3
542-006421-D-0081,5,2,5,542-006421-D,522,132.328266480935,1,2,5
542-006421-D-0081,6,2,5,542-006421-D,522,132.328266480935,3,2,0
542-006421-D-0141,2,2,5,542-006421-D,522,132.328266480935,3,2,1
542-006757-D-0111,4,2,5,542-006757-D,522,839.081507913202,3,1,2
542-006757-D-0131,5,2,5,542-006757-D,522,839.081507913202,3,2,2
542-006757-D-0151,7,2,5,542-006757-D,522,839.081507913202,1,2,4
543-008456-D-0091,5,2,5,543-008456-D,523,565.657901296296,3,1,4
543-008456-D-0221,3,2,5,543-008456-D,523,565.657901296296,3,1,2
543-008456-D-0221,4,2,5,543-008456-D,523,565.657901296296,3,1,1
543-008456-D-0261,3,2,5,543-008456-D,523,565.657901296296,3,2,4
543-008456-D-0261,4,2,5,543-008456-D,523,565.657901296296,3,2,2
543-008456-D-0301,3,2,5,543-008456-D,523,565.657901296296,3,2,2
543-006617-D-0161,3,2,5,543-006617-D,523,416.701320621605,3,2,2
543-005198-A-0021,2,2,5,543-005198-A,523,408.530706491769,3,1,2
543-005198-A-0061,3,2,5,543-005198-A,523,408.530706491769,3,1,3
543-005198-A-0111,4,2,5,543-005198-A,523,408.530706491769,3,2,0
543-005198-A-0121,3,2,5,543-005198-A,523,408.530706491769,3,2,1
543-005198-A-0121,4,2,5,543-005198-A,523,408.530706491769,3,1,0
544-004672-A-0011,4,2,5,544-004672-A,524,249.400844224432,3,1,3
544-004672-A-0011,5,2,5,544-004672-A,524,249.400844224432,3,2,0
544-004672-A-0031,3,2,5,544-004672-A,524,249.400844224432,3,2,5
544-004672-A-0061,4,2,5,544-004672-A,524,249.400844224432,3,1,4
544-004672-A-0061,5,2,5,544-004672-A,524,249.400844224432,3,1,2
544-004672-A-0071,4,2,5,544-004672-A,524,249.400844224432,3,2,5
544-004672-A-0071,5,2,5,544-004672-A,524,249.400844224432,3,1,2
544-004672-A-0071,6,2,5,544-004672-A,524,249.400844224432,3,2,1
544-004672-A-0111,4,2,5,544-004672-A,524,249.400844224432,3,2,4
544-004602-A-0021,6,2,5,544-004602-A,524,438.945485835001,3,2,0
544-004602-A-0121,5,2,5,544-004602-A,524,438.945485835001,3,2,5
544-004602-A-0171,5,2,5,544-004602-A,524,438.945485835001,3,2,4
544-004602-A-0191,3,2,5,544-004602-A,524,438.945485835001,3,2,4
544-004902-A-0091,7,2,5,544-004902-A,524,181.382432163223,3,1,0
544-003866-A-0011,6,2,5,544-003866-A,524,399.041350759091,3,2,5
544-003866-A-0011,7,2,5,544-003866-A,524,399.041350759091,3,1,2
544-003866-A-0211,5,2,5,544-003866-A,524,399.041350759091,3,2,5
544-004290-A-0031,4,2,5,544-004290-A,524,125.624128942677,1,1,5
544-004290-A-0131,3,2,5,544-004290-A,524,125.624128942677,3,1,1
544-004010-A-0011,4,2,5,544-004010-A,524,443.379278621213,1,2,1
544-004010-A-0091,4,2,5,544-004010-A,524,443.379278621213,3,1,4
544-004010-A-0111,3,2,5,544-004010-A,524,443.379278621213,3,1,2
544-004010-A-0141,4,2,5,544-004010-A,524,443.379278621213,3,2,3
544-004010-A-0171,4,2,5,544-004010-A,524,443.379278621213,1,2,4
544-005226-A-0031,5,2,5,544-005226-A,524,432.294796655682,3,2,3
544-005226-A-0071,6,2,5,544-005226-A,524,432.294796655682,3,2,2
551-007830-D-0021,4,2,5,551-007830-D,521,117.884248639855,3,1,1
551-007830-D-0061,6,2,5,551-007830-D,521,117.884248639855,3,2,5
551-007830-D-0061,7,2,5,551-007830-D,521,117.884248639855,3,2,3
551-007830-D-0121,5,2,5,551-007830-D,521,117.884248639855,3,2,0
551-007841-D-0041,5,2,5,551-007841-D,521,243.881988076785,3,1,4
551-007841-D-0091,6,2,5,551-007841-D,521,243.881988076785,3,1,5
551-006215-D-0151,3,2,5,551-006215-D,521,341.012476834639,3,1,3
551-006215-D-0161,3,2,5,551-006215-D,521,341.012476834639,3,1,4
551-005491-D-0051,5,2,5,551-005491-D,521,413.728372630261,3,1,3
551-005491-D-0051,6,2,5,551-005491-D,521,413.728372630261,3,2,2
551-005491-D-0071,4,2,5,551-005491-D,521,413.728372630261,3,2,4
551-005491-D-0071,5,2,5,551-005491-D,521,413.728372630261,3,2,3
551-005491-D-0111,8,2,5,551-005491-D,521,413.728372630261,3,2,5
551-006216-D-0031,6,2,5,551-006216-D,521,330.982698104209,3,1,5
551-006216-D-0031,7,2,5,551-006216-D,521,330.982698104209,3,1,2
551-006216-D-0071,5,2,5,551-006216-D,521,330.982698104209,3,2,5
551-006216-D-0071,6,2,5,551-006216-D,521,330.982698104209,3,2,1
551-006216-D-0091,4,2,5,551-006216-D,521,330.982698104209,3,2,5
551-006216-D-0091,5,2,5,551-006216-D,521,330.982698104209,3,1,2
551-006216-D-0091,6,2,5,551-006216-D,521,330.982698104209,3,2,0
551-006216-D-0181,5,2,5,551-006216-D,521,330.982698104209,3,1,5
551-006216-D-0181,6,2,5,551-006216-D,521,330.982698104209,3,1,2
551-006216-D-0181,7,2,5,551-006216-D,521,330.982698104209,3,2,0
551-006216-D-0201,6,2,5,551-006216-D,521,330.982698104209,1,1,5
551-006216-D-0201,7,2,5,551-006216-D,521,330.982698104209,3,2,3
551-006857-D-0151,7,2,5,551-006857-D,521,205.116038261763,1,1,5
551-006857-D-0151,8,2,5,551-006857-D,521,205.116038261763,3,1,3
551-006857-D-0151,9,2,5,551-006857-D,521,205.116038261763,3,2,0
551-006576-D-0081,3,2,5,551-006576-D,521,294.206842759296,3,1,4
551-006576-D-0101,5,2,5,551-006576-D,521,294.206842759296,1,1,5
551-006892-D-0101,4,2,5,551-006892-D,521,184.482159599067,3,1,1
551-006892-D-0151,5,2,5,551-006892-D,521,184.482159599067,1,2,5
551-006892-D-0151,6,2,5,551-006892-D,521,184.482159599067,1,2,5
551-006892-D-0151,7,2,5,551-006892-D,521,184.482159599067,3,1,3
551-007000-D-0161,4,2,5,551-007000-D,521,376.116702391146,3,2,4
552-007631-D-0111,4,2,5,552-007631-D,522,341.848021742416,3,1,5
552-007631-D-0161,5,2,5,552-007631-D,522,341.848021742416,3,2,1
552-007631-D-0161,7,2,5,552-007631-D,522,341.848021742416,3,2,0
552-007631-D-0221,3,2,5,552-007631-D,522,341.848021742416,3,2,2
552-007631-D-0241,2,2,5,552-007631-D,522,341.848021742416,3,1,2
552-007631-D-0241,3,2,5,552-007631-D,522,341.848021742416,3,1,0
552-007194-D-0051,5,2,5,552-007194-D,522,397.786788936629,3,2,5
552-007194-D-0061,5,2,5,552-007194-D,522,397.786788936629,3,2,2
552-007194-D-0071,5,2,5,552-007194-D,522,397.786788936629,3,2,1
552-007194-D-0101,6,2,5,552-007194-D,522,397.786788936629,3,1,3
552-007927-D-0061,7,2,5,552-007927-D,522,329.639163823044,3,2,5
552-006101-D-0101,8,2,5,552-006101-D,522,243.349439206465,3,1,5
552-006101-D-0111,7,2,5,552-006101-D,522,243.349439206465,3,2,5
552-006101-D-0111,8,2,5,552-006101-D,522,243.349439206465,3,2,3
552-006101-D-0111,9,2,5,552-006101-D,522,243.349439206465,3,2,1
552-006101-D-0111,10,2,5,552-006101-D,522,243.349439206465,3,1,0
552-006358-D-0121,8,2,5,552-006358-D,522,440.346604278366,3,2,5
552-006358-D-0121,9,2,5,552-006358-D,522,440.346604278366,3,2,2
552-006358-D-0281,4,2,5,552-006358-D,522,440.346604278366,3,2,4
552-006665-D-0041,4,2,5,552-006665-D,522,193.2184470718,3,2,3
552-006665-D-0081,5,2,5,552-006665-D,522,193.2184470718,3,2,4
552-006665-D-0081,6,2,5,552-006665-D,522,193.2184470718,3,1,2
552-006665-D-0101,7,2,5,552-006665-D,522,193.2184470718,1,2,5
552-006665-D-0101,8,2,5,552-006665-D,522,193.2184470718,3,2,1
552-006735-D-0011,3,2,5,552-006735-D,522,370.335356887617,3,1,2
552-006735-D-0021,3,2,5,552-006735-D,522,370.335356887617,3,1,1
552-006735-D-0041,8,2,5,552-006735-D,522,370.335356887617,3,2,4
552-006735-D-0041,9,2,5,552-006735-D,522,370.335356887617,3,2,1
552-006735-D-0051,5,2,5,552-006735-D,522,370.335356887617,1,2,5
552-006735-D-0091,3,2,5,552-006735-D,522,370.335356887617,3,2,1
552-006735-D-0101,4,2,5,552-006735-D,522,370.335356887617,3,2,5
552-006735-D-0101,5,2,5,552-006735-D,522,370.335356887617,3,2,2
552-006735-D-0101,6,2,5,552-006735-D,522,370.335356887617,3,2,0
552-006735-D-0111,8,2,5,552-006735-D,522,370.335356887617,3,2,2
552-006735-D-0121,7,2,5,552-006735-D,522,370.335356887617,3,2,4
553-007653-D-0091,6,2,5,553-007653-D,523,485.130213958976,3,1,4
553-007653-D-0091,7,2,5,553-007653-D,523,485.130213958976,3,2,0
553-007653-D-0141,4,2,5,553-007653-D,523,485.130213958976,3,1,3
553-007653-D-0281,5,2,5,553-007653-D,523,485.130213958976,3,1,3
553-007653-D-0331,7,2,5,553-007653-D,523,485.130213958976,3,2,0
553-007653-D-0371,3,2,5,553-007653-D,523,485.130213958976,3,1,4
553-005950-D-0121,6,2,5,553-005950-D,523,377.890903504887,3,1,5
553-005950-D-0121,7,2,5,553-005950-D,523,377.890903504887,3,1,3
553-005950-D-0361,4,2,5,553-005950-D,523,377.890903504887,3,2,0
553-005925-D-0151,3,2,5,553-005925-D,523,344.406899396859,3,1,3
553-005925-D-0211,4,2,5,553-005925-D,523,344.406899396859,1,2,5
553-005925-D-0211,5,2,5,553-005925-D,523,344.406899396859,3,1,1
553-005925-D-0271,4,2,5,553-005925-D,523,344.406899396859,3,2,5
553-005822-D-0051,6,2,5,553-005822-D,523,166.181982301737,3,2,1
553-005822-D-0061,4,2,5,553-005822-D,523,166.181982301737,3,2,4
553-005822-D-0061,5,2,5,553-005822-D,523,166.181982301737,3,2,1
553-005822-D-0071,3,2,5,553-005822-D,523,166.181982301737,3,2,2
553-005822-D-0131,6,2,5,553-005822-D,523,166.181982301737,3,1,3
553-006891-D-0021,3,2,5,553-006891-D,523,253.570783339719,2,2,5
553-006891-D-0021,4,2,5,553-006891-D,523,253.570783339719,2,2,3
553-006891-D-0031,3,2,5,553-006891-D,523,253.570783339719,3,2,1
553-006891-D-0061,4,2,5,553-006891-D,523,253.570783339719,3,2,0
553-006891-D-0071,3,2,5,553-006891-D,523,253.570783339719,3,1,2
553-006891-D-0071,4,2,5,553-006891-D,523,253.570783339719,3,2,1
611-000045-A-0221,3,1,6,611-000045-A,611,195.513494349448,3,2,0
612-000123-A-0551,4,1,6,612-000123-A,612,243.274219121179,3,2,3
612-000123-A-0671,4,1,6,612-000123-A,612,243.274219121179,1,2,4
612-000141-A-0021,4,1,6,612-000141-A,612,284.696916894076,3,1,3
612-000141-A-0171,3,1,6,612-000141-A,612,284.696916894076,3,2,3
612-000141-A-0241,4,1,6,612-000141-A,612,284.696916894076,3,1,2
612-000240-A-0131,4,1,6,612-000240-A,612,164.653772448711,3,1,5
612-000240-A-0201,5,1,6,612-000240-A,612,164.653772448711,3,2,0
612-000240-A-0231,5,1,6,612-000240-A,612,164.653772448711,3,2,4
612-000240-A-0251,5,1,6,612-000240-A,612,164.653772448711,1,2,5
612-000282-A-0121,3,1,6,612-000282-A,612,146.485080316439,3,1,1
612-000282-A-0191,3,1,6,612-000282-A,612,146.485080316439,3,1,4
612-000339-A-0021,4,1,6,612-000339-A,612,264.486950571348,3,1,1
612-000339-A-0061,2,1,6,612-000339-A,612,264.486950571348,3,1,5
612-000339-A-0061,3,1,6,612-000339-A,612,264.486950571348,3,1,1
612-000339-A-0131,3,1,6,612-000339-A,612,264.486950571348,3,1,0
612-000339-A-0311,5,1,6,612-000339-A,612,264.486950571348,3,2,5
612-000339-A-0411,4,1,6,612-000339-A,612,264.486950571348,3,2,0
612-000361-A-0021,3,1,6,612-000361-A,612,156.304189667336,3,2,0
612-000361-A-0071,4,1,6,612-000361-A,612,156.304189667336,3,1,1
612-000361-A-0131,3,1,6,612-000361-A,612,156.304189667336,3,1,5
612-000361-A-0131,4,1,6,612-000361-A,612,156.304189667336,3,1,3
613-000576-A-0081,4,1,6,613-000576-A,613,167.500222516852,3,2,0
613-000597-A-0021,5,1,6,613-000597-A,613,107.678714475119,3,1,3
613-000609-A-0271,2,1,6,613-000609-A,613,172.1018769816,3,2,4
613-000609-A-0291,4,1,6,613-000609-A,613,172.1018769816,3,1,1
613-000637-A-0331,4,1,6,613-000637-A,613,185.505904145255,3,1,2
613-000652-A-0011,3,1,6,613-000652-A,613,197.410976537718,3,2,4
613-000652-A-0071,4,1,6,613-000652-A,613,197.410976537718,3,1,3
613-000652-A-0091,5,1,6,613-000652-A,613,197.410976537718,3,1,2
613-000652-A-0111,3,1,6,613-000652-A,613,197.410976537718,3,2,4
613-000652-A-0111,4,1,6,613-000652-A,613,197.410976537718,3,2,0
613-000652-A-0161,3,1,6,613-000652-A,613,197.410976537718,3,1,2
613-000652-A-0241,2,1,6,613-000652-A,613,197.410976537718,3,2,1
613-000677-A-0021,4,1,6,613-000677-A,613,215.357428950238,1,2,4
613-000677-A-0031,3,1,6,613-000677-A,613,215.357428950238,1,2,4
613-000677-A-0081,3,1,6,613-000677-A,613,215.357428950238,3,1,1
613-000677-A-0101,3,1,6,613-000677-A,613,215.357428950238,3,1,1
613-000697-A-0171,3,1,6,613-000697-A,613,154.615590015556,3,1,3
613-000697-A-0221,3,1,6,613-000697-A,613,154.615590015556,3,1,3
613-000697-A-0221,4,1,6,613-000697-A,613,154.615590015556,3,1,0
613-000739-A-0171,3,1,6,613-000739-A,613,211.025526643768,3,2,2
613-000761-A-0041,3,1,6,613-000761-A,613,355.339757767893,3,1,1
613-000761-A-0081,3,1,6,613-000761-A,613,355.339757767893,3,2,2
613-000761-A-0221,3,1,6,613-000761-A,613,355.339757767893,3,2,3
613-000947-A-0141,2,1,6,613-000947-A,613,224.330655156498,3,2,3
613-000947-A-0181,4,1,6,613-000947-A,613,224.330655156498,1,2,5
613-000947-A-0181,5,1,6,613-000947-A,613,224.330655156498,3,2,0
613-000947-A-0391,3,1,6,613-000947-A,613,224.330655156498,3,1,5
613-000947-A-0431,4,1,6,613-000947-A,613,224.330655156498,3,1,5
613-001044-A-0091,2,1,6,613-001044-A,613,239.286032166931,3,2,5
613-001044-A-0261,4,1,6,613-001044-A,613,239.286032166931,3,1,0
613-001044-A-0291,3,1,6,613-001044-A,613,239.286032166931,3,1,1
614-001147-A-0151,4,1,6,614-001147-A,614,251.79626560581,3,2,0
614-001147-A-0241,3,1,6,614-001147-A,614,251.79626560581,2,1,5
614-001193-A-0261,2,1,6,614-001193-A,614,339.119549637455,3,1,5
614-001193-A-0361,2,1,6,614-001193-A,614,339.119549637455,3,2,2
614-001200-A-0191,4,1,6,614-001200-A,614,280.650661768928,2,1,5
614-001225-A-0011,3,1,6,614-001225-A,614,155.429793583834,3,2,5
614-001225-A-0011,4,1,6,614-001225-A,614,155.429793583834,3,1,3
614-001225-A-0041,3,1,6,614-001225-A,614,155.429793583834,1,2,2
614-001225-A-0041,4,1,6,614-001225-A,614,155.429793583834,1,1,2
614-001225-A-0161,3,1,6,614-001225-A,614,155.429793583834,3,1,0
614-001225-A-0191,4,1,6,614-001225-A,614,155.429793583834,3,2,2
614-001299-A-0081,4,1,6,614-001299-A,614,203.471729782473,3,1,2
614-001299-A-0201,3,1,6,614-001299-A,614,203.471729782473,3,1,0
614-001405-A-0181,4,1,6,614-001405-A,614,300.497600928745,3,2,2
614-001462-A-0041,5,1,6,614-001462-A,614,126.564260489693,2,2,2
614-001462-A-0091,5,1,6,614-001462-A,614,126.564260489693,3,2,0
614-001493-A-0081,3,1,6,614-001493-A,614,199.838306036357,1,1,4
614-001493-A-0081,4,1,6,614-001493-A,614,199.838306036357,3,2,2
614-001493-A-0081,5,1,6,614-001493-A,614,199.838306036357,3,2,0
614-001493-A-0131,3,1,6,614-001493-A,614,199.838306036357,3,2,0
614-001493-A-0141,2,1,6,614-001493-A,614,199.838306036357,3,1,5
614-001617-A-0181,5,1,6,614-001617-A,614,225.373200696559,1,1,5
614-001654-A-0101,4,1,6,614-001654-A,614,274.865319179832,1,1,4
614-001700-A-0171,3,1,6,614-001700-A,614,189.731541133369,3,1,5
614-001700-A-0221,4,1,6,614-001700-A,614,189.731541133369,3,2,4
614-001700-A-0271,2,1,6,614-001700-A,614,189.731541133369,3,2,4
614-001700-A-0271,6,1,6,614-001700-A,614,189.731541133369,3,1,1
614-001700-A-0421,4,1,6,614-001700-A,614,189.731541133369,3,1,1
614-001771-A-0111,4,1,6,614-001771-A,614,176.699133758463,2,1,4
621-001876-A-0111,2,1,6,621-001876-A,611,157.888111139341,3,2,3
621-001876-A-0151,6,1,6,621-001876-A,611,157.888111139341,3,1,2
621-001876-A-0191,2,1,6,621-001876-A,611,157.888111139341,3,2,1
621-001876-A-0191,3,1,6,621-001876-A,611,157.888111139341,3,2,0
621-001876-A-0211,4,1,6,621-001876-A,611,157.888111139341,3,2,5
621-002876-A-0021,4,1,6,621-002876-A,611,186.082416699938,3,1,4
621-002876-A-0171,6,1,6,621-002876-A,611,186.082416699938,3,1,0
621-002876-A-0171,7,1,6,621-002876-A,611,186.082416699938,3,2,0
622-001917-A-0031,5,1,6,622-001917-A,612,223.667611476827,3,2,5
622-001917-A-0031,6,1,6,622-001917-A,612,223.667611476827,3,2,0
622-001917-A-0141,3,1,6,622-001917-A,612,223.667611476827,3,2,0
622-001917-A-0201,3,1,6,622-001917-A,612,223.667611476827,3,1,0
622-001917-A-0221,4,1,6,622-001917-A,612,223.667611476827,3,2,2
622-001961-A-0021,3,1,6,622-001961-A,612,259.608682838276,3,1,0
622-001961-A-0241,3,1,6,622-001961-A,612,259.608682838276,3,1,4
622-001961-A-0491,3,1,6,622-001961-A,612,259.608682838276,3,2,4
622-001961-A-0491,4,1,6,622-001961-A,612,259.608682838276,3,1,1
622-002237-A-0181,3,1,6,622-002237-A,612,159.922342205932,3,1,2
622-002237-A-0221,4,1,6,622-002237-A,612,159.922342205932,3,1,5
622-002275-A-0031,5,1,6,622-002275-A,612,215.753219070724,3,1,3
622-002292-A-0251,3,1,6,622-002292-A,612,221.430935362059,3,1,1
622-002292-A-0341,5,1,6,622-002292-A,612,221.430935362059,3,1,4
622-002297-A-0061,3,1,6,622-002297-A,612,77.5381053119668,3,2,3
622-002297-A-0071,4,1,6,622-002297-A,612,77.5381053119668,3,2,5
622-002377-A-0171,3,1,6,622-002377-A,612,248.928894655387,3,2,4
622-002377-A-0241,3,1,6,622-002377-A,612,248.928894655387,3,2,5
622-002377-A-0241,4,1,6,622-002377-A,612,248.928894655387,3,2,0
622-002377-A-0311,5,1,6,622-002377-A,612,248.928894655387,3,2,0
622-002377-A-0381,4,1,6,622-002377-A,612,248.928894655387,3,1,0
622-002377-A-0741,3,1,6,622-002377-A,612,248.928894655387,3,2,2
622-002377-A-0811,3,1,6,622-002377-A,612,248.928894655387,3,2,3
622-002383-A-0061,3,1,6,622-002383-A,612,175.299490494963,3,2,3
622-002383-A-0151,6,1,6,622-002383-A,612,175.299490494963,3,2,0
623-001991-A-0121,5,1,6,623-001991-A,613,185.446674929372,2,1,3
623-001991-A-0151,3,1,6,623-001991-A,613,185.446674929372,2,1,4
623-002023-A-0021,5,1,6,623-002023-A,613,167.799330057061,3,2,4
623-002023-A-0091,3,1,6,623-002023-A,613,167.799330057061,3,1,2
623-002023-A-0121,4,1,6,623-002023-A,613,167.799330057061,3,1,5
623-002054-A-0011,5,1,6,623-002054-A,613,199.974755453793,3,2,4
623-002054-A-0071,4,1,6,623-002054-A,613,199.974755453793,3,2,4
623-002054-A-0091,3,1,6,623-002054-A,613,199.974755453793,3,1,3
623-002418-A-0091,3,1,6,623-002418-A,613,219.345529486354,3,2,4
623-002492-A-0121,3,1,6,623-002492-A,613,263.214635383624,3,2,5
623-002492-A-0121,4,1,6,623-002492-A,613,263.214635383624,3,2,4
623-002492-A-0151,3,1,6,623-002492-A,613,263.214635383624,3,1,2
623-002492-A-0241,4,1,6,623-002492-A,613,263.214635383624,3,2,2
623-002513-A-0121,4,1,6,623-002513-A,613,246.763720672148,3,1,5
623-002513-A-0421,3,1,6,623-002513-A,613,246.763720672148,3,2,2
623-002598-A-0021,4,1,6,623-002598-A,613,231.743320283408,3,2,1
623-002598-A-0111,7,1,6,623-002598-A,613,231.743320283408,3,2,5
623-002645-A-0071,3,1,6,623-002645-A,613,259.75128491805,3,1,5
623-002645-A-0181,2,1,6,623-002645-A,613,259.75128491805,3,2,4
623-002645-A-0221,5,1,6,623-002645-A,613,259.75128491805,3,2,5
623-002667-A-0151,4,1,6,623-002667-A,613,163.374601272594,3,2,4
623-003144-A-0031,5,1,6,623-003144-A,613,145.912460919183,3,2,5
623-003144-A-0051,7,1,6,623-003144-A,613,145.912460919183,3,2,0
623-003144-A-0081,3,1,6,623-003144-A,613,145.912460919183,3,1,3
624-002137-A-0061,3,1,6,624-002137-A,614,135.759006592568,3,2,2
624-002137-A-0181,3,1,6,624-002137-A,614,135.759006592568,3,1,4
624-002137-A-0331,3,1,6,624-002137-A,614,135.759006592568,3,1,5
624-002137-A-0331,4,1,6,624-002137-A,614,135.759006592568,3,2,3
624-002137-A-0361,3,1,6,624-002137-A,614,135.759006592568,3,1,0
624-002137-A-0361,4,1,6,624-002137-A,614,135.759006592568,3,2,4
624-002167-A-0041,3,1,6,624-002167-A,614,374.816344336135,2,2,3
624-002167-A-0301,3,1,6,624-002167-A,614,374.816344336135,3,2,3
624-002167-A-0331,3,1,6,624-002167-A,614,374.816344336135,3,2,4
624-003220-A-0071,3,1,6,624-003220-A,614,139.88681422545,3,1,2
624-003220-A-0101,4,1,6,624-003220-A,614,139.88681422545,3,1,4
624-003220-A-0131,3,1,6,624-003220-A,614,139.88681422545,3,2,1
632-002786-A-0071,2,1,6,632-002786-A,612,122.39091700012,3,1,2
632-002786-A-0111,3,1,6,632-002786-A,612,122.39091700012,3,1,2
632-002786-A-0121,3,1,6,632-002786-A,612,122.39091700012,3,2,4
632-002786-A-0141,4,1,6,632-002786-A,612,122.39091700012,3,1,0
632-002786-A-0181,4,1,6,632-002786-A,612,122.39091700012,3,1,5
633-002826-A-0251,3,1,6,633-002826-A,613,233.303881362758,1,2,4
633-002826-A-0381,3,1,6,633-002826-A,613,233.303881362758,3,2,2
641-004102-D-0181,5,2,6,641-004102-D,621,252.977897226924,3,1,0
641-004102-D-0221,3,2,6,641-004102-D,621,252.977897226924,3,1,3
642-003788-D-0251,3,2,6,642-003788-D,622,243.90902917659,2,1,4
642-003983-D-0011,3,2,6,642-003983-D,622,447.905671760648,3,2,1
642-003983-D-0271,2,2,6,642-003983-D,622,447.905671760648,3,1,3
642-003983-D-0441,4,2,6,642-003983-D,622,447.905671760648,3,1,3
642-003983-D-0521,4,2,6,642-003983-D,622,447.905671760648,1,2,3
642-003983-D-0601,4,2,6,642-003983-D,622,447.905671760648,3,2,2
642-003983-D-0771,5,2,6,642-003983-D,622,447.905671760648,3,1,3
642-003983-D-0771,6,2,6,642-003983-D,622,447.905671760648,3,1,0
642-003983-D-0861,3,2,6,642-003983-D,622,447.905671760648,3,1,3
642-003983-D-0861,4,2,6,642-003983-D,622,447.905671760648,3,2,1
642-003967-D-0241,3,2,6,642-003967-D,622,213.851552853819,3,1,2
642-003967-D-0241,4,2,6,642-003967-D,622,213.851552853819,3,2,0
642-003967-D-0341,4,2,6,642-003967-D,622,213.851552853819,3,1,4
642-003932-D-0411,3,2,6,642-003932-D,622,272.761143964375,3,2,5
642-003932-D-0821,2,2,6,642-003932-D,622,272.761143964375,1,1,5
642-003932-D-1651,6,2,6,642-003932-D,622,272.761143964375,3,2,1
642-003932-D-1861,5,2,6,642-003932-D,622,272.761143964375,3,2,4
642-003932-D-1861,6,2,6,642-003932-D,622,272.761143964375,3,2,0
642-003932-D-2271,5,2,6,642-003932-D,622,272.761143964375,3,1,0
642-003932-D-2481,5,2,6,642-003932-D,622,272.761143964375,3,2,4
643-003866-D-0091,3,2,6,643-003866-D,623,199.939072138558,3,2,5
643-003866-D-0271,3,2,6,643-003866-D,623,199.939072138558,3,2,3
643-004196-D-0161,4,2,6,643-004196-D,623,196.815024136393,3,1,0
643-004196-D-0271,4,2,6,643-004196-D,623,196.815024136393,3,2,0
643-004196-D-0391,2,2,6,643-004196-D,623,196.815024136393,3,2,1
643-004196-D-0391,3,2,6,643-004196-D,623,196.815024136393,3,1,0
643-004196-D-0441,5,2,6,643-004196-D,623,196.815024136393,3,1,4
643-004196-D-0501,5,2,6,643-004196-D,623,196.815024136393,3,2,3
643-003721-D-0521,3,2,6,643-003721-D,623,190.028299166172,1,1,5
643-003756-D-0151,7,2,6,643-003756-D,623,197.737306348841,3,2,4
643-003756-D-0151,8,2,6,643-003756-D,623,197.737306348841,3,1,3
643-003756-D-0321,3,2,6,643-003756-D,623,197.737306348841,1,2,5
643-003756-D-0601,5,2,6,643-003756-D,623,197.737306348841,3,1,3
643-003756-D-0661,3,2,6,643-003756-D,623,197.737306348841,3,2,5
643-004305-D-1361,3,2,6,643-004305-D,623,361.069331748992,3,2,4
643-003986-D-0191,3,2,6,643-003986-D,623,180.68264510882,3,1,3
643-003986-D-0301,3,2,6,643-003986-D,623,180.68264510882,3,2,1
643-003986-D-0331,4,2,6,643-003986-D,623,180.68264510882,3,1,2
644-003793-D-0241,2,2,6,644-003793-D,624,187.336949647078,1,1,5
644-003793-D-0271,6,2,6,644-003793-D,624,187.336949647078,3,2,0
644-004320-D-0701,4,2,6,644-004320-D,624,241.299988508426,3,2,2
644-004320-D-0991,4,2,6,644-004320-D,624,241.299988508426,1,1,4
644-004320-D-1091,4,2,6,644-004320-D,624,241.299988508426,3,1,2
644-003630-A-0031,2,2,6,644-003630-A,624,174.742868998535,3,2,3
644-003630-A-0061,4,2,6,644-003630-A,624,174.742868998535,3,2,5
644-003630-A-0091,3,2,6,644-003630-A,624,174.742868998535,3,1,5
644-003630-A-0121,4,2,6,644-003630-A,624,174.742868998535,3,2,5
644-003630-A-0121,5,2,6,644-003630-A,624,174.742868998535,3,2,0
644-003535-A-0031,4,2,6,644-003535-A,624,368.376858969884,3,1,1
644-003535-A-0051,4,2,6,644-003535-A,624,368.376858969884,3,1,0
644-003535-A-0181,3,2,6,644-003535-A,624,368.376858969884,3,2,5
644-003535-A-0201,4,2,6,644-003535-A,624,368.376858969884,1,2,5
651-003880-D-0051,4,2,6,651-003880-D,621,151.924226323778,3,2,4
651-003880-D-0091,4,2,6,651-003880-D,621,151.924226323778,3,1,2
651-003880-D-0201,4,2,6,651-003880-D,621,151.924226323778,3,1,3
651-003880-D-0221,2,2,6,651-003880-D,621,151.924226323778,1,2,5
651-004345-D-0021,3,2,6,651-004345-D,621,93.4918315838631,1,2,4
651-004345-D-0061,4,2,6,651-004345-D,621,93.4918315838631,3,2,4
651-004345-D-0071,2,2,6,651-004345-D,621,93.4918315838631,3,1,1
651-004345-D-0091,4,2,6,651-004345-D,621,93.4918315838631,3,1,5
651-004345-D-0111,4,2,6,651-004345-D,621,93.4918315838631,3,1,3
651-004446-D-0261,4,2,6,651-004446-D,621,93.4918315838631,3,2,0
652-003877-D-0051,6,2,6,652-003877-D,622,424.063894329023,3,1,4
652-003877-D-0151,6,2,6,652-003877-D,622,424.063894329023,3,2,0
652-003877-D-0251,5,2,6,652-003877-D,622,424.063894329023,1,2,5
652-003877-D-0351,4,2,6,652-003877-D,622,424.063894329023,3,1,1
654-004172-D-0061,4,2,6,654-004172-D,624,155.85174802572,3,2,0
654-004172-D-0101,5,2,6,654-004172-D,624,155.85174802572,3,1,2
654-004172-D-0361,5,2,6,654-004172-D,624,155.85174802572,3,2,2
711-000013-A-0061,3,1,7,711-000013-A,711,323.280164099011,3,2,0
711-000036-A-0051,3,1,7,711-000036-A,711,649.126043786109,3,1,1
711-000108-A-0121,3,1,7,711-000108-A,711,3407.91172987707,3,1,0
711-000108-A-0291,6,1,7,711-000108-A,711,3407.91172987707,3,1,2
711-000108-A-0731,6,1,7,711-000108-A,711,3407.91172987707,3,2,5
711-000108-A-0821,4,1,7,711-000108-A,711,3407.91172987707,3,1,1
711-000108-A-0991,7,1,7,711-000108-A,711,3407.91172987707,3,1,3
711-000108-A-0991,8,1,7,711-000108-A,711,3407.91172987707,3,1,2
711-000386-A-0101,5,1,7,711-000386-A,711,479.034192740551,3,2,4
711-000386-A-0141,3,1,7,711-000386-A,711,479.034192740551,3,1,4
711-000386-A-0141,4,1,7,711-000386-A,711,479.034192740551,3,2,3
711-000386-A-0141,5,1,7,711-000386-A,711,479.034192740551,3,1,3
711-000386-A-0161,3,1,7,711-000386-A,711,479.034192740551,3,1,2
711-000386-A-0161,4,1,7,711-000386-A,711,479.034192740551,3,1,1
711-000386-A-0181,5,1,7,711-000386-A,711,479.034192740551,3,1,2
711-000386-A-0201,5,1,7,711-000386-A,711,479.034192740551,3,1,5
711-000629-A-0341,4,1,7,711-000629-A,711,795.179403637984,3,1,1
711-000629-A-0381,3,1,7,711-000629-A,711,795.179403637984,3,2,0
711-000629-A-0461,4,1,7,711-000629-A,711,795.179403637984,3,2,2
711-000629-A-0461,5,1,7,711-000629-A,711,795.179403637984,3,1,1
711-000742-A-0021,5,1,7,711-000742-A,711,1691.66181107895,3,2,3
711-000742-A-0451,3,1,7,711-000742-A,711,1691.66181107895,3,1,5
711-000742-A-0451,4,1,7,711-000742-A,711,1691.66181107895,3,1,3
711-000857-A-0071,4,1,7,711-000857-A,711,613.063485797992,3,1,2
711-000857-A-0111,4,1,7,711-000857-A,711,613.063485797992,3,2,5
711-000857-A-0111,5,1,7,711-000857-A,711,613.063485797992,3,1,1
711-000857-A-0361,5,1,7,711-000857-A,711,613.063485797992,3,2,2
711-000857-A-0361,6,1,7,711-000857-A,711,613.063485797992,3,2,1
711-000946-A-0261,4,1,7,711-000946-A,711,1669.18125544999,3,1,3
711-000946-A-0381,6,1,7,711-000946-A,711,1669.18125544999,3,2,4
711-000946-A-0501,3,1,7,711-000946-A,711,1669.18125544999,3,2,5
711-000960-A-0031,5,1,7,711-000960-A,711,248.691146645328,3,1,2
711-000960-A-0221,5,1,7,711-000960-A,711,248.691146645328,3,1,3
711-000960-A-0571,4,1,7,711-000960-A,711,248.691146645328,3,1,3
711-000960-A-0571,5,1,7,711-000960-A,711,248.691146645328,3,1,1
711-000982-A-0211,3,1,7,711-000982-A,711,496.98712727374,3,2,0
711-000982-A-0461,3,1,7,711-000982-A,711,496.98712727374,3,2,5
711-000992-A-0031,12,1,7,711-000992-A,711,421.054731104503,3,2,3
711-000992-A-0031,15,1,7,711-000992-A,711,421.054731104503,3,1,5
711-000992-A-0111,5,1,7,711-000992-A,711,421.054731104503,3,2,5
711-000992-A-0111,6,1,7,711-000992-A,711,421.054731104503,3,2,3
711-000992-A-0191,3,1,7,711-000992-A,711,421.054731104503,3,1,3
711-000992-A-0191,4,1,7,711-000992-A,711,421.054731104503,3,2,0
711-000992-A-0231,3,1,7,711-000992-A,711,421.054731104503,3,2,0
711-000992-A-0311,3,1,7,711-000992-A,711,421.054731104503,1,2,5
711-000992-A-0391,4,1,7,711-000992-A,711,421.054731104503,3,2,5
712-001581-A-0011,4,1,7,712-001581-A,712,396.055852865614,3,1,3
712-001581-A-0021,3,1,7,712-001581-A,712,396.055852865614,3,1,2
712-001581-A-0121,4,1,7,712-001581-A,712,396.055852865614,3,1,0
712-001621-A-0011,6,1,7,712-001621-A,712,197.245207355997,3,2,4
712-001621-A-0021,4,1,7,712-001621-A,712,197.245207355997,1,2,4
712-001621-A-0051,3,1,7,712-001621-A,712,197.245207355997,3,2,2
712-001621-A-0101,3,1,7,712-001621-A,712,197.245207355997,3,2,3
712-001718-A-0201,3,1,7,712-001718-A,712,437.303327936552,3,2,1
712-001718-A-0281,3,1,7,712-001718-A,712,437.303327936552,3,2,4
712-001718-A-0281,4,1,7,712-001718-A,712,437.303327936552,3,1,1
712-001718-A-0281,5,1,7,712-001718-A,712,437.303327936552,3,1,1
712-001718-A-0411,4,1,7,712-001718-A,712,437.303327936552,3,1,5
712-001718-A-0461,2,1,7,712-001718-A,712,437.303327936552,3,2,1
712-001718-A-0501,3,1,7,712-001718-A,712,437.303327936552,3,1,4
712-002026-A-0101,4,1,7,712-002026-A,712,325.454592137396,3,1,4
712-002026-A-0131,3,1,7,712-002026-A,712,325.454592137396,3,1,3
712-002026-A-0321,3,1,7,712-002026-A,712,325.454592137396,3,2,1
712-002026-A-0321,4,1,7,712-002026-A,712,325.454592137396,3,2,1
712-002216-A-0141,5,1,7,712-002216-A,712,397.777834834594,3,1,3
712-002216-A-0251,6,1,7,712-002216-A,712,397.777834834594,3,1,3
712-002216-A-0281,4,1,7,712-002216-A,712,397.777834834594,3,1,5
712-002216-A-0281,5,1,7,712-002216-A,712,397.777834834594,3,2,1
712-002216-A-0391,5,1,7,712-002216-A,712,397.777834834594,3,1,2
712-002254-A-0281,6,1,7,712-002254-A,712,250.349686259535,3,2,4
712-002280-A-0041,4,1,7,712-002280-A,712,297.801587576702,1,2,4
712-002280-A-0051,3,1,7,712-002280-A,712,297.801587576702,3,2,3
712-002280-A-0131,2,1,7,712-002280-A,712,297.801587576702,3,2,2
712-002333-A-0551,3,1,7,712-002333-A,712,389.011381174328,3,2,4
712-002333-A-0671,2,1,7,712-002333-A,712,389.011381174328,3,1,1
712-002333-A-0671,5,1,7,712-002333-A,712,389.011381174328,3,1,3
712-002370-A-0421,4,1,7,712-002370-A,712,616.086882235399,1,2,5
712-002370-A-0451,5,1,7,712-002370-A,712,616.086882235399,3,1,1
712-002482-A-0091,4,1,7,712-002482-A,712,334.324423788939,3,2,4
712-002482-A-0091,5,1,7,712-002482-A,712,334.324423788939,3,1,1
712-002482-A-0291,3,1,7,712-002482-A,712,334.324423788939,1,1,0
712-002551-A-0031,2,1,7,712-002551-A,712,494.843239507151,3,1,1
712-002551-A-0051,3,1,7,712-002551-A,712,494.843239507151,3,1,0
712-002551-A-0071,4,1,7,712-002551-A,712,494.843239507151,3,1,5
712-002706-A-0841,4,1,7,712-002706-A,712,421.696650209373,3,1,4
712-002770-A-0011,2,1,7,712-002770-A,712,219.552701045068,3,1,0
712-002770-A-0051,3,1,7,712-002770-A,712,219.552701045068,3,1,5
712-002770-A-0091,3,1,7,712-002770-A,712,219.552701045068,3,2,4
712-002770-A-0091,4,1,7,712-002770-A,712,219.552701045068,3,2,3
712-002809-A-0021,3,1,7,712-002809-A,712,488.181888206093,3,2,1
712-002809-A-0021,4,1,7,712-002809-A,712,488.181888206093,3,1,0
712-003087-A-0021,3,1,7,712-003087-A,712,227.590623872304,3,2,1
712-003087-A-0071,3,1,7,712-003087-A,712,227.590623872304,3,1,4
712-003087-A-0071,4,1,7,712-003087-A,712,227.590623872304,3,2,0
712-003087-A-0141,3,1,7,712-003087-A,712,227.590623872304,3,1,4
712-003087-A-0141,4,1,7,712-003087-A,712,227.590623872304,3,1,2
712-003158-A-0021,3,1,7,712-003158-A,712,466.21594465963,3,1,2
712-003158-A-0091,3,1,7,712-003158-A,712,466.21594465963,3,2,4
712-003158-A-0121,3,1,7,712-003158-A,712,466.21594465963,3,2,4
712-003158-A-0351,2,1,7,712-003158-A,712,466.21594465963,3,2,3
712-003284-A-0031,4,1,7,712-003284-A,712,458.047203748927,2,1,5
712-003284-A-0061,3,1,7,712-003284-A,712,458.047203748927,3,2,0
712-003284-A-0091,2,1,7,712-003284-A,712,458.047203748927,3,2,0
712-003284-A-0141,3,1,7,712-003284-A,712,458.047203748927,3,1,4
712-003284-A-0151,4,1,7,712-003284-A,712,458.047203748927,2,2,5
712-003311-A-0031,4,1,7,712-003311-A,712,330.171325356778,3,1,1
712-003311-A-0061,3,1,7,712-003311-A,712,330.171325356778,2,2,3
712-003311-A-0101,5,1,7,712-003311-A,712,330.171325356778,3,1,4
712-003311-A-0151,3,1,7,712-003311-A,712,330.171325356778,3,1,0
712-003311-A-0201,3,1,7,712-003311-A,712,330.171325356778,3,2,2
712-003317-A-0601,4,1,7,712-003317-A,712,469.331681332887,1,2,4
712-003321-A-0051,7,1,7,712-003321-A,712,241.07747565733,3,1,4
712-003321-A-0051,9,1,7,712-003321-A,712,241.07747565733,3,1,0
712-003322-A-0241,4,1,7,712-003322-A,712,383.481379882822,3,2,3
712-003322-A-0241,5,1,7,712-003322-A,712,383.481379882822,3,2,1
712-003322-A-0311,10,1,7,712-003322-A,712,383.481379882822,3,1,4
712-003322-A-0371,5,1,7,712-003322-A,712,383.481379882822,3,1,4
712-003325-A-0011,5,1,7,712-003325-A,712,241.07747565733,1,2,3
712-003325-A-0011,6,1,7,712-003325-A,712,241.07747565733,3,2,1
712-003325-A-0111,4,1,7,712-003325-A,712,241.07747565733,3,2,0
712-003325-A-0141,4,1,7,712-003325-A,712,241.07747565733,3,1,5
712-003325-A-0141,5,1,7,712-003325-A,712,241.07747565733,3,2,1
712-003325-A-0261,5,1,7,712-003325-A,712,241.07747565733,3,2,3
712-003325-A-0291,3,1,7,712-003325-A,712,241.07747565733,3,2,5
712-003541-A-0131,5,1,7,712-003541-A,712,162.727296068698,3,2,4
712-003553-A-0761,3,1,7,712-003553-A,712,1063.11823625775,3,2,3
712-003553-A-0761,4,1,7,712-003553-A,712,1063.11823625775,3,1,1
712-003553-A-0901,4,1,7,712-003553-A,712,1063.11823625775,3,2,5
712-003581-A-0031,5,1,7,712-003581-A,712,268.894107463945,3,1,4
712-003581-A-0151,3,1,7,712-003581-A,712,268.894107463945,3,2,2
712-003581-A-0181,4,1,7,712-003581-A,712,268.894107463945,3,2,3
712-003581-A-0201,3,1,7,712-003581-A,712,268.894107463945,3,1,0
712-003581-A-0251,4,1,7,712-003581-A,712,268.894107463945,3,2,3
712-003596-A-0481,4,1,7,712-003596-A,712,129.992756481894,3,1,1
712-003695-A-0101,3,1,7,712-003695-A,712,415.473947409441,1,2,4
712-003695-A-0511,3,1,7,712-003695-A,712,415.473947409441,3,1,1
712-003782-A-0181,5,1,7,712-003782-A,712,553.060091213875,3,2,5
712-003782-A-0201,3,1,7,712-003782-A,712,553.060091213875,3,1,5
712-003782-A-0221,3,1,7,712-003782-A,712,553.060091213875,3,1,0
712-003844-A-0061,5,1,7,712-003844-A,712,537.537614641344,3,1,3
712-003844-A-0161,4,1,7,712-003844-A,712,537.537614641344,3,1,5
712-003844-A-0161,5,1,7,712-003844-A,712,537.537614641344,3,1,4
712-003844-A-0341,2,1,7,712-003844-A,712,537.537614641344,3,2,2
712-003844-A-0481,5,1,7,712-003844-A,712,537.537614641344,3,1,2
712-003844-A-0521,3,1,7,712-003844-A,712,537.537614641344,3,1,1
712-004038-A-0031,4,1,7,712-004038-A,712,323.551348908522,3,2,4
712-004038-A-0031,5,1,7,712-004038-A,712,323.551348908522,3,1,0
712-004038-A-0091,7,1,7,712-004038-A,712,323.551348908522,3,2,3
712-004038-A-0091,8,1,7,712-004038-A,712,323.551348908522,3,1,2
712-004038-A-0131,3,1,7,712-004038-A,712,323.551348908522,3,2,2
712-004038-A-0161,5,1,7,712-004038-A,712,323.551348908522,3,1,3
712-004038-A-0161,7,1,7,712-004038-A,712,323.551348908522,3,2,1
712-004119-A-0091,5,1,7,712-004119-A,712,1356.06080057248,1,1,5
712-004119-A-0091,6,1,7,712-004119-A,712,1356.06080057248,3,2,4
712-004119-A-0091,7,1,7,712-004119-A,712,1356.06080057248,3,2,4
712-004121-A-0021,6,1,7,712-004121-A,712,650.909184274791,3,1,3
712-004121-A-0021,7,1,7,712-004121-A,712,650.909184274791,3,2,2
712-004121-A-0081,4,1,7,712-004121-A,712,650.909184274791,3,1,4
712-004121-A-0261,4,1,7,712-004121-A,712,650.909184274791,3,2,2
712-004121-A-0381,3,1,7,712-004121-A,712,650.909184274791,3,1,3
713-004608-A-0011,3,1,7,713-004608-A,713,438.69714574358,3,2,0
713-004608-A-0291,7,1,7,713-004608-A,713,438.69714574358,3,1,3
713-004608-A-0291,8,1,7,713-004608-A,713,438.69714574358,3,1,2
713-004608-A-0291,9,1,7,713-004608-A,713,438.69714574358,3,2,1
713-005100-A-0071,4,1,7,713-005100-A,713,324.305685697539,3,2,0
713-005100-A-0181,3,1,7,713-005100-A,713,324.305685697539,1,1,4
713-005100-A-0201,4,1,7,713-005100-A,713,324.305685697539,3,1,3
713-005100-A-0201,5,1,7,713-005100-A,713,324.305685697539,3,2,2
713-005100-A-0221,7,1,7,713-005100-A,713,324.305685697539,3,1,2
713-005120-A-0091,2,1,7,713-005120-A,713,587.74168884877,3,1,1
713-005120-A-0341,3,1,7,713-005120-A,713,587.74168884877,3,2,4
713-005120-A-0371,2,1,7,713-005120-A,713,587.74168884877,2,2,4
713-005154-A-0091,4,1,7,713-005154-A,713,566.088047680658,3,2,2
713-005154-A-0091,6,1,7,713-005154-A,713,566.088047680658,3,2,4
713-005154-A-0301,7,1,7,713-005154-A,713,566.088047680658,3,2,0
713-005154-A-0401,3,1,7,713-005154-A,713,566.088047680658,3,1,3
713-005215-A-0011,5,1,7,713-005215-A,713,636.720162919501,1,2,5
713-005215-A-0011,6,1,7,713-005215-A,713,636.720162919501,3,2,0
713-005215-A-0041,3,1,7,713-005215-A,713,636.720162919501,3,2,1
713-005215-A-0091,3,1,7,713-005215-A,713,636.720162919501,3,2,4
713-005215-A-0181,3,1,7,713-005215-A,713,636.720162919501,3,1,4
713-005269-A-0011,4,1,7,713-005269-A,713,670.23175044158,3,2,2
713-005269-A-0051,2,1,7,713-005269-A,713,670.23175044158,3,2,4
713-005269-A-0051,3,1,7,713-005269-A,713,670.23175044158,3,1,2
713-005269-A-0141,5,1,7,713-005269-A,713,670.23175044158,2,1,2
713-005269-A-0261,5,1,7,713-005269-A,713,670.23175044158,3,1,4
713-005269-A-0261,6,1,7,713-005269-A,713,670.23175044158,3,2,0
713-005269-A-0301,2,1,7,713-005269-A,713,670.23175044158,3,2,4
713-005269-A-0391,3,1,7,713-005269-A,713,670.23175044158,3,2,0
713-005338-A-0111,4,1,7,713-005338-A,713,402.139050264948,3,2,3
713-005338-A-0111,5,1,7,713-005338-A,713,402.139050264948,3,1,0
713-005338-A-0201,5,1,7,713-005338-A,713,402.139050264948,3,2,4
713-005588-A-0221,4,1,7,713-005588-A,713,387.245011366246,3,1,2
713-005621-A-0121,3,1,7,713-005621-A,713,323.459670865284,1,2,5
713-005621-A-0241,3,1,7,713-005621-A,713,323.459670865284,3,2,1
713-005640-A-0081,5,1,7,713-005640-A,713,370.752587805245,3,2,0
713-005640-A-0341,9,1,7,713-005640-A,713,370.752587805245,3,2,2
713-005640-A-0601,5,1,7,713-005640-A,713,370.752587805245,3,2,3
713-005760-A-0161,3,1,7,713-005760-A,713,321.711240211958,3,2,5
713-005760-A-0161,4,1,7,713-005760-A,713,321.711240211958,3,2,1
713-005760-A-0191,7,1,7,713-005760-A,713,321.711240211958,3,1,5
713-005760-A-0341,4,1,7,713-005760-A,713,321.711240211958,3,1,0
713-006003-A-0371,5,1,7,713-006003-A,713,431.385526647853,3,1,4
713-006030-A-0311,3,1,7,713-006030-A,713,333.68985021985,3,1,1
713-006030-A-0381,3,1,7,713-006030-A,713,333.68985021985,3,2,1
713-006073-A-0421,2,1,7,713-006073-A,713,317.739496505638,3,2,1
713-006082-A-0131,2,1,7,713-006082-A,713,565.688424774616,1,1,3
713-006082-A-0171,3,1,7,713-006082-A,713,565.688424774616,2,1,0
713-006323-A-0361,5,1,7,713-006323-A,713,330.647663551179,3,2,3
713-006351-A-0151,3,1,7,713-006351-A,713,306.391657344722,1,1,4
713-006351-A-0191,5,1,7,713-006351-A,713,306.391657344722,3,2,4
713-006550-A-0061,3,1,7,713-006550-A,713,575.966897798829,3,1,1
713-006550-A-0151,3,1,7,713-006550-A,713,575.966897798829,3,1,2
713-006550-A-0151,4,1,7,713-006550-A,713,575.966897798829,3,1,1
713-006550-A-0271,3,1,7,713-006550-A,713,575.966897798829,3,1,3
713-006550-A-0271,4,1,7,713-006550-A,713,575.966897798829,3,2,1
713-006601-A-0081,3,1,7,713-006601-A,713,519.124955796569,3,1,4
713-006601-A-0141,5,1,7,713-006601-A,713,519.124955796569,3,1,3
713-006601-A-0191,6,1,7,713-006601-A,713,519.124955796569,3,1,1
713-006601-A-0371,3,1,7,713-006601-A,713,519.124955796569,3,2,0
713-006601-A-0611,6,1,7,713-006601-A,713,519.124955796569,3,2,2
713-006837-A-0221,3,1,7,713-006837-A,713,421.824178599596,3,1,0
713-006914-A-0031,4,1,7,713-006914-A,713,440.438007433038,1,2,4
713-006914-A-0031,5,1,7,713-006914-A,713,440.438007433038,3,1,1
713-006914-A-0111,4,1,7,713-006914-A,713,440.438007433038,1,1,5
713-006939-A-0011,4,1,7,713-006939-A,713,466.48129830734,3,1,3
713-006939-A-0011,5,1,7,713-006939-A,713,466.48129830734,3,2,5
713-006939-A-0081,3,1,7,713-006939-A,713,466.48129830734,1,1,5
713-006939-A-0151,3,1,7,713-006939-A,713,466.48129830734,3,2,3
713-007135-A-0271,3,1,7,713-007135-A,713,462.198778551271,3,1,3
713-007135-A-0371,3,1,7,713-007135-A,713,462.198778551271,3,1,4
713-007135-A-0471,3,1,7,713-007135-A,713,462.198778551271,3,1,2
713-007135-A-0471,4,1,7,713-007135-A,713,462.198778551271,3,2,0
713-007239-A-0031,3,1,7,713-007239-A,713,562.994670370927,3,2,0
713-007239-A-0041,3,1,7,713-007239-A,713,562.994670370927,3,2,2
713-007239-A-0111,4,1,7,713-007239-A,713,562.994670370927,3,1,4
713-007239-A-0201,5,1,7,713-007239-A,713,562.994670370927,3,2,4
713-007254-A-0251,4,1,7,713-007254-A,713,264.873748373482,2,1,5
713-007262-A-0071,7,1,7,713-007262-A,713,320.586375735693,3,1,4
713-007365-A-0011,5,1,7,713-007365-A,713,299.111690279713,3,2,0
713-007419-A-0221,4,1,7,713-007419-A,713,285.965546855074,3,1,5
713-007423-A-0251,4,1,7,713-007423-A,713,218.445903847626,3,2,1
713-007423-A-0281,4,1,7,713-007423-A,713,218.445903847626,2,2,5
713-007498-A-0051,7,1,7,713-007498-A,713,371.938884434774,3,2,1
713-007498-A-0121,3,1,7,713-007498-A,713,371.938884434774,1,1,4
713-007498-A-0281,3,1,7,713-007498-A,713,371.938884434774,1,2,5
713-007507-A-0011,3,1,7,713-007507-A,713,568.541415891823,3,1,3
713-007507-A-0321,2,1,7,713-007507-A,713,568.541415891823,3,2,1
713-007573-A-0061,3,1,7,713-007573-A,713,610.361246251937,3,1,4
713-007573-A-0141,5,1,7,713-007573-A,713,610.361246251937,3,1,4
713-007573-A-0221,5,1,7,713-007573-A,713,610.361246251937,3,1,5
713-007907-A-0041,6,1,7,713-007907-A,713,344.690614512813,3,1,3
713-007907-A-0131,4,1,7,713-007907-A,713,344.690614512813,3,1,0
713-007907-A-0171,5,1,7,713-007907-A,713,344.690614512813,3,2,0
713-007992-A-0151,3,1,7,713-007992-A,713,540.807688287344,2,2,3
713-007992-A-0221,7,1,7,713-007992-A,713,540.807688287344,3,2,2
713-008052-A-0011,3,1,7,713-008052-A,713,467.943622126485,3,1,2
713-008052-A-0091,2,1,7,713-008052-A,713,467.943622126485,3,2,4
713-008052-A-0141,3,1,7,713-008052-A,713,467.943622126485,1,2,5
713-008052-A-0251,3,1,7,713-008052-A,713,467.943622126485,3,1,2
713-008052-A-0301,4,1,7,713-008052-A,713,467.943622126485,1,1,5
713-008428-A-0161,6,1,7,713-008428-A,713,344.690614512813,3,2,3
713-008517-A-0181,5,1,7,713-008517-A,713,568.239962330905,1,1,5
713-008526-A-0011,4,1,7,713-008526-A,713,464.006596459555,1,2,5
713-008526-A-0051,3,1,7,713-008526-A,713,464.006596459555,3,1,3
713-008526-A-0081,2,1,7,713-008526-A,713,464.006596459555,3,2,0
713-008526-A-0381,3,1,7,713-008526-A,713,464.006596459555,3,2,0
713-008526-A-0421,3,1,7,713-008526-A,713,464.006596459555,3,1,4
713-008571-A-0391,3,1,7,713-008571-A,713,643.422480423917,3,1,0
713-008621-A-0151,6,1,7,713-008621-A,713,263.903751736372,3,1,4
713-008621-A-0201,5,1,7,713-008621-A,713,263.903751736372,3,1,1
714-008889-A-0261,4,1,7,714-008889-A,714,640.614231408719,3,1,2
714-008889-A-0341,4,1,7,714-008889-A,714,640.614231408719,3,2,5
714-008889-A-0421,3,1,7,714-008889-A,714,640.614231408719,1,1,2
714-008958-A-0011,5,1,7,714-008958-A,714,384.176450619922,3,2,5
714-008958-A-0061,5,1,7,714-008958-A,714,384.176450619922,3,2,5
714-008958-A-0141,4,1,7,714-008958-A,714,384.176450619922,3,1,4
714-008958-A-0211,5,1,7,714-008958-A,714,384.176450619922,3,1,3
714-009023-A-0331,3,1,7,714-009023-A,714,528.488886557918,3,2,2
714-009092-A-0031,3,1,7,714-009092-A,714,509.308208821839,1,2,5
714-009092-A-0211,4,1,7,714-009092-A,714,509.308208821839,1,1,4
714-009177-A-0331,3,1,7,714-009177-A,714,427.07615427248,3,2,3
714-009177-A-0331,4,1,7,714-009177-A,714,427.07615427248,3,1,0
714-009177-A-0501,2,1,7,714-009177-A,714,427.07615427248,3,2,1
714-009177-A-0621,3,1,7,714-009177-A,714,427.07615427248,3,2,0
714-009207-A-0151,2,1,7,714-009207-A,714,468.433331267245,2,2,3
714-009207-A-0181,5,1,7,714-009207-A,714,468.433331267245,3,1,0
714-009207-A-0211,4,1,7,714-009207-A,714,468.433331267245,3,1,4
714-009207-A-0211,5,1,7,714-009207-A,714,468.433331267245,3,2,2
714-009222-A-0091,6,1,7,714-009222-A,714,391.444653739758,3,2,3
714-009222-A-0091,7,1,7,714-009222-A,714,391.444653739758,3,2,0
714-009222-A-0281,3,1,7,714-009222-A,714,391.444653739758,3,1,0
714-009297-A-0051,3,1,7,714-009297-A,714,579.338087534842,3,2,0
714-009297-A-0241,5,1,7,714-009297-A,714,579.338087534842,3,2,3
714-009396-A-0031,3,1,7,714-009396-A,714,319.791323247509,3,1,5
714-009396-A-0031,4,1,7,714-009396-A,714,319.791323247509,3,1,2
714-009396-A-0291,4,1,7,714-009396-A,714,319.791323247509,3,1,4
714-009396-A-0341,3,1,7,714-009396-A,714,319.791323247509,3,1,3
714-009396-A-0341,4,1,7,714-009396-A,714,319.791323247509,3,1,2
714-009870-A-0111,3,1,7,714-009870-A,714,276.018666098547,3,1,4
714-009870-A-0111,4,1,7,714-009870-A,714,276.018666098547,3,2,1
714-009970-A-0381,6,1,7,714-009970-A,714,688.723600565896,3,1,5
714-009970-A-0451,3,1,7,714-009970-A,714,688.723600565896,3,1,2
714-009970-A-0451,4,1,7,714-009970-A,714,688.723600565896,3,1,0
714-009970-A-0521,2,1,7,714-009970-A,714,688.723600565896,3,2,0
714-010365-A-0211,3,1,7,714-010365-A,714,649.898495632034,3,2,5
714-010421-A-0021,5,1,7,714-010421-A,714,460.376738346187,2,2,5
714-010421-A-0151,5,1,7,714-010421-A,714,460.376738346187,3,2,2
714-010464-A-0011,4,1,7,714-010464-A,714,344.84409972312,3,2,3
714-010464-A-0011,5,1,7,714-010464-A,714,344.84409972312,3,2,1
714-010464-A-0031,5,1,7,714-010464-A,714,344.84409972312,3,2,1
714-010464-A-0101,3,1,7,714-010464-A,714,344.84409972312,2,1,3
714-010464-A-0111,4,1,7,714-010464-A,714,344.84409972312,1,1,4
714-010470-A-0061,8,1,7,714-010470-A,714,408.50762582585,3,2,3
714-010470-A-0061,9,1,7,714-010470-A,714,408.50762582585,3,1,0
714-010470-A-0121,3,1,7,714-010470-A,714,408.50762582585,3,2,1
714-010470-A-0171,10,1,7,714-010470-A,714,408.50762582585,3,1,2
714-010470-A-0191,7,1,7,714-010470-A,714,408.50762582585,3,1,0
714-010570-A-0441,4,1,7,714-010570-A,714,485.257543405252,2,1,4
714-010570-A-0521,3,1,7,714-010570-A,714,485.257543405252,1,1,4
714-010570-A-0521,4,1,7,714-010570-A,714,485.257543405252,3,1,0
714-010756-A-0131,5,1,7,714-010756-A,714,228.535734727748,3,2,5
714-010756-A-0131,6,1,7,714-010756-A,714,228.535734727748,3,1,3
714-010758-A-0061,4,1,7,714-010758-A,714,424.423507351533,3,2,2
714-010758-A-0251,2,1,7,714-010758-A,714,424.423507351533,3,1,5
714-010758-A-0361,4,1,7,714-010758-A,714,424.423507351533,3,2,0
714-010824-A-0091,3,1,7,714-010824-A,714,351.296484125424,3,2,1
714-010824-A-0391,6,1,7,714-010824-A,714,351.296484125424,3,1,2
714-011078-A-0331,3,1,7,714-011078-A,714,458.751879269671,3,1,3
714-011221-A-0161,5,1,7,714-011221-A,714,450.949976561003,1,1,4
714-011328-A-0161,5,1,7,714-011328-A,714,300.633317707336,3,2,4
714-011343-A-0071,6,1,7,714-011343-A,714,215.634523896343,3,2,5
714-011343-A-0111,3,1,7,714-011343-A,714,215.634523896343,3,2,5
714-011343-A-0111,4,1,7,714-011343-A,714,215.634523896343,3,1,1
714-011505-A-0061,4,1,7,714-011505-A,714,215.004013592553,3,1,4
714-011613-A-0011,3,1,7,714-011613-A,714,225.474988280502,3,1,1
714-011613-A-0151,4,1,7,714-011613-A,714,225.474988280502,3,1,5
714-011613-A-0271,3,1,7,714-011613-A,714,225.474988280502,3,2,0
714-011613-A-0291,4,1,7,714-011613-A,714,225.474988280502,2,1,4
714-011797-A-0091,5,1,7,714-011797-A,714,265.264692094708,2,1,5
714-011877-A-0061,3,1,7,714-011877-A,714,385.839552137757,3,1,3
714-011877-A-0061,4,1,7,714-011877-A,714,385.839552137757,3,1,1
714-011877-A-0191,3,1,7,714-011877-A,714,385.839552137757,3,2,2
714-011877-A-0361,4,1,7,714-011877-A,714,385.839552137757,3,2,2
714-011973-A-0011,4,1,7,714-011973-A,714,544.676834434467,3,2,3
714-011973-A-0021,4,1,7,714-011973-A,714,544.676834434467,3,2,2
714-011973-A-0061,5,1,7,714-011973-A,714,544.676834434467,2,2,5
714-011973-A-0131,4,1,7,714-011973-A,714,544.676834434467,3,1,3
714-011973-A-0131,5,1,7,714-011973-A,714,544.676834434467,3,2,2
714-011993-A-0011,4,1,7,714-011993-A,714,495.160758576788,2,1,4
714-011993-A-0021,5,1,7,714-011993-A,714,495.160758576788,3,2,4
714-011993-A-0021,6,1,7,714-011993-A,714,495.160758576788,3,1,3
714-011993-A-0061,3,1,7,714-011993-A,714,495.160758576788,3,1,1
714-011993-A-0071,4,1,7,714-011993-A,714,495.160758576788,3,2,4
714-011993-A-0071,5,1,7,714-011993-A,714,495.160758576788,3,2,2
714-011993-A-0121,5,1,7,714-011993-A,714,495.160758576788,3,1,2
714-012022-A-0441,3,1,7,714-012022-A,714,393.772701807879,3,2,0
714-012071-A-0111,3,1,7,714-012071-A,714,159.158815256825,2,1,5
714-012071-A-0111,4,1,7,714-012071-A,714,159.158815256825,3,2,2
714-012071-A-0111,5,1,7,714-012071-A,714,159.158815256825,3,2,2
721-013296-A-0021,6,1,7,721-013296-A,711,63.0446157633991,3,1,1
721-013296-A-0081,3,1,7,721-013296-A,711,63.0446157633991,3,1,0
721-013296-A-0171,4,1,7,721-013296-A,711,63.0446157633991,3,1,4
721-013296-A-0261,4,1,7,721-013296-A,711,63.0446157633991,3,1,1
721-012555-A-0051,3,1,7,721-012555-A,711,316.835330895601,1,2,4
721-012555-A-0181,5,1,7,721-012555-A,711,316.835330895601,3,1,5
721-012555-A-0251,5,1,7,721-012555-A,711,316.835330895601,3,2,5
721-012555-A-0281,6,1,7,721-012555-A,711,316.835330895601,3,2,3
721-012555-A-0391,5,1,7,721-012555-A,711,316.835330895601,3,1,3
721-013668-A-0061,4,1,7,721-013668-A,711,1143.69826762314,1,1,5
721-013668-A-0121,3,1,7,721-013668-A,711,1143.69826762314,3,1,5
721-013668-A-0301,3,1,7,721-013668-A,711,1143.69826762314,3,2,2
721-013668-A-0491,5,1,7,721-013668-A,711,1143.69826762314,3,2,3
721-013668-A-0491,6,1,7,721-013668-A,711,1143.69826762314,3,1,0
721-015166-A-0011,3,1,7,721-015166-A,711,316.798356297527,3,2,1
721-015166-A-0031,6,1,7,721-015166-A,711,316.798356297527,2,1,4
721-015166-A-0081,5,1,7,721-015166-A,711,316.798356297527,1,2,5
721-015166-A-0121,3,1,7,721-015166-A,711,316.798356297527,3,1,0
721-015187-A-0011,3,1,7,721-015187-A,711,708.137502312119,3,1,2
721-015187-A-0031,5,1,7,721-015187-A,711,708.137502312119,3,2,4
721-015187-A-0031,6,1,7,721-015187-A,711,708.137502312119,3,1,1
721-015187-A-0051,7,1,7,721-015187-A,711,708.137502312119,3,2,0
721-016950-A-0151,2,1,7,721-016950-A,711,496.780135550594,1,1,5
721-016950-A-0341,5,1,7,721-016950-A,711,496.780135550594,3,1,3
721-016950-A-0461,4,1,7,721-016950-A,711,496.780135550594,3,2,1
721-016950-A-0651,3,1,7,721-016950-A,711,496.780135550594,3,1,1
721-016987-A-0211,5,1,7,721-016987-A,711,317.429768664636,1,1,5
721-016987-A-0291,2,1,7,721-016987-A,711,317.429768664636,3,2,3
721-016987-A-0441,5,1,7,721-016987-A,711,317.429768664636,1,1,3
721-016987-A-0731,5,1,7,721-016987-A,711,317.429768664636,3,2,5
721-016987-A-0811,6,1,7,721-016987-A,711,317.429768664636,3,2,1
721-017033-A-0501,3,1,7,721-017033-A,711,2354.07872390245,3,1,3
721-017033-A-0501,4,1,7,721-017033-A,711,2354.07872390245,3,2,0
721-017033-A-0701,4,1,7,721-017033-A,711,2354.07872390245,1,1,5
721-017033-A-1321,3,1,7,721-017033-A,711,2354.07872390245,3,1,1
721-017033-A-2341,3,1,7,721-017033-A,711,2354.07872390245,3,2,4
721-017033-A-2341,4,1,7,721-017033-A,711,2354.07872390245,3,1,2
722-013400-A-0091,2,1,7,722-013400-A,712,243.269089072397,3,1,1
722-013400-A-0121,5,1,7,722-013400-A,712,243.269089072397,3,2,1
722-013400-A-0151,5,1,7,722-013400-A,712,243.269089072397,3,2,0
722-013400-A-0181,2,1,7,722-013400-A,712,243.269089072397,3,1,1
722-013400-A-0241,3,1,7,722-013400-A,712,243.269089072397,3,1,5
722-013400-A-0271,3,1,7,722-013400-A,712,243.269089072397,3,1,2
722-012617-A-0121,3,1,7,722-012617-A,712,542.424320228992,3,2,0
722-012617-A-0281,3,1,7,722-012617-A,712,542.424320228992,1,1,5
722-012617-A-0351,4,1,7,722-012617-A,712,542.424320228992,3,1,5
722-012659-A-0051,7,1,7,722-012659-A,712,506.262698880393,3,1,5
722-012659-A-0121,3,1,7,722-012659-A,712,506.262698880393,3,2,2
722-012659-A-0331,5,1,7,722-012659-A,712,506.262698880393,3,1,4
722-012675-A-0121,3,1,7,722-012675-A,712,986.226036779986,3,2,4
722-012675-A-0271,3,1,7,722-012675-A,712,986.226036779986,3,2,0
722-015229-A-0251,3,1,7,722-015229-A,712,741.31323764629,3,2,4
722-015229-A-0321,3,1,7,722-015229-A,712,741.31323764629,3,2,3
722-015229-A-0321,4,1,7,722-015229-A,712,741.31323764629,3,1,1
722-014178-A-0091,7,1,7,722-014178-A,712,428.793929034777,3,1,3
722-014178-A-0161,3,1,7,722-014178-A,712,428.793929034777,3,1,0
722-014182-A-0031,3,1,7,722-014182-A,712,553.060091213875,3,1,4
722-014182-A-0031,4,1,7,722-014182-A,712,553.060091213875,3,2,1
722-014182-A-0111,5,1,7,722-014182-A,712,553.060091213875,3,2,0
722-014182-A-0201,3,1,7,722-014182-A,712,553.060091213875,3,1,3
722-014182-A-0221,3,1,7,722-014182-A,712,553.060091213875,3,1,5
722-014182-A-0221,4,1,7,722-014182-A,712,553.060091213875,1,2,4
722-014234-A-0011,6,1,7,722-014234-A,712,327.176574106376,3,1,0
722-014234-A-0041,4,1,7,722-014234-A,712,327.176574106376,3,1,4
722-014234-A-0121,3,1,7,722-014234-A,712,327.176574106376,3,2,5
722-014234-A-0121,4,1,7,722-014234-A,712,327.176574106376,3,2,3
722-017081-A-0241,3,1,7,722-017081-A,712,265.185223223063,3,1,1
722-019210-A-0281,3,1,7,722-019210-A,712,307.373781463096,3,1,5
722-019210-A-0491,5,1,7,722-019210-A,712,307.373781463096,1,1,5
722-019210-A-0491,6,1,7,722-019210-A,712,307.373781463096,3,2,2
722-015515-A-0021,4,1,7,722-015515-A,712,427.364615937994,3,1,5
722-015515-A-0091,3,1,7,722-015515-A,712,427.364615937994,3,1,2
723-016303-A-0051,4,1,7,723-016303-A,713,520.952860570501,3,2,3
723-016303-A-0121,5,1,7,723-016303-A,713,520.952860570501,3,1,2
723-016303-A-0151,4,1,7,723-016303-A,713,520.952860570501,3,2,1
723-016327-A-0061,3,1,7,723-016327-A,713,619.964369158462,1,2,5
723-016327-A-0061,5,1,7,723-016327-A,713,619.964369158462,3,1,3
723-016327-A-0091,6,1,7,723-016327-A,713,619.964369158462,3,2,0
723-016327-A-0121,4,1,7,723-016327-A,713,619.964369158462,3,2,1
723-013002-A-0091,3,1,7,723-013002-A,713,694.603814094001,3,1,1
723-013002-A-0151,4,1,7,723-013002-A,713,694.603814094001,1,2,5
723-013002-A-0241,7,1,7,723-013002-A,713,694.603814094001,3,1,1
723-013002-A-0371,2,1,7,723-013002-A,713,694.603814094001,3,1,3
723-013125-A-0011,6,1,7,723-013125-A,713,670.23175044158,3,2,1
723-013125-A-0021,4,1,7,723-013125-A,713,670.23175044158,3,2,1
723-013125-A-0091,5,1,7,723-013125-A,713,670.23175044158,3,1,4
723-013125-A-0111,9,1,7,723-013125-A,713,670.23175044158,3,1,4
723-013126-A-0031,4,1,7,723-013126-A,713,459.587486017084,3,2,4
723-013126-A-0031,5,1,7,723-013126-A,713,459.587486017084,3,1,1
723-013126-A-0061,2,1,7,723-013126-A,713,459.587486017084,3,2,2
723-012361-A-0031,4,1,7,723-012361-A,713,219.34857287179,2,2,3
723-014309-A-0051,4,1,7,723-014309-A,713,466.115717352553,3,1,2
723-014309-A-0061,4,1,7,723-014309-A,713,466.115717352553,3,1,4
723-014309-A-0131,3,1,7,723-014309-A,713,466.115717352553,1,1,4
723-014309-A-0161,4,1,7,723-014309-A,713,466.115717352553,3,2,3
723-014377-A-0181,4,1,7,723-014377-A,713,448.539709910903,3,2,5
723-014377-A-0201,4,1,7,723-014377-A,713,448.539709910903,3,2,3
723-014377-A-0231,3,1,7,723-014377-A,713,448.539709910903,3,2,4
723-014377-A-0231,4,1,7,723-014377-A,713,448.539709910903,3,1,3
723-014462-A-0011,6,1,7,723-014462-A,713,631.93279327349,3,2,4
723-014462-A-0011,7,1,7,723-014462-A,713,631.93279327349,3,1,4
723-014462-A-0041,3,1,7,723-014462-A,713,631.93279327349,3,2,2
723-014462-A-0081,3,1,7,723-014462-A,713,631.93279327349,3,2,3
723-014462-A-0101,4,1,7,723-014462-A,713,631.93279327349,3,2,3
723-014462-A-0151,3,1,7,723-014462-A,713,631.93279327349,3,1,0
723-014462-A-0151,4,1,7,723-014462-A,713,631.93279327349,3,1,2
723-017538-A-0051,4,1,7,723-017538-A,713,423.876296225215,3,1,5
723-017538-A-0151,3,1,7,723-017538-A,713,423.876296225215,3,2,4
723-017538-A-0251,3,1,7,723-017538-A,713,423.876296225215,3,2,0
731-015067-A-0321,3,1,7,731-015067-A,711,282.952378060612,3,1,2
731-015437-A-0341,4,1,7,731-015437-A,711,637.534507289929,3,1,1
731-018881-A-0011,2,1,7,731-018881-A,711,486.844532839582,1,2,5
731-018881-A-0011,3,1,7,731-018881-A,711,486.844532839582,3,1,0
731-018881-A-0031,4,1,7,731-018881-A,711,486.844532839582,3,2,3
731-018881-A-0061,3,1,7,731-018881-A,711,486.844532839582,3,2,0
731-018881-A-0181,4,1,7,731-018881-A,711,486.844532839582,3,1,1
731-018883-A-0031,3,1,7,731-018883-A,711,706.401871179001,3,1,3
731-018883-A-0091,2,1,7,731-018883-A,711,706.401871179001,1,2,5
731-018883-A-0091,3,1,7,731-018883-A,711,706.401871179001,3,1,3
731-018883-A-0091,4,1,7,731-018883-A,711,706.401871179001,3,1,0
731-018883-A-0271,5,1,7,731-018883-A,711,706.401871179001,3,1,4
731-018883-A-0331,4,1,7,731-018883-A,711,706.401871179001,3,2,3
732-016777-A-0231,3,1,7,732-016777-A,712,826.551345110846,3,1,4
732-016777-A-0231,4,1,7,732-016777-A,712,826.551345110846,3,1,0
732-016777-A-0271,3,1,7,732-016777-A,712,826.551345110846,3,2,2
732-016777-A-0271,4,1,7,732-016777-A,712,826.551345110846,3,2,1
732-015001-A-0391,3,1,7,732-015001-A,712,355.688078838684,3,2,0
732-015001-A-0441,4,1,7,732-015001-A,712,355.688078838684,3,1,1
732-015001-A-0491,2,1,7,732-015001-A,712,355.688078838684,3,2,1
732-015001-A-0491,3,1,7,732-015001-A,712,355.688078838684,3,2,0
732-015001-A-0591,3,1,7,732-015001-A,712,355.688078838684,3,2,5
732-015001-A-0591,4,1,7,732-015001-A,712,355.688078838684,3,2,0
732-015987-A-0131,3,1,7,732-015987-A,712,409.831708617461,3,1,4
732-014564-A-0031,4,1,7,732-014564-A,712,282.512666785934,3,1,1
732-014564-A-0091,3,1,7,732-014564-A,712,282.512666785934,3,1,1
732-014564-A-0141,5,1,7,732-014564-A,712,282.512666785934,3,1,2
732-014564-A-0221,4,1,7,732-014564-A,712,282.512666785934,3,2,0
732-014564-A-0241,6,1,7,732-014564-A,712,282.512666785934,1,1,4
732-018959-A-0021,3,1,7,732-018959-A,712,482.15495131466,3,1,3
732-018959-A-0021,4,1,7,732-018959-A,712,482.15495131466,3,1,0
733-012416-A-0011,5,1,7,733-012416-A,713,301.604287698711,3,1,2
733-016054-A-0021,6,1,7,733-016054-A,713,271.44385892884,1,2,5
733-016054-A-0111,3,1,7,733-016054-A,713,271.44385892884,3,2,3
733-016054-A-0131,4,1,7,733-016054-A,713,271.44385892884,3,2,5
733-014879-A-0121,3,1,7,733-014879-A,713,310.743811568369,3,1,1
733-014879-A-0121,6,1,7,733-014879-A,713,310.743811568369,1,2,5
733-014879-A-0151,5,1,7,733-014879-A,713,310.743811568369,3,2,0
733-014879-A-0211,5,1,7,733-014879-A,713,310.743811568369,3,1,2
742-022470-D-0091,3,2,7,742-022470-D,722,806.390983298121,3,1,3
742-022470-D-0341,2,2,7,742-022470-D,722,806.390983298121,3,1,5
742-022470-D-0341,3,2,7,742-022470-D,722,806.390983298121,3,2,3
742-022470-D-0591,3,2,7,742-022470-D,722,806.390983298121,3,2,3
742-022470-D-0591,4,2,7,742-022470-D,722,806.390983298121,3,1,0
742-022470-D-0681,4,2,7,742-022470-D,722,806.390983298121,3,1,1
742-022470-D-0761,2,2,7,742-022470-D,722,806.390983298121,3,2,3
742-022470-D-0841,4,2,7,742-022470-D,722,806.390983298121,3,1,2
742-022470-D-0931,5,2,7,742-022470-D,722,806.390983298121,1,2,4
742-022470-D-0931,6,2,7,742-022470-D,722,806.390983298121,3,2,1
742-023240-D-0361,3,2,7,742-023240-D,722,527.565793303886,3,1,5
742-023240-D-0431,3,2,7,742-023240-D,722,527.565793303886,3,1,3
742-023240-D-0571,3,2,7,742-023240-D,722,527.565793303886,3,2,4
742-023240-D-0571,4,2,7,742-023240-D,722,527.565793303886,3,1,1
742-023240-D-0701,3,2,7,742-023240-D,722,527.565793303886,3,1,0
743-020421-A-0011,5,2,7,743-020421-A,723,823.777944268145,3,2,1
743-020421-A-0021,3,2,7,743-020421-A,723,823.777944268145,1,2,5
743-020421-A-0061,3,2,7,743-020421-A,723,823.777944268145,3,1,3
743-020421-A-0111,5,2,7,743-020421-A,723,823.777944268145,3,1,3
743-020421-A-0131,3,2,7,743-020421-A,723,823.777944268145,3,2,3
743-020421-A-0131,4,2,7,743-020421-A,723,823.777944268145,3,2,0
743-021164-D-0051,3,2,7,743-021164-D,723,214.52550631983,3,1,5
743-021164-D-0201,3,2,7,743-021164-D,723,214.52550631983,3,2,4
743-021164-D-0201,4,2,7,743-021164-D,723,214.52550631983,3,1,0
743-021228-D-0041,4,2,7,743-021228-D,723,1615.87212144905,3,2,4
743-021228-D-0071,7,2,7,743-021228-D,723,1615.87212144905,3,1,1
743-021228-D-0101,5,2,7,743-021228-D,723,1615.87212144905,3,1,4
743-021228-D-0101,6,2,7,743-021228-D,723,1615.87212144905,3,1,2
743-021228-D-0121,4,2,7,743-021228-D,723,1615.87212144905,3,1,5
743-021228-D-0121,5,2,7,743-021228-D,723,1615.87212144905,3,1,3
743-021228-D-0121,6,2,7,743-021228-D,723,1615.87212144905,3,2,0
743-021228-D-0151,3,2,7,743-021228-D,723,1615.87212144905,3,2,1
743-021228-D-0241,6,2,7,743-021228-D,723,1615.87212144905,3,2,4
743-021228-D-0241,7,2,7,743-021228-D,723,1615.87212144905,3,2,1
743-021228-D-0321,8,2,7,743-021228-D,723,1615.87212144905,3,2,2
743-020044-A-0061,4,2,7,743-020044-A,723,390.210605179648,3,1,4
743-020044-A-0071,3,2,7,743-020044-A,723,390.210605179648,3,1,3
743-020044-A-0071,4,2,7,743-020044-A,723,390.210605179648,3,1,1
743-020044-A-0091,3,2,7,743-020044-A,723,390.210605179648,3,2,2
743-020044-A-0121,3,2,7,743-020044-A,723,390.210605179648,3,2,1
744-019955-A-0131,3,2,7,744-019955-A,724,705.605489749869,3,2,3
744-020299-A-0011,7,2,7,744-020299-A,724,617.404803531135,3,2,5
744-020299-A-0031,3,2,7,744-020299-A,724,617.404803531135,3,2,3
744-020299-A-0151,4,2,7,744-020299-A,724,617.404803531135,3,1,5
744-020328-A-0011,6,2,7,744-020328-A,724,368.839233278341,3,1,2
744-020328-A-0011,7,2,7,744-020328-A,724,368.839233278341,3,2,2
744-020328-A-0021,5,2,7,744-020328-A,724,368.839233278341,3,1,1
744-020328-A-0141,3,2,7,744-020328-A,724,368.839233278341,3,1,0
744-020328-A-0161,5,2,7,744-020328-A,724,368.839233278341,3,1,3
744-022041-D-0041,3,2,7,744-022041-D,724,560.12504753851,3,2,5
744-022041-D-0361,3,2,7,744-022041-D,724,560.12504753851,3,1,0
744-022041-D-0471,4,2,7,744-022041-D,724,560.12504753851,3,2,4
744-022041-D-0471,5,2,7,744-022041-D,724,560.12504753851,3,1,3
744-022041-D-1231,9,2,7,744-022041-D,724,560.12504753851,3,1,1
751-022373-D-0091,4,2,7,751-022373-D,721,642.679709706371,3,2,5
751-022373-D-0091,5,2,7,751-022373-D,721,642.679709706371,3,2,2
751-022373-D-0111,4,2,7,751-022373-D,721,642.679709706371,3,2,0
751-022038-D-0011,3,2,7,751-022038-D,721,345.017528368683,3,2,5
751-022038-D-0031,5,2,7,751-022038-D,721,345.017528368683,3,1,2
751-022038-D-0051,2,2,7,751-022038-D,721,345.017528368683,3,2,2
751-022038-D-0051,3,2,7,751-022038-D,721,345.017528368683,3,2,1
751-022038-D-0061,4,2,7,751-022038-D,721,345.017528368683,3,2,1
751-022038-D-0081,3,2,7,751-022038-D,721,345.017528368683,3,1,3
751-022038-D-0111,5,2,7,751-022038-D,721,345.017528368683,3,2,1
751-022038-D-0121,3,2,7,751-022038-D,721,345.017528368683,3,1,5
751-022170-D-0031,4,2,7,751-022170-D,721,112.208403370356,3,2,3
751-022170-D-0061,4,2,7,751-022170-D,721,112.208403370356,1,1,5
751-022170-D-0091,6,2,7,751-022170-D,721,112.208403370356,3,1,4
751-022170-D-0091,10,2,7,751-022170-D,721,112.208403370356,3,1,3
751-023656-D-0011,5,2,7,751-023656-D,721,218.511101300166,3,2,4
751-023656-D-0011,6,2,7,751-023656-D,721,218.511101300166,3,2,0
751-023656-D-0071,8,2,7,751-023656-D,721,218.511101300166,3,2,3
751-023656-D-0091,6,2,7,751-023656-D,721,218.511101300166,3,2,2
751-022971-D-0091,3,2,7,751-022971-D,721,2156.35955230427,3,2,2
751-022971-D-0401,2,2,7,751-022971-D,721,2156.35955230427,3,2,1
751-022971-D-0651,3,2,7,751-022971-D,721,2156.35955230427,3,1,4
751-022971-D-0651,4,2,7,751-022971-D,721,2156.35955230427,3,2,1
752-022597-D-0081,3,2,7,752-022597-D,722,435.451130980985,3,1,5
752-022597-D-0101,2,2,7,752-022597-D,722,435.451130980985,3,1,0
752-021271-D-0011,3,2,7,752-021271-D,722,225.789475323474,3,1,5
752-021271-D-0011,4,2,7,752-021271-D,722,225.789475323474,3,1,2
752-021271-D-0041,6,2,7,752-021271-D,722,225.789475323474,3,2,0
752-021271-D-0071,4,2,7,752-021271-D,722,225.789475323474,3,2,2
752-021271-D-0071,5,2,7,752-021271-D,722,225.789475323474,3,1,0
752-021271-D-0111,6,2,7,752-021271-D,722,225.789475323474,3,1,3
752-021271-D-0111,7,2,7,752-021271-D,722,225.789475323474,3,1,0
752-022193-D-0151,5,2,7,752-022193-D,722,626.56579402264,1,1,5
752-022193-D-0181,3,2,7,752-022193-D,722,626.56579402264,3,1,0
752-022193-D-0211,3,2,7,752-022193-D,722,626.56579402264,3,1,4
752-022193-D-0211,4,2,7,752-022193-D,722,626.56579402264,3,1,0
752-022193-D-0241,9,2,7,752-022193-D,722,626.56579402264,3,1,5
752-022193-D-0241,10,2,7,752-022193-D,722,626.56579402264,1,1,3
752-022193-D-0331,7,2,7,752-022193-D,722,626.56579402264,3,1,4
753-022844-D-0021,7,2,7,753-022844-D,723,787.43479966808,3,2,0
753-022844-D-0401,3,2,7,753-022844-D,723,787.43479966808,3,1,0
753-022844-D-0451,7,2,7,753-022844-D,723,787.43479966808,3,1,1
753-022844-D-0451,8,2,7,753-022844-D,723,787.43479966808,3,1,0
753-022844-D-0561,5,2,7,753-022844-D,723,787.43479966808,3,2,0
754-022591-D-0111,4,2,7,754-022591-D,724,1232.71789118357,1,2,5
754-022591-D-0371,5,2,7,754-022591-D,724,1232.71789118357,3,2,4
754-022591-D-0461,4,2,7,754-022591-D,724,1232.71789118357,3,1,2
754-022591-D-0461,5,2,7,754-022591-D,724,1232.71789118357,3,1,0
811-000001-A-0051,3,1,8,811-000001-A,811,306.366651297821,3,1,2
811-000001-A-0141,5,1,8,811-000001-A,811,306.366651297821,3,2,1
811-000001-A-0161,4,1,8,811-000001-A,811,306.366651297821,3,2,2
811-000001-A-0201,9,1,8,811-000001-A,811,306.366651297821,3,2,5
811-000001-A-0201,10,1,8,811-000001-A,811,306.366651297821,3,2,4
811-000001-A-0241,6,1,8,811-000001-A,811,306.366651297821,3,1,4
811-000091-A-0201,9,1,8,811-000091-A,811,324.067835595029,3,2,4
811-000091-A-0391,4,1,8,811-000091-A,811,324.067835595029,3,1,5
811-000091-A-0391,5,1,8,811-000091-A,811,324.067835595029,3,1,3
811-000091-A-0481,3,1,8,811-000091-A,811,324.067835595029,3,1,5
811-000091-A-0481,4,1,8,811-000091-A,811,324.067835595029,3,2,3
811-000091-A-0481,5,1,8,811-000091-A,811,324.067835595029,3,2,1
812-000190-A-0091,4,1,8,812-000190-A,812,208.201845350452,3,1,5
812-000190-A-0091,5,1,8,812-000190-A,812,208.201845350452,3,1,1
812-000294-A-0021,5,1,8,812-000294-A,812,351.568905525982,3,2,2
812-000294-A-0051,3,1,8,812-000294-A,812,351.568905525982,3,1,2
812-000294-A-0101,2,1,8,812-000294-A,812,351.568905525982,3,2,3
812-000294-A-0101,3,1,8,812-000294-A,812,351.568905525982,3,2,1
812-000307-A-0041,3,1,8,812-000307-A,812,357.576576502161,3,1,0
812-000307-A-0091,4,1,8,812-000307-A,812,357.576576502161,3,2,1
812-000307-A-0091,5,1,8,812-000307-A,812,357.576576502161,3,1,2
812-000307-A-0171,2,1,8,812-000307-A,812,357.576576502161,3,2,0
812-000307-A-0201,6,1,8,812-000307-A,812,357.576576502161,3,1,0
812-000307-A-0301,5,1,8,812-000307-A,812,357.576576502161,3,1,4
813-000407-A-0071,3,1,8,813-000407-A,813,172.08838384584,3,1,4
813-000407-A-0071,4,1,8,813-000407-A,813,172.08838384584,3,1,1
813-000407-A-0161,4,1,8,813-000407-A,813,172.08838384584,3,2,1
813-000407-A-0201,2,1,8,813-000407-A,813,172.08838384584,3,2,0
813-000423-A-0221,5,1,8,813-000423-A,813,177.149806900129,3,1,5
813-000423-A-0351,3,1,8,813-000423-A,813,177.149806900129,3,2,3
813-000455-A-0241,4,1,8,813-000455-A,813,345.823546484463,3,1,2
813-000455-A-0331,3,1,8,813-000455-A,813,345.823546484463,3,1,0
813-000455-A-0411,3,1,8,813-000455-A,813,345.823546484463,3,2,3
813-000479-A-0121,6,1,8,813-000479-A,813,219.02157944016,1,2,5
813-000479-A-0281,3,1,8,813-000479-A,813,219.02157944016,3,2,5
814-000657-A-0021,4,1,8,814-000657-A,814,243.96947746773,3,1,2
814-000657-A-0201,3,1,8,814-000657-A,814,243.96947746773,1,1,4
814-000657-A-0461,2,1,8,814-000657-A,814,243.96947746773,3,2,1
814-000681-A-0181,4,1,8,814-000681-A,814,201.417967131665,3,1,2
814-000681-A-0221,3,1,8,814-000681-A,814,201.417967131665,3,2,1
814-000766-A-0041,14,1,8,814-000766-A,814,155.478635198461,3,1,0
814-000766-A-0181,3,1,8,814-000766-A,814,155.478635198461,3,2,5
814-000766-A-0211,3,1,8,814-000766-A,814,155.478635198461,3,1,2
814-000766-A-0241,2,1,8,814-000766-A,814,155.478635198461,3,2,1
814-000869-A-0141,3,1,8,814-000869-A,814,119.990019735701,2,1,4
814-000869-A-0151,6,1,8,814-000869-A,814,119.990019735701,3,2,5
821-002283-A-0021,5,1,8,821-002283-A,811,245.530987682968,3,2,5
821-002283-A-0051,5,1,8,821-002283-A,811,245.530987682968,3,2,5
821-002283-A-0081,6,1,8,821-002283-A,811,245.530987682968,3,2,3
821-002283-A-0101,3,1,8,821-002283-A,811,245.530987682968,3,1,3
821-002283-A-0111,4,1,8,821-002283-A,811,245.530987682968,3,2,5
821-002283-A-0111,5,1,8,821-002283-A,811,245.530987682968,3,2,3
821-002283-A-0141,6,1,8,821-002283-A,811,245.530987682968,3,1,5
821-002283-A-0161,5,1,8,821-002283-A,811,245.530987682968,3,2,4
821-002285-A-0061,5,1,8,821-002285-A,811,219.613827871988,3,1,5
821-002285-A-0081,3,1,8,821-002285-A,811,219.613827871988,3,2,3
821-002285-A-0081,4,1,8,821-002285-A,811,219.613827871988,3,2,1
821-002285-A-0101,4,1,8,821-002285-A,811,219.613827871988,3,1,0
821-002285-A-0121,3,1,8,821-002285-A,811,219.613827871988,1,2,5
821-002285-A-0121,4,1,8,821-002285-A,811,219.613827871988,3,1,3
821-002285-A-0121,5,1,8,821-002285-A,811,219.613827871988,3,1,1
821-002285-A-0161,3,1,8,821-002285-A,811,219.613827871988,3,2,3
821-002285-A-0161,4,1,8,821-002285-A,811,219.613827871988,3,2,0
821-000969-A-0041,5,1,8,821-000969-A,811,103.226241067915,3,2,0
821-000969-A-0061,4,1,8,821-000969-A,811,103.226241067915,3,2,4
821-000969-A-0091,7,1,8,821-000969-A,811,103.226241067915,3,1,2
821-002299-A-0031,2,1,8,821-002299-A,811,381.937091951284,3,2,4
821-002299-A-0091,3,1,8,821-002299-A,811,381.937091951284,3,2,4
821-002299-A-0091,4,1,8,821-002299-A,811,381.937091951284,3,2,0
821-002299-A-0111,6,1,8,821-002299-A,811,381.937091951284,3,1,4
821-002299-A-0111,7,1,8,821-002299-A,811,381.937091951284,3,2,1
821-002299-A-0171,7,1,8,821-002299-A,811,381.937091951284,3,2,1
821-002299-A-0191,6,1,8,821-002299-A,811,381.937091951284,3,2,1
821-002299-A-0251,4,1,8,821-002299-A,811,381.937091951284,3,1,1
821-002299-A-0271,5,1,8,821-002299-A,811,381.937091951284,3,1,3
821-002299-A-0301,4,1,8,821-002299-A,811,381.937091951284,3,1,2
821-001122-A-0021,4,1,8,821-001122-A,811,170.323297762059,3,2,4
821-001122-A-0101,3,1,8,821-001122-A,811,170.323297762059,3,1,2
821-001122-A-0211,4,1,8,821-001122-A,811,170.323297762059,3,1,3
821-001122-A-0321,4,1,8,821-001122-A,811,170.323297762059,3,1,2
821-001170-A-0011,3,1,8,821-001170-A,811,202.201989856562,3,2,0
821-001170-A-0021,4,1,8,821-001170-A,811,202.201989856562,3,1,2
821-001181-A-0021,3,1,8,821-001181-A,811,98.776834125332,3,2,2
821-001181-A-0061,5,1,8,821-001181-A,811,98.776834125332,3,2,3
821-001181-A-0081,5,1,8,821-001181-A,811,98.776834125332,3,1,1
821-001181-A-0091,6,1,8,821-001181-A,811,98.776834125332,3,1,3
821-001181-A-0111,6,1,8,821-001181-A,811,98.776834125332,3,2,3
821-001181-A-0131,8,1,8,821-001181-A,811,98.776834125332,3,1,0
821-001181-A-0141,3,1,8,821-001181-A,811,98.776834125332,3,2,4
822-002971-A-0021,2,1,8,822-002971-A,812,140.627562210393,3,1,5
822-002971-A-0031,5,1,8,822-002971-A,812,140.627562210393,3,1,5
822-002971-A-0081,5,1,8,822-002971-A,812,140.627562210393,3,1,3
822-002971-A-0121,3,1,8,822-002971-A,812,140.627562210393,3,1,1
822-002971-A-0131,5,1,8,822-002971-A,812,140.627562210393,3,1,2
822-001849-A-0011,3,1,8,822-001849-A,812,190.323016525344,3,1,3
822-001849-A-0021,5,1,8,822-001849-A,812,190.323016525344,3,1,4
822-001849-A-0081,5,1,8,822-001849-A,812,190.323016525344,3,2,5
822-001849-A-0111,5,1,8,822-001849-A,812,190.323016525344,3,1,4
822-001249-A-0061,3,1,8,822-001249-A,812,155.53278769813,3,1,0
822-001249-A-0081,5,1,8,822-001249-A,812,155.53278769813,3,1,5
822-001249-A-0101,6,1,8,822-001249-A,812,155.53278769813,3,2,5
822-001249-A-0101,7,1,8,822-001249-A,812,155.53278769813,3,2,2
822-001249-A-0121,4,1,8,822-001249-A,812,155.53278769813,3,2,4
822-001249-A-0151,5,1,8,822-001249-A,812,155.53278769813,3,1,2
822-001249-A-0151,6,1,8,822-001249-A,812,155.53278769813,3,2,0
822-001883-A-0011,5,1,8,822-001883-A,812,182.633197675835,3,1,1
822-001323-A-0011,4,1,8,822-001323-A,812,119.917646775831,3,1,0
822-001323-A-0031,3,1,8,822-001323-A,812,119.917646775831,3,2,4
822-001323-A-0081,3,1,8,822-001323-A,812,119.917646775831,3,1,5
822-001384-A-0091,7,1,8,822-001384-A,812,189.079075240864,3,2,3
822-001384-A-0111,3,1,8,822-001384-A,812,189.079075240864,3,1,3
822-001384-A-0111,4,1,8,822-001384-A,812,189.079075240864,3,2,0
822-001384-A-0171,7,1,8,822-001384-A,812,189.079075240864,3,1,5
822-001384-A-0171,8,1,8,822-001384-A,812,189.079075240864,3,1,1
822-001384-A-0221,3,1,8,822-001384-A,812,189.079075240864,3,1,5
822-001384-A-0221,4,1,8,822-001384-A,812,189.079075240864,3,1,3
822-001384-A-0221,5,1,8,822-001384-A,812,189.079075240864,3,2,0
822-001384-A-0271,5,1,8,822-001384-A,812,189.079075240864,3,1,4
822-001384-A-0271,6,1,8,822-001384-A,812,189.079075240864,3,1,2
822-001386-A-0091,4,1,8,822-001386-A,812,176.741804202421,3,1,0
822-001901-A-0101,4,1,8,822-001901-A,812,92.277826194106,3,2,4
822-001473-A-0041,4,1,8,822-001473-A,812,200.896517443418,3,1,3
822-001473-A-0041,5,1,8,822-001473-A,812,200.896517443418,3,2,1
822-001473-A-0091,5,1,8,822-001473-A,812,200.896517443418,3,2,5
822-001473-A-0111,3,1,8,822-001473-A,812,200.896517443418,3,1,3
822-001473-A-0141,5,1,8,822-001473-A,812,200.896517443418,3,2,0
823-002716-A-0111,4,1,8,823-002716-A,813,54.0534026182446,1,2,1
823-001976-A-0021,4,1,8,823-001976-A,813,268.234930286026,3,2,1
823-001976-A-0121,4,1,8,823-001976-A,813,268.234930286026,3,2,1
823-001976-A-0121,8,1,8,823-001976-A,813,268.234930286026,3,2,2
823-001976-A-0121,9,1,8,823-001976-A,813,268.234930286026,3,2,0
823-001588-A-0071,3,1,8,823-001588-A,813,161.739012509656,3,2,3
823-001588-A-0101,7,1,8,823-001588-A,813,161.739012509656,3,2,3
823-001588-A-0101,8,1,8,823-001588-A,813,161.739012509656,3,1,1
823-002748-A-0021,4,1,8,823-002748-A,813,202.700259818417,3,2,4
823-002748-A-0021,5,1,8,823-002748-A,813,202.700259818417,3,2,2
823-002748-A-0061,3,1,8,823-002748-A,813,202.700259818417,3,1,2
823-002748-A-0121,2,1,8,823-002748-A,813,202.700259818417,3,1,2
823-002093-A-0011,5,1,8,823-002093-A,813,324.922123345292,3,2,1
823-001680-A-0031,3,1,8,823-001680-A,813,211.513314593131,3,1,1
823-001680-A-0081,6,1,8,823-001680-A,813,211.513314593131,3,1,3
823-001680-A-0111,4,1,8,823-001680-A,813,211.513314593131,3,2,5
823-001680-A-0151,2,1,8,823-001680-A,813,211.513314593131,3,2,3
823-001681-A-0091,6,1,8,823-001681-A,813,267.158190306129,3,2,5
823-001681-A-0301,8,1,8,823-001681-A,813,267.158190306129,3,1,2
823-001681-A-0301,10,1,8,823-001681-A,813,267.158190306129,3,1,5
823-001681-A-0301,11,1,8,823-001681-A,813,267.158190306129,3,1,0
823-001681-A-0301,12,1,8,823-001681-A,813,267.158190306129,3,1,5
824-002164-A-0021,3,1,8,824-002164-A,814,102.848588344887,3,2,4
824-002164-A-0021,4,1,8,824-002164-A,814,102.848588344887,3,1,1
824-002164-A-0101,5,1,8,824-002164-A,814,102.848588344887,3,2,4
824-001736-A-0021,7,1,8,824-001736-A,814,200.602509774856,3,1,5
824-001736-A-0021,8,1,8,824-001736-A,814,200.602509774856,3,1,3
824-001736-A-0101,3,1,8,824-001736-A,814,200.602509774856,3,2,5
824-001736-A-0131,3,1,8,824-001736-A,814,200.602509774856,3,2,0
824-001736-A-0131,5,1,8,824-001736-A,814,200.602509774856,3,2,5
824-001777-A-0021,3,1,8,824-001777-A,814,288.746036797142,3,1,3
824-001780-A-0041,3,1,8,824-001780-A,814,215.066013614423,3,1,3
831-003034-A-0061,3,1,8,831-003034-A,811,220.348322279587,3,1,1
831-003034-A-0091,3,1,8,831-003034-A,811,220.348322279587,3,2,4
831-003034-A-0091,4,1,8,831-003034-A,811,220.348322279587,3,1,0
831-003034-A-0111,5,1,8,831-003034-A,811,220.348322279587,3,2,3
831-003034-A-0141,6,1,8,831-003034-A,811,220.348322279587,3,1,2
831-003034-A-0191,4,1,8,831-003034-A,811,220.348322279587,3,1,2
831-003034-A-0261,6,1,8,831-003034-A,811,220.348322279587,3,1,4
831-003034-A-0291,4,1,8,831-003034-A,811,220.348322279587,3,1,2
831-003034-A-0291,5,1,8,831-003034-A,811,220.348322279587,3,2,1
831-002532-A-0021,3,1,8,831-002532-A,811,138.886215255012,3,1,5
831-002532-A-0021,4,1,8,831-002532-A,811,138.886215255012,3,1,1
831-002532-A-0031,3,1,8,831-002532-A,811,138.886215255012,3,2,5
831-002532-A-0031,4,1,8,831-002532-A,811,138.886215255012,3,2,0
831-002532-A-0061,2,1,8,831-002532-A,811,138.886215255012,3,1,1
831-002532-A-0061,3,1,8,831-002532-A,811,138.886215255012,3,1,0
831-002532-A-0071,3,1,8,831-002532-A,811,138.886215255012,3,2,4
831-002532-A-0091,4,1,8,831-002532-A,811,138.886215255012,3,1,3
831-002532-A-0131,4,1,8,831-002532-A,811,138.886215255012,1,2,5
832-003037-A-0051,2,1,8,832-003037-A,812,217.637893897037,3,1,5
832-003037-A-0091,2,1,8,832-003037-A,812,217.637893897037,1,2,4
832-003037-A-0101,6,1,8,832-003037-A,812,217.637893897037,3,1,5
832-003037-A-0101,7,1,8,832-003037-A,812,217.637893897037,3,2,0
832-003037-A-0121,4,1,8,832-003037-A,812,217.637893897037,3,1,5
832-003240-A-0011,4,1,8,832-003240-A,812,231.030995059931,3,1,2
832-003240-A-0061,4,1,8,832-003240-A,812,231.030995059931,3,1,5
832-003240-A-0101,3,1,8,832-003240-A,812,231.030995059931,3,1,2
832-003240-A-0121,5,1,8,832-003240-A,812,231.030995059931,3,2,5
833-002575-A-0101,3,1,8,833-002575-A,813,315.054118117768,3,1,1
833-002575-A-0121,5,1,8,833-002575-A,813,315.054118117768,3,1,4
833-003165-A-0081,4,1,8,833-003165-A,813,347.486159688715,3,1,2
834-002275-A-0091,2,1,8,834-002275-A,814,122.161784798791,3,1,5
841-004043-D-0011,4,2,8,841-004043-D,821,58.280006844387,3,1,2
841-004043-D-0031,5,2,8,841-004043-D,821,58.280006844387,3,2,3
841-004043-D-0131,7,2,8,841-004043-D,821,58.280006844387,3,2,3
842-003577-D-0041,3,2,8,842-003577-D,822,78.9295612841945,3,1,1
842-003577-D-0061,7,2,8,842-003577-D,822,78.9295612841945,3,1,3
842-003577-D-0131,4,2,8,842-003577-D,822,78.9295612841945,3,2,4
842-003577-D-0191,7,2,8,842-003577-D,822,78.9295612841945,3,1,2
843-003414-A-0011,5,2,8,843-003414-A,823,315.160249461871,3,2,4
843-003414-A-0041,3,2,8,843-003414-A,823,315.160249461871,3,1,4
843-003414-A-0141,5,2,8,843-003414-A,823,315.160249461871,3,1,5
843-003414-A-0161,4,2,8,843-003414-A,823,315.160249461871,3,2,1
843-003414-A-0191,4,2,8,843-003414-A,823,315.160249461871,3,1,0
843-003414-A-0241,6,2,8,843-003414-A,823,315.160249461871,3,1,4
843-003414-A-0291,3,2,8,843-003414-A,823,315.160249461871,3,1,3
843-003369-A-0051,3,2,8,843-003369-A,823,169.191291816373,3,2,4
843-003369-A-0101,5,2,8,843-003369-A,823,169.191291816373,3,1,4
843-003373-A-0061,3,2,8,843-003373-A,823,162.082414008962,3,1,2
851-003787-D-0061,7,2,8,851-003787-D,821,165.126686059096,3,1,4
851-003787-D-0121,3,2,8,851-003787-D,821,165.126686059096,3,2,0
851-003787-D-0151,4,2,8,851-003787-D,821,165.126686059096,3,2,5
851-003787-D-0151,5,2,8,851-003787-D,821,165.126686059096,3,2,4
851-003787-D-0151,6,2,8,851-003787-D,821,165.126686059096,3,2,3
851-003787-D-0151,7,2,8,851-003787-D,821,165.126686059096,3,1,0
851-003787-D-0161,3,2,8,851-003787-D,821,165.126686059096,3,2,2
851-003787-D-0161,4,2,8,851-003787-D,821,165.126686059096,3,2,0
851-003956-D-0021,3,2,8,851-003956-D,821,413.258230351108,3,1,4
851-003956-D-0021,4,2,8,851-003956-D,821,413.258230351108,3,1,2
851-003956-D-0041,3,2,8,851-003956-D,821,413.258230351108,3,1,4
851-003956-D-0071,8,2,8,851-003956-D,821,413.258230351108,3,1,5
851-003956-D-0141,3,2,8,851-003956-D,821,413.258230351108,3,1,5
852-004173-D-0061,3,2,8,852-004173-D,822,113.840713390665,3,2,2
852-004173-D-0071,3,2,8,852-004173-D,822,113.840713390665,3,1,4
852-004173-D-0071,4,2,8,852-004173-D,822,113.840713390665,3,2,3
852-004173-D-0091,4,2,8,852-004173-D,822,113.840713390665,3,1,4
852-004173-D-0111,3,2,8,852-004173-D,822,113.840713390665,3,2,4
852-004173-D-0141,5,2,8,852-004173-D,822,113.840713390665,3,1,5
852-004173-D-0171,7,2,8,852-004173-D,822,113.840713390665,3,2,5
852-004173-D-0171,8,2,8,852-004173-D,822,113.840713390665,3,1,3
852-004173-D-0191,7,2,8,852-004173-D,822,113.840713390665,3,2,4
852-004197-D-0011,4,2,8,852-004197-D,822,98.6619516052431,3,1,4
852-004197-D-0011,5,2,8,852-004197-D,822,98.6619516052431,3,1,2
852-004197-D-0031,5,2,8,852-004197-D,822,98.6619516052431,3,1,4
852-004197-D-0031,6,2,8,852-004197-D,822,98.6619516052431,3,2,4
852-004197-D-0031,7,2,8,852-004197-D,822,98.6619516052431,3,2,0
852-004197-D-0081,3,2,8,852-004197-D,822,98.6619516052431,3,2,4
852-004197-D-0081,4,2,8,852-004197-D,822,98.6619516052431,3,2,3
852-004197-D-0081,5,2,8,852-004197-D,822,98.6619516052431,3,2,0
852-004197-D-0101,7,2,8,852-004197-D,822,98.6619516052431,3,2,3
852-004197-D-0121,3,2,8,852-004197-D,822,98.6619516052431,3,2,3
852-004197-D-0121,4,2,8,852-004197-D,822,98.6619516052431,3,2,0
852-004197-D-0131,4,2,8,852-004197-D,822,98.6619516052431,3,2,4
852-003715-D-0021,4,2,8,852-003715-D,822,157.083402064367,3,2,3
852-003715-D-0041,5,2,8,852-003715-D,822,157.083402064367,3,2,0
852-003715-D-0101,4,2,8,852-003715-D,822,157.083402064367,3,2,4
852-003715-D-0101,5,2,8,852-003715-D,822,157.083402064367,3,2,2
852-003715-D-0171,6,2,8,852-003715-D,822,157.083402064367,3,1,3
852-003815-D-0151,5,2,8,852-003815-D,822,279.542196214855,3,2,3
852-003815-D-0151,6,2,8,852-003815-D,822,279.542196214855,3,2,1
852-003815-D-0161,3,2,8,852-003815-D,822,279.542196214855,3,2,3
852-003815-D-0161,4,2,8,852-003815-D,822,279.542196214855,3,2,2
852-003876-D-0051,3,2,8,852-003876-D,822,318.753997493862,3,1,0
852-003876-D-0081,8,2,8,852-003876-D,822,318.753997493862,3,2,4
852-003876-D-0241,4,2,8,852-003876-D,822,318.753997493862,3,1,5
852-003325-A-0011,7,2,8,852-003325-A,822,161.446829899489,3,2,4
852-003325-A-0031,6,2,8,852-003325-A,822,161.446829899489,3,1,5
852-003325-A-0031,7,2,8,852-003325-A,822,161.446829899489,3,2,3
852-003325-A-0041,5,2,8,852-003325-A,822,161.446829899489,3,1,4
852-003873-D-0121,7,2,8,852-003873-D,822,287.764025515292,3,1,3
852-003873-D-0121,8,2,8,852-003873-D,822,287.764025515292,3,1,1
852-003873-D-0331,4,2,8,852-003873-D,822,287.764025515292,1,2,4
852-003873-D-0331,5,2,8,852-003873-D,822,287.764025515292,3,2,1
853-004185-D-0121,5,2,8,853-004185-D,823,129.381576094873,3,2,5
853-003483-D-0071,3,2,8,853-003483-D,823,94.5480748385613,3,1,3
853-003483-D-0081,3,2,8,853-003483-D,823,94.5480748385613,3,1,3
911-000041-A-0011,4,1,9,911-000041-A,911,67.6666743741641,3,1,5
911-000041-A-0021,4,1,9,911-000041-A,911,67.6666743741641,3,1,5
911-000041-A-0021,5,1,9,911-000041-A,911,67.6666743741641,3,1,1
911-000041-A-0121,4,1,9,911-000041-A,911,67.6666743741641,3,2,1
911-000056-A-0131,5,1,9,911-000056-A,911,219.916691716033,3,1,4
911-000056-A-0131,6,1,9,911-000056-A,911,219.916691716033,3,1,2
911-000056-A-0181,3,1,9,911-000056-A,911,219.916691716033,3,1,4
911-000056-A-0241,2,1,9,911-000056-A,911,219.916691716033,1,1,5
911-000056-A-0401,3,1,9,911-000056-A,911,219.916691716033,3,1,2
911-000056-A-0451,8,1,9,911-000056-A,911,219.916691716033,3,1,3
911-000056-A-0621,3,1,9,911-000056-A,911,219.916691716033,3,2,1
911-000058-A-0011,3,1,9,911-000058-A,911,145.000016516066,3,1,0
911-000058-A-0041,5,1,9,911-000058-A,911,145.000016516066,3,2,2
911-000058-A-0161,4,1,9,911-000058-A,911,145.000016516066,3,2,5
911-000058-A-0161,5,1,9,911-000058-A,911,145.000016516066,3,1,0
911-000058-A-0161,6,1,9,911-000058-A,911,145.000016516066,3,1,5
911-000083-A-0111,5,1,9,911-000083-A,911,85.2600097114468,3,1,3
911-000083-A-0201,2,1,9,911-000083-A,911,85.2600097114468,3,1,0
911-000096-A-0011,3,1,9,911-000096-A,911,88.8125101160904,3,2,0
911-000096-A-0061,4,1,9,911-000096-A,911,88.8125101160904,3,2,5
911-000096-A-0061,5,1,9,911-000096-A,911,88.8125101160904,3,1,1
911-000096-A-0081,5,1,9,911-000096-A,911,88.8125101160904,3,1,0
911-000096-A-0101,7,1,9,911-000096-A,911,88.8125101160904,3,1,0
911-000096-A-0201,3,1,9,911-000096-A,911,88.8125101160904,3,1,0
912-000108-A-0061,5,1,9,912-000108-A,912,77.3041469835934,3,2,5
912-000108-A-0061,6,1,9,912-000108-A,912,77.3041469835934,3,1,4
912-000108-A-0141,4,1,9,912-000108-A,912,77.3041469835934,3,2,5
912-000118-A-0021,4,1,9,912-000118-A,912,70.8621347349606,3,1,2
912-000118-A-0051,5,1,9,912-000118-A,912,70.8621347349606,3,2,2
912-000118-A-0051,6,1,9,912-000118-A,912,70.8621347349606,3,2,0
912-000118-A-0061,5,1,9,912-000118-A,912,70.8621347349606,3,1,0
912-000118-A-0091,4,1,9,912-000118-A,912,70.8621347349606,3,2,3
912-000118-A-0091,5,1,9,912-000118-A,912,70.8621347349606,3,2,0
912-000118-A-0101,3,1,9,912-000118-A,912,70.8621347349606,2,2,4
912-000137-A-0011,10,1,9,912-000137-A,912,96.6301837294917,3,1,0
912-000137-A-0071,3,1,9,912-000137-A,912,96.6301837294917,3,1,0
912-000137-A-0071,4,1,9,912-000137-A,912,96.6301837294917,3,1,0
912-000192-A-0051,3,1,9,912-000192-A,912,47.4054558759343,3,1,4
912-000192-A-0061,4,1,9,912-000192-A,912,47.4054558759343,3,2,3
912-000192-A-0101,3,1,9,912-000192-A,912,47.4054558759343,3,1,2
912-000192-A-0101,4,1,9,912-000192-A,912,47.4054558759343,3,2,1
912-000192-A-0121,6,1,9,912-000192-A,912,47.4054558759343,3,2,1
912-000192-A-0151,4,1,9,912-000192-A,912,47.4054558759343,3,2,1
912-000215-A-0071,3,1,9,912-000215-A,912,109.514208226757,3,2,4
912-000215-A-0091,4,1,9,912-000215-A,912,109.514208226757,3,1,2
912-000215-A-0091,5,1,9,912-000215-A,912,109.514208226757,3,1,1
912-000215-A-0131,3,1,9,912-000215-A,912,109.514208226757,3,2,2
912-000215-A-0171,3,1,9,912-000215-A,912,109.514208226757,1,1,5
912-000238-A-0051,5,1,9,912-000238-A,912,67.3656478236961,3,2,4
912-000260-A-0121,3,1,9,912-000260-A,912,151.950963914626,3,2,1
912-000260-A-0181,5,1,9,912-000260-A,912,151.950963914626,3,2,4
913-000312-A-0071,5,1,9,913-000312-A,913,63.0292383264137,2,2,4
913-000312-A-0141,3,1,9,913-000312-A,913,63.0292383264137,3,2,3
913-000372-A-0031,4,1,9,913-000372-A,913,133.280576877729,3,2,2
913-000372-A-0061,5,1,9,913-000372-A,913,133.280576877729,3,1,5
913-000372-A-0081,3,1,9,913-000372-A,913,133.280576877729,3,2,5
913-000372-A-0151,5,1,9,913-000372-A,913,133.280576877729,3,2,5
913-000372-A-0251,5,1,9,913-000372-A,913,133.280576877729,3,2,3
913-000372-A-0271,4,1,9,913-000372-A,913,133.280576877729,1,2,5
913-000372-A-0271,5,1,9,913-000372-A,913,133.280576877729,3,1,2
913-000407-A-0031,4,1,9,913-000407-A,913,88.2409336569792,3,1,5
913-000407-A-0031,5,1,9,913-000407-A,913,88.2409336569792,3,1,2
913-000407-A-0031,7,1,9,913-000407-A,913,88.2409336569792,3,1,5
913-000407-A-0031,8,1,9,913-000407-A,913,88.2409336569792,3,2,3
913-000407-A-0081,2,1,9,913-000407-A,913,88.2409336569792,3,2,3
913-000407-A-0091,3,1,9,913-000407-A,913,88.2409336569792,1,2,5
913-000407-A-0091,4,1,9,913-000407-A,913,88.2409336569792,1,2,5
913-000407-A-0111,6,1,9,913-000407-A,913,88.2409336569792,3,1,4
913-000410-A-0021,3,1,9,913-000410-A,913,145.936928740389,2,1,3
913-000410-A-0201,3,1,9,913-000410-A,913,145.936928740389,3,1,2
913-000410-A-0201,4,1,9,913-000410-A,913,145.936928740389,3,1,1
913-000422-A-0031,4,1,9,913-000422-A,913,150.410682369851,3,2,2
913-000429-A-0021,2,1,9,913-000429-A,913,74.6036984554461,1,1,3
913-000429-A-0091,5,1,9,913-000429-A,913,74.6036984554461,3,1,5
913-000429-A-0281,5,1,9,913-000429-A,913,74.6036984554461,1,1,1
914-000438-A-0061,4,1,9,914-000438-A,914,70.8947707741262,3,1,1
914-000438-A-0151,3,1,9,914-000438-A,914,70.8947707741262,3,2,0
914-000480-A-0031,4,1,9,914-000480-A,914,64.3787072838572,3,1,1
914-000480-A-0101,6,1,9,914-000480-A,914,64.3787072838572,3,2,2
914-000480-A-0111,5,1,9,914-000480-A,914,64.3787072838572,3,1,4
914-000482-A-0061,6,1,9,914-000482-A,914,66.2695504348516,1,1,5
914-000482-A-0061,7,1,9,914-000482-A,914,66.2695504348516,3,2,3
914-000482-A-0161,2,1,9,914-000482-A,914,66.2695504348516,3,1,1
914-000482-A-0221,4,1,9,914-000482-A,914,66.2695504348516,3,1,0
914-000484-A-0141,5,1,9,914-000484-A,914,51.1195690591422,3,2,5
914-000523-A-0051,3,1,9,914-000523-A,914,67.2299787020234,3,1,2
914-000523-A-0171,6,1,9,914-000523-A,914,67.2299787020234,3,2,4
931-000619-A-0011,3,1,9,931-000619-A,911,24.606063408787,3,2,4
931-000619-A-0041,3,1,9,931-000619-A,911,24.606063408787,3,2,3
931-000619-A-0041,4,1,9,931-000619-A,911,24.606063408787,3,2,1
931-000619-A-0051,3,1,9,931-000619-A,911,24.606063408787,3,2,3
931-000619-A-0061,4,1,9,931-000619-A,911,24.606063408787,3,2,4
931-000619-A-0071,3,1,9,931-000619-A,911,24.606063408787,3,2,4
931-000619-A-0071,4,1,9,931-000619-A,911,24.606063408787,3,1,2
931-000619-A-0121,3,1,9,931-000619-A,911,24.606063408787,2,1,3
931-000583-A-0021,3,1,9,931-000583-A,911,41.8888936601968,3,1,1
931-000583-A-0031,3,1,9,931-000583-A,911,41.8888936601968,3,1,3
932-000551-A-0011,3,1,9,932-000551-A,912,46.6087255250783,3,1,4
932-000551-A-0021,3,1,9,932-000551-A,912,46.6087255250783,3,2,0
932-000551-A-0021,6,1,9,932-000551-A,912,46.6087255250783,3,1,4
932-000551-A-0041,4,1,9,932-000551-A,912,46.6087255250783,3,2,2
932-000551-A-0071,4,1,9,932-000551-A,912,46.6087255250783,3,2,2
932-000551-A-0091,3,1,9,932-000551-A,912,46.6087255250783,3,1,4
932-000551-A-0101,3,1,9,932-000551-A,912,46.6087255250783,3,1,5
932-000551-A-0101,4,1,9,932-000551-A,912,46.6087255250783,3,1,3
932-000551-A-0111,3,1,9,932-000551-A,912,46.6087255250783,3,1,1
932-000551-A-0121,4,1,9,932-000551-A,912,46.6087255250783,3,2,0
932-000557-A-0011,4,1,9,932-000557-A,912,80.6689480241739,3,2,3
932-000557-A-0141,4,1,9,932-000557-A,912,80.6689480241739,3,1,1
942-001008-D-0171,3,2,9,942-001008-D,922,34.0442378654248,3,2,5
942-001008-D-0171,4,2,9,942-001008-D,922,34.0442378654248,3,1,1
942-001008-D-0251,5,2,9,942-001008-D,922,34.0442378654248,3,2,1
942-001008-D-0291,3,2,9,942-001008-D,922,34.0442378654248,3,1,3
943-000896-D-0241,4,2,9,943-000896-D,923,63.4901701105373,3,2,4
943-000896-D-0291,8,2,9,943-000896-D,923,63.4901701105373,3,2,5
943-000896-D-0451,4,2,9,943-000896-D,923,63.4901701105373,3,2,1
943-000896-D-0621,4,2,9,943-000896-D,923,63.4901701105373,3,1,5
943-000667-A-0011,3,2,9,943-000667-A,923,39.9588483213172,3,2,5
943-000667-A-0041,3,2,9,943-000667-A,923,39.9588483213172,3,2,2
943-000667-A-0081,4,2,9,943-000667-A,923,39.9588483213172,3,1,1
943-000667-A-0101,4,2,9,943-000667-A,923,39.9588483213172,3,2,3
943-000667-A-0141,3,2,9,943-000667-A,923,39.9588483213172,3,2,0
943-000667-A-0161,5,2,9,943-000667-A,923,39.9588483213172,3,2,5
943-000667-A-0161,6,2,9,943-000667-A,923,39.9588483213172,3,2,1
943-000651-A-0221,3,2,9,943-000651-A,923,95.2352551658059,3,1,1
943-000651-A-0251,5,2,9,943-000651-A,923,95.2352551658059,3,1,5
943-000995-D-0181,3,2,9,943-000995-D,923,63.057423089336,3,2,3
943-000995-D-0271,3,2,9,943-000995-D,923,63.057423089336,3,2,1
943-000995-D-0441,4,2,9,943-000995-D,923,63.057423089336,3,2,5
943-000995-D-0441,5,2,9,943-000995-D,923,63.057423089336,3,2,4
943-000995-D-0521,3,2,9,943-000995-D,923,63.057423089336,3,1,0
943-000995-D-0611,2,2,9,943-000995-D,923,63.057423089336,3,1,3
943-000995-D-0861,4,2,9,943-000995-D,923,63.057423089336,3,2,2
951-000960-D-0021,3,2,9,951-000960-D,921,21.5873811700954,3,2,3
951-000960-D-0031,7,2,9,951-000960-D,921,21.5873811700954,3,2,5
951-000960-D-0041,4,2,9,951-000960-D,921,21.5873811700954,3,1,2
951-000960-D-0051,6,2,9,951-000960-D,921,21.5873811700954,3,2,3
951-000960-D-0051,7,2,9,951-000960-D,921,21.5873811700954,3,1,4
951-000960-D-0071,5,2,9,951-000960-D,921,21.5873811700954,3,1,3
951-000960-D-0081,5,2,9,951-000960-D,921,21.5873811700954,3,1,3
951-000960-D-0091,7,2,9,951-000960-D,921,21.5873811700954,3,2,4
951-000964-D-0021,3,2,9,951-000964-D,921,20.1640373566825,3,1,0
951-000964-D-0061,3,2,9,951-000964-D,921,20.1640373566825,3,2,1
951-000964-D-0071,3,2,9,951-000964-D,921,20.1640373566825,3,1,5
951-000964-D-0121,5,2,9,951-000964-D,921,20.1640373566825,3,1,5
951-000982-D-0031,3,2,9,951-000982-D,921,366.985479891622,3,1,5
951-000982-D-0031,4,2,9,951-000982-D,921,366.985479891622,3,1,3
951-000982-D-0031,5,2,9,951-000982-D,921,366.985479891622,3,2,1
951-000982-D-0161,5,2,9,951-000982-D,921,366.985479891622,3,1,0
951-000982-D-0181,6,2,9,951-000982-D,921,366.985479891622,3,1,5
951-000982-D-0181,7,2,9,951-000982-D,921,366.985479891622,3,2,0
951-000982-D-0241,5,2,9,951-000982-D,921,366.985479891622,3,2,4
951-000807-D-0011,5,2,9,951-000807-D,921,18.3492739945811,3,2,2
951-000807-D-0011,6,2,9,951-000807-D,921,18.3492739945811,3,2,0
951-000807-D-0051,4,2,9,951-000807-D,921,18.3492739945811,3,2,4
951-000807-D-0061,6,2,9,951-000807-D,921,18.3492739945811,3,1,5
951-000807-D-0081,3,2,9,951-000807-D,921,18.3492739945811,3,2,5
951-000807-D-0091,4,2,9,951-000807-D,921,18.3492739945811,3,1,4
951-000807-D-0121,4,2,9,951-000807-D,921,18.3492739945811,3,2,1
951-001026-D-0061,3,2,9,951-001026-D,921,29.013809307671,3,2,2
951-001026-D-0091,5,2,9,951-001026-D,921,29.013809307671,3,1,3
951-001026-D-0121,3,2,9,951-001026-D,921,29.013809307671,3,1,4
951-001026-D-0121,4,2,9,951-001026-D,921,29.013809307671,3,1,1
951-000938-D-0011,4,2,9,951-000938-D,921,36.5324912109307,3,2,5
951-000938-D-0011,5,2,9,951-000938-D,921,36.5324912109307,3,2,0
951-000938-D-0021,3,2,9,951-000938-D,921,36.5324912109307,3,2,1
951-000938-D-0041,6,2,9,951-000938-D,921,36.5324912109307,3,2,5
951-000938-D-0041,7,2,9,951-000938-D,921,36.5324912109307,3,1,3
951-000938-D-0061,8,2,9,951-000938-D,921,36.5324912109307,3,1,2
951-000938-D-0061,9,2,9,951-000938-D,921,36.5324912109307,3,2,1
951-000938-D-0081,6,2,9,951-000938-D,921,36.5324912109307,3,1,5
951-000938-D-0151,3,2,9,951-000938-D,921,36.5324912109307,3,1,3
951-000938-D-0191,3,2,9,951-000938-D,921,36.5324912109307,3,2,0
952-000880-D-0051,3,2,9,952-000880-D,922,57.7720400140542,3,2,3
952-000880-D-0081,4,2,9,952-000880-D,922,57.7720400140542,3,2,5
952-000880-D-0101,3,2,9,952-000880-D,922,57.7720400140542,3,2,2
952-000880-D-0101,4,2,9,952-000880-D,922,57.7720400140542,3,1,0
952-000880-D-0261,4,2,9,952-000880-D,922,57.7720400140542,3,1,3
952-001041-D-0031,3,2,9,952-001041-D,922,95.3238660231894,3,1,3
952-001041-D-0031,4,2,9,952-001041-D,922,95.3238660231894,3,2,0
952-001041-D-0041,5,2,9,952-001041-D,922,95.3238660231894,3,1,4
952-001041-D-0061,4,2,9,952-001041-D,922,95.3238660231894,3,2,0
952-001041-D-0171,5,2,9,952-001041-D,922,95.3238660231894,3,2,3
952-001041-D-0171,7,2,9,952-001041-D,922,95.3238660231894,3,1,0
952-001027-D-0011,3,2,9,952-001027-D,922,59.2073702007388,3,2,3
952-001027-D-0021,6,2,9,952-001027-D,922,59.2073702007388,3,1,4
952-001027-D-0021,7,2,9,952-001027-D,922,59.2073702007388,3,1,2
952-001027-D-0041,3,2,9,952-001027-D,922,59.2073702007388,3,1,2
952-001027-D-0041,4,2,9,952-001027-D,922,59.2073702007388,3,1,1
952-001027-D-0091,7,2,9,952-001027-D,922,59.2073702007388,3,2,1
952-001027-D-0121,5,2,9,952-001027-D,922,59.2073702007388,3,1,4
952-001027-D-0161,9,2,9,952-001027-D,922,59.2073702007388,3,1,5
952-001027-D-0171,3,2,9,952-001027-D,922,59.2073702007388,3,1,3
952-000690-D-0041,4,2,9,952-000690-D,922,20.5848880116522,3,2,5
952-000690-D-0041,5,2,9,952-000690-D,922,20.5848880116522,3,1,1
953-001005-D-0031,4,2,9,953-001005-D,923,149.771683337678,3,1,4
953-001005-D-0191,5,2,9,953-001005-D,923,149.771683337678,3,2,4
953-001005-D-0191,6,2,9,953-001005-D,923,149.771683337678,3,1,2
953-001005-D-0221,6,2,9,953-001005-D,923,149.771683337678,3,2,5
953-001005-D-0221,7,2,9,953-001005-D,923,149.771683337678,3,2,1
953-001005-D-0301,5,2,9,953-001005-D,923,149.771683337678,3,1,4
953-001005-D-0381,4,2,9,953-001005-D,923,149.771683337678,3,1,2
953-001005-D-0421,3,2,9,953-001005-D,923,149.771683337678,3,1,3
953-001005-D-0421,4,2,9,953-001005-D,923,149.771683337678,3,2,1
953-001005-D-0451,7,2,9,953-001005-D,923,149.771683337678,3,2,3
953-000839-D-0011,3,2,9,953-000839-D,923,48.838592392721,3,2,0
953-000839-D-0011,4,2,9,953-000839-D,923,48.838592392721,3,2,5
953-000839-D-0061,4,2,9,953-000839-D,923,48.838592392721,3,2,4
953-000839-D-0091,3,2,9,953-000839-D,923,48.838592392721,3,2,4
953-000839-D-0091,4,2,9,953-000839-D,923,48.838592392721,3,2,0
953-000743-D-0051,4,2,9,953-000743-D,923,90.1635551865618,3,1,2
953-000743-D-0151,3,2,9,953-000743-D,923,90.1635551865618,3,1,5
953-000743-D-0151,4,2,9,953-000743-D,923,90.1635551865618,3,1,3
953-000743-D-0171,4,2,9,953-000743-D,923,90.1635551865618,3,2,2
953-000691-D-0011,5,2,9,953-000691-D,923,27.7192010877606,3,2,4
953-000691-D-0081,2,2,9,953-000691-D,923,27.7192010877606,3,2,4
953-000691-D-0081,3,2,9,953-000691-D,923,27.7192010877606,3,1,1
953-000691-D-0101,4,2,9,953-000691-D,923,27.7192010877606,3,1,3
953-000691-D-0111,4,2,9,953-000691-D,923,27.7192010877606,3,2,2
953-000691-D-0181,5,2,9,953-000691-D,923,27.7192010877606,3,1,3
