view_id,column,display_name,section,semantic_type,universe_n,observed_n,empty_n,literal_NA_n,missing_empty_or_literal_NA_pct,exact_zero_token_n,distinct_observed,top_category,top_category_n,numeric_descriptives_status,numeric_n,minimum,q1,median,q3,maximum,mean_unweighted
demografia_persona,folio,Id hogar anonimizado (folio),"Variables geográficas, de diseño o derivadas",Identificador / diseño muestral,39497,39497,0,0,0.0,0,12718,711-000992-A-0031,15,"not computed: categorical, identifier, or type pending",,,,,,,
demografia_persona,nro,Número de persona (nro),"Variables geográficas, de diseño o derivadas",Identificador / diseño muestral,39497,39497,0,0,0.0,0,15,1,12718,"not computed: categorical, identifier, or type pending",,,,,,,
demografia_persona,area,Urbana Rural (area),"Variables geográficas, de diseño o derivadas",Categórica o codificada según metadatos INE,39497,39497,0,0,0.0,0,2,1,30103,"not computed: categorical, identifier, or type pending",,,,,,,
demografia_persona,depto,Departamento (depto),"Variables geográficas, de diseño o derivadas",Categórica o codificada según metadatos INE,39497,39497,0,0,0.0,0,9,2,9839,"not computed: categorical, identifier, or type pending",,,,,,,
demografia_persona,upm,upm anonimizada (upm),"Variables geográficas, de diseño o derivadas",Identificador / diseño muestral,39497,39497,0,0,0.0,0,1082,351-016209-D,63,"not computed: categorical, identifier, or type pending",,,,,,,
demografia_persona,estrato,Estrato (estrato),"Variables geográficas, de diseño o derivadas",Texto; revisar si es respuesta abierta o categoría textual,39497,39497,0,0,0.0,0,70,213,3153,"not computed: categorical, identifier, or type pending",,,,,,,
demografia_persona,factor,Factor de expansión (factor),"Variables geográficas, de diseño o derivadas",Cuantitativa discreta/derivada según etiqueta INE,39497,39497,0,0,0.0,0,1047,243.28893741105,208,eligible by dictionary type,39497.0,18.3492739945811,180.008504522332,251.239534268644,361.069331748992,3407.91172987707,313.8822189027014
demografia_persona,s01a_02,¿Es hombre o mujer? (s01a_02),Sección 1: Características generales del hogar y sus miembros,Categórica o codificada según metadatos INE,39497,39497,0,0,0.0,0,2,2,20040,"not computed: categorical, identifier, or type pending",,,,,,,
demografia_persona,s01a_03,¿Cuántos años cumplidos tiene? (s01a_03),Sección 1: Características generales del hogar y sus miembros,Cuantitativa discreta/derivada según etiqueta INE,39497,39497,0,0,0.0,501,99,10,868,eligible by dictionary type,39497.0,0.0,14.0,29.0,47.0,98.0,31.997898574575284
demografia_persona,s01a_04a,¿Cuál es la fecha de su nacimiento? Día (s01a_04a),Sección 1: Características generales del hogar y sus miembros,Cuantitativa discreta/derivada según etiqueta INE,39497,39497,0,0,0.0,0,31,15,1557,eligible by dictionary type,39497.0,1.0,8.0,15.0,23.0,31.0,15.38970048358103
demografia_persona,s01a_04b,¿Cuál es la fecha de su nacimiento? Mes (s01a_04b),Sección 1: Características generales del hogar y sus miembros,Cuantitativa discreta/derivada según etiqueta INE,39497,39497,0,0,0.0,0,12,8,3488,eligible by dictionary type,39497.0,1.0,4.0,7.0,9.0,12.0,6.529863027571714
demografia_persona,s01a_04c,¿Cuál es la fecha de su nacimiento? Año (s01a_04c),Sección 1: Características generales del hogar y sus miembros,Cuantitativa discreta/derivada según etiqueta INE,39497,39497,0,0,0.0,0,99,2014,877,eligible by dictionary type,39497.0,1926.0,1977.0,1995.0,2010.0,2024.0,1991.9180190900574
demografia_persona,s01a_05,¿Qué parentesco tiene (...) con la Jefa o Jefe del hogar? (s01a_05),Sección 1: Características generales del hogar y sus miembros,Categórica o codificada según metadatos INE,39497,39497,0,0,0.0,0,14,3,16217,"not computed: categorical, identifier, or type pending",,,,,,,
demografia_persona,s01a_05a,Su esposa/o compañera/o (s01a_05a),Sección 1: Características generales del hogar y sus miembros,Categórica o codificada según metadatos INE,39497,31515,0,7982,20.2091,16585,12,0,16585,"not computed: categorical, identifier, or type pending",,,,,,,
demografia_persona,s01a_05b,Su padre/ padrastro (s01a_05b),Sección 1: Características generales del hogar y sus miembros,Categórica o codificada según metadatos INE,39497,39497,0,0,0.0,26129,11,0,26129,"not computed: categorical, identifier, or type pending",,,,,,,
demografia_persona,s01a_05c,Su madre/ madrastra (s01a_05c),Sección 1: Características generales del hogar y sus miembros,Categórica o codificada según metadatos INE,39497,39497,0,0,0.0,22312,13,0,22312,"not computed: categorical, identifier, or type pending",,,,,,,
demografia_persona,s01a_06,En la presente gestión 2025 ¿Principalmente qué persona dedicó más horas al cuidado de (…)? (s01a_06),Sección 1: Características generales del hogar y sus miembros,Cuantitativa discreta/derivada según etiqueta INE,39497,8600,0,30897,78.2262,0,16,2,3477,eligible by dictionary type,8600.0,1.0,2.0,2.0,25.0,25.0,10.167093023255815
demografia_persona,s01a_07_1,¿Qué idiomas habla? según el mayor uso: 1° (s01a_07_1),Sección 1: Características generales del hogar y sus miembros,Categórica o codificada según metadatos INE,39497,39497,0,0,0.0,0,16,6,33030,"not computed: categorical, identifier, or type pending",,,,,,,
demografia_persona,s01a_07_2,¿Qué idiomas habla? según el mayor uso: 2° (s01a_07_2),Sección 1: Características generales del hogar y sus miembros,Categórica o codificada según metadatos INE,39497,10645,0,28852,73.0486,0,21,27,3871,"not computed: categorical, identifier, or type pending",,,,,,,
demografia_persona,s01a_07_3,¿Qué idiomas habla? según el mayor uso: 3° (s01a_07_3),Sección 1: Características generales del hogar y sus miembros,Categórica o codificada según metadatos INE,39497,543,0,38954,98.6252,0,18,2,165,"not computed: categorical, identifier, or type pending",,,,,,,
demografia_persona,s01a_08,¿Cuál es el primer idioma o lengua en el que aprendió a hablar en su niñez? (s01a_08),Sección 1: Características generales del hogar y sus miembros,Categórica o codificada según metadatos INE,39497,38027,0,1470,3.7218,0,22,6,30497,"not computed: categorical, identifier, or type pending",,,,,,,
demografia_persona,s01a_09,¿Se autoidentifica con alguna nación pueblo indígena originario campesino o afroboliviano? (s01a_09),Sección 1: Características generales del hogar y sus miembros,Cuantitativa monetaria según etiqueta INE,39497,39497,0,0,0.0,0,2,2,30397,eligible by dictionary type,39497.0,1.0,2.0,2.0,2.0,2.0,1.769602754639593
demografia_persona,s01a_09npioc,¿Con Cúal? (s01a_09npioc),Sección 1: Características generales del hogar y sus miembros,Categórica o codificada según metadatos INE,39497,9100,0,30397,76.9603,0,36,28,4537,"not computed: categorical, identifier, or type pending",,,,,,,
demografia_persona,s01a_10,¿Cuál es su estado civil o conyugal actual? (s01a_10),Sección 1: Características generales del hogar y sus miembros,Categórica o codificada según metadatos INE,39497,31515,0,7982,20.2091,0,6,6,12591,"not computed: categorical, identifier, or type pending",,,,,,,
demografia_persona,s01b_11a,¿Dónde vivía hace 5 años (2020)? (s01b_11a),Sección 1: Características generales del hogar y sus miembros,Cuantitativa discreta/derivada según etiqueta INE,39497,39497,0,0,0.0,0,4,1,34969,eligible by dictionary type,39497.0,1.0,1.0,1.0,1.0,4.0,1.2592095602197635
demografia_persona,s01b_11b,Especifique el Departamento dónde vivía hace 5 años (2020)? (s01b_11b),Sección 1: Características generales del hogar y sus miembros,Categórica o codificada según metadatos INE,39497,1598,37899,0,95.9541,0,9,02,337,"not computed: categorical, identifier, or type pending",,,,,,,
demografia_persona,s01b_11c,Especifique la Provincia dónde vivía hace 5 años (2020)? (s01b_11c),Sección 1: Características generales del hogar y sus miembros,Categórica o codificada según metadatos INE,39497,1598,37899,0,95.9541,0,93,0201,212,"not computed: categorical, identifier, or type pending",,,,,,,
demografia_persona,s01b_11d,Especifique el Municipio dónde vivía hace 5 años (2020)? (s01b_11d),Sección 1: Características generales del hogar y sus miembros,Categórica o codificada según metadatos INE,39497,1598,37899,0,95.9541,0,180,070101,148,"not computed: categorical, identifier, or type pending",,,,,,,
demografia_persona,s01b_11e,Especifique el País dónde vivía hace 5 años (2020)? (s01b_11e),Sección 1: Características generales del hogar y sus miembros,Categórica o codificada según metadatos INE,39497,150,39347,0,99.6202,0,12,032,60,"not computed: categorical, identifier, or type pending",,,,,,,
demografia_persona,s01b_12,¿Cuál fue la razón por la que dejó ese lugar? (s01b_12),Sección 1: Características generales del hogar y sus miembros,Categórica o codificada según metadatos INE,39497,1748,0,37749,95.5743,0,6,5,863,"not computed: categorical, identifier, or type pending",,,,,,,
demografia_persona,s01b_12e,¿Cuál fue la razón por la que dejó ese lugar? Otra razón (Especifique) (s01b_12e),Sección 1: Características generales del hogar y sus miembros,Texto; revisar si es respuesta abierta o categoría textual,39497,18,39479,0,99.9544,0,17,MISIONERO TESTIGO DE JEHOVA,2,"not computed: categorical, identifier, or type pending",,,,,,,
demografia_persona,s01b_13a,¿Desde qué año y mes vive aquí? Año (s01b_13a),Sección 1: Características generales del hogar y sus miembros,Cuantitativa discreta/derivada según etiqueta INE,39497,1748,0,37749,95.5743,0,6,2022,388,eligible by dictionary type,1748.0,2019.0,2021.0,2022.0,2023.0,2024.0,2021.9393592677345
demografia_persona,s01b_13b,¿Desde qué año y mes vive aquí? Mes (s01b_13b),Sección 1: Características generales del hogar y sus miembros,Cuantitativa discreta/derivada según etiqueta INE,39497,1748,0,37749,95.5743,0,12,1,366,eligible by dictionary type,1748.0,1.0,2.0,4.0,9.0,12.0,5.197368421052632
salud_general_persona,folio,Id hogar anonimizado (folio),"Variables geográficas, de diseño o derivadas",Identificador / diseño muestral,39497,39497,0,0,0.0,0,12718,711-000992-A-0031,15,"not computed: categorical, identifier, or type pending",,,,,,,
salud_general_persona,nro,Número de persona (nro),"Variables geográficas, de diseño o derivadas",Identificador / diseño muestral,39497,39497,0,0,0.0,0,15,1,12718,"not computed: categorical, identifier, or type pending",,,,,,,
salud_general_persona,area,Urbana Rural (area),"Variables geográficas, de diseño o derivadas",Categórica o codificada según metadatos INE,39497,39497,0,0,0.0,0,2,1,30103,"not computed: categorical, identifier, or type pending",,,,,,,
salud_general_persona,depto,Departamento (depto),"Variables geográficas, de diseño o derivadas",Categórica o codificada según metadatos INE,39497,39497,0,0,0.0,0,9,2,9839,"not computed: categorical, identifier, or type pending",,,,,,,
salud_general_persona,upm,upm anonimizada (upm),"Variables geográficas, de diseño o derivadas",Identificador / diseño muestral,39497,39497,0,0,0.0,0,1082,351-016209-D,63,"not computed: categorical, identifier, or type pending",,,,,,,
salud_general_persona,estrato,Estrato (estrato),"Variables geográficas, de diseño o derivadas",Texto; revisar si es respuesta abierta o categoría textual,39497,39497,0,0,0.0,0,70,213,3153,"not computed: categorical, identifier, or type pending",,,,,,,
salud_general_persona,factor,Factor de expansión (factor),"Variables geográficas, de diseño o derivadas",Cuantitativa discreta/derivada según etiqueta INE,39497,39497,0,0,0.0,0,1047,243.28893741105,208,eligible by dictionary type,39497.0,18.3492739945811,180.008504522332,251.239534268644,361.069331748992,3407.91172987707,313.8822189027014
salud_general_persona,s02a_01a,¿Está (...) registrada/o o afiliada/o a: 1° (s02a_01a),Sección 2: Salud,Categórica o codificada según metadatos INE,39497,39497,0,0,0.0,0,5,1,27235,"not computed: categorical, identifier, or type pending",,,,,,,
salud_general_persona,s02a_01b,¿Está (...) registrada/o o afiliada/o a: 2° (s02a_01b),Sección 2: Salud,Categórica o codificada según metadatos INE,39497,74,0,39423,99.8126,0,3,3,68,"not computed: categorical, identifier, or type pending",,,,,,,
salud_general_persona,s02a_01e,¿Está (...) registrada/o o afiliada/o a: Otro (Especifique) (s02a_01e),Sección 2: Salud,Texto; revisar si es respuesta abierta o categoría textual,39497,2,39495,0,99.9949,0,1,SEGURO UNIVERSAL DE BRASIL,2,"not computed: categorical, identifier, or type pending",,,,,,,
salud_general_persona,s02a_02a,A. puesto/centro/hospital de salud público? (s02a_02a),Sección 2: Salud,Categórica o codificada según metadatos INE,39497,39497,0,0,0.0,0,2,2,22753,"not computed: categorical, identifier, or type pending",,,,,,,
salud_general_persona,s02a_02b,B. cajas de salud (Caja Nacional de Salud/Caja de la Banca Privada/Caja Petrolera/ Banca Estatal/COSSMIL/Seguro Universitario u otras Cajas)? (s02a_02b),Sección 2: Salud,Categórica o codificada según metadatos INE,39497,39497,0,0,0.0,0,2,2,34380,"not computed: categorical, identifier, or type pending",,,,,,,
salud_general_persona,s02a_02c,C. consultorio/clínica/hospital de salud privados? (s02a_02c),Sección 2: Salud,Categórica o codificada según metadatos INE,39497,39497,0,0,0.0,0,2,2,33196,"not computed: categorical, identifier, or type pending",,,,,,,
salud_general_persona,s02a_02d,D. atención médica en domicilio? (s02a_02d),Sección 2: Salud,Categórica o codificada según metadatos INE,39497,39497,0,0,0.0,0,2,2,39111,"not computed: categorical, identifier, or type pending",,,,,,,
salud_general_persona,s02a_02e,E. servicios de medicina tradicional ancestral? (s02a_02e),Sección 2: Salud,Categórica o codificada según metadatos INE,39497,39497,0,0,0.0,0,2,2,37849,"not computed: categorical, identifier, or type pending",,,,,,,
salud_general_persona,s02a_02f,F. soluciones caseras? (s02a_02f),Sección 2: Salud,Categórica o codificada según metadatos INE,39497,39497,0,0,0.0,0,2,2,20218,"not computed: categorical, identifier, or type pending",,,,,,,
salud_general_persona,s02a_02g,G. farmacia sin receta médica (automedicación)? (s02a_02g),Sección 2: Salud,Categórica o codificada según metadatos INE,39497,39497,0,0,0.0,0,2,1,29047,"not computed: categorical, identifier, or type pending",,,,,,,
salud_general_persona,s02a_02h,H. otro? (especifique) (s02a_02h),Sección 2: Salud,Categórica o codificada según metadatos INE,39497,39497,0,0,0.0,0,2,2,39491,"not computed: categorical, identifier, or type pending",,,,,,,
salud_general_persona,s02a_02he,"En los últimos 12 meses, por problemas de salud, ¿acudió o se atendió en… H. otro? (especifique) (s02a_02he)",Sección 2: Salud,Texto; revisar si es respuesta abierta o categoría textual,39497,6,39491,0,99.9848,0,4,ATENCION EN CAMPANA ODONTOLOGICO MOVIL,3,"not computed: categorical, identifier, or type pending",,,,,,,
salud_general_persona,s02a_03a,"En los últimos 12 meses, ¿cuánto tuvo que pagar el hogar por los cuidados de salud de (…) por concepto de: A. Servicios médicos por consulta externa: (s02a_03a)",Sección 2: Salud,Cuantitativa discreta/derivada según etiqueta INE,39497,39497,0,0,0.0,33021,156,0,33021,eligible by dictionary type,39497.0,0.0,0.0,0.0,0.0,50000.0,85.32777172949844
salud_general_persona,s02a_03b,"En los últimos 12 meses, ¿cuánto tuvo que pagar el hogar por los cuidados de salud de (…) por concepto de: B. Aparatos: (s02a_03b)",Sección 2: Salud,Cuantitativa discreta/derivada según etiqueta INE,39497,39497,0,0,0.0,38133,119,0,38133,eligible by dictionary type,39497.0,0.0,0.0,0.0,0.0,100000.0,43.870293946375675
salud_general_persona,s02a_03c,"En los últimos 12 meses, ¿cuánto tuvo que pagar el hogar por los cuidados de salud de (…) por concepto de: C. Internación hospitalaria: (s02a_03c)",Sección 2: Salud,Cuantitativa discreta/derivada según etiqueta INE,39497,39497,0,0,0.0,38937,95,0,38937,eligible by dictionary type,39497.0,0.0,0.0,0.0,0.0,50000.0,74.10790692964022
salud_general_persona,s02a_03d,"En los últimos 12 meses, ¿cuánto tuvo que pagar el hogar por los cuidados de salud de (…) por concepto de: D. Exámenes o servicio de ambulancia: (s02a_03d)",Sección 2: Salud,Cuantitativa discreta/derivada según etiqueta INE,39497,39497,0,0,0.0,37560,123,0,37560,eligible by dictionary type,39497.0,0.0,0.0,0.0,0.0,96000.0,36.39549839228296
salud_general_persona,s02a_03e,"En los últimos 12 meses, ¿cuánto tuvo que pagar el hogar por los cuidados de salud de (…) por concepto de: E. Medicinas: (s02a_03e)",Sección 2: Salud,Cuantitativa discreta/derivada según etiqueta INE,39497,39497,0,0,0.0,7567,345,0,7567,eligible by dictionary type,39497.0,0.0,20.0,80.0,200.0,84000.0,233.22176367825404
salud_general_persona,s02a_04a,"¿Tiene (…) dificultad permanente para… A. ver, incluso cuando usa lentes? (s02a_04a)",Sección 2: Salud,Categórica o codificada según metadatos INE,39497,39497,0,0,0.0,0,4,1,36815,"not computed: categorical, identifier, or type pending",,,,,,,
salud_general_persona,s02a_04b,"¿Tiene (…) dificultad permanente para… B. oír, incluso cuando usa audífonos? (s02a_04b)",Sección 2: Salud,Categórica o codificada según metadatos INE,39497,39497,0,0,0.0,0,4,1,38270,"not computed: categorical, identifier, or type pending",,,,,,,
salud_general_persona,s02a_04c,"¿Tiene (…) dificultad permanente para… C. caminar, subir gradas, usar brazos o manos? (s02a_04c)",Sección 2: Salud,Cuantitativa discreta/derivada según etiqueta INE,39497,39497,0,0,0.0,0,4,1,37870,eligible by dictionary type,39497.0,1.0,1.0,1.0,1.0,4.0,1.0492189280198496
salud_general_persona,s02a_04d,"¿Tiene (…) dificultad permanente para… D. Comunicarse, aprender, concentrarse o razonar? (s02a_04d)",Sección 2: Salud,Categórica o codificada según metadatos INE,39497,39497,0,0,0.0,0,4,1,38841,"not computed: categorical, identifier, or type pending",,,,,,,
salud_general_persona,s02a_05,¿(…) fue registrada(o) en el Sistema de información del Programa de Registro Único Nacional de Personas con Discapacidad (SIPRUNPCD) del Ministerio de Salud y Deportes o en el Sistema de Control de Afiliados (SICOA) del Instituto Boliviano de la Ceguera? (s02a_05),Sección 2: Salud,Cuantitativa monetaria según etiqueta INE,39497,4064,0,35433,89.7106,0,4,4,3846,eligible by dictionary type,4064.0,1.0,4.0,4.0,4.0,4.0,3.8518700787401574
salud_general_persona,s01a_02,¿Es hombre o mujer? (s01a_02),Sección 1: Características generales del hogar y sus miembros,Categórica o codificada según metadatos INE,39497,39497,0,0,0.0,0,2,2,20040,"not computed: categorical, identifier, or type pending",,,,,,,
salud_general_persona,s01a_03,¿Cuántos años cumplidos tiene? (s01a_03),Sección 1: Características generales del hogar y sus miembros,Cuantitativa discreta/derivada según etiqueta INE,39497,39497,0,0,0.0,501,99,10,868,eligible by dictionary type,39497.0,0.0,14.0,29.0,47.0,98.0,31.997898574575284
salud_fecundidad_mujeres_13_50,folio,Id hogar anonimizado (folio),"Variables geográficas, de diseño o derivadas",Identificador / diseño muestral,11328,11328,0,0,0.0,0,8168,314-004535-A-0061,5,"not computed: categorical, identifier, or type pending",,,,,,,
salud_fecundidad_mujeres_13_50,nro,Número de persona (nro),"Variables geográficas, de diseño o derivadas",Identificador / diseño muestral,11328,11328,0,0,0.0,0,13,2,5351,"not computed: categorical, identifier, or type pending",,,,,,,
salud_fecundidad_mujeres_13_50,area,Urbana Rural (area),"Variables geográficas, de diseño o derivadas",Categórica o codificada según metadatos INE,11328,11328,0,0,0.0,0,2,1,9125,"not computed: categorical, identifier, or type pending",,,,,,,
salud_fecundidad_mujeres_13_50,depto,Departamento (depto),"Variables geográficas, de diseño o derivadas",Categórica o codificada según metadatos INE,11328,11328,0,0,0.0,0,9,2,2913,"not computed: categorical, identifier, or type pending",,,,,,,
salud_fecundidad_mujeres_13_50,upm,upm anonimizada (upm),"Variables geográficas, de diseño o derivadas",Identificador / diseño muestral,11328,11328,0,0,0.0,0,1082,211-000169-A,23,"not computed: categorical, identifier, or type pending",,,,,,,
salud_fecundidad_mujeres_13_50,estrato,Estrato (estrato),"Variables geográficas, de diseño o derivadas",Texto; revisar si es respuesta abierta o categoría textual,11328,11328,0,0,0.0,0,70,213,969,"not computed: categorical, identifier, or type pending",,,,,,,
salud_fecundidad_mujeres_13_50,factor,Factor de expansión (factor),"Variables geográficas, de diseño o derivadas",Cuantitativa discreta/derivada según etiqueta INE,11328,11328,0,0,0.0,0,1047,243.28893741105,57,eligible by dictionary type,11328.0,18.3492739945811,180.806303928214,253.171509976169,361.069331748992,3407.91172987707,315.3318529754066
salud_fecundidad_mujeres_13_50,s02b_06,¿Está o estuvo alguna vez embarazada? (s02b_06),Sección 2: Salud,Categórica o codificada según metadatos INE,11328,11328,0,0,0.0,0,3,2,6281,"not computed: categorical, identifier, or type pending",,,,,,,
salud_fecundidad_mujeres_13_50,s02b_06b,¿Está o estuvo alguna vez embarazada? ¿Cuántas veces? (incluyendo el actual embarazo) (s02b_06b),Sección 2: Salud,Cuantitativa discreta/derivada según etiqueta INE,11328,6456,0,4872,43.0085,0,15,2,1967,eligible by dictionary type,6456.0,1.0,1.0,2.0,3.0,15.0,2.62360594795539
salud_fecundidad_mujeres_13_50,s02b_07,¿Cuántas hijas e hijos nacidos vivos ha tenido? (aunque después hayan muerto) (s02b_07),Sección 2: Salud,Categórica o codificada según metadatos INE,11328,6456,0,4872,43.0085,117,15,2,1993,"not computed: categorical, identifier, or type pending",,,,,,,
salud_fecundidad_mujeres_13_50,s02b_08,De ellos ¿Cuántos están vivos actualmente? (s02b_08),Sección 2: Salud,Categórica o codificada según metadatos INE,11328,6339,0,4989,44.0413,14,13,2,2037,"not computed: categorical, identifier, or type pending",,,,,,,
salud_fecundidad_mujeres_13_50,s02b_09a,¿En qué mes y año nació su última hija o hijo nacido vivo? (aunque después haya muerto) Mes. (s02b_09a),Sección 2: Salud,Cuantitativa discreta/derivada según etiqueta INE,11328,6339,0,4989,44.0413,0,12,5,640,eligible by dictionary type,6339.0,1.0,3.0,6.0,9.0,12.0,6.376715570279224
salud_fecundidad_mujeres_13_50,s02b_09b,¿En qué mes y año nació su última hija o hijo nacido vivo? (aunque después haya muerto) Año. (s02b_09b),Sección 2: Salud,Cuantitativa discreta/derivada según etiqueta INE,11328,6339,0,4989,44.0413,0,37,2023,481,eligible by dictionary type,6339.0,1981.0,2012.0,2017.0,2021.0,2024.0,2015.994005363622
salud_fecundidad_mujeres_13_50,s02b_10,¿Quién atendió su último parto? (s02b_10),Sección 2: Salud,Categórica o codificada según metadatos INE,11328,2711,0,8617,76.0681,0,8,1,2510,"not computed: categorical, identifier, or type pending",,,,,,,
salud_fecundidad_mujeres_13_50,s02b_10e,¿Quién atendió su último parto? (ESPECIFIQUE) (s02b_10e),Sección 2: Salud,Texto; revisar si es respuesta abierta o categoría textual,11328,2,11326,0,99.9823,0,2,UNA PERSONA AJENA DE LA FAMILIA,1,"not computed: categorical, identifier, or type pending",,,,,,,
salud_fecundidad_mujeres_13_50,s02b_11,"En su último embarazo, ¿se ha inscrito al Bono Juana Azurduy (BJA)? (s02b_11)",Sección 2: Salud,Categórica o codificada según metadatos INE,11328,6456,0,4872,43.0085,0,2,2,3379,"not computed: categorical, identifier, or type pending",,,,,,,
salud_fecundidad_mujeres_13_50,s02b_12a1,"En los últimos 12 meses, ¿cobró usted el Bono Juana Azurduy por: A. Controles prenatales realizados? (s02b_12a1)",Sección 2: Salud,Cuantitativa discreta/derivada según etiqueta INE,11328,3077,0,8251,72.8372,0,2,2,2670,eligible by dictionary type,3077.0,1.0,2.0,2.0,2.0,2.0,1.8677283067923303
salud_fecundidad_mujeres_13_50,s02b_12a2,"En los últimos 12 meses, ¿cobró usted el Bono Juana Azurduy por: A. Controles prenatales realizados? Nº de Controles (s02b_12a2)",Sección 2: Salud,Cuantitativa discreta/derivada según etiqueta INE,11328,407,0,10921,96.4071,0,4,4,218,eligible by dictionary type,407.0,1.0,2.0,4.0,4.0,4.0,3.0884520884520885
salud_fecundidad_mujeres_13_50,s02b_12b,"En los últimos 12 meses, ¿cobró usted el Bono Juana Azurduy por: B. El parto y primer control postparto? (s02b_12b)",Sección 2: Salud,Cuantitativa discreta/derivada según etiqueta INE,11328,3077,0,8251,72.8372,0,2,2,2772,eligible by dictionary type,3077.0,1.0,2.0,2.0,2.0,2.0,1.9008774780630484
salud_fecundidad_mujeres_13_50,s02b_13,"En su último embarazo, ¿recibió el Subsidio Universal Prenatal por la Vida (Productos con valor de Bs 300)? (s02b_13)",Sección 2: Salud,Categórica o codificada según metadatos INE,11328,3077,0,8251,72.8372,0,2,1,2077,"not computed: categorical, identifier, or type pending",,,,,,,
salud_fecundidad_mujeres_13_50,s02b_14,"En los últimos 12 meses, ¿recibió el Subsidio Universal Prenatal por la Vida (Productos con valor de Bs 300)? (s02b_14)",Sección 2: Salud,Cuantitativa discreta/derivada según etiqueta INE,11328,2077,0,9251,81.6649,0,2,2,1695,eligible by dictionary type,2077.0,1.0,2.0,2.0,2.0,2.0,1.816080885893115
salud_fecundidad_mujeres_13_50,s02b_14a,"En los últimos 12 meses, ¿recibió el Subsidio Universal Prenatal por la Vida (Productos con valor de Bs 300)? ¿Cuántos meses? (s02b_14a)",Sección 2: Salud,Cuantitativa discreta/derivada según etiqueta INE,11328,382,0,10946,96.6278,0,4,4,208,eligible by dictionary type,382.0,1.0,2.0,4.0,4.0,4.0,3.136125654450262
salud_fecundidad_mujeres_13_50,s01a_02,¿Es hombre o mujer? (s01a_02),Sección 1: Características generales del hogar y sus miembros,Categórica o codificada según metadatos INE,11328,11328,0,0,0.0,0,1,2,11328,"not computed: categorical, identifier, or type pending",,,,,,,
salud_fecundidad_mujeres_13_50,s01a_03,¿Cuántos años cumplidos tiene? (s01a_03),Sección 1: Características generales del hogar y sus miembros,Cuantitativa discreta/derivada según etiqueta INE,11328,11328,0,0,0.0,0,38,13,390,eligible by dictionary type,11328.0,13.0,20.0,30.0,39.0,50.0,30.02100988700565
salud_asistencia_infantil_menores_6,folio,Id hogar anonimizado (folio),"Variables geográficas, de diseño o derivadas",Identificador / diseño muestral,3434,3434,0,0,0.0,0,2781,314-004331-A-0161,4,"not computed: categorical, identifier, or type pending",,,,,,,
salud_asistencia_infantil_menores_6,nro,Número de persona (nro),"Variables geográficas, de diseño o derivadas",Identificador / diseño muestral,3434,3434,0,0,0.0,0,14,3,1041,"not computed: categorical, identifier, or type pending",,,,,,,
salud_asistencia_infantil_menores_6,area,Urbana Rural (area),"Variables geográficas, de diseño o derivadas",Categórica o codificada según metadatos INE,3434,3434,0,0,0.0,0,2,1,2451,"not computed: categorical, identifier, or type pending",,,,,,,
salud_asistencia_infantil_menores_6,depto,Departamento (depto),"Variables geográficas, de diseño o derivadas",Categórica o codificada según metadatos INE,3434,3434,0,0,0.0,0,9,2,747,"not computed: categorical, identifier, or type pending",,,,,,,
salud_asistencia_infantil_menores_6,upm,upm anonimizada (upm),"Variables geográficas, de diseño o derivadas",Identificador / diseño muestral,3434,3434,0,0,0.0,0,972,343-012651-A,15,"not computed: categorical, identifier, or type pending",,,,,,,
salud_asistencia_infantil_menores_6,estrato,Estrato (estrato),"Variables geográficas, de diseño o derivadas",Texto; revisar si es respuesta abierta o categoría textual,3434,3434,0,0,0.0,0,70,212,220,"not computed: categorical, identifier, or type pending",,,,,,,
salud_asistencia_infantil_menores_6,factor,Factor de expansión (factor),"Variables geográficas, de diseño o derivadas",Cuantitativa discreta/derivada según etiqueta INE,3434,3434,0,0,0.0,0,942,276.737256298427,17,eligible by dictionary type,3434.0,18.3492739945811,177.149806900129,257.112172491223,383.174662567053,3407.91172987707,331.9803222728513
salud_asistencia_infantil_menores_6,s02c_15,"Durante este año, ¿(…) asiste o asistió a algún centro infantil que no sea pre kinder ni kinder? (s02c_15)",Sección 2: Salud,Cuantitativa discreta/derivada según etiqueta INE,3434,3434,0,0,0.0,0,3,3,3080,eligible by dictionary type,3434.0,1.0,3.0,3.0,3.0,3.0,2.8150844496214327
salud_asistencia_infantil_menores_6,s01a_02,¿Es hombre o mujer? (s01a_02),Sección 1: Características generales del hogar y sus miembros,Categórica o codificada según metadatos INE,3434,3434,0,0,0.0,0,2,1,1750,"not computed: categorical, identifier, or type pending",,,,,,,
salud_asistencia_infantil_menores_6,s01a_03,¿Cuántos años cumplidos tiene? (s01a_03),Sección 1: Características generales del hogar y sus miembros,Cuantitativa discreta/derivada según etiqueta INE,3434,3434,0,0,0.0,501,6,5,653,eligible by dictionary type,3434.0,0.0,1.0,3.0,4.0,5.0,2.6817122888759464
salud_bono_menores_5,folio,Id hogar anonimizado (folio),"Variables geográficas, de diseño o derivadas",Identificador / diseño muestral,2781,2781,0,0,0.0,0,2345,243-024687-D-0301,4,"not computed: categorical, identifier, or type pending",,,,,,,
salud_bono_menores_5,nro,Número de persona (nro),"Variables geográficas, de diseño o derivadas",Identificador / diseño muestral,2781,2781,0,0,0.0,0,13,3,858,"not computed: categorical, identifier, or type pending",,,,,,,
salud_bono_menores_5,area,Urbana Rural (area),"Variables geográficas, de diseño o derivadas",Categórica o codificada según metadatos INE,2781,2781,0,0,0.0,0,2,1,1976,"not computed: categorical, identifier, or type pending",,,,,,,
salud_bono_menores_5,depto,Departamento (depto),"Variables geográficas, de diseño o derivadas",Categórica o codificada según metadatos INE,2781,2781,0,0,0.0,0,9,2,600,"not computed: categorical, identifier, or type pending",,,,,,,
salud_bono_menores_5,upm,upm anonimizada (upm),"Variables geográficas, de diseño o derivadas",Identificador / diseño muestral,2781,2781,0,0,0.0,0,930,852-004197-D,12,"not computed: categorical, identifier, or type pending",,,,,,,
salud_bono_menores_5,estrato,Estrato (estrato),"Variables geográficas, de diseño o derivadas",Texto; revisar si es respuesta abierta o categoría textual,2781,2781,0,0,0.0,0,70,212,176,"not computed: categorical, identifier, or type pending",,,,,,,
salud_bono_menores_5,factor,Factor de expansión (factor),"Variables geográficas, de diseño o derivadas",Cuantitativa discreta/derivada según etiqueta INE,2781,2781,0,0,0.0,0,902,243.28893741105,14,eligible by dictionary type,2781.0,18.3492739945811,176.873421361874,258.688096487148,387.789819551989,3407.91172987707,336.36360493089376
salud_bono_menores_5,s02d_16,¿Alguna vez inscribieron a (…) al Bono Juana Azurduy? (s02d_16),Sección 2: Salud,Categórica o codificada según metadatos INE,2781,2781,0,0,0.0,0,2,1,1734,"not computed: categorical, identifier, or type pending",,,,,,,
salud_bono_menores_5,s02d_17,"En los últimos 12 meses, ¿cobró usted el Bono Juana Azurduy por los controles integrales de salud de (…)? (s02d_17)",Sección 2: Salud,Cuantitativa discreta/derivada según etiqueta INE,2781,1734,0,1047,37.6483,0,2,2,1049,eligible by dictionary type,1734.0,1.0,1.0,2.0,2.0,2.0,1.604959630911188
salud_bono_menores_5,s02d_17a,"En los últimos 12 meses, ¿cobró usted el Bono Juana Azurduy por los controles integrales de salud de (…)? ¿Cuántos controles cobró? (s02d_17a)",Sección 2: Salud,Cuantitativa discreta/derivada según etiqueta INE,2781,685,0,2096,75.3686,0,6,4,182,eligible by dictionary type,685.0,1.0,2.0,4.0,5.0,6.0,3.6452554744525547
salud_bono_menores_5,s01a_02,¿Es hombre o mujer? (s01a_02),Sección 1: Características generales del hogar y sus miembros,Categórica o codificada según metadatos INE,2781,2781,0,0,0.0,0,2,1,1425,"not computed: categorical, identifier, or type pending",,,,,,,
salud_bono_menores_5,s01a_03,¿Cuántos años cumplidos tiene? (s01a_03),Sección 1: Características generales del hogar y sus miembros,Cuantitativa discreta/derivada según etiqueta INE,2781,2781,0,0,0.0,501,5,4,638,eligible by dictionary type,2781.0,0.0,1.0,2.0,3.0,4.0,2.1373606616325063
educacion_personas_4_mas,folio,Id hogar anonimizado (folio),"Variables geográficas, de diseño o derivadas",Identificador / diseño muestral,37354,37354,0,0,0.0,0,12718,711-000992-A-0031,14,"not computed: categorical, identifier, or type pending",,,,,,,
educacion_personas_4_mas,nro,Número de persona (nro),"Variables geográficas, de diseño o derivadas",Identificador / diseño muestral,37354,37354,0,0,0.0,0,15,1,12718,"not computed: categorical, identifier, or type pending",,,,,,,
educacion_personas_4_mas,area,Urbana Rural (area),"Variables geográficas, de diseño o derivadas",Categórica o codificada según metadatos INE,37354,37354,0,0,0.0,0,2,1,28584,"not computed: categorical, identifier, or type pending",,,,,,,
educacion_personas_4_mas,depto,Departamento (depto),"Variables geográficas, de diseño o derivadas",Categórica o codificada según metadatos INE,37354,37354,0,0,0.0,0,9,2,9391,"not computed: categorical, identifier, or type pending",,,,,,,
educacion_personas_4_mas,upm,upm anonimizada (upm),"Variables geográficas, de diseño o derivadas",Identificador / diseño muestral,37354,37354,0,0,0.0,0,1082,351-016209-D,59,"not computed: categorical, identifier, or type pending",,,,,,,
educacion_personas_4_mas,estrato,Estrato (estrato),"Variables geográficas, de diseño o derivadas",Texto; revisar si es respuesta abierta o categoría textual,37354,37354,0,0,0.0,0,70,213,3026,"not computed: categorical, identifier, or type pending",,,,,,,
educacion_personas_4_mas,factor,Factor de expansión (factor),"Variables geográficas, de diseño o derivadas",Cuantitativa discreta/derivada según etiqueta INE,37354,37354,0,0,0.0,0,1047,243.28893741105,197,eligible by dictionary type,37354.0,18.3492739945811,180.008504522332,250.381327127148,359.152233206723,3407.91172987707,312.5123482529801
educacion_personas_4_mas,s03a_01,¿Sabe leer y escribir? (s03a_01),Sección 3: Educación,Categórica o codificada según metadatos INE,37354,37354,0,0,0.0,0,2,1,34838,"not computed: categorical, identifier, or type pending",,,,,,,
educacion_personas_4_mas,s03a_01a,"¿Es (…) capaz de sumar o multiplicar números, ya sea en papel o mentalmente? (s03a_01a)",Sección 3: Educación,Categórica o codificada según metadatos INE,37354,37354,0,0,0.0,0,2,1,34476,"not computed: categorical, identifier, or type pending",,,,,,,
educacion_personas_4_mas,s03a_02a,¿Cuál fue el NIVEL Y CURSO más alto de instrucción que aprobó? Nivel (s03a_02a),Sección 3: Educación,Categórica o codificada según metadatos INE,37354,37354,0,0,0.0,0,25,42,7434,"not computed: categorical, identifier, or type pending",,,,,,,
educacion_personas_4_mas,s03a_02c,¿Cuál fue el NIVEL Y CURSO más alto de instrucción que aprobó? Curso (s03a_02c),Sección 3: Educación,Categórica o codificada según metadatos INE,37354,37354,0,0,0.0,1974,11,4,7055,"not computed: categorical, identifier, or type pending",,,,,,,
educacion_personas_4_mas,s03a_03a,Para ingresar a ese nivel ¿Cuál fue el NIVEL Y CURSO anterior de educación que aprobó? Nivel (s03a_03a),Sección 3: Educación,Categórica o codificada según metadatos INE,37354,2297,0,35057,93.8507,0,12,23,927,"not computed: categorical, identifier, or type pending",,,,,,,
educacion_personas_4_mas,s03a_03c,Para ingresar a ese nivel ¿Cuál fue el NIVEL Y CURSO anterior de educación que aprobó? Curso (s03a_03c),Sección 3: Educación,Categórica o codificada según metadatos INE,37354,2297,0,35057,93.8507,2,8,4,1488,"not computed: categorical, identifier, or type pending",,,,,,,
educacion_personas_4_mas,s03a_04,"Durante este año, ¿se inscribió o matriculó en algún curso o grado de educación escolar, alternativa, superior o postgrado? (s03a_04)",Sección 3: Educación,Cuantitativa discreta/derivada según etiqueta INE,37354,37354,0,0,0.0,0,2,2,23517,eligible by dictionary type,37354.0,1.0,1.0,2.0,2.0,2.0,1.6295711302671736
educacion_personas_4_mas,s03a_05,¿Por qué razón no se inscribió/matriculó? (Indague la razón más importante) (s03a_05),Sección 3: Educación,Categórica o codificada según metadatos INE,37354,23517,0,13837,37.0429,0,8,6,13471,"not computed: categorical, identifier, or type pending",,,,,,,
educacion_personas_4_mas,s03a_05e,¿Por qué razón no se inscribió/matriculó? (Indague la razón más importante) (Especifique) (s03a_05e),Sección 3: Educación,Categórica o codificada según metadatos INE,37354,330,37024,0,99.1166,0,201,NO LE INTERESA ESTUDIAR,106,"not computed: categorical, identifier, or type pending",,,,,,,
educacion_personas_4_mas,s03a_06a,"¿A qué NIVEL Y CURSO de educación escolar, alternativa, superior o postgrado se inscribió/matriculó este año? Nivel (s03a_06a)",Sección 3: Educación,Cuantitativa discreta/derivada según etiqueta INE,37354,13837,0,23517,62.9571,0,15,41,4650,eligible by dictionary type,13837.0,12.0,41.0,42.0,65.0,78.0,47.18768519187685
educacion_personas_4_mas,s03a_06c,"¿A qué NIVEL Y CURSO de educación escolar, alternativa, superior o postgrado se inscribió/matriculó este año? Curso (s03a_06c)",Sección 3: Educación,Cuantitativa discreta/derivada según etiqueta INE,37354,13837,0,23517,62.9571,26,9,2,3055,eligible by dictionary type,13837.0,0.0,2.0,3.0,5.0,9.0,3.1204018212040183
educacion_personas_4_mas,s03a_07a,"En esta gestión, ¿recibió Desayuno/ Almuerzo o merienda escolar? (s03a_07a)",Sección 3: Educación,Categórica o codificada según metadatos INE,37354,10398,0,26956,72.1636,0,2,1,8725,"not computed: categorical, identifier, or type pending",,,,,,,
educacion_personas_4_mas,s03a_07b,¿Cuantos meses aproximadamente? (s03a_07b),Sección 3: Educación,Cuantitativa discreta/derivada según etiqueta INE,37354,8725,0,28629,76.6424,0,10,8,3090,eligible by dictionary type,8725.0,1.0,8.0,8.0,9.0,10.0,8.266704871060172
educacion_personas_4_mas,s03a_08,¿Recibió el Bono Juancito Pinto el año pasado (2024)? (s03a_08),Sección 3: Educación,Cuantitativa discreta/derivada según etiqueta INE,37354,10398,0,26956,72.1636,0,2,1,7906,eligible by dictionary type,10398.0,1.0,1.0,1.0,1.0,2.0,1.2396614733602616
educacion_personas_4_mas,s03a_09,El establecimiento en el que se matriculó esta gestión 2025 es: (s03a_09),Sección 3: Educación,Categórica o codificada según metadatos INE,37354,13837,0,23517,62.9571,0,2,1,11894,"not computed: categorical, identifier, or type pending",,,,,,,
educacion_personas_4_mas,s03b_10,"Actualmente, ¿(…) pasa clases en el nivel y curso al que se matriculó esta gestión 2025? (s03b_10)",Sección 3: Educación,Categórica o codificada según metadatos INE,37354,13837,0,23517,62.9571,0,4,1,10638,"not computed: categorical, identifier, or type pending",,,,,,,
educacion_personas_4_mas,s03b_11,"¿Cuál es la principal razón por la que no pasa clases actualmente (ya sea presencial, semipresencial, a distancia o virtual)? (s03b_11)",Sección 3: Educación,Categórica o codificada según metadatos INE,37354,2842,0,34512,92.3917,0,5,1,2733,"not computed: categorical, identifier, or type pending",,,,,,,
educacion_personas_4_mas,s03b_11e,"¿Cuál es la principal razón por la que no pasa clases actualmente (ya sea presencial, semipresencial, a distancia o virtual)? Otro (Especifique) (s03b_11e)",Sección 3: Educación,Categórica o codificada según metadatos INE,37354,37,37317,0,99.9009,0,37,PRESENTA UNA ENFERMEDAD HELICOBACTER PYLORI,1,"not computed: categorical, identifier, or type pending",,,,,,,
educacion_personas_4_mas,s03b_12,"Actualmente, ¿se encuentra en periodo de vacación, descanso pedagógico o receso? (s03b_12)",Sección 3: Educación,Categórica o codificada según metadatos INE,37354,40,0,37314,99.8929,0,2,2,38,"not computed: categorical, identifier, or type pending",,,,,,,
educacion_personas_4_mas,s03c_13,¿(....) dispone de teléfono celular para uso personal? (s03c_13),Sección 3: Educación,Categórica o codificada según metadatos INE,37354,36717,0,637,1.7053,0,2,1,27964,"not computed: categorical, identifier, or type pending",,,,,,,
educacion_personas_4_mas,s03c_13a,¿El teléfono celular puede conectarse a Internet? (s03c_13a),Sección 3: Educación,Categórica o codificada según metadatos INE,37354,27964,0,9390,25.1379,0,3,1,26317,"not computed: categorical, identifier, or type pending",,,,,,,
educacion_personas_4_mas,s03c_14,"¿En los últimos 3 meses, (....) ha utilizado teléfono celular? (s03c_14)",Sección 3: Educación,Cuantitativa discreta/derivada según etiqueta INE,37354,36717,0,637,1.7053,0,2,1,30854,eligible by dictionary type,36717.0,1.0,1.0,1.0,1.0,2.0,1.1596808018084266
educacion_personas_4_mas,s03c_15a,"¿En los últimos 3 meses, (…) ha utilizado computadora de escritorio, laptop, tablet, en cualquier lugar? (s03c_15a)",Sección 3: Educación,Cuantitativa discreta/derivada según etiqueta INE,37354,36717,0,637,1.7053,0,2,2,25900,eligible by dictionary type,36717.0,1.0,1.0,2.0,2.0,2.0,1.7053953209684887
educacion_personas_4_mas,s03c_15b,"¿En los últimos 3 meses, (…) ha utilizado computadora de escritorio, laptop, tablet, en cualquier lugar? ¿Con qué frecuencia? (s03c_15b)",Sección 3: Educación,Cuantitativa discreta/derivada según etiqueta INE,37354,10817,0,26537,71.0419,0,4,1,5720,eligible by dictionary type,10817.0,1.0,1.0,1.0,2.0,4.0,1.5655911990385505
educacion_personas_4_mas,s03c_16a,"¿En los últimos 3 meses, (…) ha utilizado Internet en cualquier lugar? (s03c_16a)",Sección 3: Educación,Cuantitativa discreta/derivada según etiqueta INE,37354,36717,0,637,1.7053,0,2,1,26851,eligible by dictionary type,36717.0,1.0,1.0,1.0,2.0,2.0,1.2687038701418962
educacion_personas_4_mas,s03c_16b,"¿En los últimos 3 meses, (…) ha utilizado Internet en cualquier lugar? ¿Con qué frecuencia? (s03c_16b)",Sección 3: Educación,Cuantitativa discreta/derivada según etiqueta INE,37354,26851,0,10503,28.1175,0,4,1,21147,eligible by dictionary type,26851.0,1.0,1.0,1.0,1.0,4.0,1.2317976984097427
educacion_personas_4_mas,s03c_17aa,¿Dónde ha utilizado usted internet en los últimos 3 meses? 1° (s03c_17aa),Sección 3: Educación,Cuantitativa discreta/derivada según etiqueta INE,37354,26851,0,10503,28.1175,0,7,1,24624,eligible by dictionary type,26851.0,1.0,1.0,1.0,1.0,7.0,1.1439797400469256
educacion_personas_4_mas,s03c_17ab,¿Dónde ha utilizado usted internet en los últimos 3 meses? 2° (s03c_17ab),Sección 3: Educación,Cuantitativa discreta/derivada según etiqueta INE,37354,14605,0,22749,60.9011,0,7,2,8656,eligible by dictionary type,14605.0,1.0,2.0,2.0,3.0,7.0,2.304827114002054
educacion_personas_4_mas,s03c_17e,¿Dónde ha utilizado usted internet en los últimos 3 meses? Especifique (s03c_17e),Sección 3: Educación,Categórica o codificada según metadatos INE,37354,205,37149,0,99.4512,0,97,EN OTRA COMUNIDAD,37,"not computed: categorical, identifier, or type pending",,,,,,,
educacion_personas_4_mas,s01a_02,¿Es hombre o mujer? (s01a_02),Sección 1: Características generales del hogar y sus miembros,Categórica o codificada según metadatos INE,37354,37354,0,0,0.0,0,2,2,18998,"not computed: categorical, identifier, or type pending",,,,,,,
educacion_personas_4_mas,s01a_03,¿Cuántos años cumplidos tiene? (s01a_03),Sección 1: Características generales del hogar y sus miembros,Cuantitativa discreta/derivada según etiqueta INE,37354,37354,0,0,0.0,0,95,10,868,eligible by dictionary type,37354.0,4.0,16.0,31.0,49.0,98.0,33.742812014777535
educacion_personas_4_mas,niv_ed,Nivel educativo detallado (niv_ed),"Variables geográficas, de diseño o derivadas",Categórica o codificada según metadatos INE,37354,37354,0,0,0.0,3273,7,5,9599,"not computed: categorical, identifier, or type pending",,,,,,,
educacion_personas_4_mas,niv_ed_g,Nivel educativo general (niv_ed_g),"Variables geográficas, de diseño o derivadas",Categórica o codificada según metadatos INE,37354,37354,0,0,0.0,3273,5,2,14095,"not computed: categorical, identifier, or type pending",,,,,,,
educacion_personas_4_mas,cmasi,Condición de Matriculación y Asistencia (cmasi),"Variables geográficas, de diseño o derivadas",Categórica o codificada según metadatos INE,37354,37354,0,0,0.0,0,3,1,23517,"not computed: categorical, identifier, or type pending",,,,,,,
educacion_personas_4_mas,educ_prev,Años de estudio previos (educ_prev),"Variables geográficas, de diseño o derivadas",Cuantitativa discreta/derivada según etiqueta INE,37354,2297,0,35057,93.8507,2,13,12,2246,eligible by dictionary type,2297.0,0.0,12.0,12.0,12.0,12.0,11.903787548976926
educacion_personas_4_mas,aestudio,Años de estudio (aestudio),"Variables geográficas, de diseño o derivadas",Cuantitativa discreta/derivada según etiqueta INE,37354,37354,0,0,0.0,3273,24,12,6788,eligible by dictionary type,37354.0,0.0,4.0,10.0,13.0,23.0,9.046956149274509
empleo_personas_7_mas,folio,Id hogar anonimizado (folio),"Variables geográficas, de diseño o derivadas",Identificador / diseño muestral,35366,35366,0,0,0.0,0,12718,711-000992-A-0031,13,"not computed: categorical, identifier, or type pending",,,,,,,
empleo_personas_7_mas,nro,Número de persona (nro),"Variables geográficas, de diseño o derivadas",Identificador / diseño muestral,35366,35366,0,0,0.0,0,14,1,12718,"not computed: categorical, identifier, or type pending",,,,,,,
empleo_personas_7_mas,area,Urbana Rural (area),"Variables geográficas, de diseño o derivadas",Categórica o codificada según metadatos INE,35366,35366,0,0,0.0,0,2,1,27145,"not computed: categorical, identifier, or type pending",,,,,,,
empleo_personas_7_mas,depto,Departamento (depto),"Variables geográficas, de diseño o derivadas",Categórica o codificada según metadatos INE,35366,35366,0,0,0.0,0,9,2,8955,"not computed: categorical, identifier, or type pending",,,,,,,
empleo_personas_7_mas,upm,upm anonimizada (upm),"Variables geográficas, de diseño o derivadas",Identificador / diseño muestral,35366,35366,0,0,0.0,0,1082,211-000169-A,55,"not computed: categorical, identifier, or type pending",,,,,,,
empleo_personas_7_mas,estrato,Estrato (estrato),"Variables geográficas, de diseño o derivadas",Texto; revisar si es respuesta abierta o categoría textual,35366,35366,0,0,0.0,0,70,213,2901,"not computed: categorical, identifier, or type pending",,,,,,,
empleo_personas_7_mas,factor,Factor de expansión (factor),"Variables geográficas, de diseño o derivadas",Cuantitativa discreta/derivada según etiqueta INE,35366,35366,0,0,0.0,0,1047,243.28893741105,191,eligible by dictionary type,35366.0,18.3492739945811,180.186092638272,250.381327127148,359.010494657419,3407.91172987707,311.96351664734556
empleo_personas_7_mas,s04a_01,"Durante la semana pasada, ¿trabajó al menos una hora? (s04a_01)",Sección 4: Empleo,Cuantitativa discreta/derivada según etiqueta INE,35366,35366,0,0,0.0,0,2,1,18978,eligible by dictionary type,35366.0,1.0,1.0,1.0,2.0,2.0,1.4633829101396822
empleo_personas_7_mas,s04a_02,"Durante la semana pasada, dedicó al menos una hora a: (s04a_02)",Sección 4: Empleo,Cuantitativa discreta/derivada según etiqueta INE,35366,16388,0,18978,53.6617,0,9,9,15994,eligible by dictionary type,16388.0,1.0,9.0,9.0,9.0,9.0,8.843971198437881
empleo_personas_7_mas,s04a_02a,"Los cultivos agrícolas, cría de animales, caza, pesca o recolección son destinados: (s04a_02a)",Sección 4: Empleo,Categórica o codificada según metadatos INE,35366,221,0,35145,99.3751,0,2,2,122,"not computed: categorical, identifier, or type pending",,,,,,,
empleo_personas_7_mas,s04a_03,"La semana pasada, ¿tuvo algún empleo, negocio o empresa propia en la cual no trabajó por: (s04a_03)",Sección 4: Empleo,Categórica o codificada según metadatos INE,35366,15994,0,19372,54.7758,0,9,10,15887,"not computed: categorical, identifier, or type pending",,,,,,,
empleo_personas_7_mas,s04a_04,"La semana pasada, ¿quería usted trabajar y estaba disponible para hacerlo? (s04a_04)",Sección 4: Empleo,Categórica o codificada según metadatos INE,35366,15887,0,19479,55.0783,0,2,2,14449,"not computed: categorical, identifier, or type pending",,,,,,,
empleo_personas_7_mas,s04a_05,Durante las últimas cuatro semanas ¿buscó trabajo o hizo gestiones para establecer algún negocio propio? (s04a_05),Sección 4: Empleo,Categórica o codificada según metadatos INE,35366,15887,0,19479,55.0783,0,2,2,14773,"not computed: categorical, identifier, or type pending",,,,,,,
empleo_personas_7_mas,s04a_06,Es usted: (s04a_06),Sección 4: Empleo,Categórica o codificada según metadatos INE,35366,14773,0,20593,58.2282,0,6,1,9607,"not computed: categorical, identifier, or type pending",,,,,,,
empleo_personas_7_mas,s04a_06e,Es usted: (Especifique) (s04a_06e),Sección 4: Empleo,Texto; revisar si es respuesta abierta o categoría textual,35366,65,35301,0,99.8162,0,60,POR EMBARAZO,4,"not computed: categorical, identifier, or type pending",,,,,,,
empleo_personas_7_mas,s04a_07,¿Por qué no buscó trabajo? (s04a_07),Sección 4: Empleo,Categórica o codificada según metadatos INE,35366,14773,0,20593,58.2282,0,9,4,9046,"not computed: categorical, identifier, or type pending",,,,,,,
empleo_personas_7_mas,s04a_07e,¿Por qué no buscó trabajo? Por otras causas (Especifique) (s04a_07e),Sección 4: Empleo,Texto; revisar si es respuesta abierta o categoría textual,35366,85,35281,0,99.7597,0,80,POR EMBARAZO,3,"not computed: categorical, identifier, or type pending",,,,,,,
empleo_personas_7_mas,s04a_08,¿Ha trabajado alguna vez anteriormente? (s04a_08),Sección 4: Empleo,Categórica o codificada según metadatos INE,35366,15887,0,19479,55.0783,0,2,2,9983,"not computed: categorical, identifier, or type pending",,,,,,,
empleo_personas_7_mas,s04b_09a_cod,Códigos Clasificación de Ocupaciones de Bolivia 2024 (s04b_09a_cod),Sección 4: Empleo,Categórica o codificada según metadatos INE,35366,19479,15887,0,44.9217,0,488,52210,1365,"not computed: categorical, identifier, or type pending",,,,,,,
empleo_personas_7_mas,s04b_10a_cod,Códigos Clasificación de Actividades Económicas de Bolivia 2024 (s04b_10a_cod),Sección 4: Empleo,Categórica o codificada según metadatos INE,35366,19479,15887,0,44.9217,0,663,01136,1191,"not computed: categorical, identifier, or type pending",,,,,,,
empleo_personas_7_mas,s04b_11aa,"¿Hace cuánto tiempo trabaja en esta empresa, institución, negocio o lugar? Tiempo (s04b_11aa)",Sección 4: Empleo,Código numérico; semántica pendiente de confirmar,35366,19479,0,15887,44.9217,0,70,2,2328,"not computed: categorical, identifier, or type pending",,,,,,,
empleo_personas_7_mas,s04b_11ab,"¿Hace cuánto tiempo trabaja en esta empresa, institución, negocio o lugar? Periodo (s04b_11ab)",Sección 4: Empleo,Categórica o codificada según metadatos INE,35366,19479,0,15887,44.9217,0,3,8,17144,"not computed: categorical, identifier, or type pending",,,,,,,
empleo_personas_7_mas,s04b_11ba,"¿Hace cuánto tiempo desempeña esta ocupación en esa empresa, institución, negocio o lugar? Tiempo (s04b_11ba)",Sección 4: Empleo,Código numérico; semántica pendiente de confirmar,35366,19479,0,15887,44.9217,0,64,2,2562,"not computed: categorical, identifier, or type pending",,,,,,,
empleo_personas_7_mas,s04b_11bb,"¿Hace cuánto tiempo desempeña esta ocupación en esa empresa, institución, negocio o lugar? Periodo (s04b_11bb)",Sección 4: Empleo,Categórica o codificada según metadatos INE,35366,19479,0,15887,44.9217,0,3,8,16651,"not computed: categorical, identifier, or type pending",,,,,,,
empleo_personas_7_mas,s04b_12,En esta ocupación usted trabaja como (s04b_12),Sección 4: Empleo,Categórica o codificada según metadatos INE,35366,19479,0,15887,44.9217,0,8,3,8709,"not computed: categorical, identifier, or type pending",,,,,,,
empleo_personas_7_mas,s04b_13,"La administración de la empresa, institución, negocio o lugar donde trabaja es… (s04b_13)",Sección 4: Empleo,Categórica o codificada según metadatos INE,35366,7053,0,28313,80.0571,0,6,4,3616,"not computed: categorical, identifier, or type pending",,,,,,,
empleo_personas_7_mas,s04b_14,"¿Cuántas personas trabajan en la empresa, institución o lugar donde trabaja, incluido usted? (s04b_14)",Sección 4: Empleo,Código numérico; semántica pendiente de confirmar,35366,19115,0,16251,45.9509,0,129,1,6646,"not computed: categorical, identifier, or type pending",,,,,,,
empleo_personas_7_mas,s04b_15,¿Cuántos días a la semana trabaja regularmente en su ocupación? (s04b_15),Sección 4: Empleo,Cuantitativa discreta/derivada según etiqueta INE,35366,19479,0,15887,44.9217,0,12,6,7452,eligible by dictionary type,19479.0,1.0,5.0,6.0,6.0,7.0,5.339570819857282
empleo_personas_7_mas,s04b_16aa,¿Cuántas horas en promedio trabaja al día en su ocupación? HORAS (s04b_16aa),Sección 4: Empleo,Cuantitativa discreta/derivada según etiqueta INE,35366,19479,0,15887,44.9217,0,20,8,7810,eligible by dictionary type,19479.0,1.0,6.0,8.0,9.0,24.0,7.8935263617228815
empleo_personas_7_mas,s04b_16ab,¿Cuántas horas en promedio trabaja al día en su ocupación? MINUTOS (s04b_16ab),Sección 4: Empleo,Cuantitativa discreta/derivada según etiqueta INE,35366,19479,0,15887,44.9217,17675,4,0,17675,eligible by dictionary type,19479.0,0.0,0.0,0.0,0.0,45.0,2.525797012166949
empleo_personas_7_mas,s04c_17a,"¿Cuánto es su salario líquido, excluyendo los descuentos de ley (AFP o Gestora, IVA)? Monto (Bs) (s04c_17a)",Sección 4: Empleo,Cuantitativa monetaria según etiqueta INE,35366,7366,0,28000,79.1721,0,593,2500,754,eligible by dictionary type,7366.0,10.0,1500.0,2500.0,4000.0,30000.0,3035.606570730383
empleo_personas_7_mas,s04c_17b,"¿Cuánto es su salario líquido, excluyendo los descuentos de ley (AFP o Gestora, IVA)? Frecuencia (s04c_17b)",Sección 4: Empleo,Categórica o codificada según metadatos INE,35366,7366,0,28000,79.1721,0,7,4,5859,"not computed: categorical, identifier, or type pending",,,,,,,
empleo_personas_7_mas,s04c_18a,"Durante los últimos doce meses, ¿recibió usted pagos por: A. Bono o prima de producción? (s04c_18a)",Sección 4: Empleo,Cuantitativa discreta/derivada según etiqueta INE,35366,7369,0,27997,79.1636,6345,177,0,6345,eligible by dictionary type,7369.0,0.0,0.0,0.0,0.0,40000.0,486.5980458678247
empleo_personas_7_mas,s04c_18b,"Durante los últimos doce meses, ¿recibió usted pagos por: B. Aguinaldo? (s04c_18b)",Sección 4: Empleo,Cuantitativa discreta/derivada según etiqueta INE,35366,7361,0,28005,79.1862,3912,354,0,3912,eligible by dictionary type,7361.0,0.0,0.0,0.0,4000.0,65000.0,2305.170900692841
empleo_personas_7_mas,s04c_19aa,"Durante los últimos doce meses, ¿recibió usted pagos en efectivo por: A. Comisiones, destajo, propinas, bonos de transporte o refrigerio? Monto (Bs) (s04c_19aa)",Sección 4: Empleo,Cuantitativa monetaria según etiqueta INE,35366,7368,0,27998,79.1664,6689,101,0,6689,eligible by dictionary type,7368.0,0.0,0.0,0.0,0.0,999999.0,169.93716069489685
empleo_personas_7_mas,s04c_19ab,"Durante los últimos doce meses, ¿recibió usted pagos en efectivo por: A. Comisiones, destajo, propinas, bonos de transporte o refrigerio? Frecuencia de pago: (s04c_19ab)",Sección 4: Empleo,Cuantitativa discreta/derivada según etiqueta INE,35366,679,0,34687,98.0801,0,8,4,381,eligible by dictionary type,679.0,1.0,1.0,4.0,4.0,8.0,3.04860088365243
empleo_personas_7_mas,s04c_19ba,"Durante los últimos doce meses, ¿recibió usted pagos en efectivo por: B. Horas Extras? Monto (Bs) (s04c_19ba)",Sección 4: Empleo,Cuantitativa monetaria según etiqueta INE,35366,7369,0,27997,79.1636,7016,65,0,7016,eligible by dictionary type,7369.0,0.0,0.0,0.0,0.0,6000.0,21.52978694531144
empleo_personas_7_mas,s04c_19bb,"Durante los últimos doce meses, ¿recibió usted pagos en efectivo por: B. Horas Extras? Frecuencia de pago: (s04c_19bb)",Sección 4: Empleo,Cuantitativa discreta/derivada según etiqueta INE,35366,353,0,35013,99.0019,0,8,4,183,eligible by dictionary type,353.0,1.0,2.0,4.0,4.0,8.0,3.453257790368272
empleo_personas_7_mas,s04c_20a1,"Durante los últimos doce meses, ¿recibió usted: A. Subsidio prenatal o de lactancia (Cajas de Salud)? (s04c_20a1)",Sección 4: Empleo,Cuantitativa discreta/derivada según etiqueta INE,35366,7370,0,27996,79.1608,0,2,2,7247,eligible by dictionary type,7370.0,1.0,2.0,2.0,2.0,2.0,1.9833107191316146
empleo_personas_7_mas,s04c_20a2,"Durante los últimos doce meses, ¿recibió usted: A. Subsidio prenatal o de lactancia (Cajas de Salud)? NÚMERO DE MESES (s04c_20a2)",Sección 4: Empleo,Cuantitativa discreta/derivada según etiqueta INE,35366,123,0,35243,99.6522,0,12,4,17,eligible by dictionary type,123.0,1.0,4.0,6.0,9.0,12.0,6.487804878048781
empleo_personas_7_mas,s04c_20b,"Durante los últimos doce meses, ¿recibió usted: B. Bono de natalidad? (s04c_20b)",Sección 4: Empleo,Cuantitativa discreta/derivada según etiqueta INE,35366,7370,0,27996,79.1608,0,2,2,7261,eligible by dictionary type,7370.0,1.0,2.0,2.0,2.0,2.0,1.9852103120759836
empleo_personas_7_mas,s04c_20a_1,¿En su actual ocupación Ud. recibe o recibirá los siguientes beneficios: A. Vacaciones? (s04c_20a_1),Sección 4: Empleo,Categórica o codificada según metadatos INE,35366,7370,0,27996,79.1608,0,2,2,4122,"not computed: categorical, identifier, or type pending",,,,,,,
empleo_personas_7_mas,s04c_20a_2,¿En su actual ocupación Ud. recibe o recibirá los siguientes beneficios: B. Seguro de salud? (s04c_20a_2),Sección 4: Empleo,Categórica o codificada según metadatos INE,35366,7370,0,27996,79.1608,0,2,2,4572,"not computed: categorical, identifier, or type pending",,,,,,,
empleo_personas_7_mas,s04c_21a,"Además de los ingresos recibidos en dinero por su trabajo, en los últimos doce meses ¿recibió, usted… A. Alimentos y bebidas para ser consumidos dentro o fuera del lugar de trabajo? (s04c_21a)",Sección 4: Empleo,Cuantitativa monetaria según etiqueta INE,35366,7370,0,27996,79.1608,0,2,2,5895,eligible by dictionary type,7370.0,1.0,2.0,2.0,2.0,2.0,1.799864314789688
empleo_personas_7_mas,s04c_21a1,"Además de los ingresos recibidos en dinero por su trabajo, en los últimos doce meses ¿recibió, usted… A. Alimentos y bebidas para ser consumidos dentro o fuera del lugar de trabajo? ¿Con qué frecuencia? (s04c_21a1)",Sección 4: Empleo,Cuantitativa monetaria según etiqueta INE,35366,1475,0,33891,95.8293,0,8,1,1072,eligible by dictionary type,1475.0,1.0,1.0,1.0,2.0,8.0,2.0284745762711864
empleo_personas_7_mas,s04c_21a2,"Además de los ingresos recibidos en dinero por su trabajo, en los últimos doce meses ¿recibió, usted… A. Alimentos y bebidas para ser consumidos dentro o fuera del lugar de trabajo? (Valorar en Bs) (s04c_21a2)",Sección 4: Empleo,Cuantitativa monetaria según etiqueta INE,35366,1475,0,33891,95.8293,0,92,15,269,eligible by dictionary type,1475.0,2.0,15.0,20.0,50.0,4600.0,146.3213559322034
empleo_personas_7_mas,s04c_21b,"Además de los ingresos recibidos en dinero por su trabajo, en los últimos doce meses ¿recibió, usted… B. Transporte hacia y desde el lugar de su trabajo? (s04c_21b)",Sección 4: Empleo,Cuantitativa monetaria según etiqueta INE,35366,7370,0,27996,79.1608,0,2,2,7131,eligible by dictionary type,7370.0,1.0,2.0,2.0,2.0,2.0,1.9675712347354137
empleo_personas_7_mas,s04c_21b1,"Además de los ingresos recibidos en dinero por su trabajo, en los últimos doce meses ¿recibió, usted… B. Transporte hacia y desde el lugar de su trabajo? ¿Con qué frecuencia? (s04c_21b1)",Sección 4: Empleo,Cuantitativa monetaria según etiqueta INE,35366,239,0,35127,99.3242,0,6,1,163,eligible by dictionary type,239.0,1.0,1.0,1.0,2.0,8.0,1.711297071129707
empleo_personas_7_mas,s04c_21b2,"Además de los ingresos recibidos en dinero por su trabajo, en los últimos doce meses ¿recibió, usted… B. Transporte hacia y desde el lugar de su trabajo? (Valorar en Bs) (s04c_21b2)",Sección 4: Empleo,Cuantitativa monetaria según etiqueta INE,35366,239,0,35127,99.3242,0,42,10,61,eligible by dictionary type,239.0,2.0,10.0,15.0,50.0,1100.0,66.64016736401673
empleo_personas_7_mas,s04c_21c,"Además de los ingresos recibidos en dinero por su trabajo, en los últimos doce meses ¿recibió, usted… C. Vestidos y calzados utilizados frecuentemente tanto dentro como fuera de su lugar de trabajo? (s04c_21c)",Sección 4: Empleo,Cuantitativa monetaria según etiqueta INE,35366,7370,0,27996,79.1608,0,2,2,6602,eligible by dictionary type,7370.0,1.0,2.0,2.0,2.0,2.0,1.8957937584803257
empleo_personas_7_mas,s04c_21c1,"Además de los ingresos recibidos en dinero por su trabajo, en los últimos doce meses ¿recibió, usted… C. Vestidos y calzados utilizados frecuentemente tanto dentro como fuera de su lugar de trabajo? ¿Con qué frecuencia? (s04c_21c1)",Sección 4: Empleo,Cuantitativa monetaria según etiqueta INE,35366,768,0,34598,97.8284,0,5,8,474,eligible by dictionary type,768.0,4.0,7.0,8.0,8.0,8.0,7.330729166666667
empleo_personas_7_mas,s04c_21c2,"Además de los ingresos recibidos en dinero por su trabajo, en los últimos doce meses ¿recibió, usted… C. Vestidos y calzados utilizados frecuentemente tanto dentro como fuera de su lugar de trabajo? (Valorar en Bs) (s04c_21c2)",Sección 4: Empleo,Cuantitativa monetaria según etiqueta INE,35366,768,0,34598,97.8284,0,55,200,108,eligible by dictionary type,768.0,20.0,150.0,250.0,400.0,3000.0,337.20703125
empleo_personas_7_mas,s04c_21d,"Además de los ingresos recibidos en dinero por su trabajo, en los últimos doce meses ¿recibió, usted… D. Vivienda o alojamiento que pueden ser utilizados por los miembros del hogar? (s04c_21d)",Sección 4: Empleo,Cuantitativa monetaria según etiqueta INE,35366,7370,0,27996,79.1608,0,2,2,7061,eligible by dictionary type,7370.0,1.0,2.0,2.0,2.0,2.0,1.9580732700135686
empleo_personas_7_mas,s04c_21d1,"Además de los ingresos recibidos en dinero por su trabajo, en los últimos doce meses ¿recibió, usted...D. Vivienda o alojamiento que pueden ser utilizados por los miembros del hogar? ¿Con qué frecuencia? (s04c_21d1)",Sección 4: Empleo,Cuantitativa monetaria según etiqueta INE,35366,309,0,35057,99.1263,0,4,4,248,eligible by dictionary type,309.0,1.0,4.0,4.0,4.0,8.0,4.763754045307444
empleo_personas_7_mas,s04c_21d2,"Además de los ingresos recibidos en dinero por su trabajo, en los últimos doce meses ¿recibió, usted...D. Vivienda o alojamiento que pueden ser utilizados por los miembros del hogar? (Valorar en Bs) (s04c_21d2)",Sección 4: Empleo,Cuantitativa monetaria según etiqueta INE,35366,309,0,35057,99.1263,0,36,200,42,eligible by dictionary type,309.0,1.0,150.0,300.0,500.0,12000.0,449.09708737864077
empleo_personas_7_mas,s04c_21e,"Además de los ingresos recibidos en dinero por su trabajo, en los últimos doce meses ¿recibió, usted… E. Otros, como servicio de guardería, instalaciones deportivas y/o recreativas? (s04c_21e)",Sección 4: Empleo,Cuantitativa monetaria según etiqueta INE,35366,7370,0,27996,79.1608,0,2,2,7355,eligible by dictionary type,7370.0,1.0,2.0,2.0,2.0,2.0,1.997964721845319
empleo_personas_7_mas,s04c_21e1,"Además de los ingresos recibidos en dinero por su trabajo, en los últimos doce meses ¿recibió, usted...E. Otros, como servicio de guardería, instalaciones deportivas y/o recreativas? ¿Con qué frecuencia? (s04c_21e1)",Sección 4: Empleo,Cuantitativa monetaria según etiqueta INE,35366,15,0,35351,99.9576,0,5,4,5,eligible by dictionary type,15.0,1.0,1.5,4.0,6.0,8.0,4.066666666666666
empleo_personas_7_mas,s04c_21e2,"Además de los ingresos recibidos en dinero por su trabajo, en los últimos doce meses ¿recibió, usted...E. Otros, como servicio de guardería, instalaciones deportivas y/o recreativas? (Valorar en Bs) (s04c_21e2)",Sección 4: Empleo,Cuantitativa monetaria según etiqueta INE,35366,15,0,35351,99.9576,0,10,20,3,eligible by dictionary type,15.0,15.0,20.0,60.0,150.0,500.0,121.33333333333333
empleo_personas_7_mas,s04d_22a,¿Cuánto es su ingreso total en su ocupación principal? Monto (Bs) (s04d_22a),Sección 4: Empleo,Cuantitativa monetaria según etiqueta INE,35366,9423,0,25943,73.3558,93,730,200,420,eligible by dictionary type,9423.0,0.0,250.0,1000.0,4200.0,835200.0,5013.0978456967
empleo_personas_7_mas,s04d_22b,¿Cuánto es su ingreso total en su ocupación principal? Frecuencia de ingreso: (s04d_22b),Sección 4: Empleo,Cuantitativa monetaria según etiqueta INE,35366,9331,0,26035,73.6159,0,8,1,3326,eligible by dictionary type,9331.0,1.0,1.0,2.0,4.0,8.0,3.190011788661451
empleo_personas_7_mas,s04d_23aa,"Del ingreso total declarado en la pregunta anterior, ¿cuánto utiliza o guarda para… A. Comprar materia prima, materiales o mercadería para su actividad o negocio? Monto (Bs) (s04d_23aa)",Sección 4: Empleo,Cuantitativa monetaria según etiqueta INE,35366,9327,0,26039,73.6272,1541,425,0,1541,eligible by dictionary type,9327.0,0.0,40.0,200.0,882.5,821200.0,1468.585718880669
empleo_personas_7_mas,s04d_23ab,"Del ingreso total declarado en la pregunta anterior, ¿cuánto utiliza o guarda para… A. Comprar materia prima, materiales o mercadería para su actividad o negocio? Frecuencia de gasto: (s04d_23ab)",Sección 4: Empleo,Cuantitativa monetaria según etiqueta INE,35366,7786,0,27580,77.9845,0,8,1,2191,eligible by dictionary type,7786.0,1.0,1.0,3.0,4.0,8.0,3.51528384279476
empleo_personas_7_mas,s04d_23ba,"Del ingreso total declarado en la pregunta anterior, ¿cuánto utiliza o guarda para… B. Pagar por prestación de servicios a terceros para su actividad o negocio? Monto (Bs) (s04d_23ba)",Sección 4: Empleo,Cuantitativa monetaria según etiqueta INE,35366,9327,0,26039,73.6272,6885,241,0,6885,eligible by dictionary type,9327.0,0.0,0.0,0.0,10.0,170520.0,263.2278331725099
empleo_personas_7_mas,s04d_23bb,"Del ingreso total declarado en la pregunta anterior, ¿cuánto utiliza o guarda para… B. Pagar por prestación de servicios a terceros para su actividad o negocio? Frecuencia de gasto: (s04d_23bb)",Sección 4: Empleo,Cuantitativa monetaria según etiqueta INE,35366,2442,0,32924,93.0951,0,8,8,660,eligible by dictionary type,2442.0,1.0,2.0,4.0,8.0,8.0,4.7133497133497135
empleo_personas_7_mas,s04d_23ca,"Del ingreso total declarado en la pregunta anterior, ¿cuánto utiliza o guarda para… C. Pagar sueldos, salarios, bonos, gratificaciones, horas extras, Gestora(AFP) a sus empleados? Monto (Bs) (s04d_23ca)",Sección 4: Empleo,Cuantitativa monetaria según etiqueta INE,35366,9327,0,26039,73.6272,8609,148,0,8609,eligible by dictionary type,9327.0,0.0,0.0,0.0,0.0,155520.0,229.99142275115256
empleo_personas_7_mas,s04d_23cb,"Del ingreso total declarado en la pregunta anterior, ¿cuánto utiliza o guarda para… C. Pagar sueldos, salarios, bonos, gratificaciones, horas extras, Gestora(AFP) a sus empleados? Frecuencia de gasto: (s04d_23cb)",Sección 4: Empleo,Cuantitativa monetaria según etiqueta INE,35366,719,0,34647,97.967,0,8,4,309,eligible by dictionary type,719.0,1.0,2.0,4.0,4.0,8.0,3.43115438108484
empleo_personas_7_mas,s04d_23da,"Del ingreso total declarado en la pregunta anterior, ¿cuánto utiliza o guarda para… D. Pagar alquiler del local/vehiculo que dispone para su actividad o negocio? Monto (Bs) (s04d_23da)",Sección 4: Empleo,Cuantitativa monetaria según etiqueta INE,35366,9324,0,26042,73.6357,7617,146,0,7617,eligible by dictionary type,9324.0,0.0,0.0,0.0,0.0,30000.0,149.23830973830974
empleo_personas_7_mas,s04d_23db,"Del ingreso total declarado en la pregunta anterior, ¿cuánto utiliza o guarda para… D. Pagar alquiler del local/vehiculo que dispone para su actividad o negocio? Frecuencia de gasto: (s04d_23db)",Sección 4: Empleo,Cuantitativa monetaria según etiqueta INE,35366,1708,0,33658,95.1705,0,8,4,984,eligible by dictionary type,1708.0,1.0,4.0,4.0,4.0,8.0,4.015807962529274
empleo_personas_7_mas,s04d_23ea,"Del ingreso total declarado en la pregunta anterior, ¿cuánto utiliza o guarda para… E. Pagar servicios de agua, luz, gas, teléfono o internet que usa para la actividad o negocio? Monto (Bs) (s04d_23ea)",Sección 4: Empleo,Cuantitativa monetaria según etiqueta INE,35366,9326,0,26040,73.63,5961,156,0,5961,eligible by dictionary type,9326.0,0.0,0.0,0.0,40.0,7000.0,54.22646365001072
empleo_personas_7_mas,s04d_23eb,"Del ingreso total declarado en la pregunta anterior, ¿cuánto utiliza o guarda para… E. Pagar servicios de agua, luz, gas, teléfono o internet que usa para la actividad o negocio? Frecuencia de gasto: (s04d_23eb)",Sección 4: Empleo,Cuantitativa monetaria según etiqueta INE,35366,3367,0,31999,90.4796,0,8,4,2606,eligible by dictionary type,3367.0,1.0,4.0,4.0,4.0,8.0,3.7145827145827144
empleo_personas_7_mas,s04d_23fa,"Del ingreso total declarado en la pregunta anterior, ¿cuánto utiliza o guarda para… F. Pagar cuotas regulares por concepto de microcrédito/crédito para su actividad o negocio? Monto (Bs) (s04d_23fa)",Sección 4: Empleo,Cuantitativa monetaria según etiqueta INE,35366,9328,0,26038,73.6244,8922,122,0,8922,eligible by dictionary type,9328.0,0.0,0.0,0.0,0.0,73000.0,105.63861492281303
empleo_personas_7_mas,s04d_23fb,"Del ingreso total declarado en la pregunta anterior, ¿cuánto utiliza o guarda para… F. Pagar cuotas regulares por concepto de microcrédito/crédito para su actividad o negocio? Frecuencia de gasto: (s04d_23fb)",Sección 4: Empleo,Cuantitativa monetaria según etiqueta INE,35366,406,0,34960,98.852,0,8,4,299,eligible by dictionary type,406.0,1.0,4.0,4.0,4.0,8.0,3.9901477832512313
empleo_personas_7_mas,s04d_23ga,"Del ingreso total declarado en la pregunta anterior, ¿cuánto utiliza o guarda para… G. Pagar impuestos, sentajes? Monto (Bs) (s04d_23ga)",Sección 4: Empleo,Cuantitativa monetaria según etiqueta INE,35366,9326,0,26040,73.63,7447,195,0,7447,eligible by dictionary type,9326.0,0.0,0.0,0.0,0.0,20000.0,72.09993566373579
empleo_personas_7_mas,s04d_23gb,"Del ingreso total declarado en la pregunta anterior, ¿cuánto utiliza o guarda para… G. Pagar impuestos, sentajes? Frecuencia de gasto: (s04d_23gb)",Sección 4: Empleo,Cuantitativa monetaria según etiqueta INE,35366,1880,0,33486,94.6842,0,8,8,912,eligible by dictionary type,1880.0,1.0,4.0,7.0,8.0,8.0,5.386170212765958
empleo_personas_7_mas,s04d_23ha,"Del ingreso total declarado en la pregunta anterior, ¿cuánto utiliza o guarda para… H. Pagar cuotas a sindicatos, gremios, asociaciones? Monto (Bs) (s04d_23ha)",Sección 4: Empleo,Cuantitativa monetaria según etiqueta INE,35366,9328,0,26038,73.6244,7919,102,0,7919,eligible by dictionary type,9328.0,0.0,0.0,0.0,0.0,6000.0,13.442216981132075
empleo_personas_7_mas,s04d_23hb,"Del ingreso total declarado en la pregunta anterior, ¿cuánto utiliza o guarda para… H. Pagar cuotas a sindicatos, gremios, asociaciones? Frecuencia de gasto: (s04d_23hb)",Sección 4: Empleo,Cuantitativa monetaria según etiqueta INE,35366,1409,0,33957,96.0159,0,8,4,587,eligible by dictionary type,1409.0,1.0,4.0,4.0,7.0,8.0,4.604684173172463
empleo_personas_7_mas,s04d_24a,"Una vez descontadas todas sus obligaciones (sueldos, salarios, compra de material, mercadería, etc.), ¿cuánto le queda para uso del hogar? Monto (Bs) (s04d_24a)",Sección 4: Empleo,Cuantitativa monetaria según etiqueta INE,35366,9426,0,25940,73.3473,98,1856,100,359,eligible by dictionary type,9426.0,0.0,144.0,610.0,2650.0,403180.0,2951.3019308296202
empleo_personas_7_mas,s04d_24b,"Una vez descontadas todas sus obligaciones (sueldos, salarios, compra de material, mercadería, etc.), ¿cuánto le queda para uso del hogar? Frecuencia de ingreso: (s04d_24b)",Sección 4: Empleo,Cuantitativa monetaria según etiqueta INE,35366,9328,0,26038,73.6244,0,8,1,3314,eligible by dictionary type,9328.0,1.0,1.0,2.0,4.0,8.0,3.196076329331046
empleo_personas_7_mas,s04d_24ba,"En esta ocupación, de su producción agricola, crianza de animales o sus productos derivados, ¿destinó una parte para alimentación/consumo de su hogar?: (s04d_24ba)",Sección 4: Empleo,Categórica o codificada según metadatos INE,35366,2203,0,33163,93.7709,0,2,1,1873,"not computed: categorical, identifier, or type pending",,,,,,,
empleo_personas_7_mas,s04d_24bb,"En esta ocupación, de su producción agricola, crianza de animales o sus productos derivados, ¿destinó una parte para alimentación/consumo de su hogar? Frecuencia (s04d_24bb)",Sección 4: Empleo,Categórica o codificada según metadatos INE,35366,1873,0,33493,94.704,0,8,8,959,"not computed: categorical, identifier, or type pending",,,,,,,
empleo_personas_7_mas,s04d_24bc,"En esta ocupación, de su producción agricola, crianza de animales o sus productos derivados, ¿destinó una parte para alimentación/consumo de su hogar? Monto(Bs) (s04d_24bc)",Sección 4: Empleo,Cuantitativa monetaria según etiqueta INE,35366,1873,0,33493,94.704,0,260,1000,80,eligible by dictionary type,1873.0,2.0,100.0,400.0,1000.0,60000.0,966.550987720235
empleo_personas_7_mas,s04e_25,"Además de la actividad mencionada anteriormente, ¿realizó otro trabajo durante la semana pasada? (s04e_25)",Sección 4: Empleo,Categórica o codificada según metadatos INE,35366,19479,0,15887,44.9217,0,2,2,18123,"not computed: categorical, identifier, or type pending",,,,,,,
empleo_personas_7_mas,s04e_26_cod,Códigos Clasificación de Actividades Económicas de Bolivia 2024 (s04e_26_cod),Sección 4: Empleo,Categórica o codificada según metadatos INE,35366,1357,34009,0,96.163,0,218,01,129,"not computed: categorical, identifier, or type pending",,,,,,,
empleo_personas_7_mas,s04e_27,En esta otra ocupación usted trabaja como: (s04e_27),Sección 4: Empleo,Categórica o codificada según metadatos INE,35366,1357,0,34009,96.163,0,7,3,865,"not computed: categorical, identifier, or type pending",,,,,,,
empleo_personas_7_mas,s04e_28,"La administración de la empresa, institución, negocio o lugar donde trabaja en esta otra ocupación es… (s04e_28)",Sección 4: Empleo,Categórica o codificada según metadatos INE,35366,137,0,35229,99.6126,0,4,4,102,"not computed: categorical, identifier, or type pending",,,,,,,
empleo_personas_7_mas,s04e_29,¿Cuántos días a la semana trabaja regularmente en esta otra ocupación? (s04e_29),Sección 4: Empleo,Cuantitativa discreta/derivada según etiqueta INE,35366,1357,0,34009,96.163,0,10,2,411,eligible by dictionary type,1357.0,1.0,2.0,3.0,5.0,7.0,3.441783345615328
empleo_personas_7_mas,s04e_30a,¿Cuántas horas en promedio trabaja al día en esta otra ocupación? HORAS (s04e_30a),Sección 4: Empleo,Cuantitativa discreta/derivada según etiqueta INE,35366,1357,0,34009,96.163,0,14,4,272,eligible by dictionary type,1357.0,1.0,3.0,5.0,7.0,15.0,5.090641120117907
empleo_personas_7_mas,s04e_30b,¿Cuántas horas en promedio trabaja al día en esta otra ocupación? MINUTOS (s04e_30b),Sección 4: Empleo,Cuantitativa discreta/derivada según etiqueta INE,35366,1357,0,34009,96.163,1186,4,0,1186,eligible by dictionary type,1357.0,0.0,0.0,0.0,0.0,45.0,3.2166543846720708
empleo_personas_7_mas,s04f_31a,"¿Cuánto es su salario líquido en ésta otra ocupación, excluyendo los descuentos de ley (AFP o Gestora, IVA)? (s04f_31a)",Sección 4: Empleo,Código numérico; semántica pendiente de confirmar,35366,133,0,35233,99.6239,0,43,1000,13,"not computed: categorical, identifier, or type pending",,,,,,,
empleo_personas_7_mas,s04f_31b,"¿Cuánto es su salario líquido en ésta otra ocupación, excluyendo los descuentos de ley (AFP o Gestora, IVA)? Frecuencia de ingreso: (s04f_31b)",Sección 4: Empleo,Cuantitativa monetaria según etiqueta INE,35366,133,0,35233,99.6239,0,6,4,66,eligible by dictionary type,133.0,1.0,1.0,4.0,4.0,8.0,2.9022556390977443
empleo_personas_7_mas,s04f_32a,"Durante los últimos doce meses, ha recibido: A. ¿Pago por horas extras, bonos laborales o prima de producción, aguinaldo? (s04f_32a)",Sección 4: Empleo,Cuantitativa discreta/derivada según etiqueta INE,35366,133,0,35233,99.6239,0,2,2,130,eligible by dictionary type,133.0,1.0,2.0,2.0,2.0,2.0,1.9774436090225564
empleo_personas_7_mas,s04f_32a1,"Durante los últimos doce meses, ha recibido: A. ¿Pago por horas extras, bonos laborales o prima de producción, aguinaldo? Monto (Bs) (s04f_32a1)",Sección 4: Empleo,Cuantitativa monetaria según etiqueta INE,35366,3,0,35363,99.9915,0,3,2940,1,eligible by dictionary type,3.0,2940.0,3120.0,3300.0,4150.0,5000.0,3746.6666666666665
empleo_personas_7_mas,s04f_32b,"Durante los últimos doce meses, ha recibido: B. ¿Alimentos, transporte, vestimenta? (INGRESOS EN ESPECIE-VALORAR) (s04f_32b)",Sección 4: Empleo,Cuantitativa monetaria según etiqueta INE,35366,133,0,35233,99.6239,0,2,2,120,eligible by dictionary type,133.0,1.0,2.0,2.0,2.0,2.0,1.9022556390977443
empleo_personas_7_mas,s04f_32b1,"Durante los últimos doce meses, ha recibido: B. ¿Alimentos, transporte, vestimenta? (INGRESOS EN ESPECIE-VALORAR) Monto (Bs) (s04f_32b1)",Sección 4: Empleo,Cuantitativa monetaria según etiqueta INE,35366,13,0,35353,99.9632,0,8,20,5,eligible by dictionary type,13.0,2.0,20.0,20.0,30.0,1000.0,104.61538461538461
empleo_personas_7_mas,s04f_32c,"Durante los últimos doce meses, ha recibido: C. ¿Vivienda, alojamiento, otros? (s04f_32c)",Sección 4: Empleo,Cuantitativa discreta/derivada según etiqueta INE,35366,133,0,35233,99.6239,0,2,2,129,eligible by dictionary type,133.0,1.0,2.0,2.0,2.0,2.0,1.9699248120300752
empleo_personas_7_mas,s04f_32c1,"Durante los últimos doce meses, ha recibido: C. ¿Vivienda, alojamiento, otros? Monto (Bs) (s04f_32c1)",Sección 4: Empleo,Cuantitativa monetaria según etiqueta INE,35366,4,0,35362,99.9887,0,4,500,1,eligible by dictionary type,4.0,40.0,62.5,285.0,525.0,600.0,302.5
empleo_personas_7_mas,s04f_33a,¿Cuánto es su ingreso total en ésta otra ocupación? Monto (Bs) (s04f_33a),Sección 4: Empleo,Cuantitativa monetaria según etiqueta INE,35366,883,0,34483,97.5033,86,136,0,86,eligible by dictionary type,883.0,0.0,100.0,400.0,2000.0,340000.0,2565.643261608154
empleo_personas_7_mas,s04f_33b,¿Cuánto es su ingreso total en ésta otra ocupación? Frecuencia de ingreso: (s04f_33b),Sección 4: Empleo,Cuantitativa monetaria según etiqueta INE,35366,797,0,34569,97.7464,0,8,1,235,eligible by dictionary type,797.0,1.0,1.0,3.0,7.0,8.0,3.808030112923463
empleo_personas_7_mas,s04f_34a,"Una vez pagadas todas sus obligaciones (sueldos, salarios, compra de materiales, etc.), ¿cuánto le queda para uso del hogar? Monto (Bs) (s04f_34a)",Sección 4: Empleo,Cuantitativa monetaria según etiqueta INE,35366,882,0,34484,97.5061,90,150,0,90,eligible by dictionary type,882.0,0.0,80.0,250.0,1500.0,105000.0,1555.1213151927439
empleo_personas_7_mas,s04f_34b,"Una vez pagadas todas sus obligaciones (sueldos, salarios, compra de materiales, etc.), ¿cuánto le queda para uso del hogar? Frecuencia de ingreso: (s04f_34b)",Sección 4: Empleo,Cuantitativa monetaria según etiqueta INE,35366,797,0,34569,97.7464,0,8,1,236,eligible by dictionary type,797.0,1.0,1.0,3.0,7.0,8.0,3.8155583437892093
empleo_personas_7_mas,s04f_34ba,"En esta otra ocupación, de su producción agrícola, crianza de animales o sus productos derivados, ¿destinó una parte para alimentación/consumo de su hogar? (s04f_34ba)",Sección 4: Empleo,Categórica o codificada según metadatos INE,35366,349,0,35017,99.0132,0,2,1,296,"not computed: categorical, identifier, or type pending",,,,,,,
empleo_personas_7_mas,s04f_34bb,"En esta otra ocupación, de su producción agrícola, crianza de animales o sus productos derivados, ¿destinó una parte para alimentación/consumo de su hogar? Frecuencia (s04f_34bb)",Sección 4: Empleo,Categórica o codificada según metadatos INE,35366,296,0,35070,99.163,0,8,8,146,"not computed: categorical, identifier, or type pending",,,,,,,
empleo_personas_7_mas,s04f_34bc,"En esta otra ocupación, de su producción agrícola, crianza de animales o sus productos derivados, ¿destinó una parte para alimentación/consumo de su hogar? Monto(Bs) (s04f_34bc)",Sección 4: Empleo,Cuantitativa monetaria según etiqueta INE,35366,296,0,35070,99.163,0,94,50,15,eligible by dictionary type,296.0,3.0,40.0,300.0,1000.0,11000.0,854.4121621621622
empleo_personas_7_mas,s04f_35,¿Está usted afiliada(o) a la Gestora (AFP)? (s04f_35),Sección 4: Empleo,Categórica o codificada según metadatos INE,35366,35366,0,0,0.0,0,2,2,29822,"not computed: categorical, identifier, or type pending",,,,,,,
empleo_personas_7_mas,s04f_36,"Actualmente, ¿está usted aportando a la Gestora? (s04f_36)",Sección 4: Empleo,Categórica o codificada según metadatos INE,35366,5544,0,29822,84.3239,0,2,1,3358,"not computed: categorical, identifier, or type pending",,,,,,,
empleo_personas_7_mas,s01a_02,¿Es hombre o mujer? (s01a_02),Sección 1: Características generales del hogar y sus miembros,Categórica o codificada según metadatos INE,35366,35366,0,0,0.0,0,2,2,18005,"not computed: categorical, identifier, or type pending",,,,,,,
empleo_personas_7_mas,s01a_03,¿Cuántos años cumplidos tiene? (s01a_03),Sección 1: Características generales del hogar y sus miembros,Cuantitativa discreta/derivada según etiqueta INE,35366,35366,0,0,0.0,0,92,10,868,eligible by dictionary type,35366.0,7.0,18.0,33.0,50.0,98.0,35.35683990273144
empleo_personas_7_mas,pet,Poblacion en edad de trabajar 14 o más años (pet),"Variables geográficas, de diseño o derivadas",Cuantitativa discreta/derivada según etiqueta INE,35366,35366,0,0,0.0,5413,2,1,29953,eligible by dictionary type,35366.0,0.0,1.0,1.0,1.0,1.0,0.8469433919583781
empleo_personas_7_mas,pea,Poblacion Activa (pea),"Variables geográficas, de diseño o derivadas",Categórica o codificada según metadatos INE,35366,35366,0,0,0.0,14905,2,1,20461,"not computed: categorical, identifier, or type pending",,,,,,,
empleo_personas_7_mas,pei,Poblacion Inactiva (pei),"Variables geográficas, de diseño o derivadas",Categórica o codificada según metadatos INE,35366,35366,0,0,0.0,20461,2,0,20461,"not computed: categorical, identifier, or type pending",,,,,,,
empleo_personas_7_mas,condact,Condicion de Actividad Ocupacion Principal (condact),"Variables geográficas, de diseño o derivadas",Categórica o codificada según metadatos INE,35366,35366,0,0,0.0,0,5,1,19479,"not computed: categorical, identifier, or type pending",,,,,,,
empleo_personas_7_mas,caeb_op,Clasificación de Actividad Económica de Bolivia Ocupacion principal (caeb_op),"Variables geográficas, de diseño o derivadas",Categórica o codificada según metadatos INE,35366,19479,0,15887,44.9217,4407,21,0,4407,"not computed: categorical, identifier, or type pending",,,,,,,
empleo_personas_7_mas,caeb_os,Clasificación de Actividad Económica de Bolivia Ocupacion secundaria (caeb_os),"Variables geográficas, de diseño o derivadas",Categórica o codificada según metadatos INE,35366,1357,0,34009,96.163,644,18,0,644,"not computed: categorical, identifier, or type pending",,,,,,,
empleo_personas_7_mas,phrs,Horas trabajadas a la semana Ocupación Principal (phrs),"Variables geográficas, de diseño o derivadas",Cuantitativa discreta/derivada según etiqueta INE,35366,19478,0,15888,44.9245,0,202,48,3107,eligible by dictionary type,19478.0,1.0,30.0,43.75,54.0,168.0,43.24521254748947
empleo_personas_7_mas,shrs,Horas trabajadas a la semana Ocupación Secundaria (shrs),"Variables geográficas, de diseño o derivadas",Cuantitativa discreta/derivada según etiqueta INE,35366,1357,0,34009,96.163,0,104,12,141,eligible by dictionary type,1357.0,1.0,8.0,14.0,24.0,91.0,16.90198968312454
empleo_personas_7_mas,tothrs,Horas trabajadas a la semana (tothrs),"Variables geográficas, de diseño o derivadas",Cuantitativa discreta/derivada según etiqueta INE,35366,19477,0,15889,44.9273,0,297,48,3048,eligible by dictionary type,19477.0,1.0,30.0,45.0,56.0,148.0,44.41516917389742
empleo_personas_7_mas,yprilab,Ingreso laboral Ocupación Principal (Bs/Mes) (yprilab),"Variables geográficas, de diseño o derivadas",Cuantitativa monetaria según etiqueta INE,35366,16696,0,18670,52.7908,0,5013,2598,385,eligible by dictionary type,16696.0,6.66666698455811,1500.0,2614.70336914063,4100.666748046875,75064.875,3267.5043927732127
empleo_personas_7_mas,yseclab,Ingreso laboral Ocupación Secundaria (Bs/Mes) (yseclab),"Variables geográficas, de diseño o derivadas",Cuantitativa monetaria según etiqueta INE,35366,926,0,34440,97.3817,1,237,433,53,eligible by dictionary type,926.0,0.0,346.399993896484,683.3333435058595,1415.179992675785,21650.0,1174.0648617054421
empleo_personas_7_mas,ylab,Ingreso laboral (Bs/Mes) (ylab),"Variables geográficas, de diseño o derivadas",Cuantitativa monetaria según etiqueta INE,35366,16709,0,18657,52.7541,0,5362,2598,375,eligible by dictionary type,16709.0,6.66666698455811,1519.59997558594,2706.25,4191.66650390625,82270.0,3330.0279733840594
empleo_personas_7_mas,ynolab,Ingreso no laboral (Bs/Mes) (ynolab),"Variables geográficas, de diseño o derivadas",Cuantitativa monetaria según etiqueta INE,35366,35366,0,0,0.0,19787,1839,0,19787,eligible by dictionary type,35366.0,0.0,0.0,0.0,100.0,21000.0,279.64589973925524
empleo_personas_7_mas,yper,Ingreso personal (Bs/Mes) (yper),"Variables geográficas, de diseño o derivadas",Cuantitativa monetaria según etiqueta INE,35366,35366,0,0,0.0,6980,8099,0,6980,eligible by dictionary type,35366.0,0.0,50.0,712.5,2900.0,97270.0,1852.9489990264365
empleo_secundario_casos,folio,Id hogar anonimizado (folio),"Variables geográficas, de diseño o derivadas",Identificador / diseño muestral,1357,1357,0,0,0.0,0,1155,652-003877-D-0111,5,"not computed: categorical, identifier, or type pending",,,,,,,
empleo_secundario_casos,nro,Número de persona (nro),"Variables geográficas, de diseño o derivadas",Identificador / diseño muestral,1357,1357,0,0,0.0,0,7,1,900,"not computed: categorical, identifier, or type pending",,,,,,,
empleo_secundario_casos,area,Urbana Rural (area),"Variables geográficas, de diseño o derivadas",Categórica o codificada según metadatos INE,1357,1357,0,0,0.0,0,2,2,707,"not computed: categorical, identifier, or type pending",,,,,,,
empleo_secundario_casos,depto,Departamento (depto),"Variables geográficas, de diseño o derivadas",Categórica o codificada según metadatos INE,1357,1357,0,0,0.0,0,9,2,277,"not computed: categorical, identifier, or type pending",,,,,,,
empleo_secundario_casos,upm,upm anonimizada (upm),"Variables geográficas, de diseño o derivadas",Identificador / diseño muestral,1357,1357,0,0,0.0,0,552,952-001027-D,23,"not computed: categorical, identifier, or type pending",,,,,,,
empleo_secundario_casos,estrato,Estrato (estrato),"Variables geográficas, de diseño o derivadas",Texto; revisar si es respuesta abierta o categoría textual,1357,1357,0,0,0.0,0,69,921,83,"not computed: categorical, identifier, or type pending",,,,,,,
empleo_secundario_casos,factor,Factor de expansión (factor),"Variables geográficas, de diseño o derivadas",Cuantitativa discreta/derivada según etiqueta INE,1357,1357,0,0,0.0,0,543,59.2073702007388,23,eligible by dictionary type,1357.0,18.3492739945811,145.912460919183,243.28893741105,384.176450619922,2354.07872390245,310.07892094617307
empleo_secundario_casos,s04e_25,"Además de la actividad mencionada anteriormente, ¿realizó otro trabajo durante la semana pasada? (s04e_25)",Sección 4: Empleo,Categórica o codificada según metadatos INE,1357,1357,0,0,0.0,0,2,1,1356,"not computed: categorical, identifier, or type pending",,,,,,,
empleo_secundario_casos,s04e_26_cod,Códigos Clasificación de Actividades Económicas de Bolivia 2024 (s04e_26_cod),Sección 4: Empleo,Categórica o codificada según metadatos INE,1357,1357,0,0,0.0,0,218,01,129,"not computed: categorical, identifier, or type pending",,,,,,,
empleo_secundario_casos,s04e_27,En esta otra ocupación usted trabaja como: (s04e_27),Sección 4: Empleo,Categórica o codificada según metadatos INE,1357,1357,0,0,0.0,0,7,3,865,"not computed: categorical, identifier, or type pending",,,,,,,
empleo_secundario_casos,s04e_28,"La administración de la empresa, institución, negocio o lugar donde trabaja en esta otra ocupación es… (s04e_28)",Sección 4: Empleo,Categórica o codificada según metadatos INE,1357,137,0,1220,89.9042,0,4,4,102,"not computed: categorical, identifier, or type pending",,,,,,,
empleo_secundario_casos,s04e_29,¿Cuántos días a la semana trabaja regularmente en esta otra ocupación? (s04e_29),Sección 4: Empleo,Cuantitativa discreta/derivada según etiqueta INE,1357,1357,0,0,0.0,0,10,2,411,eligible by dictionary type,1357.0,1.0,2.0,3.0,5.0,7.0,3.441783345615328
empleo_secundario_casos,s04e_30a,¿Cuántas horas en promedio trabaja al día en esta otra ocupación? HORAS (s04e_30a),Sección 4: Empleo,Cuantitativa discreta/derivada según etiqueta INE,1357,1357,0,0,0.0,0,14,4,272,eligible by dictionary type,1357.0,1.0,3.0,5.0,7.0,15.0,5.090641120117907
empleo_secundario_casos,s04e_30b,¿Cuántas horas en promedio trabaja al día en esta otra ocupación? MINUTOS (s04e_30b),Sección 4: Empleo,Cuantitativa discreta/derivada según etiqueta INE,1357,1357,0,0,0.0,1186,4,0,1186,eligible by dictionary type,1357.0,0.0,0.0,0.0,0.0,45.0,3.2166543846720708
empleo_secundario_casos,s04f_31a,"¿Cuánto es su salario líquido en ésta otra ocupación, excluyendo los descuentos de ley (AFP o Gestora, IVA)? (s04f_31a)",Sección 4: Empleo,Código numérico; semántica pendiente de confirmar,1357,133,0,1224,90.199,0,43,1000,13,"not computed: categorical, identifier, or type pending",,,,,,,
empleo_secundario_casos,s04f_31b,"¿Cuánto es su salario líquido en ésta otra ocupación, excluyendo los descuentos de ley (AFP o Gestora, IVA)? Frecuencia de ingreso: (s04f_31b)",Sección 4: Empleo,Cuantitativa monetaria según etiqueta INE,1357,133,0,1224,90.199,0,6,4,66,eligible by dictionary type,133.0,1.0,1.0,4.0,4.0,8.0,2.9022556390977443
empleo_secundario_casos,s04f_32a,"Durante los últimos doce meses, ha recibido: A. ¿Pago por horas extras, bonos laborales o prima de producción, aguinaldo? (s04f_32a)",Sección 4: Empleo,Cuantitativa discreta/derivada según etiqueta INE,1357,133,0,1224,90.199,0,2,2,130,eligible by dictionary type,133.0,1.0,2.0,2.0,2.0,2.0,1.9774436090225564
empleo_secundario_casos,s04f_32a1,"Durante los últimos doce meses, ha recibido: A. ¿Pago por horas extras, bonos laborales o prima de producción, aguinaldo? Monto (Bs) (s04f_32a1)",Sección 4: Empleo,Cuantitativa monetaria según etiqueta INE,1357,3,0,1354,99.7789,0,3,2940,1,eligible by dictionary type,3.0,2940.0,3120.0,3300.0,4150.0,5000.0,3746.6666666666665
empleo_secundario_casos,s04f_32b,"Durante los últimos doce meses, ha recibido: B. ¿Alimentos, transporte, vestimenta? (INGRESOS EN ESPECIE-VALORAR) (s04f_32b)",Sección 4: Empleo,Cuantitativa monetaria según etiqueta INE,1357,133,0,1224,90.199,0,2,2,120,eligible by dictionary type,133.0,1.0,2.0,2.0,2.0,2.0,1.9022556390977443
empleo_secundario_casos,s04f_32b1,"Durante los últimos doce meses, ha recibido: B. ¿Alimentos, transporte, vestimenta? (INGRESOS EN ESPECIE-VALORAR) Monto (Bs) (s04f_32b1)",Sección 4: Empleo,Cuantitativa monetaria según etiqueta INE,1357,13,0,1344,99.042,0,8,20,5,eligible by dictionary type,13.0,2.0,20.0,20.0,30.0,1000.0,104.61538461538461
empleo_secundario_casos,s04f_32c,"Durante los últimos doce meses, ha recibido: C. ¿Vivienda, alojamiento, otros? (s04f_32c)",Sección 4: Empleo,Cuantitativa discreta/derivada según etiqueta INE,1357,133,0,1224,90.199,0,2,2,129,eligible by dictionary type,133.0,1.0,2.0,2.0,2.0,2.0,1.9699248120300752
empleo_secundario_casos,s04f_32c1,"Durante los últimos doce meses, ha recibido: C. ¿Vivienda, alojamiento, otros? Monto (Bs) (s04f_32c1)",Sección 4: Empleo,Cuantitativa monetaria según etiqueta INE,1357,4,0,1353,99.7052,0,4,500,1,eligible by dictionary type,4.0,40.0,62.5,285.0,525.0,600.0,302.5
empleo_secundario_casos,s04f_33a,¿Cuánto es su ingreso total en ésta otra ocupación? Monto (Bs) (s04f_33a),Sección 4: Empleo,Cuantitativa monetaria según etiqueta INE,1357,883,0,474,34.93,86,136,0,86,eligible by dictionary type,883.0,0.0,100.0,400.0,2000.0,340000.0,2565.643261608154
empleo_secundario_casos,s04f_33b,¿Cuánto es su ingreso total en ésta otra ocupación? Frecuencia de ingreso: (s04f_33b),Sección 4: Empleo,Cuantitativa monetaria según etiqueta INE,1357,797,0,560,41.2675,0,8,1,235,eligible by dictionary type,797.0,1.0,1.0,3.0,7.0,8.0,3.808030112923463
empleo_secundario_casos,s04f_34a,"Una vez pagadas todas sus obligaciones (sueldos, salarios, compra de materiales, etc.), ¿cuánto le queda para uso del hogar? Monto (Bs) (s04f_34a)",Sección 4: Empleo,Cuantitativa monetaria según etiqueta INE,1357,882,0,475,35.0037,90,150,0,90,eligible by dictionary type,882.0,0.0,80.0,250.0,1500.0,105000.0,1555.1213151927439
empleo_secundario_casos,s04f_34b,"Una vez pagadas todas sus obligaciones (sueldos, salarios, compra de materiales, etc.), ¿cuánto le queda para uso del hogar? Frecuencia de ingreso: (s04f_34b)",Sección 4: Empleo,Cuantitativa monetaria según etiqueta INE,1357,797,0,560,41.2675,0,8,1,236,eligible by dictionary type,797.0,1.0,1.0,3.0,7.0,8.0,3.8155583437892093
empleo_secundario_casos,s04f_34ba,"En esta otra ocupación, de su producción agrícola, crianza de animales o sus productos derivados, ¿destinó una parte para alimentación/consumo de su hogar? (s04f_34ba)",Sección 4: Empleo,Categórica o codificada según metadatos INE,1357,349,0,1008,74.2815,0,2,1,296,"not computed: categorical, identifier, or type pending",,,,,,,
empleo_secundario_casos,s04f_34bb,"En esta otra ocupación, de su producción agrícola, crianza de animales o sus productos derivados, ¿destinó una parte para alimentación/consumo de su hogar? Frecuencia (s04f_34bb)",Sección 4: Empleo,Categórica o codificada según metadatos INE,1357,296,0,1061,78.1872,0,8,8,146,"not computed: categorical, identifier, or type pending",,,,,,,
empleo_secundario_casos,s04f_34bc,"En esta otra ocupación, de su producción agrícola, crianza de animales o sus productos derivados, ¿destinó una parte para alimentación/consumo de su hogar? Monto(Bs) (s04f_34bc)",Sección 4: Empleo,Cuantitativa monetaria según etiqueta INE,1357,296,0,1061,78.1872,0,94,50,15,eligible by dictionary type,296.0,3.0,40.0,300.0,1000.0,11000.0,854.4121621621622
empleo_secundario_casos,s04f_35,¿Está usted afiliada(o) a la Gestora (AFP)? (s04f_35),Sección 4: Empleo,Categórica o codificada según metadatos INE,1357,1357,0,0,0.0,0,2,2,1085,"not computed: categorical, identifier, or type pending",,,,,,,
empleo_secundario_casos,s04f_36,"Actualmente, ¿está usted aportando a la Gestora? (s04f_36)",Sección 4: Empleo,Categórica o codificada según metadatos INE,1357,272,0,1085,79.9558,0,2,1,168,"not computed: categorical, identifier, or type pending",,,,,,,
empleo_secundario_casos,s01a_02,¿Es hombre o mujer? (s01a_02),Sección 1: Características generales del hogar y sus miembros,Categórica o codificada según metadatos INE,1357,1357,0,0,0.0,0,2,1,799,"not computed: categorical, identifier, or type pending",,,,,,,
empleo_secundario_casos,s01a_03,¿Cuántos años cumplidos tiene? (s01a_03),Sección 1: Características generales del hogar y sus miembros,Cuantitativa discreta/derivada según etiqueta INE,1357,1357,0,0,0.0,0,75,34,47,eligible by dictionary type,1357.0,9.0,32.0,42.0,52.0,84.0,42.334561532792925
empleo_secundario_casos,pet,Poblacion en edad de trabajar 14 o más años (pet),"Variables geográficas, de diseño o derivadas",Cuantitativa discreta/derivada según etiqueta INE,1357,1357,0,0,0.0,13,2,1,1344,eligible by dictionary type,1357.0,0.0,1.0,1.0,1.0,1.0,0.9904200442151806
empleo_secundario_casos,pea,Poblacion Activa (pea),"Variables geográficas, de diseño o derivadas",Categórica o codificada según metadatos INE,1357,1357,0,0,0.0,0,1,1,1357,"not computed: categorical, identifier, or type pending",,,,,,,
empleo_secundario_casos,pei,Poblacion Inactiva (pei),"Variables geográficas, de diseño o derivadas",Categórica o codificada según metadatos INE,1357,1357,0,0,0.0,1357,1,0,1357,"not computed: categorical, identifier, or type pending",,,,,,,
empleo_secundario_casos,condact,Condicion de Actividad Ocupacion Principal (condact),"Variables geográficas, de diseño o derivadas",Categórica o codificada según metadatos INE,1357,1357,0,0,0.0,0,1,1,1357,"not computed: categorical, identifier, or type pending",,,,,,,
empleo_secundario_casos,caeb_os,Clasificación de Actividad Económica de Bolivia Ocupacion secundaria (caeb_os),"Variables geográficas, de diseño o derivadas",Categórica o codificada según metadatos INE,1357,1357,0,0,0.0,644,18,0,644,"not computed: categorical, identifier, or type pending",,,,,,,
empleo_secundario_casos,shrs,Horas trabajadas a la semana Ocupación Secundaria (shrs),"Variables geográficas, de diseño o derivadas",Cuantitativa discreta/derivada según etiqueta INE,1357,1357,0,0,0.0,0,104,12,141,eligible by dictionary type,1357.0,1.0,8.0,14.0,24.0,91.0,16.90198968312454
empleo_secundario_casos,tothrs,Horas trabajadas a la semana (tothrs),"Variables geográficas, de diseño o derivadas",Cuantitativa discreta/derivada según etiqueta INE,1357,1356,0,1,0.0737,0,205,48,73,eligible by dictionary type,1356.0,6.0,40.0,52.0,64.5,148.0,54.51714601769911
empleo_secundario_casos,yseclab,Ingreso laboral Ocupación Secundaria (Bs/Mes) (yseclab),"Variables geográficas, de diseño o derivadas",Cuantitativa monetaria según etiqueta INE,1357,926,0,431,31.7612,1,237,433,53,eligible by dictionary type,926.0,0.0,346.399993896484,683.3333435058595,1415.179992675785,21650.0,1174.0648617054421
empleo_secundario_casos,ylab,Ingreso laboral (Bs/Mes) (ylab),"Variables geográficas, de diseño o derivadas",Cuantitativa monetaria según etiqueta INE,1357,1263,0,94,6.927,0,1016,2598,18,eligible by dictionary type,1263.0,50.0,1307.83337402344,2686.2666015625,4461.366455078125,82270.0,3586.6440260064855
empleo_secundario_casos,yper,Ingreso personal (Bs/Mes) (yper),"Variables geográficas, de diseño o derivadas",Cuantitativa monetaria según etiqueta INE,1357,1357,0,0,0.0,48,1109,0,48,eligible by dictionary type,1357.0,0.0,1212.89990234375,2598.0,4431.0,97270.0,3507.7170862410117
empleo_secundario_casos,secondary_filter_status,secondary_filter_status,Sección por confirmar,pendiente de confirmar,1357,1357,0,0,0.0,0,2,affirmative_filter,1356,"not computed: categorical, identifier, or type pending",,,,,,,
empleo_secundario_casos,age_universe_status,age_universe_status,Sección por confirmar,pendiente de confirmar,1357,1357,0,0,0.0,0,1,age_7_plus,1357,"not computed: categorical, identifier, or type pending",,,,,,,
ingresos_no_laborales_persona,folio,Id hogar anonimizado (folio),"Variables geográficas, de diseño o derivadas",Identificador / diseño muestral,39497,39497,0,0,0.0,0,12718,711-000992-A-0031,15,"not computed: categorical, identifier, or type pending",,,,,,,
ingresos_no_laborales_persona,nro,Número de persona (nro),"Variables geográficas, de diseño o derivadas",Identificador / diseño muestral,39497,39497,0,0,0.0,0,15,1,12718,"not computed: categorical, identifier, or type pending",,,,,,,
ingresos_no_laborales_persona,area,Urbana Rural (area),"Variables geográficas, de diseño o derivadas",Categórica o codificada según metadatos INE,39497,39497,0,0,0.0,0,2,1,30103,"not computed: categorical, identifier, or type pending",,,,,,,
ingresos_no_laborales_persona,depto,Departamento (depto),"Variables geográficas, de diseño o derivadas",Categórica o codificada según metadatos INE,39497,39497,0,0,0.0,0,9,2,9839,"not computed: categorical, identifier, or type pending",,,,,,,
ingresos_no_laborales_persona,upm,upm anonimizada (upm),"Variables geográficas, de diseño o derivadas",Identificador / diseño muestral,39497,39497,0,0,0.0,0,1082,351-016209-D,63,"not computed: categorical, identifier, or type pending",,,,,,,
ingresos_no_laborales_persona,estrato,Estrato (estrato),"Variables geográficas, de diseño o derivadas",Texto; revisar si es respuesta abierta o categoría textual,39497,39497,0,0,0.0,0,70,213,3153,"not computed: categorical, identifier, or type pending",,,,,,,
ingresos_no_laborales_persona,factor,Factor de expansión (factor),"Variables geográficas, de diseño o derivadas",Cuantitativa discreta/derivada según etiqueta INE,39497,39497,0,0,0.0,0,1047,243.28893741105,208,eligible by dictionary type,39497.0,18.3492739945811,180.008504522332,251.239534268644,361.069331748992,3407.91172987707,313.8822189027014
ingresos_no_laborales_persona,s05a_01a,Recibe usted ingresos (rentas) mensuales por: A. ¿Jubilación (vejez)? Excluya el monto de la Renta Dignidad (s05a_01a),Sección 5: Ingresos no laborales del hogar,Cuantitativa monetaria según etiqueta INE,39497,13821,0,25676,65.0075,12820,139,0,12820,eligible by dictionary type,13821.0,0.0,0.0,0.0,0.0,16000.0,215.58874176977065
ingresos_no_laborales_persona,s05a_01b,Recibe usted ingresos (rentas) mensuales por: B. ¿Benemérito? Excluye el monto de la Renta Dignidad (s05a_01b),Sección 5: Ingresos no laborales del hogar,Cuantitativa monetaria según etiqueta INE,39497,5168,0,34329,86.9155,5166,3,0,5166,eligible by dictionary type,5168.0,0.0,0.0,0.0,0.0,350.0,0.12577399380804954
ingresos_no_laborales_persona,s05a_01c,Recibe usted ingresos (rentas) mensuales por: C. ¿Invalidez? (s05a_01c),Sección 5: Ingresos no laborales del hogar,Cuantitativa monetaria según etiqueta INE,39497,29942,0,9555,24.1917,29909,13,0,29909,eligible by dictionary type,29942.0,0.0,0.0,0.0,0.0,7000.0,0.9780241800814908
ingresos_no_laborales_persona,s05a_01d,"Recibe usted ingresos (rentas) mensuales por: D. ¿Viudez, orfandad? (s05a_01d)",Sección 5: Ingresos no laborales del hogar,Cuantitativa monetaria según etiqueta INE,39497,35357,0,4140,10.4818,35189,56,0,35189,eligible by dictionary type,35357.0,0.0,0.0,0.0,0.0,5200.0,10.507367706536188
ingresos_no_laborales_persona,s05a_01e,Recibe usted ingresos (rentas) mensuales por: E. ¿Renta Dignidad? (s05a_01e),Sección 5: Ingresos no laborales del hogar,Cuantitativa monetaria según etiqueta INE,39497,5166,0,34331,86.9205,0,2,1,4852,eligible by dictionary type,5166.0,1.0,1.0,1.0,1.0,2.0,1.0607820363917926
ingresos_no_laborales_persona,s05a_01e0,Recibe usted ingresos (rentas) mensuales por: E. ¿Renta Dignidad? Monto (Bs) (s05a_01e0),Sección 5: Ingresos no laborales del hogar,Cuantitativa monetaria según etiqueta INE,39497,4852,0,34645,87.7155,0,2,350,3883,eligible by dictionary type,4852.0,300.0,350.0,350.0,350.0,350.0,340.01442704039573
ingresos_no_laborales_persona,s05a_01f,Recibe usted ingresos (rentas) mensuales por: F. ¿Aguinaldo de la Renta Dignidad? (ULTIMOS DOCE MESES) (s05a_01f),Sección 5: Ingresos no laborales del hogar,Cuantitativa monetaria según etiqueta INE,39497,4852,0,34645,87.7155,0,2,1,4600,eligible by dictionary type,4852.0,1.0,1.0,1.0,1.0,2.0,1.0519373454245673
ingresos_no_laborales_persona,s05a_02a,"Además de los ingresos mencionados, recibe usted ingresos (rentas) mensuales por: A. ¿Intereses? (por depósitos bancarios, préstamos, etc.) MONTO (s05a_02a)",Sección 5: Ingresos no laborales del hogar,Cuantitativa monetaria según etiqueta INE,39497,26870,0,12627,31.9695,26686,39,0,26686,eligible by dictionary type,26870.0,0.0,0.0,0.0,0.0,10000.0,4.097804242649795
ingresos_no_laborales_persona,s05a_02b,"Además de los ingresos mencionados, recibe usted ingresos (rentas) mensuales por: B. ¿Alquiler de propiedades inmuebles casas, etc.? MONTO (s05a_02b)",Sección 5: Ingresos no laborales del hogar,Cuantitativa monetaria según etiqueta INE,39497,26870,0,12627,31.9695,26153,68,0,26153,eligible by dictionary type,26870.0,0.0,0.0,0.0,0.0,21000.0,44.06873836992929
ingresos_no_laborales_persona,s05a_02c,"Además de los ingresos mencionados, recibe usted ingresos (rentas) mensuales por: C. ¿Otras rentas? MONTO (s05a_02c)",Sección 5: Ingresos no laborales del hogar,Cuantitativa monetaria según etiqueta INE,39497,26870,0,12627,31.9695,26834,20,0,26834,eligible by dictionary type,26870.0,0.0,0.0,0.0,0.0,6000.0,2.39136583550428
ingresos_no_laborales_persona,s05a_02ce,"Además de los ingresos mencionados, recibe usted ingresos (rentas) mensuales por: Otras rentas (Especifique) (s05a_02ce)",Sección 5: Ingresos no laborales del hogar,Texto; revisar si es respuesta abierta o categoría textual,39497,36,39461,0,99.9089,0,35,SU MAMA QUE FALLECIO ESTABA AFILIADA EN LA GESTORA Y EL QUE ES SU H,2,"not computed: categorical, identifier, or type pending",,,,,,,
ingresos_no_laborales_persona,s05a_03a,"Durante los últimos doce meses, ¿recibió usted: (en montos anuales) A. Alquileres de propiedades agrícolas? (s05a_03a)",Sección 5: Ingresos no laborales del hogar,Cuantitativa monetaria según etiqueta INE,39497,26870,0,12627,31.9695,26800,32,0,26800,eligible by dictionary type,26870.0,0.0,0.0,0.0,0.0,170520.0,15.746929661332342
ingresos_no_laborales_persona,s05a_03b,"Durante los últimos doce meses, ¿recibió usted: (en montos anuales) B. Dividendos, utilidades empresariales o retiros de sociedades? (s05a_03b)",Sección 5: Ingresos no laborales del hogar,Cuantitativa monetaria según etiqueta INE,39497,26870,0,12627,31.9695,26850,16,0,26850,eligible by dictionary type,26870.0,0.0,0.0,0.0,0.0,50000.0,5.980647562337179
ingresos_no_laborales_persona,s05a_03c,"Durante los últimos doce meses, ¿recibió usted: (en montos anuales) C. Alquiler de maquinaria y/o equipo? (s05a_03c)",Sección 5: Ingresos no laborales del hogar,Cuantitativa monetaria según etiqueta INE,39497,26870,0,12627,31.9695,26835,28,0,26835,eligible by dictionary type,26870.0,0.0,0.0,0.0,0.0,35000.0,5.805731298846297
ingresos_no_laborales_persona,s05a_04a,"Además de los ingresos mencionados anteriormente, durante los últimos doce meses, ¿recibió, usted… A. Indemnización por dejar algún trabajo? (s05a_04a)",Sección 5: Ingresos no laborales del hogar,Cuantitativa monetaria según etiqueta INE,39497,29954,0,9543,24.1613,29915,30,0,29915,eligible by dictionary type,29954.0,0.0,0.0,0.0,0.0,100000.0,22.22741537023436
ingresos_no_laborales_persona,s05a_04b,"Además de los ingresos mencionados anteriormente, durante los últimos doce meses, ¿recibió, usted… B. Indemnización de Seguros? (s05a_04b)",Sección 5: Ingresos no laborales del hogar,Cuantitativa monetaria según etiqueta INE,39497,35366,0,4131,10.459,35360,7,0,35360,eligible by dictionary type,35366.0,0.0,0.0,0.0,0.0,6000.0,0.2716733585929989
ingresos_no_laborales_persona,s05a_04c,"Además de los ingresos mencionados anteriormente, durante los últimos doce meses, ¿recibió, usted… C. Ingresos por anticrético de propiedades inmuebles, casas, etc.? (s05a_04c)",Sección 5: Ingresos no laborales del hogar,Cuantitativa monetaria según etiqueta INE,39497,26873,0,12624,31.9619,26842,28,0,26842,eligible by dictionary type,26873.0,0.0,0.0,0.0,0.0,525000.0,52.50958210843598
ingresos_no_laborales_persona,s05a_04d,"Además de los ingresos mencionados anteriormente, durante los últimos doce meses, ¿recibió, usted… D. Otros ingresos extraordinarios (ej. Becas de estudio, derechos de autor, marcas y patentes)? (s05a_04d)",Sección 5: Ingresos no laborales del hogar,Cuantitativa monetaria según etiqueta INE,39497,35366,0,4131,10.459,35325,23,0,35325,eligible by dictionary type,35366.0,0.0,0.0,0.0,0.0,30000.0,2.568992817960753
ingresos_no_laborales_persona,s05b_05aa,"En los últimos doce meses, ¿recibió usted… A. Asistencia familiar por divorcio o separación? Monto (Bs) (s05b_05aa)",Sección 5: Ingresos no laborales del hogar,Cuantitativa monetaria según etiqueta INE,39497,39473,0,24,0.0608,38338,59,0,38338,eligible by dictionary type,39473.0,0.0,0.0,0.0,0.0,5000.0,16.545461454665215
ingresos_no_laborales_persona,s05b_05ab,"En los últimos doce meses, ¿recibió usted… A. Asistencia familiar por divorcio o separación? Frecuencia (s05b_05ab)",Sección 5: Ingresos no laborales del hogar,Cuantitativa discreta/derivada según etiqueta INE,39497,1135,0,38362,97.1264,0,7,4,1070,eligible by dictionary type,1135.0,2.0,4.0,4.0,4.0,8.0,4.022907488986784
ingresos_no_laborales_persona,s05b_05ba,"En los últimos doce meses, ¿recibió usted… B. Dinero de otras personas que residen en este u otro lugar del país?(Excluye ONG's, ISFLH, Juntas Vecinales,etc.) Monto (Bs) (s05b_05ba)",Sección 5: Ingresos no laborales del hogar,Cuantitativa monetaria según etiqueta INE,39497,39470,0,27,0.0684,37719,63,0,37719,eligible by dictionary type,39470.0,0.0,0.0,0.0,0.0,13500.0,32.24608563465924
ingresos_no_laborales_persona,s05b_05bb,"En los últimos doce meses, ¿recibió usted… B. Dinero de otras personas que residen en este u otro lugar del país?(Excluye ONG's, ISFLH, Juntas Vecinales,etc.) Frecuencia (s05b_05bb)",Sección 5: Ingresos no laborales del hogar,Cuantitativa discreta/derivada según etiqueta INE,39497,1751,0,37746,95.5668,0,7,4,1068,eligible by dictionary type,1751.0,2.0,4.0,4.0,5.0,8.0,4.693889206167904
ingresos_no_laborales_persona,s05b_05ca,"En los últimos doce meses, ¿recibió usted… C. Alimentos o regalos de otras personas que residen en este u otro lugar del país? (VALORAR EN BS)(Excluye ONG's, ISFLH, Juntas Vecinales,etc.) Monto (Bs) (s05b_05ca)",Sección 5: Ingresos no laborales del hogar,Cuantitativa monetaria según etiqueta INE,39497,39463,0,34,0.0861,37702,102,0,37702,eligible by dictionary type,39463.0,0.0,0.0,0.0,0.0,6000.0,15.275093125205888
ingresos_no_laborales_persona,s05b_05cb,"En los últimos doce meses, ¿recibió usted… C. Alimentos o regalos de otras personas que residen en este u otro lugar del país? (VALORAR EN BS)(Excluye ONG's, ISFLH, Juntas Vecinales,etc.) Frecuencia (s05b_05cb)",Sección 5: Ingresos no laborales del hogar,Cuantitativa discreta/derivada según etiqueta INE,39497,1760,0,37737,95.544,0,7,8,887,eligible by dictionary type,1760.0,2.0,4.0,8.0,8.0,8.0,6.222727272727273
ingresos_no_laborales_persona,s05b_06aa,"En los últimos doce meses, ¿recibió usted… A. Bono de Indigencia por ceguera o Bono mensual para personas por discapacidad? Monto (Bs) (s05b_06aa)",Sección 5: Ingresos no laborales del hogar,Cuantitativa monetaria según etiqueta INE,39497,39497,0,0,0.0,39353,16,0,39353,eligible by dictionary type,39497.0,0.0,0.0,0.0,0.0,7140.0,2.8549510089373875
ingresos_no_laborales_persona,s05b_06ab,"En los últimos doce meses, ¿recibió usted… A. Bono de Indigencia por ceguera o Bono mensual para personas por discapacidad? Frecuencia (s05b_06ab)",Sección 5: Ingresos no laborales del hogar,Cuantitativa discreta/derivada según etiqueta INE,39497,144,0,39353,99.6354,0,2,4,126,eligible by dictionary type,144.0,4.0,4.0,4.0,4.0,8.0,4.5
ingresos_no_laborales_persona,s05b_06ae,"En los últimos doce meses, ¿recibió usted… A. Bono de Indigencia por ceguera o Bono mensual para personas por discapacidad? (Especifique) (s05b_06ae)",Sección 5: Ingresos no laborales del hogar,Texto; revisar si es respuesta abierta o categoría textual,39497,144,39353,0,99.6354,0,60,BONO DE DISCAPACIDAD,34,"not computed: categorical, identifier, or type pending",,,,,,,
ingresos_no_laborales_persona,s05b_06ba,"En los últimos doce meses, ¿recibió usted… B. Otros bonos sociales en efectivo? Monto (Bs) (s05b_06ba)",Sección 5: Ingresos no laborales del hogar,Cuantitativa monetaria según etiqueta INE,39497,39497,0,0,0.0,39336,7,0,39336,eligible by dictionary type,39497.0,0.0,0.0,0.0,0.0,2500.0,4.350406359976707
ingresos_no_laborales_persona,s05b_06bb,"En los últimos doce meses, ¿recibió usted… B. Otros bonos sociales en efectivo? Frecuencia (s05b_06bb)",Sección 5: Ingresos no laborales del hogar,Cuantitativa discreta/derivada según etiqueta INE,39497,161,0,39336,99.5924,0,3,8,154,eligible by dictionary type,161.0,4.0,8.0,8.0,8.0,8.0,7.838509316770186
ingresos_no_laborales_persona,s05b_06be,"En los últimos doce meses, ¿recibió usted… B. Otros bonos sociales en efectivo? (Especifique) (s05b_06be)",Sección 5: Ingresos no laborales del hogar,Texto; revisar si es respuesta abierta o categoría textual,39497,165,39332,0,99.5822,0,30,BONO PMADI,46,"not computed: categorical, identifier, or type pending",,,,,,,
ingresos_no_laborales_persona,s05b_06ca,"En los últimos doce meses, ¿recibió usted… C. Otros bonos sociales en especie? (VALORAR EN BS.) Monto (Bs) (s05b_06ca)",Sección 5: Ingresos no laborales del hogar,Cuantitativa monetaria según etiqueta INE,39497,39497,0,0,0.0,28077,170,0,28077,eligible by dictionary type,39497.0,0.0,0.0,0.0,35.0,2000.0,27.31247942881738
ingresos_no_laborales_persona,s05b_06cb,"En los últimos doce meses, ¿recibió usted… C. Otros bonos sociales en especie? (VALORAR EN BS.) Frecuencia (s05b_06cb)",Sección 5: Ingresos no laborales del hogar,Cuantitativa discreta/derivada según etiqueta INE,39497,11420,0,28077,71.0864,0,5,4,10248,eligible by dictionary type,11420.0,4.0,4.0,4.0,4.0,8.0,4.302189141856393
ingresos_no_laborales_persona,s05b_06ce,"En los últimos doce meses, ¿recibió usted… C. Otros bonos sociales en especie? (VALORAR EN BS.) (Especifique) (s05b_06ce)",Sección 5: Ingresos no laborales del hogar,Texto; revisar si es respuesta abierta o categoría textual,39497,11421,28076,0,71.0839,0,1275,DESAYUNO ESCOLAR,5804,"not computed: categorical, identifier, or type pending",,,,,,,
ingresos_no_laborales_persona,s05c_07,"En los últimos 12 meses, ¿recibió (...) dinero o encomiendas de otras personas que residen en el exterior del país? (s05c_07)",Sección 5: Ingresos no laborales del hogar,Cuantitativa discreta/derivada según etiqueta INE,39497,35366,0,4131,10.459,0,2,2,34562,eligible by dictionary type,35366.0,1.0,2.0,2.0,2.0,2.0,1.9772663009670304
ingresos_no_laborales_persona,s05c_08,¿Con que frecuencia recibió el dinero o encomiendas mencionadas? (s05c_08),Sección 5: Ingresos no laborales del hogar,Categórica o codificada según metadatos INE,39497,804,0,38693,97.9644,0,7,4,340,"not computed: categorical, identifier, or type pending",,,,,,,
ingresos_no_laborales_persona,s05c_09a,"Si recibió dinero, ¿cuál es el monto y en qué moneda lo recibió? Monto Bs. (s05c_09a)",Sección 5: Ingresos no laborales del hogar,Cuantitativa monetaria según etiqueta INE,39497,807,0,38690,97.9568,51,81,500,117,eligible by dictionary type,807.0,0.0,200.0,500.0,1200.0,500000.0,3039.729863692689
ingresos_no_laborales_persona,s05c_09b,"Si recibió dinero, ¿cuál es el monto y en qué moneda lo recibió? Moneda (s05c_09b)",Sección 5: Ingresos no laborales del hogar,Cuantitativa monetaria según etiqueta INE,39497,756,0,38741,98.0859,0,7,1,581,eligible by dictionary type,756.0,1.0,1.0,1.0,1.0,7.0,1.5952380952380953
ingresos_no_laborales_persona,s05c_09e,Columna presente en persona.csv pero ausente en el diccionario oficial EH2025_Persona; no equivale automáticamente a s05c_09be ni s05c_09aa. (s05c_09e),Extensión local; no pertenece a F27 oficial,Ingreso/transferencia; moneda/periodo/códigos por cotejar,39497,7,39490,0,99.9823,0,1,SOLES,7,"not computed: categorical, identifier, or type pending",,,,,,,
ingresos_no_laborales_persona,s05c_10,"Si recibió en especie, valorar en Bolivianos. (s05c_10)",Sección 5: Ingresos no laborales del hogar,Cuantitativa monetaria según etiqueta INE,39497,803,0,38694,97.9669,694,34,0,694,eligible by dictionary type,803.0,0.0,0.0,0.0,0.0,13920.0,130.08343711083438
ingresos_no_laborales_persona,s01a_02,¿Es hombre o mujer? (s01a_02),Sección 1: Características generales del hogar y sus miembros,Categórica o codificada según metadatos INE,39497,39497,0,0,0.0,0,2,2,20040,"not computed: categorical, identifier, or type pending",,,,,,,
ingresos_no_laborales_persona,s01a_03,¿Cuántos años cumplidos tiene? (s01a_03),Sección 1: Características generales del hogar y sus miembros,Cuantitativa discreta/derivada según etiqueta INE,39497,39497,0,0,0.0,501,99,10,868,eligible by dictionary type,39497.0,0.0,14.0,29.0,47.0,98.0,31.997898574575284
ingresos_pobreza_persona,folio,Id hogar anonimizado (folio),"Variables geográficas, de diseño o derivadas",Identificador / diseño muestral,39497,39497,0,0,0.0,0,12718,711-000992-A-0031,15,"not computed: categorical, identifier, or type pending",,,,,,,
ingresos_pobreza_persona,nro,Número de persona (nro),"Variables geográficas, de diseño o derivadas",Identificador / diseño muestral,39497,39497,0,0,0.0,0,15,1,12718,"not computed: categorical, identifier, or type pending",,,,,,,
ingresos_pobreza_persona,area,Urbana Rural (area),"Variables geográficas, de diseño o derivadas",Categórica o codificada según metadatos INE,39497,39497,0,0,0.0,0,2,1,30103,"not computed: categorical, identifier, or type pending",,,,,,,
ingresos_pobreza_persona,depto,Departamento (depto),"Variables geográficas, de diseño o derivadas",Categórica o codificada según metadatos INE,39497,39497,0,0,0.0,0,9,2,9839,"not computed: categorical, identifier, or type pending",,,,,,,
ingresos_pobreza_persona,upm,upm anonimizada (upm),"Variables geográficas, de diseño o derivadas",Identificador / diseño muestral,39497,39497,0,0,0.0,0,1082,351-016209-D,63,"not computed: categorical, identifier, or type pending",,,,,,,
ingresos_pobreza_persona,estrato,Estrato (estrato),"Variables geográficas, de diseño o derivadas",Texto; revisar si es respuesta abierta o categoría textual,39497,39497,0,0,0.0,0,70,213,3153,"not computed: categorical, identifier, or type pending",,,,,,,
ingresos_pobreza_persona,factor,Factor de expansión (factor),"Variables geográficas, de diseño o derivadas",Cuantitativa discreta/derivada según etiqueta INE,39497,39497,0,0,0.0,0,1047,243.28893741105,208,eligible by dictionary type,39497.0,18.3492739945811,180.008504522332,251.239534268644,361.069331748992,3407.91172987707,313.8822189027014
ingresos_pobreza_persona,s01a_02,¿Es hombre o mujer? (s01a_02),Sección 1: Características generales del hogar y sus miembros,Categórica o codificada según metadatos INE,39497,39497,0,0,0.0,0,2,2,20040,"not computed: categorical, identifier, or type pending",,,,,,,
ingresos_pobreza_persona,s01a_03,¿Cuántos años cumplidos tiene? (s01a_03),Sección 1: Características generales del hogar y sus miembros,Cuantitativa discreta/derivada según etiqueta INE,39497,39497,0,0,0.0,501,99,10,868,eligible by dictionary type,39497.0,0.0,14.0,29.0,47.0,98.0,31.997898574575284
ingresos_pobreza_persona,totper,Total de personas que habitan en el hogar (definición del diccionario local anterior; no figura en F27). (totper),Extensión local; no pertenece a F27 oficial,Cuantitativa candidata; confirmar unidad/universo,39497,39477,0,20,0.0506,0,1,1,39477,eligible by dictionary type,39477.0,1.0,1.0,1.0,1.0,1.0,1.0
ingresos_pobreza_persona,yprilab,Ingreso laboral Ocupación Principal (Bs/Mes) (yprilab),"Variables geográficas, de diseño o derivadas",Cuantitativa monetaria según etiqueta INE,39497,16696,0,22801,57.7284,0,5013,2598,385,eligible by dictionary type,16696.0,6.66666698455811,1500.0,2614.70336914063,4100.666748046875,75064.875,3267.5043927732127
ingresos_pobreza_persona,yseclab,Ingreso laboral Ocupación Secundaria (Bs/Mes) (yseclab),"Variables geográficas, de diseño o derivadas",Cuantitativa monetaria según etiqueta INE,39497,926,0,38571,97.6555,1,237,433,53,eligible by dictionary type,926.0,0.0,346.399993896484,683.3333435058595,1415.179992675785,21650.0,1174.0648617054421
ingresos_pobreza_persona,ylab,Ingreso laboral (Bs/Mes) (ylab),"Variables geográficas, de diseño o derivadas",Cuantitativa monetaria según etiqueta INE,39497,16709,0,22788,57.6955,0,5362,2598,375,eligible by dictionary type,16709.0,6.66666698455811,1519.59997558594,2706.25,4191.66650390625,82270.0,3330.0279733840594
ingresos_pobreza_persona,ynolab,Ingreso no laboral (Bs/Mes) (ynolab),"Variables geográficas, de diseño o derivadas",Cuantitativa monetaria según etiqueta INE,39497,39497,0,0,0.0,21634,1993,0,21634,eligible by dictionary type,39497.0,0.0,0.0,0.0,100.0,21000.0,258.21187809164843
ingresos_pobreza_persona,yper,Ingreso personal (Bs/Mes) (yper),"Variables geográficas, de diseño o derivadas",Cuantitativa monetaria según etiqueta INE,39497,39497,0,0,0.0,8827,8252,0,8827,eligible by dictionary type,39497.0,0.0,36.0,429.166656494141,2610.5,97270.0,1666.9628568847327
ingresos_pobreza_persona,yhog,Ingreso del hogar (Bs/Mes) (yhog),"Variables geográficas, de diseño o derivadas",Cuantitativa monetaria según etiqueta INE,39497,39477,0,20,0.0506,27,9935,3000,92,eligible by dictionary type,39477.0,0.0,2775.5,4656.0498046875,7530.0,106375.0,5847.800665889736
ingresos_pobreza_persona,yhogpc,Ingreso percápita del hogar (Bs/Mes) (yhogpc),"Variables geográficas, de diseño o derivadas",Cuantitativa monetaria según etiqueta INE,39497,39477,0,20,0.0506,27,10320,1000,99,eligible by dictionary type,39477.0,0.0,756.5,1257.29174804688,2084.0,39358.66796875,1666.6890312199366
ingresos_pobreza_persona,z,Línea de pobreza (Bs/persona/mes) (z),"Variables geográficas, de diseño o derivadas",Cuantitativa monetaria según etiqueta INE,39497,39497,0,0,0.0,0,12,761.840026855469,9394,eligible by dictionary type,39497.0,761.840026855469,908.640014648438,946.090026855469,1191.5,1228.81005859375,995.5384926510441
ingresos_pobreza_persona,zext,Línea de pobreza extrema o de indigencia (bs/persona/mes) (zext),"Variables geográficas, de diseño o derivadas",Cuantitativa monetaria según etiqueta INE,39497,39497,0,0,0.0,0,12,436.720001220703,9394,eligible by dictionary type,39497.0,436.720001220703,457.869995117188,473.290008544922,593.380004882812,603.799987792969,511.1674318517146
ingresos_pobreza_persona,p0,Pobreza por ingreso (p0),"Variables geográficas, de diseño o derivadas",Cuantitativa monetaria según etiqueta INE,39497,39477,0,20,0.0506,24550,2,0,24550,eligible by dictionary type,39477.0,0.0,0.0,0.0,1.0,1.0,0.37811890467867365
ingresos_pobreza_persona,p1,Brecha de pobreza por ingreso (p1),"Variables geográficas, de diseño o derivadas",Cuantitativa monetaria según etiqueta INE,39497,39477,0,20,0.0506,24550,3649,0,24550,eligible by dictionary type,39477.0,0.0,0.0,0.0,0.233626261353493,1.0,0.13900812344944574
ingresos_pobreza_persona,p2,Magnitud de pobreza por ingreso (p2),"Variables geográficas, de diseño o derivadas",Cuantitativa monetaria según etiqueta INE,39497,39477,0,20,0.0506,24550,3649,0,24550,eligible by dictionary type,39477.0,0.0,0.0,0.0,0.0545812286436558,1.0,0.0722979534713637
ingresos_pobreza_persona,pext0,Pobreza extrema o indigencia por ingreso (pext0),"Variables geográficas, de diseño o derivadas",Cuantitativa monetaria según etiqueta INE,39497,39477,0,20,0.0506,34781,2,0,34781,eligible by dictionary type,39477.0,0.0,0.0,0.0,0.0,1.0,0.11895534108468223
ingresos_pobreza_persona,pext1,Brecha de pobreza extrema por ingreso (pext1),"Variables geográficas, de diseño o derivadas",Cuantitativa monetaria según etiqueta INE,39497,39477,0,20,0.0506,34781,1087,0,34781,eligible by dictionary type,39477.0,0.0,0.0,0.0,0.0,1.0,0.04261048680508252
ingresos_pobreza_persona,pext2,Magnitud de pobreza extrema por ingreso (pext2),"Variables geográficas, de diseño o derivadas",Cuantitativa monetaria según etiqueta INE,39497,39477,0,20,0.0506,34781,1087,0,34781,eligible by dictionary type,39477.0,0.0,0.0,0.0,0.0,1.0,0.022493483988387238
hogar_resumen_persona_candidato,folio,Id hogar anonimizado (folio),"Variables geográficas, de diseño o derivadas",Identificador / diseño muestral,12718,12718,0,0,0.0,0,12718,111-000187-A-0011,1,"not computed: categorical, identifier, or type pending",,,,,,,
hogar_resumen_persona_candidato,area,Urbana Rural (area),"Variables geográficas, de diseño o derivadas",Categórica o codificada según metadatos INE,12718,12718,0,0,0.0,0,2,1,9541,"not computed: categorical, identifier, or type pending",,,,,,,
hogar_resumen_persona_candidato,depto,Departamento (depto),"Variables geográficas, de diseño o derivadas",Categórica o codificada según metadatos INE,12718,12718,0,0,0.0,0,9,2,3097,"not computed: categorical, identifier, or type pending",,,,,,,
hogar_resumen_persona_candidato,upm,upm anonimizada (upm),"Variables geográficas, de diseño o derivadas",Identificador / diseño muestral,12718,12718,0,0,0.0,0,1082,314-005297-A,14,"not computed: categorical, identifier, or type pending",,,,,,,
hogar_resumen_persona_candidato,estrato,Estrato (estrato),"Variables geográficas, de diseño o derivadas",Texto; revisar si es respuesta abierta o categoría textual,12718,12718,0,0,0.0,0,70,213,989,"not computed: categorical, identifier, or type pending",,,,,,,
hogar_resumen_persona_candidato,totper,Total de personas que habitan en el hogar (definición del diccionario local anterior; no figura en F27). (totper),Extensión local; no pertenece a F27 oficial,Cuantitativa candidata; confirmar unidad/universo,12718,12718,0,0,0.0,0,1,1,12718,eligible by dictionary type,12718.0,1.0,1.0,1.0,1.0,1.0,1.0
hogar_resumen_persona_candidato,tipohogar,Tipo de hogar recodificado (tipohogar),"Variables geográficas, de diseño o derivadas",Categórica o codificada según metadatos INE,12718,12718,0,0,0.0,0,7,4,4942,"not computed: categorical, identifier, or type pending",,,,,,,
hogar_resumen_persona_candidato,yhog,Ingreso del hogar (Bs/Mes) (yhog),"Variables geográficas, de diseño o derivadas",Cuantitativa monetaria según etiqueta INE,12718,12718,0,0,0.0,15,9935,2500,59,eligible by dictionary type,12718.0,0.0,2353.47918701172,4024.489990234375,6633.958251953125,106375.0,5173.445738121593
hogar_resumen_persona_candidato,yhogpc,Ingreso percápita del hogar (Bs/Mes) (yhogpc),"Variables geográficas, de diseño o derivadas",Cuantitativa monetaria según etiqueta INE,12718,12718,0,0,0.0,15,10320,2500,48,eligible by dictionary type,12718.0,0.0,844.557312011719,1454.1499633789049,2500.0,39358.66796875,1984.127492199943
hogar_resumen_persona_candidato,z,Línea de pobreza (Bs/persona/mes) (z),"Variables geográficas, de diseño o derivadas",Cuantitativa monetaria según etiqueta INE,12718,12718,0,0,0.0,0,12,761.840026855469,3177,eligible by dictionary type,12718.0,761.840026855469,908.640014648438,946.090026855469,1191.5,1228.81005859375,991.20620901747
hogar_resumen_persona_candidato,zext,Línea de pobreza extrema o de indigencia (bs/persona/mes) (zext),"Variables geográficas, de diseño o derivadas",Cuantitativa monetaria según etiqueta INE,12718,12718,0,0,0.0,0,12,436.720001220703,3177,eligible by dictionary type,12718.0,436.720001220703,457.869995117188,473.290008544922,593.380004882812,603.799987792969,509.68255490217405
hogar_resumen_persona_candidato,p0,Pobreza por ingreso (p0),"Variables geográficas, de diseño o derivadas",Cuantitativa monetaria según etiqueta INE,12718,12718,0,0,0.0,8708,2,0,8708,eligible by dictionary type,12718.0,0.0,0.0,0.0,1.0,1.0,0.315301147979242
hogar_resumen_persona_candidato,p1,Brecha de pobreza por ingreso (p1),"Variables geográficas, de diseño o derivadas",Cuantitativa monetaria según etiqueta INE,12718,12718,0,0,0.0,8708,3649,0,8708,eligible by dictionary type,12718.0,0.0,0.0,0.0,0.1345050446689125,1.0,0.11238731141237851
hogar_resumen_persona_candidato,p2,Magnitud de pobreza por ingreso (p2),"Variables geográficas, de diseño o derivadas",Cuantitativa monetaria según etiqueta INE,12718,12718,0,0,0.0,8708,3649,0,8708,eligible by dictionary type,12718.0,0.0,0.0,0.0,0.018091610632836826,1.0,0.057227084967455544
hogar_resumen_persona_candidato,pext0,Pobreza extrema o indigencia por ingreso (pext0),"Variables geográficas, de diseño o derivadas",Cuantitativa monetaria según etiqueta INE,12718,12718,0,0,0.0,11516,2,0,11516,eligible by dictionary type,12718.0,0.0,0.0,0.0,0.0,1.0,0.09451171567856581
hogar_resumen_persona_candidato,pext1,Brecha de pobreza extrema por ingreso (pext1),"Variables geográficas, de diseño o derivadas",Cuantitativa monetaria según etiqueta INE,12718,12718,0,0,0.0,11516,1087,0,11516,eligible by dictionary type,12718.0,0.0,0.0,0.0,0.0,1.0,0.032560949731689895
hogar_resumen_persona_candidato,pext2,Magnitud de pobreza extrema por ingreso (pext2),"Variables geográficas, de diseño o derivadas",Cuantitativa monetaria según etiqueta INE,12718,12718,0,0,0.0,11516,1087,0,11516,eligible by dictionary type,12718.0,0.0,0.0,0.0,0.0,1.0,0.016943943016217152
hogar_resumen_persona_candidato,person_records_in_source,person_records_in_source,Sección por confirmar,pendiente de confirmar,12718,12718,0,0,0.0,0,14,2,2886,"not computed: categorical, identifier, or type pending",,,,,,,
