column,display_name,description,section,universe,rows,valid_non_missing_candidates,missing_pct_of_rows,missing_count,malformed_count,malformed_pct_of_rows,malformed_check_status,incomplete_or_malformed_count,incomplete_or_malformed_pct,drop_threshold_pct,processing_action,empty_count,whitespace_only_count,literal_missing_token_count,exact_zero_count,distinct_non_missing,distinct_ratio,observed_type,semantic_type,quality_alert,definition_status,sensitive,numeric_valid_count,outlier_method,outlier_status,outlier_count,outlier_pct_valid,lower_fence,upper_fence,minimum,maximum,mean,std,q1,median,q3,iqr
folio,Id hogar anonimizado (folio),Id hogar anonimizado,"Variables geográficas, de diseño o derivadas",Viviendas seleccionadas en la muestra.,39497,39497,0.0,0,0,0.0,not evaluated: variable domain is not confirmed,0,0.0,80.0,"Retain; profile, check documented format/domain, and review outlier alerts",0,0,0,0,12718,0.321999,text/categorical or mixed,Identificador / diseño muestral,Sin alerta heurística de cardinalidad.,"Etiqueta y metadatos importados del DDI oficial INE EH2025, archivo F27",True,0,No aplicable: no es magnitud numérica confirmada,revisar códigos/categorías con el diccionario,0,,,,,,,,,,,
area,Urbana Rural (area),Urbana Rural,"Variables geográficas, de diseño o derivadas",Área urbana y rural,39497,39497,0.0,0,0,0.0,domain confirmed by local dictionary,0,0.0,80.0,"Retain; profile, check documented format/domain, and review outlier alerts",0,0,0,0,2,5.1e-05,numeric-like candidate; no numeric summary until semantics are confirmed,Categórica o codificada según metadatos INE,Sin alerta heurística de cardinalidad.,"Etiqueta y metadatos importados del DDI oficial INE EH2025, archivo F27",False,0,No aplicable: no es magnitud numérica confirmada,revisar códigos/categorías con el diccionario,0,,,,,,,,,,,
depto,Departamento (depto),Departamento,"Variables geográficas, de diseño o derivadas",Total de departamentos establecidos en el país.,39497,39497,0.0,0,0,0.0,domain confirmed by local dictionary,0,0.0,80.0,"Retain; profile, check documented format/domain, and review outlier alerts",0,0,0,0,9,0.000228,numeric-like candidate; no numeric summary until semantics are confirmed,Categórica o codificada según metadatos INE,Sin alerta heurística de cardinalidad.,"Etiqueta y metadatos importados del DDI oficial INE EH2025, archivo F27",False,0,No aplicable: no es magnitud numérica confirmada,revisar códigos/categorías con el diccionario,0,,,,,,,,,,,
nro,Número de persona (nro),Número de persona,"Variables geográficas, de diseño o derivadas",Todos los miembros del hogar,39497,39497,0.0,0,0,0.0,not evaluated: variable domain is not confirmed,0,0.0,80.0,"Retain; profile, check documented format/domain, and review outlier alerts",0,0,0,0,15,0.00038,text/categorical or mixed,Identificador / diseño muestral,Sin alerta heurística de cardinalidad.,"Etiqueta y metadatos importados del DDI oficial INE EH2025, archivo F27",False,0,No aplicable: no es magnitud numérica confirmada,revisar códigos/categorías con el diccionario,0,,,,,,,,,,,
s01a_02,¿Es hombre o mujer? (s01a_02),¿Es hombre o mujer?,Sección 1: Características generales del hogar y sus miembros,Todos los miembros del hogar,39497,39497,0.0,0,0,0.0,not evaluated: variable domain is not confirmed,0,0.0,80.0,"Retain; profile, check documented format/domain, and review outlier alerts",0,0,0,0,2,5.1e-05,numeric-like candidate; no numeric summary until semantics are confirmed,Categórica o codificada según metadatos INE,Sin alerta heurística de cardinalidad.,"Etiqueta y metadatos importados del DDI oficial INE EH2025, archivo F27",False,0,No aplicable: no es magnitud numérica confirmada,revisar códigos/categorías con el diccionario,0,,,,,,,,,,,
s01a_03,¿Cuántos años cumplidos tiene? (s01a_03),¿Cuántos años cumplidos tiene?,Sección 1: Características generales del hogar y sus miembros,Todos los miembros del hogar,39497,39497,0.0,0,0,0.0,numeric format checked; range/domain not confirmed,0,0.0,80.0,"Retain; profile, check documented format/domain, and review outlier alerts",0,0,0,501,99,0.002507,numeric-like; semantic quantitative type provisionally documented,Cuantitativa discreta/derivada según etiqueta INE,Sin alerta heurística de cardinalidad.,"Etiqueta y metadatos importados del DDI oficial INE EH2025, archivo F27",False,39497,IQR exploratorio × 1.5,alerta estadística; requiere revisión semántica,12,0.0303820543332405,-35.5,96.5,0.0,98.0,31.997898574575284,21.30190810419158,14.0,29.0,47.0,33.0
s01a_04a,¿Cuál es la fecha de su nacimiento? Día (s01a_04a),¿Cuál es la fecha de su nacimiento? Día,Sección 1: Características generales del hogar y sus miembros,Todos los miembros del hogar,39497,39497,0.0,0,0,0.0,numeric format checked; range/domain not confirmed,0,0.0,80.0,"Retain; profile, check documented format/domain, and review outlier alerts",0,0,0,0,31,0.000785,numeric-like; semantic quantitative type provisionally documented,Cuantitativa discreta/derivada según etiqueta INE,Sin alerta heurística de cardinalidad.,"Etiqueta y metadatos importados del DDI oficial INE EH2025, archivo F27",False,39497,IQR exploratorio × 1.5,alerta estadística; requiere revisión semántica,0,0.0,-14.5,45.5,1.0,31.0,15.38970048358103,8.685555425786166,8.0,15.0,23.0,15.0
s01a_04b,¿Cuál es la fecha de su nacimiento? Mes (s01a_04b),¿Cuál es la fecha de su nacimiento? Mes,Sección 1: Características generales del hogar y sus miembros,Todos los miembros del hogar,39497,39497,0.0,0,0,0.0,numeric format checked; range/domain not confirmed,0,0.0,80.0,"Retain; profile, check documented format/domain, and review outlier alerts",0,0,0,0,12,0.000304,numeric-like; semantic quantitative type provisionally documented,Cuantitativa discreta/derivada según etiqueta INE,Sin alerta heurística de cardinalidad.,"Etiqueta y metadatos importados del DDI oficial INE EH2025, archivo F27",False,39497,IQR exploratorio × 1.5,alerta estadística; requiere revisión semántica,0,0.0,-3.5,16.5,1.0,12.0,6.529863027571714,3.382324820442418,4.0,7.0,9.0,5.0
s01a_04c,¿Cuál es la fecha de su nacimiento? Año (s01a_04c),¿Cuál es la fecha de su nacimiento? Año,Sección 1: Características generales del hogar y sus miembros,Todos los miembros del hogar,39497,39497,0.0,0,0,0.0,numeric format checked; range/domain not confirmed,0,0.0,80.0,"Retain; profile, check documented format/domain, and review outlier alerts",0,0,0,0,99,0.002507,numeric-like; semantic quantitative type provisionally documented,Cuantitativa discreta/derivada según etiqueta INE,Sin alerta heurística de cardinalidad.,"Etiqueta y metadatos importados del DDI oficial INE EH2025, archivo F27",False,39497,IQR exploratorio × 1.5,alerta estadística; requiere revisión semántica,12,0.0303820543332405,1927.5,2059.5,1926.0,2024.0,1991.9180190900574,21.29993480390819,1977.0,1995.0,2010.0,33.0
s01a_05,¿Qué parentesco tiene (...) con la Jefa o Jefe del hogar? (s01a_05),¿Qué parentesco tiene (...) con la Jefa o Jefe del hogar?,Sección 1: Características generales del hogar y sus miembros,Todos los miembros del hogar,39497,39497,0.0,0,0,0.0,not evaluated: variable domain is not confirmed,0,0.0,80.0,"Retain; profile, check documented format/domain, and review outlier alerts",0,0,0,0,14,0.000354,numeric-like candidate; no numeric summary until semantics are confirmed,Categórica o codificada según metadatos INE,Sin alerta heurística de cardinalidad.,"Etiqueta y metadatos importados del DDI oficial INE EH2025, archivo F27",False,0,No aplicable: no es magnitud numérica confirmada,revisar códigos/categorías con el diccionario,0,,,,,,,,,,,
s01a_05a,Su esposa/o compañera/o (s01a_05a),Su esposa/o compañera/o,Sección 1: Características generales del hogar y sus miembros,Todos los miembros del hogar,39497,31515,20.2091,7982,0,0.0,not evaluated: variable domain is not confirmed,7982,20.2091,80.0,"Retain; profile, check documented format/domain, and review outlier alerts",0,0,7982,16585,12,0.000381,numeric-like candidate; no numeric summary until semantics are confirmed,Categórica o codificada según metadatos INE,Sin alerta heurística de cardinalidad.,"Etiqueta y metadatos importados del DDI oficial INE EH2025, archivo F27",False,0,No aplicable: no es magnitud numérica confirmada,revisar códigos/categorías con el diccionario,0,,,,,,,,,,,
s01a_05b,Su padre/ padrastro (s01a_05b),Su padre/ padrastro,Sección 1: Características generales del hogar y sus miembros,Todos los miembros del hogar,39497,39497,0.0,0,0,0.0,not evaluated: variable domain is not confirmed,0,0.0,80.0,"Retain; profile, check documented format/domain, and review outlier alerts",0,0,0,26129,11,0.000279,numeric-like candidate; no numeric summary until semantics are confirmed,Categórica o codificada según metadatos INE,Sin alerta heurística de cardinalidad.,"Etiqueta y metadatos importados del DDI oficial INE EH2025, archivo F27",False,0,No aplicable: no es magnitud numérica confirmada,revisar códigos/categorías con el diccionario,0,,,,,,,,,,,
s01a_05c,Su madre/ madrastra (s01a_05c),Su madre/ madrastra,Sección 1: Características generales del hogar y sus miembros,Todos los miembros del hogar,39497,39497,0.0,0,0,0.0,not evaluated: variable domain is not confirmed,0,0.0,80.0,"Retain; profile, check documented format/domain, and review outlier alerts",0,0,0,22312,13,0.000329,numeric-like candidate; no numeric summary until semantics are confirmed,Categórica o codificada según metadatos INE,Sin alerta heurística de cardinalidad.,"Etiqueta y metadatos importados del DDI oficial INE EH2025, archivo F27",False,0,No aplicable: no es magnitud numérica confirmada,revisar códigos/categorías con el diccionario,0,,,,,,,,,,,
s01a_06,En la presente gestión 2025 ¿Principalmente qué persona dedicó más horas al cuidado de (…)? (s01a_06),En la presente gestión 2025 ¿Principalmente qué persona dedicó más horas al cuidado de (…)?,Sección 1: Características generales del hogar y sus miembros,Personas menores de 6 años o de 60 años o más de edad.,39497,8600,78.2262,30897,0,0.0,numeric format checked; range/domain not confirmed,30897,78.2262,80.0,"Retain; profile, check documented format/domain, and review outlier alerts",0,0,30897,0,16,0.00186,numeric-like; semantic quantitative type provisionally documented,Cuantitativa discreta/derivada según etiqueta INE,Sin alerta heurística de cardinalidad.,"Etiqueta y metadatos importados del DDI oficial INE EH2025, archivo F27",False,8600,IQR exploratorio × 1.5,alerta estadística; requiere revisión semántica,0,0.0,-32.5,59.5,1.0,25.0,10.167093023255815,11.000876849919676,2.0,2.0,25.0,23.0
s01a_07_1,¿Qué idiomas habla? según el mayor uso: 1° (s01a_07_1),¿Qué idiomas habla? según el mayor uso: 1°,Sección 1: Características generales del hogar y sus miembros,Todos los miembros del hogar,39497,39497,0.0,0,0,0.0,not evaluated: variable domain is not confirmed,0,0.0,80.0,"Retain; profile, check documented format/domain, and review outlier alerts",0,0,0,0,16,0.000405,numeric-like candidate; no numeric summary until semantics are confirmed,Categórica o codificada según metadatos INE,Sin alerta heurística de cardinalidad.,"Etiqueta y metadatos importados del DDI oficial INE EH2025, archivo F27",False,0,No aplicable: no es magnitud numérica confirmada,revisar códigos/categorías con el diccionario,0,,,,,,,,,,,
s01a_07_2,¿Qué idiomas habla? según el mayor uso: 2° (s01a_07_2),¿Qué idiomas habla? según el mayor uso: 2°,Sección 1: Características generales del hogar y sus miembros,Todos los miembros del hogar,39497,10645,73.0486,28852,0,0.0,not evaluated: variable domain is not confirmed,28852,73.0486,80.0,"Retain; profile, check documented format/domain, and review outlier alerts",0,0,28852,0,21,0.001973,numeric-like candidate; no numeric summary until semantics are confirmed,Categórica o codificada según metadatos INE,Sin alerta heurística de cardinalidad.,"Etiqueta y metadatos importados del DDI oficial INE EH2025, archivo F27",False,0,No aplicable: no es magnitud numérica confirmada,revisar códigos/categorías con el diccionario,0,,,,,,,,,,,
s01a_08,¿Cuál es el primer idioma o lengua en el que aprendió a hablar en su niñez? (s01a_08),¿Cuál es el primer idioma o lengua en el que aprendió a hablar en su niñez?,Sección 1: Características generales del hogar y sus miembros,Todos los miembros del hogar,39497,38027,3.7218,1470,0,0.0,not evaluated: variable domain is not confirmed,1470,3.7218,80.0,"Retain; profile, check documented format/domain, and review outlier alerts",0,0,1470,0,22,0.000579,numeric-like candidate; no numeric summary until semantics are confirmed,Categórica o codificada según metadatos INE,Sin alerta heurística de cardinalidad.,"Etiqueta y metadatos importados del DDI oficial INE EH2025, archivo F27",False,0,No aplicable: no es magnitud numérica confirmada,revisar códigos/categorías con el diccionario,0,,,,,,,,,,,
s01a_09,¿Se autoidentifica con alguna nación pueblo indígena originario campesino o afroboliviano? (s01a_09),¿Se autoidentifica con alguna nación pueblo indígena originario campesino o afroboliviano?,Sección 1: Características generales del hogar y sus miembros,Todos los miembros del hogar,39497,39497,0.0,0,0,0.0,numeric format checked; range/domain not confirmed,0,0.0,80.0,"Retain; profile, check documented format/domain, and review outlier alerts",0,0,0,0,2,5.1e-05,numeric-like; semantic quantitative type provisionally documented,Cuantitativa monetaria según etiqueta INE,Sin alerta heurística de cardinalidad.,"Etiqueta y metadatos importados del DDI oficial INE EH2025, archivo F27",False,39497,IQR exploratorio × 1.5,IQR cero; alertas no clasificadas automáticamente,0,,,,1.0,2.0,1.769602754639593,0.42109244129570134,2.0,2.0,2.0,0.0
s01a_09npioc,¿Con Cúal? (s01a_09npioc),¿Con Cúal?,Sección 1: Características generales del hogar y sus miembros,Todos los miembros del hogar,39497,9100,76.9603,30397,0,0.0,not evaluated: variable domain is not confirmed,30397,76.9603,80.0,"Retain; profile, check documented format/domain, and review outlier alerts",0,0,30397,0,36,0.003956,numeric-like candidate; no numeric summary until semantics are confirmed,Categórica o codificada según metadatos INE,REVISAR: 36 valores distintos en una variable categórica; cotejar códigos y alineación con el cuestionario.,"Etiqueta y metadatos importados del DDI oficial INE EH2025, archivo F27",False,0,No aplicable: no es magnitud numérica confirmada,revisar códigos/categorías con el diccionario,0,,,,,,,,,,,
s01a_10,¿Cuál es su estado civil o conyugal actual? (s01a_10),¿Cuál es su estado civil o conyugal actual?,Sección 1: Características generales del hogar y sus miembros,Personas de 12 años o más,39497,31515,20.2091,7982,0,0.0,not evaluated: variable domain is not confirmed,7982,20.2091,80.0,"Retain; profile, check documented format/domain, and review outlier alerts",0,0,7982,0,6,0.00019,numeric-like candidate; no numeric summary until semantics are confirmed,Categórica o codificada según metadatos INE,Sin alerta heurística de cardinalidad.,"Etiqueta y metadatos importados del DDI oficial INE EH2025, archivo F27",False,0,No aplicable: no es magnitud numérica confirmada,revisar códigos/categorías con el diccionario,0,,,,,,,,,,,
s01b_11a,¿Dónde vivía hace 5 años (2020)? (s01b_11a),¿Dónde vivía hace 5 años (2020)?,Sección 1: Características generales del hogar y sus miembros,Todos los miembros del hogar,39497,39497,0.0,0,0,0.0,numeric format checked; range/domain not confirmed,0,0.0,80.0,"Retain; profile, check documented format/domain, and review outlier alerts",0,0,0,0,4,0.000101,numeric-like; semantic quantitative type provisionally documented,Cuantitativa discreta/derivada según etiqueta INE,Sin alerta heurística de cardinalidad.,"Etiqueta y metadatos importados del DDI oficial INE EH2025, archivo F27",False,39497,IQR exploratorio × 1.5,IQR cero; alertas no clasificadas automáticamente,0,,,,1.0,4.0,1.2592095602197635,0.7886328546815942,1.0,1.0,1.0,0.0
s02a_01a,¿Está (...) registrada/o o afiliada/o a: 1° (s02a_01a),¿Está (...) registrada/o o afiliada/o a: 1°,Sección 2: Salud,Todos los miembros del hogar,39497,39497,0.0,0,0,0.0,not evaluated: variable domain is not confirmed,0,0.0,80.0,"Retain; profile, check documented format/domain, and review outlier alerts",0,0,0,0,5,0.000127,numeric-like candidate; no numeric summary until semantics are confirmed,Categórica o codificada según metadatos INE,Sin alerta heurística de cardinalidad.,"Etiqueta y metadatos importados del DDI oficial INE EH2025, archivo F27",True,0,No aplicable: no es magnitud numérica confirmada,revisar códigos/categorías con el diccionario,0,,,,,,,,,,,
s02a_02a,A. puesto/centro/hospital de salud público? (s02a_02a),A. puesto/centro/hospital de salud público?,Sección 2: Salud,Todos los miembros del hogar,39497,39497,0.0,0,0,0.0,not evaluated: variable domain is not confirmed,0,0.0,80.0,"Retain; profile, check documented format/domain, and review outlier alerts",0,0,0,0,2,5.1e-05,numeric-like candidate; no numeric summary until semantics are confirmed,Categórica o codificada según metadatos INE,Sin alerta heurística de cardinalidad.,"Etiqueta y metadatos importados del DDI oficial INE EH2025, archivo F27",True,0,No aplicable: no es magnitud numérica confirmada,revisar códigos/categorías con el diccionario,0,,,,,,,,,,,
s02a_02b,B. cajas de salud (Caja Nacional de Salud/Caja de la Banca Privada/Caja Petrolera/ Banca Estatal/COSSMIL/Seguro Universitario u otras Cajas)? (s02a_02b),B. cajas de salud (Caja Nacional de Salud/Caja de la Banca Privada/Caja Petrolera/ Banca Estatal/COSSMIL/Seguro Universitario u otras Cajas)?,Sección 2: Salud,Todos los miembros del hogar,39497,39497,0.0,0,0,0.0,not evaluated: variable domain is not confirmed,0,0.0,80.0,"Retain; profile, check documented format/domain, and review outlier alerts",0,0,0,0,2,5.1e-05,numeric-like candidate; no numeric summary until semantics are confirmed,Categórica o codificada según metadatos INE,Sin alerta heurística de cardinalidad.,"Etiqueta y metadatos importados del DDI oficial INE EH2025, archivo F27",True,0,No aplicable: no es magnitud numérica confirmada,revisar códigos/categorías con el diccionario,0,,,,,,,,,,,
s02a_02c,C. consultorio/clínica/hospital de salud privados? (s02a_02c),C. consultorio/clínica/hospital de salud privados?,Sección 2: Salud,Todos los miembros del hogar,39497,39497,0.0,0,0,0.0,not evaluated: variable domain is not confirmed,0,0.0,80.0,"Retain; profile, check documented format/domain, and review outlier alerts",0,0,0,0,2,5.1e-05,numeric-like candidate; no numeric summary until semantics are confirmed,Categórica o codificada según metadatos INE,Sin alerta heurística de cardinalidad.,"Etiqueta y metadatos importados del DDI oficial INE EH2025, archivo F27",True,0,No aplicable: no es magnitud numérica confirmada,revisar códigos/categorías con el diccionario,0,,,,,,,,,,,
s02a_02d,D. atención médica en domicilio? (s02a_02d),D. atención médica en domicilio?,Sección 2: Salud,Todos los miembros del hogar,39497,39497,0.0,0,0,0.0,not evaluated: variable domain is not confirmed,0,0.0,80.0,"Retain; profile, check documented format/domain, and review outlier alerts",0,0,0,0,2,5.1e-05,numeric-like candidate; no numeric summary until semantics are confirmed,Categórica o codificada según metadatos INE,Sin alerta heurística de cardinalidad.,"Etiqueta y metadatos importados del DDI oficial INE EH2025, archivo F27",True,0,No aplicable: no es magnitud numérica confirmada,revisar códigos/categorías con el diccionario,0,,,,,,,,,,,
s02a_02e,E. servicios de medicina tradicional ancestral? (s02a_02e),E. servicios de medicina tradicional ancestral?,Sección 2: Salud,Todos los miembros del hogar,39497,39497,0.0,0,0,0.0,not evaluated: variable domain is not confirmed,0,0.0,80.0,"Retain; profile, check documented format/domain, and review outlier alerts",0,0,0,0,2,5.1e-05,numeric-like candidate; no numeric summary until semantics are confirmed,Categórica o codificada según metadatos INE,Sin alerta heurística de cardinalidad.,"Etiqueta y metadatos importados del DDI oficial INE EH2025, archivo F27",True,0,No aplicable: no es magnitud numérica confirmada,revisar códigos/categorías con el diccionario,0,,,,,,,,,,,
s02a_02f,F. soluciones caseras? (s02a_02f),F. soluciones caseras?,Sección 2: Salud,Todos los miembros del hogar,39497,39497,0.0,0,0,0.0,not evaluated: variable domain is not confirmed,0,0.0,80.0,"Retain; profile, check documented format/domain, and review outlier alerts",0,0,0,0,2,5.1e-05,numeric-like candidate; no numeric summary until semantics are confirmed,Categórica o codificada según metadatos INE,Sin alerta heurística de cardinalidad.,"Etiqueta y metadatos importados del DDI oficial INE EH2025, archivo F27",True,0,No aplicable: no es magnitud numérica confirmada,revisar códigos/categorías con el diccionario,0,,,,,,,,,,,
s02a_02g,G. farmacia sin receta médica (automedicación)? (s02a_02g),G. farmacia sin receta médica (automedicación)?,Sección 2: Salud,Todos los miembros del hogar,39497,39497,0.0,0,0,0.0,not evaluated: variable domain is not confirmed,0,0.0,80.0,"Retain; profile, check documented format/domain, and review outlier alerts",0,0,0,0,2,5.1e-05,numeric-like candidate; no numeric summary until semantics are confirmed,Categórica o codificada según metadatos INE,Sin alerta heurística de cardinalidad.,"Etiqueta y metadatos importados del DDI oficial INE EH2025, archivo F27",True,0,No aplicable: no es magnitud numérica confirmada,revisar códigos/categorías con el diccionario,0,,,,,,,,,,,
s02a_02h,H. otro? (especifique) (s02a_02h),H. otro? (especifique),Sección 2: Salud,Todos los miembros del hogar,39497,39497,0.0,0,0,0.0,not evaluated: variable domain is not confirmed,0,0.0,80.0,"Retain; profile, check documented format/domain, and review outlier alerts",0,0,0,0,2,5.1e-05,numeric-like candidate; no numeric summary until semantics are confirmed,Categórica o codificada según metadatos INE,Sin alerta heurística de cardinalidad.,"Etiqueta y metadatos importados del DDI oficial INE EH2025, archivo F27",True,0,No aplicable: no es magnitud numérica confirmada,revisar códigos/categorías con el diccionario,0,,,,,,,,,,,
s02a_03a,"En los últimos 12 meses, ¿cuánto tuvo que pagar el hogar por los cuidados de salud de (…) por concepto de: A. Servicios médicos por consulta externa: (s02a_03a)","En los últimos 12 meses, ¿cuánto tuvo que pagar el hogar por los cuidados de salud de (…) por concepto de: A. Servicios médicos por consulta externa:",Sección 2: Salud,Todos los miembros del hogar,39497,39497,0.0,0,0,0.0,numeric format checked; range/domain not confirmed,0,0.0,80.0,"Retain; profile, check documented format/domain, and review outlier alerts",0,0,0,33021,156,0.00395,numeric-like; semantic quantitative type provisionally documented,Cuantitativa discreta/derivada según etiqueta INE,Sin alerta heurística de cardinalidad.,"Etiqueta y metadatos importados del DDI oficial INE EH2025, archivo F27",True,39497,IQR exploratorio × 1.5,IQR cero; alertas no clasificadas automáticamente,0,,,,0.0,50000.0,85.32777172949844,618.1572534399586,0.0,0.0,0.0,0.0
s02a_03b,"En los últimos 12 meses, ¿cuánto tuvo que pagar el hogar por los cuidados de salud de (…) por concepto de: B. Aparatos: (s02a_03b)","En los últimos 12 meses, ¿cuánto tuvo que pagar el hogar por los cuidados de salud de (…) por concepto de: B. Aparatos:",Sección 2: Salud,Todos los miembros del hogar,39497,39497,0.0,0,0,0.0,numeric format checked; range/domain not confirmed,0,0.0,80.0,"Retain; profile, check documented format/domain, and review outlier alerts",0,0,0,38133,119,0.003013,numeric-like; semantic quantitative type provisionally documented,Cuantitativa discreta/derivada según etiqueta INE,Sin alerta heurística de cardinalidad.,"Etiqueta y metadatos importados del DDI oficial INE EH2025, archivo F27",True,39497,IQR exploratorio × 1.5,IQR cero; alertas no clasificadas automáticamente,0,,,,0.0,100000.0,43.870293946375675,786.9007166150597,0.0,0.0,0.0,0.0
s02a_03c,"En los últimos 12 meses, ¿cuánto tuvo que pagar el hogar por los cuidados de salud de (…) por concepto de: C. Internación hospitalaria: (s02a_03c)","En los últimos 12 meses, ¿cuánto tuvo que pagar el hogar por los cuidados de salud de (…) por concepto de: C. Internación hospitalaria:",Sección 2: Salud,Todos los miembros del hogar,39497,39497,0.0,0,0,0.0,numeric format checked; range/domain not confirmed,0,0.0,80.0,"Retain; profile, check documented format/domain, and review outlier alerts",0,0,0,38937,95,0.002405,numeric-like; semantic quantitative type provisionally documented,Cuantitativa discreta/derivada según etiqueta INE,Sin alerta heurística de cardinalidad.,"Etiqueta y metadatos importados del DDI oficial INE EH2025, archivo F27",True,39497,IQR exploratorio × 1.5,IQR cero; alertas no clasificadas automáticamente,0,,,,0.0,50000.0,74.10790692964022,1055.1373280496084,0.0,0.0,0.0,0.0
s02a_03d,"En los últimos 12 meses, ¿cuánto tuvo que pagar el hogar por los cuidados de salud de (…) por concepto de: D. Exámenes o servicio de ambulancia: (s02a_03d)","En los últimos 12 meses, ¿cuánto tuvo que pagar el hogar por los cuidados de salud de (…) por concepto de: D. Exámenes o servicio de ambulancia:",Sección 2: Salud,Todos los miembros del hogar,39497,39497,0.0,0,0,0.0,numeric format checked; range/domain not confirmed,0,0.0,80.0,"Retain; profile, check documented format/domain, and review outlier alerts",0,0,0,37560,123,0.003114,numeric-like; semantic quantitative type provisionally documented,Cuantitativa discreta/derivada según etiqueta INE,Sin alerta heurística de cardinalidad.,"Etiqueta y metadatos importados del DDI oficial INE EH2025, archivo F27",True,39497,IQR exploratorio × 1.5,IQR cero; alertas no clasificadas automáticamente,0,,,,0.0,96000.0,36.39549839228296,563.4279593225334,0.0,0.0,0.0,0.0
s02a_03e,"En los últimos 12 meses, ¿cuánto tuvo que pagar el hogar por los cuidados de salud de (…) por concepto de: E. Medicinas: (s02a_03e)","En los últimos 12 meses, ¿cuánto tuvo que pagar el hogar por los cuidados de salud de (…) por concepto de: E. Medicinas:",Sección 2: Salud,Todos los miembros del hogar,39497,39497,0.0,0,0,0.0,numeric format checked; range/domain not confirmed,0,0.0,80.0,"Retain; profile, check documented format/domain, and review outlier alerts",0,0,0,7567,345,0.008735,numeric-like; semantic quantitative type provisionally documented,Cuantitativa discreta/derivada según etiqueta INE,Sin alerta heurística de cardinalidad.,"Etiqueta y metadatos importados del DDI oficial INE EH2025, archivo F27",True,39497,IQR exploratorio × 1.5,alerta estadística; requiere revisión semántica,4407,11.157809453882575,-250.0,470.0,0.0,84000.0,233.22176367825404,874.691598108151,20.0,80.0,200.0,180.0
s02a_04a,"¿Tiene (…) dificultad permanente para… A. ver, incluso cuando usa lentes? (s02a_04a)","¿Tiene (…) dificultad permanente para… A. ver, incluso cuando usa lentes?",Sección 2: Salud,Todos los miembros del hogar,39497,39497,0.0,0,0,0.0,not evaluated: variable domain is not confirmed,0,0.0,80.0,"Retain; profile, check documented format/domain, and review outlier alerts",0,0,0,0,4,0.000101,numeric-like candidate; no numeric summary until semantics are confirmed,Categórica o codificada según metadatos INE,Sin alerta heurística de cardinalidad.,"Etiqueta y metadatos importados del DDI oficial INE EH2025, archivo F27",True,0,No aplicable: no es magnitud numérica confirmada,revisar códigos/categorías con el diccionario,0,,,,,,,,,,,
s02a_04b,"¿Tiene (…) dificultad permanente para… B. oír, incluso cuando usa audífonos? (s02a_04b)","¿Tiene (…) dificultad permanente para… B. oír, incluso cuando usa audífonos?",Sección 2: Salud,Todos los miembros del hogar,39497,39497,0.0,0,0,0.0,not evaluated: variable domain is not confirmed,0,0.0,80.0,"Retain; profile, check documented format/domain, and review outlier alerts",0,0,0,0,4,0.000101,numeric-like candidate; no numeric summary until semantics are confirmed,Categórica o codificada según metadatos INE,Sin alerta heurística de cardinalidad.,"Etiqueta y metadatos importados del DDI oficial INE EH2025, archivo F27",True,0,No aplicable: no es magnitud numérica confirmada,revisar códigos/categorías con el diccionario,0,,,,,,,,,,,
s02a_04c,"¿Tiene (…) dificultad permanente para… C. caminar, subir gradas, usar brazos o manos? (s02a_04c)","¿Tiene (…) dificultad permanente para… C. caminar, subir gradas, usar brazos o manos?",Sección 2: Salud,Todos los miembros del hogar,39497,39497,0.0,0,0,0.0,numeric format checked; range/domain not confirmed,0,0.0,80.0,"Retain; profile, check documented format/domain, and review outlier alerts",0,0,0,0,4,0.000101,numeric-like; semantic quantitative type provisionally documented,Cuantitativa discreta/derivada según etiqueta INE,Sin alerta heurística de cardinalidad.,"Etiqueta y metadatos importados del DDI oficial INE EH2025, archivo F27",True,39497,IQR exploratorio × 1.5,IQR cero; alertas no clasificadas automáticamente,0,,,,1.0,4.0,1.0492189280198496,0.2554013631276412,1.0,1.0,1.0,0.0
s02a_04d,"¿Tiene (…) dificultad permanente para… D. Comunicarse, aprender, concentrarse o razonar? (s02a_04d)","¿Tiene (…) dificultad permanente para… D. Comunicarse, aprender, concentrarse o razonar?",Sección 2: Salud,Todos los miembros del hogar,39497,39497,0.0,0,0,0.0,not evaluated: variable domain is not confirmed,0,0.0,80.0,"Retain; profile, check documented format/domain, and review outlier alerts",0,0,0,0,4,0.000101,numeric-like candidate; no numeric summary until semantics are confirmed,Categórica o codificada según metadatos INE,Sin alerta heurística de cardinalidad.,"Etiqueta y metadatos importados del DDI oficial INE EH2025, archivo F27",True,0,No aplicable: no es magnitud numérica confirmada,revisar códigos/categorías con el diccionario,0,,,,,,,,,,,
s02b_06,¿Está o estuvo alguna vez embarazada? (s02b_06),¿Está o estuvo alguna vez embarazada?,Sección 2: Salud,Mujeres entre 13 y 50 años,39497,11328,71.3193,28169,0,0.0,not evaluated: variable domain is not confirmed,28169,71.3193,80.0,"Retain; profile, check documented format/domain, and review outlier alerts",0,0,28169,0,3,0.000265,numeric-like candidate; no numeric summary until semantics are confirmed,Categórica o codificada según metadatos INE,Sin alerta heurística de cardinalidad.,"Etiqueta y metadatos importados del DDI oficial INE EH2025, archivo F27",True,0,No aplicable: no es magnitud numérica confirmada,revisar códigos/categorías con el diccionario,0,,,,,,,,,,,
s03a_01,¿Sabe leer y escribir? (s03a_01),¿Sabe leer y escribir?,Sección 3: Educación,Personas de 4 años o más de edad.,39497,37354,5.4257,2143,0,0.0,not evaluated: variable domain is not confirmed,2143,5.4257,80.0,"Retain; profile, check documented format/domain, and review outlier alerts",0,0,2143,0,2,5.4e-05,numeric-like candidate; no numeric summary until semantics are confirmed,Categórica o codificada según metadatos INE,Sin alerta heurística de cardinalidad.,"Etiqueta y metadatos importados del DDI oficial INE EH2025, archivo F27",False,0,No aplicable: no es magnitud numérica confirmada,revisar códigos/categorías con el diccionario,0,,,,,,,,,,,
s03a_01a,"¿Es (…) capaz de sumar o multiplicar números, ya sea en papel o mentalmente? (s03a_01a)","¿Es (…) capaz de sumar o multiplicar números, ya sea en papel o mentalmente?",Sección 3: Educación,Personas de 4 años o más de edad.,39497,37354,5.4257,2143,0,0.0,not evaluated: variable domain is not confirmed,2143,5.4257,80.0,"Retain; profile, check documented format/domain, and review outlier alerts",0,0,2143,0,2,5.4e-05,numeric-like candidate; no numeric summary until semantics are confirmed,Categórica o codificada según metadatos INE,Sin alerta heurística de cardinalidad.,"Etiqueta y metadatos importados del DDI oficial INE EH2025, archivo F27",False,0,No aplicable: no es magnitud numérica confirmada,revisar códigos/categorías con el diccionario,0,,,,,,,,,,,
s03a_02a,¿Cuál fue el NIVEL Y CURSO más alto de instrucción que aprobó? Nivel (s03a_02a),¿Cuál fue el NIVEL Y CURSO más alto de instrucción que aprobó? Nivel,Sección 3: Educación,Personas de 4 años o más de edad.,39497,37354,5.4257,2143,0,0.0,not evaluated: variable domain is not confirmed,2143,5.4257,80.0,"Retain; profile, check documented format/domain, and review outlier alerts",0,0,2143,0,25,0.000669,numeric-like candidate; no numeric summary until semantics are confirmed,Categórica o codificada según metadatos INE,Sin alerta heurística de cardinalidad.,"Etiqueta y metadatos importados del DDI oficial INE EH2025, archivo F27",False,0,No aplicable: no es magnitud numérica confirmada,revisar códigos/categorías con el diccionario,0,,,,,,,,,,,
s03a_02c,¿Cuál fue el NIVEL Y CURSO más alto de instrucción que aprobó? Curso (s03a_02c),¿Cuál fue el NIVEL Y CURSO más alto de instrucción que aprobó? Curso,Sección 3: Educación,Personas de 4 años o más de edad.,39497,37354,5.4257,2143,0,0.0,not evaluated: variable domain is not confirmed,2143,5.4257,80.0,"Retain; profile, check documented format/domain, and review outlier alerts",0,0,2143,1974,11,0.000294,numeric-like candidate; no numeric summary until semantics are confirmed,Categórica o codificada según metadatos INE,Sin alerta heurística de cardinalidad.,"Etiqueta y metadatos importados del DDI oficial INE EH2025, archivo F27",False,0,No aplicable: no es magnitud numérica confirmada,revisar códigos/categorías con el diccionario,0,,,,,,,,,,,
s03a_04,"Durante este año, ¿se inscribió o matriculó en algún curso o grado de educación escolar, alternativa, superior o postgrado? (s03a_04)","Durante este año, ¿se inscribió o matriculó en algún curso o grado de educación escolar, alternativa, superior o postgrado?",Sección 3: Educación,Personas de 4 años o más de edad.,39497,37354,5.4257,2143,0,0.0,numeric format checked; range/domain not confirmed,2143,5.4257,80.0,"Retain; profile, check documented format/domain, and review outlier alerts",0,0,2143,0,2,5.4e-05,numeric-like; semantic quantitative type provisionally documented,Cuantitativa discreta/derivada según etiqueta INE,Sin alerta heurística de cardinalidad.,"Etiqueta y metadatos importados del DDI oficial INE EH2025, archivo F27",False,37354,IQR exploratorio × 1.5,alerta estadística; requiere revisión semántica,0,0.0,-0.5,3.5,1.0,2.0,1.6295711302671736,0.4829260457297529,1.0,2.0,2.0,1.0
s03a_05,¿Por qué razón no se inscribió/matriculó? (Indague la razón más importante) (s03a_05),¿Por qué razón no se inscribió/matriculó? (Indague la razón más importante),Sección 3: Educación,Personas de 4 años o más de edad,39497,23517,40.4588,15980,0,0.0,not evaluated: variable domain is not confirmed,15980,40.4588,80.0,"Retain; profile, check documented format/domain, and review outlier alerts",0,0,15980,0,8,0.00034,numeric-like candidate; no numeric summary until semantics are confirmed,Categórica o codificada según metadatos INE,Sin alerta heurística de cardinalidad.,"Etiqueta y metadatos importados del DDI oficial INE EH2025, archivo F27",False,0,No aplicable: no es magnitud numérica confirmada,revisar códigos/categorías con el diccionario,0,,,,,,,,,,,
s03a_06a,"¿A qué NIVEL Y CURSO de educación escolar, alternativa, superior o postgrado se inscribió/matriculó este año? Nivel (s03a_06a)","¿A qué NIVEL Y CURSO de educación escolar, alternativa, superior o postgrado se inscribió/matriculó este año? Nivel",Sección 3: Educación,Personas de 4 años o más de edad,39497,13837,64.967,25660,0,0.0,numeric format checked; range/domain not confirmed,25660,64.967,80.0,"Retain; profile, check documented format/domain, and review outlier alerts",0,0,25660,0,15,0.001084,numeric-like; semantic quantitative type provisionally documented,Cuantitativa discreta/derivada según etiqueta INE,Sin alerta heurística de cardinalidad.,"Etiqueta y metadatos importados del DDI oficial INE EH2025, archivo F27",False,13837,IQR exploratorio × 1.5,alerta estadística; requiere revisión semántica,0,0.0,5.0,101.0,12.0,78.0,47.18768519187685,16.88776784885407,41.0,42.0,65.0,24.0
s03a_06c,"¿A qué NIVEL Y CURSO de educación escolar, alternativa, superior o postgrado se inscribió/matriculó este año? Curso (s03a_06c)","¿A qué NIVEL Y CURSO de educación escolar, alternativa, superior o postgrado se inscribió/matriculó este año? Curso",Sección 3: Educación,Personas de 4 años o más de edad,39497,13837,64.967,25660,0,0.0,numeric format checked; range/domain not confirmed,25660,64.967,80.0,"Retain; profile, check documented format/domain, and review outlier alerts",0,0,25660,26,9,0.00065,numeric-like; semantic quantitative type provisionally documented,Cuantitativa discreta/derivada según etiqueta INE,Sin alerta heurística de cardinalidad.,"Etiqueta y metadatos importados del DDI oficial INE EH2025, archivo F27",False,13837,IQR exploratorio × 1.5,alerta estadística; requiere revisión semántica,0,0.0,-2.5,9.5,0.0,9.0,3.1204018212040183,1.6815197631682965,2.0,3.0,5.0,3.0
s03a_07a,"En esta gestión, ¿recibió Desayuno/ Almuerzo o merienda escolar? (s03a_07a)","En esta gestión, ¿recibió Desayuno/ Almuerzo o merienda escolar?",Sección 3: Educación,Personas de 4 años o más de edad,39497,10398,73.6739,29099,0,0.0,not evaluated: variable domain is not confirmed,29099,73.6739,80.0,"Retain; profile, check documented format/domain, and review outlier alerts",0,0,29099,0,2,0.000192,numeric-like candidate; no numeric summary until semantics are confirmed,Categórica o codificada según metadatos INE,Sin alerta heurística de cardinalidad.,"Etiqueta y metadatos importados del DDI oficial INE EH2025, archivo F27",False,0,No aplicable: no es magnitud numérica confirmada,revisar códigos/categorías con el diccionario,0,,,,,,,,,,,
s03a_07b,¿Cuantos meses aproximadamente? (s03a_07b),¿Cuantos meses aproximadamente?,Sección 3: Educación,Personas de 4 años o más de edad,39497,8725,77.9097,30772,0,0.0,numeric format checked; range/domain not confirmed,30772,77.9097,80.0,"Retain; profile, check documented format/domain, and review outlier alerts",0,0,30772,0,10,0.001146,numeric-like; semantic quantitative type provisionally documented,Cuantitativa discreta/derivada según etiqueta INE,Sin alerta heurística de cardinalidad.,"Etiqueta y metadatos importados del DDI oficial INE EH2025, archivo F27",False,8725,IQR exploratorio × 1.5,alerta estadística; requiere revisión semántica,555,6.3610315186246424,6.5,10.5,1.0,10.0,8.266704871060172,1.4720527236206908,8.0,8.0,9.0,1.0
s03a_08,¿Recibió el Bono Juancito Pinto el año pasado (2024)? (s03a_08),¿Recibió el Bono Juancito Pinto el año pasado (2024)?,Sección 3: Educación,Personas de 4 años o más de edad,39497,10398,73.6739,29099,0,0.0,numeric format checked; range/domain not confirmed,29099,73.6739,80.0,"Retain; profile, check documented format/domain, and review outlier alerts",0,0,29099,0,2,0.000192,numeric-like; semantic quantitative type provisionally documented,Cuantitativa discreta/derivada según etiqueta INE,Sin alerta heurística de cardinalidad.,"Etiqueta y metadatos importados del DDI oficial INE EH2025, archivo F27",False,10398,IQR exploratorio × 1.5,IQR cero; alertas no clasificadas automáticamente,0,,,,1.0,2.0,1.2396614733602616,0.42689738594536,1.0,1.0,1.0,0.0
s03a_09,El establecimiento en el que se matriculó esta gestión 2025 es: (s03a_09),El establecimiento en el que se matriculó esta gestión 2025 es:,Sección 3: Educación,Personas de 4 años o más de edad,39497,13837,64.967,25660,0,0.0,not evaluated: variable domain is not confirmed,25660,64.967,80.0,"Retain; profile, check documented format/domain, and review outlier alerts",0,0,25660,0,2,0.000145,numeric-like candidate; no numeric summary until semantics are confirmed,Categórica o codificada según metadatos INE,Sin alerta heurística de cardinalidad.,"Etiqueta y metadatos importados del DDI oficial INE EH2025, archivo F27",False,0,No aplicable: no es magnitud numérica confirmada,revisar códigos/categorías con el diccionario,0,,,,,,,,,,,
s03b_10,"Actualmente, ¿(…) pasa clases en el nivel y curso al que se matriculó esta gestión 2025? (s03b_10)","Actualmente, ¿(…) pasa clases en el nivel y curso al que se matriculó esta gestión 2025?",Sección 3: Educación,Personas de 4 años o más de edad.,39497,13837,64.967,25660,0,0.0,not evaluated: variable domain is not confirmed,25660,64.967,80.0,"Retain; profile, check documented format/domain, and review outlier alerts",0,0,25660,0,4,0.000289,numeric-like candidate; no numeric summary until semantics are confirmed,Categórica o codificada según metadatos INE,Sin alerta heurística de cardinalidad.,"Etiqueta y metadatos importados del DDI oficial INE EH2025, archivo F27",False,0,No aplicable: no es magnitud numérica confirmada,revisar códigos/categorías con el diccionario,0,,,,,,,,,,,
s03c_13,¿(....) dispone de teléfono celular para uso personal? (s03c_13),¿(....) dispone de teléfono celular para uso personal?,Sección 3: Educación,Personas de 5 años o más de edad,39497,36717,7.0385,2780,0,0.0,not evaluated: variable domain is not confirmed,2780,7.0385,80.0,"Retain; profile, check documented format/domain, and review outlier alerts",0,0,2780,0,2,5.4e-05,numeric-like candidate; no numeric summary until semantics are confirmed,Categórica o codificada según metadatos INE,Sin alerta heurística de cardinalidad.,"Etiqueta y metadatos importados del DDI oficial INE EH2025, archivo F27",False,0,No aplicable: no es magnitud numérica confirmada,revisar códigos/categorías con el diccionario,0,,,,,,,,,,,
s03c_13a,¿El teléfono celular puede conectarse a Internet? (s03c_13a),¿El teléfono celular puede conectarse a Internet?,Sección 3: Educación,Personas de 5 años o más de edad.,39497,27964,29.1997,11533,0,0.0,not evaluated: variable domain is not confirmed,11533,29.1997,80.0,"Retain; profile, check documented format/domain, and review outlier alerts",0,0,11533,0,3,0.000107,numeric-like candidate; no numeric summary until semantics are confirmed,Categórica o codificada según metadatos INE,Sin alerta heurística de cardinalidad.,"Etiqueta y metadatos importados del DDI oficial INE EH2025, archivo F27",False,0,No aplicable: no es magnitud numérica confirmada,revisar códigos/categorías con el diccionario,0,,,,,,,,,,,
s03c_14,"¿En los últimos 3 meses, (....) ha utilizado teléfono celular? (s03c_14)","¿En los últimos 3 meses, (....) ha utilizado teléfono celular?",Sección 3: Educación,Personas de 5 años o más de edad.,39497,36717,7.0385,2780,0,0.0,numeric format checked; range/domain not confirmed,2780,7.0385,80.0,"Retain; profile, check documented format/domain, and review outlier alerts",0,0,2780,0,2,5.4e-05,numeric-like; semantic quantitative type provisionally documented,Cuantitativa discreta/derivada según etiqueta INE,Sin alerta heurística de cardinalidad.,"Etiqueta y metadatos importados del DDI oficial INE EH2025, archivo F27",False,36717,IQR exploratorio × 1.5,IQR cero; alertas no clasificadas automáticamente,0,,,,1.0,2.0,1.1596808018084266,0.36631475257927765,1.0,1.0,1.0,0.0
s03c_15a,"¿En los últimos 3 meses, (…) ha utilizado computadora de escritorio, laptop, tablet, en cualquier lugar? (s03c_15a)","¿En los últimos 3 meses, (…) ha utilizado computadora de escritorio, laptop, tablet, en cualquier lugar?",Sección 3: Educación,Personas de 5 años o más de edad.,39497,36717,7.0385,2780,0,0.0,numeric format checked; range/domain not confirmed,2780,7.0385,80.0,"Retain; profile, check documented format/domain, and review outlier alerts",0,0,2780,0,2,5.4e-05,numeric-like; semantic quantitative type provisionally documented,Cuantitativa discreta/derivada según etiqueta INE,Sin alerta heurística de cardinalidad.,"Etiqueta y metadatos importados del DDI oficial INE EH2025, archivo F27",False,36717,IQR exploratorio × 1.5,alerta estadística; requiere revisión semántica,0,0.0,-0.5,3.5,1.0,2.0,1.7053953209684887,0.45587105866654504,1.0,2.0,2.0,1.0
s03c_15b,"¿En los últimos 3 meses, (…) ha utilizado computadora de escritorio, laptop, tablet, en cualquier lugar? ¿Con qué frecuencia? (s03c_15b)","¿En los últimos 3 meses, (…) ha utilizado computadora de escritorio, laptop, tablet, en cualquier lugar? ¿Con qué frecuencia?",Sección 3: Educación,Personas de 5 años o más de edad.,39497,10817,72.6131,28680,0,0.0,numeric format checked; range/domain not confirmed,28680,72.6131,80.0,"Retain; profile, check documented format/domain, and review outlier alerts",0,0,28680,0,4,0.00037,numeric-like; semantic quantitative type provisionally documented,Cuantitativa discreta/derivada según etiqueta INE,Sin alerta heurística de cardinalidad.,"Etiqueta y metadatos importados del DDI oficial INE EH2025, archivo F27",False,10817,IQR exploratorio × 1.5,alerta estadística; requiere revisión semántica,30,0.2773412221503189,-0.5,3.5,1.0,4.0,1.5655911990385505,0.6633718615733332,1.0,1.0,2.0,1.0
s03c_16a,"¿En los últimos 3 meses, (…) ha utilizado Internet en cualquier lugar? (s03c_16a)","¿En los últimos 3 meses, (…) ha utilizado Internet en cualquier lugar?",Sección 3: Educación,Personas de 5 años o más de edad.,39497,36717,7.0385,2780,0,0.0,numeric format checked; range/domain not confirmed,2780,7.0385,80.0,"Retain; profile, check documented format/domain, and review outlier alerts",0,0,2780,0,2,5.4e-05,numeric-like; semantic quantitative type provisionally documented,Cuantitativa discreta/derivada según etiqueta INE,Sin alerta heurística de cardinalidad.,"Etiqueta y metadatos importados del DDI oficial INE EH2025, archivo F27",False,36717,IQR exploratorio × 1.5,alerta estadística; requiere revisión semántica,0,0.0,-0.5,3.5,1.0,2.0,1.2687038701418962,0.44329161086135105,1.0,1.0,2.0,1.0
s03c_16b,"¿En los últimos 3 meses, (…) ha utilizado Internet en cualquier lugar? ¿Con qué frecuencia? (s03c_16b)","¿En los últimos 3 meses, (…) ha utilizado Internet en cualquier lugar? ¿Con qué frecuencia?",Sección 3: Educación,Personas de 5 años o más de edad.,39497,26851,32.0176,12646,0,0.0,numeric format checked; range/domain not confirmed,12646,32.0176,80.0,"Retain; profile, check documented format/domain, and review outlier alerts",0,0,12646,0,4,0.000149,numeric-like; semantic quantitative type provisionally documented,Cuantitativa discreta/derivada según etiqueta INE,Sin alerta heurística de cardinalidad.,"Etiqueta y metadatos importados del DDI oficial INE EH2025, archivo F27",False,26851,IQR exploratorio × 1.5,IQR cero; alertas no clasificadas automáticamente,0,,,,1.0,4.0,1.2317976984097427,0.4666649823764934,1.0,1.0,1.0,0.0
s03c_17aa,¿Dónde ha utilizado usted internet en los últimos 3 meses? 1° (s03c_17aa),¿Dónde ha utilizado usted internet en los últimos 3 meses? 1°,Sección 3: Educación,Personas de 5 años o más de edad.,39497,26851,32.0176,12646,0,0.0,numeric format checked; range/domain not confirmed,12646,32.0176,80.0,"Retain; profile, check documented format/domain, and review outlier alerts",0,0,12646,0,7,0.000261,numeric-like; semantic quantitative type provisionally documented,Cuantitativa discreta/derivada según etiqueta INE,Sin alerta heurística de cardinalidad.,"Etiqueta y metadatos importados del DDI oficial INE EH2025, archivo F27",False,26851,IQR exploratorio × 1.5,IQR cero; alertas no clasificadas automáticamente,0,,,,1.0,7.0,1.1439797400469256,0.6339076390019682,1.0,1.0,1.0,0.0
s03c_17ab,¿Dónde ha utilizado usted internet en los últimos 3 meses? 2° (s03c_17ab),¿Dónde ha utilizado usted internet en los últimos 3 meses? 2°,Sección 3: Educación,Personas de 5 años o más de edad.,39497,14605,63.0225,24892,0,0.0,numeric format checked; range/domain not confirmed,24892,63.0225,80.0,"Retain; profile, check documented format/domain, and review outlier alerts",0,0,24892,0,7,0.000479,numeric-like; semantic quantitative type provisionally documented,Cuantitativa discreta/derivada según etiqueta INE,Sin alerta heurística de cardinalidad.,"Etiqueta y metadatos importados del DDI oficial INE EH2025, archivo F27",False,14605,IQR exploratorio × 1.5,alerta estadística; requiere revisión semántica,308,2.108866826429305,0.5,4.5,1.0,7.0,2.304827114002054,0.8396872130462711,2.0,2.0,3.0,1.0
s04a_01,"Durante la semana pasada, ¿trabajó al menos una hora? (s04a_01)","Durante la semana pasada, ¿trabajó al menos una hora?",Sección 4: Empleo,Personas de 7 años o más de edad,39497,35366,10.459,4131,0,0.0,numeric format checked; range/domain not confirmed,4131,10.459,80.0,"Retain; profile, check documented format/domain, and review outlier alerts",0,0,4131,0,2,5.7e-05,numeric-like; semantic quantitative type provisionally documented,Cuantitativa discreta/derivada según etiqueta INE,Sin alerta heurística de cardinalidad.,"Etiqueta y metadatos importados del DDI oficial INE EH2025, archivo F27",True,35366,IQR exploratorio × 1.5,alerta estadística; requiere revisión semántica,0,0.0,-0.5,3.5,1.0,2.0,1.4633829101396822,0.4986644362221987,1.0,1.0,2.0,1.0
s04a_02,"Durante la semana pasada, dedicó al menos una hora a: (s04a_02)","Durante la semana pasada, dedicó al menos una hora a:",Sección 4: Empleo,Personas de 7 años o más de edad,39497,16388,58.5082,23109,0,0.0,numeric format checked; range/domain not confirmed,23109,58.5082,80.0,"Retain; profile, check documented format/domain, and review outlier alerts",0,0,23109,0,9,0.000549,numeric-like; semantic quantitative type provisionally documented,Cuantitativa discreta/derivada según etiqueta INE,Sin alerta heurística de cardinalidad.,"Etiqueta y metadatos importados del DDI oficial INE EH2025, archivo F27",True,16388,IQR exploratorio × 1.5,IQR cero; alertas no clasificadas automáticamente,0,,,,1.0,9.0,8.843971198437881,1.024685677683063,9.0,9.0,9.0,0.0
s04a_03,"La semana pasada, ¿tuvo algún empleo, negocio o empresa propia en la cual no trabajó por: (s04a_03)","La semana pasada, ¿tuvo algún empleo, negocio o empresa propia en la cual no trabajó por:",Sección 4: Empleo,Personas de 7 años o más de edad,39497,15994,59.5058,23503,0,0.0,not evaluated: variable domain is not confirmed,23503,59.5058,80.0,"Retain; profile, check documented format/domain, and review outlier alerts",0,0,23503,0,9,0.000563,numeric-like candidate; no numeric summary until semantics are confirmed,Categórica o codificada según metadatos INE,Sin alerta heurística de cardinalidad.,"Etiqueta y metadatos importados del DDI oficial INE EH2025, archivo F27",True,0,No aplicable: no es magnitud numérica confirmada,revisar códigos/categorías con el diccionario,0,,,,,,,,,,,
s04a_04,"La semana pasada, ¿quería usted trabajar y estaba disponible para hacerlo? (s04a_04)","La semana pasada, ¿quería usted trabajar y estaba disponible para hacerlo?",Sección 4: Empleo,Personas de 7 años o más de edad,39497,15887,59.7767,23610,0,0.0,not evaluated: variable domain is not confirmed,23610,59.7767,80.0,"Retain; profile, check documented format/domain, and review outlier alerts",0,0,23610,0,2,0.000126,numeric-like candidate; no numeric summary until semantics are confirmed,Categórica o codificada según metadatos INE,Sin alerta heurística de cardinalidad.,"Etiqueta y metadatos importados del DDI oficial INE EH2025, archivo F27",True,0,No aplicable: no es magnitud numérica confirmada,revisar códigos/categorías con el diccionario,0,,,,,,,,,,,
s04a_05,Durante las últimas cuatro semanas ¿buscó trabajo o hizo gestiones para establecer algún negocio propio? (s04a_05),Durante las últimas cuatro semanas ¿buscó trabajo o hizo gestiones para establecer algún negocio propio?,Sección 4: Empleo,Personas de 7 años o más de edad,39497,15887,59.7767,23610,0,0.0,not evaluated: variable domain is not confirmed,23610,59.7767,80.0,"Retain; profile, check documented format/domain, and review outlier alerts",0,0,23610,0,2,0.000126,numeric-like candidate; no numeric summary until semantics are confirmed,Categórica o codificada según metadatos INE,Sin alerta heurística de cardinalidad.,"Etiqueta y metadatos importados del DDI oficial INE EH2025, archivo F27",True,0,No aplicable: no es magnitud numérica confirmada,revisar códigos/categorías con el diccionario,0,,,,,,,,,,,
s04a_06,Es usted: (s04a_06),Es usted:,Sección 4: Empleo,Personas de 7 años o más de edad,39497,14773,62.5972,24724,0,0.0,not evaluated: variable domain is not confirmed,24724,62.5972,80.0,"Retain; profile, check documented format/domain, and review outlier alerts",0,0,24724,0,6,0.000406,numeric-like candidate; no numeric summary until semantics are confirmed,Categórica o codificada según metadatos INE,Sin alerta heurística de cardinalidad.,"Etiqueta y metadatos importados del DDI oficial INE EH2025, archivo F27",True,0,No aplicable: no es magnitud numérica confirmada,revisar códigos/categorías con el diccionario,0,,,,,,,,,,,
s04a_07,¿Por qué no buscó trabajo? (s04a_07),¿Por qué no buscó trabajo?,Sección 4: Empleo,Personas de 7 años o más de edad,39497,14773,62.5972,24724,0,0.0,not evaluated: variable domain is not confirmed,24724,62.5972,80.0,"Retain; profile, check documented format/domain, and review outlier alerts",0,0,24724,0,9,0.000609,numeric-like candidate; no numeric summary until semantics are confirmed,Categórica o codificada según metadatos INE,Sin alerta heurística de cardinalidad.,"Etiqueta y metadatos importados del DDI oficial INE EH2025, archivo F27",True,0,No aplicable: no es magnitud numérica confirmada,revisar códigos/categorías con el diccionario,0,,,,,,,,,,,
s04a_08,¿Ha trabajado alguna vez anteriormente? (s04a_08),¿Ha trabajado alguna vez anteriormente?,Sección 4: Empleo,Personas de 7 años o más de edad,39497,15887,59.7767,23610,0,0.0,not evaluated: variable domain is not confirmed,23610,59.7767,80.0,"Retain; profile, check documented format/domain, and review outlier alerts",0,0,23610,0,2,0.000126,numeric-like candidate; no numeric summary until semantics are confirmed,Categórica o codificada según metadatos INE,Sin alerta heurística de cardinalidad.,"Etiqueta y metadatos importados del DDI oficial INE EH2025, archivo F27",True,0,No aplicable: no es magnitud numérica confirmada,revisar códigos/categorías con el diccionario,0,,,,,,,,,,,
s04b_09a_cod,Códigos Clasificación de Ocupaciones de Bolivia 2024 (s04b_09a_cod),Códigos Clasificación de Ocupaciones de Bolivia 2024,Sección 4: Empleo,None,39497,19479,50.6823,20018,0,0.0,not evaluated: variable domain is not confirmed,20018,50.6823,80.0,"Retain; profile, check documented format/domain, and review outlier alerts",20018,0,0,0,488,0.025053,numeric-like candidate; no numeric summary until semantics are confirmed,Categórica o codificada según metadatos INE,REVISAR: 488 valores distintos en una variable categórica; cotejar códigos y alineación con el cuestionario.,"Etiqueta y metadatos importados del DDI oficial INE EH2025, archivo F27",True,0,No aplicable: no es magnitud numérica confirmada,revisar códigos/categorías con el diccionario,0,,,,,,,,,,,
s04b_10a_cod,Códigos Clasificación de Actividades Económicas de Bolivia 2024 (s04b_10a_cod),Códigos Clasificación de Actividades Económicas de Bolivia 2024,Sección 4: Empleo,None,39497,19479,50.6823,20018,0,0.0,not evaluated: variable domain is not confirmed,20018,50.6823,80.0,"Retain; profile, check documented format/domain, and review outlier alerts",20018,0,0,0,663,0.034037,numeric-like candidate; no numeric summary until semantics are confirmed,Categórica o codificada según metadatos INE,REVISAR: 663 valores distintos en una variable categórica; cotejar códigos y alineación con el cuestionario.,"Etiqueta y metadatos importados del DDI oficial INE EH2025, archivo F27",True,0,No aplicable: no es magnitud numérica confirmada,revisar códigos/categorías con el diccionario,0,,,,,,,,,,,
s04b_11aa,"¿Hace cuánto tiempo trabaja en esta empresa, institución, negocio o lugar? Tiempo (s04b_11aa)","¿Hace cuánto tiempo trabaja en esta empresa, institución, negocio o lugar? Tiempo",Sección 4: Empleo,Personas de 7 años o más de edad,39497,19479,50.6823,20018,0,0.0,not evaluated: variable domain is not confirmed,20018,50.6823,80.0,"Retain; profile, check documented format/domain, and review outlier alerts",0,0,20018,0,70,0.003594,numeric-like candidate; no numeric summary until semantics are confirmed,Código numérico; semántica pendiente de confirmar,Sin alerta heurística de cardinalidad.,"Etiqueta y metadatos importados del DDI oficial INE EH2025, archivo F27",True,0,No aplicable: no es magnitud numérica confirmada,revisar códigos/categorías con el diccionario,0,,,,,,,,,,,
s04b_11ab,"¿Hace cuánto tiempo trabaja en esta empresa, institución, negocio o lugar? Periodo (s04b_11ab)","¿Hace cuánto tiempo trabaja en esta empresa, institución, negocio o lugar? Periodo",Sección 4: Empleo,Personas de 7 años o más de edad,39497,19479,50.6823,20018,0,0.0,not evaluated: variable domain is not confirmed,20018,50.6823,80.0,"Retain; profile, check documented format/domain, and review outlier alerts",0,0,20018,0,3,0.000154,numeric-like candidate; no numeric summary until semantics are confirmed,Categórica o codificada según metadatos INE,Sin alerta heurística de cardinalidad.,"Etiqueta y metadatos importados del DDI oficial INE EH2025, archivo F27",True,0,No aplicable: no es magnitud numérica confirmada,revisar códigos/categorías con el diccionario,0,,,,,,,,,,,
s04b_11ba,"¿Hace cuánto tiempo desempeña esta ocupación en esa empresa, institución, negocio o lugar? Tiempo (s04b_11ba)","¿Hace cuánto tiempo desempeña esta ocupación en esa empresa, institución, negocio o lugar? Tiempo",Sección 4: Empleo,Personas de 7 años o más de edad,39497,19479,50.6823,20018,0,0.0,not evaluated: variable domain is not confirmed,20018,50.6823,80.0,"Retain; profile, check documented format/domain, and review outlier alerts",0,0,20018,0,64,0.003286,numeric-like candidate; no numeric summary until semantics are confirmed,Código numérico; semántica pendiente de confirmar,Sin alerta heurística de cardinalidad.,"Etiqueta y metadatos importados del DDI oficial INE EH2025, archivo F27",True,0,No aplicable: no es magnitud numérica confirmada,revisar códigos/categorías con el diccionario,0,,,,,,,,,,,
s04b_11bb,"¿Hace cuánto tiempo desempeña esta ocupación en esa empresa, institución, negocio o lugar? Periodo (s04b_11bb)","¿Hace cuánto tiempo desempeña esta ocupación en esa empresa, institución, negocio o lugar? Periodo",Sección 4: Empleo,Personas de 7 años o más de edad,39497,19479,50.6823,20018,0,0.0,not evaluated: variable domain is not confirmed,20018,50.6823,80.0,"Retain; profile, check documented format/domain, and review outlier alerts",0,0,20018,0,3,0.000154,numeric-like candidate; no numeric summary until semantics are confirmed,Categórica o codificada según metadatos INE,Sin alerta heurística de cardinalidad.,"Etiqueta y metadatos importados del DDI oficial INE EH2025, archivo F27",True,0,No aplicable: no es magnitud numérica confirmada,revisar códigos/categorías con el diccionario,0,,,,,,,,,,,
s04b_12,En esta ocupación usted trabaja como (s04b_12),En esta ocupación usted trabaja como,Sección 4: Empleo,Personas de 7 años o más de edad,39497,19479,50.6823,20018,0,0.0,not evaluated: variable domain is not confirmed,20018,50.6823,80.0,"Retain; profile, check documented format/domain, and review outlier alerts",0,0,20018,0,8,0.000411,numeric-like candidate; no numeric summary until semantics are confirmed,Categórica o codificada según metadatos INE,Sin alerta heurística de cardinalidad.,"Etiqueta y metadatos importados del DDI oficial INE EH2025, archivo F27",True,0,No aplicable: no es magnitud numérica confirmada,revisar códigos/categorías con el diccionario,0,,,,,,,,,,,
s04b_14,"¿Cuántas personas trabajan en la empresa, institución o lugar donde trabaja, incluido usted? (s04b_14)","¿Cuántas personas trabajan en la empresa, institución o lugar donde trabaja, incluido usted?",Sección 4: Empleo,Personas de 7 años o más de edad,39497,19115,51.6039,20382,0,0.0,not evaluated: variable domain is not confirmed,20382,51.6039,80.0,"Retain; profile, check documented format/domain, and review outlier alerts",0,0,20382,0,129,0.006749,numeric-like candidate; no numeric summary until semantics are confirmed,Código numérico; semántica pendiente de confirmar,Sin alerta heurística de cardinalidad.,"Etiqueta y metadatos importados del DDI oficial INE EH2025, archivo F27",True,0,No aplicable: no es magnitud numérica confirmada,revisar códigos/categorías con el diccionario,0,,,,,,,,,,,
s04b_15,¿Cuántos días a la semana trabaja regularmente en su ocupación? (s04b_15),¿Cuántos días a la semana trabaja regularmente en su ocupación?,Sección 4: Empleo,Personas de 7 años o más de edad,39497,19479,50.6823,20018,0,0.0,numeric format checked; range/domain not confirmed,20018,50.6823,80.0,"Retain; profile, check documented format/domain, and review outlier alerts",0,0,20018,0,12,0.000616,numeric-like; semantic quantitative type provisionally documented,Cuantitativa discreta/derivada según etiqueta INE,Sin alerta heurística de cardinalidad.,"Etiqueta y metadatos importados del DDI oficial INE EH2025, archivo F27",True,19479,IQR exploratorio × 1.5,alerta estadística; requiere revisión semántica,2329,11.956465937676471,3.5,7.5,1.0,7.0,5.339570819857282,1.3430130660180202,5.0,6.0,6.0,1.0
s04b_16aa,¿Cuántas horas en promedio trabaja al día en su ocupación? HORAS (s04b_16aa),¿Cuántas horas en promedio trabaja al día en su ocupación? HORAS,Sección 4: Empleo,Personas de 7 años o más de edad,39497,19479,50.6823,20018,0,0.0,numeric format checked; range/domain not confirmed,20018,50.6823,80.0,"Retain; profile, check documented format/domain, and review outlier alerts",0,0,20018,0,20,0.001027,numeric-like; semantic quantitative type provisionally documented,Cuantitativa discreta/derivada según etiqueta INE,Sin alerta heurística de cardinalidad.,"Etiqueta y metadatos importados del DDI oficial INE EH2025, archivo F27",True,19479,IQR exploratorio × 1.5,alerta estadística; requiere revisión semántica,472,2.4231223368756094,1.5,13.5,1.0,24.0,7.8935263617228815,2.657070820512869,6.0,8.0,9.0,3.0
s04b_16ab,¿Cuántas horas en promedio trabaja al día en su ocupación? MINUTOS (s04b_16ab),¿Cuántas horas en promedio trabaja al día en su ocupación? MINUTOS,Sección 4: Empleo,Personas de 7 años o más de edad,39497,19479,50.6823,20018,0,0.0,numeric format checked; range/domain not confirmed,20018,50.6823,80.0,"Retain; profile, check documented format/domain, and review outlier alerts",0,0,20018,17675,4,0.000205,numeric-like; semantic quantitative type provisionally documented,Cuantitativa discreta/derivada según etiqueta INE,Sin alerta heurística de cardinalidad.,"Etiqueta y metadatos importados del DDI oficial INE EH2025, archivo F27",True,19479,IQR exploratorio × 1.5,IQR cero; alertas no clasificadas automáticamente,0,,,,0.0,45.0,2.525797012166949,8.679590452913096,0.0,0.0,0.0,0.0
s04d_22a,¿Cuánto es su ingreso total en su ocupación principal? Monto (Bs) (s04d_22a),¿Cuánto es su ingreso total en su ocupación principal? Monto (Bs),Sección 4: Empleo,Personas de 7 años o más de edad,39497,9423,76.1425,30074,0,0.0,numeric format checked; range/domain not confirmed,30074,76.1425,80.0,"Retain; profile, check documented format/domain, and review outlier alerts",0,0,30074,93,730,0.07747,numeric-like; semantic quantitative type provisionally documented,Cuantitativa monetaria según etiqueta INE,Sin alerta heurística de cardinalidad.,"Etiqueta y metadatos importados del DDI oficial INE EH2025, archivo F27",True,9423,IQR exploratorio × 1.5,alerta estadística; requiere revisión semántica,951,10.092327284304362,-5675.0,10125.0,0.0,835200.0,5013.0978456967,18991.17843635245,250.0,1000.0,4200.0,3950.0
s04d_22b,¿Cuánto es su ingreso total en su ocupación principal? Frecuencia de ingreso: (s04d_22b),¿Cuánto es su ingreso total en su ocupación principal? Frecuencia de ingreso:,Sección 4: Empleo,Personas de 7 años o más de edad,39497,9331,76.3754,30166,0,0.0,numeric format checked; range/domain not confirmed,30166,76.3754,80.0,"Retain; profile, check documented format/domain, and review outlier alerts",0,0,30166,0,8,0.000857,numeric-like; semantic quantitative type provisionally documented,Cuantitativa monetaria según etiqueta INE,Sin alerta heurística de cardinalidad.,"Etiqueta y metadatos importados del DDI oficial INE EH2025, archivo F27",True,9331,IQR exploratorio × 1.5,alerta estadística; requiere revisión semántica,0,0.0,-3.5,8.5,1.0,8.0,3.190011788661451,2.4481353032223363,1.0,2.0,4.0,3.0
s04d_23aa,"Del ingreso total declarado en la pregunta anterior, ¿cuánto utiliza o guarda para… A. Comprar materia prima, materiales o mercadería para su actividad o negocio? Monto (Bs) (s04d_23aa)","Del ingreso total declarado en la pregunta anterior, ¿cuánto utiliza o guarda para… A. Comprar materia prima, materiales o mercadería para su actividad o negocio? Monto (Bs)",Sección 4: Empleo,Personas de 7 años o más de edad,39497,9327,76.3855,30170,0,0.0,numeric format checked; range/domain not confirmed,30170,76.3855,80.0,"Retain; profile, check documented format/domain, and review outlier alerts",0,0,30170,1541,425,0.045567,numeric-like; semantic quantitative type provisionally documented,Cuantitativa monetaria según etiqueta INE,Sin alerta heurística de cardinalidad.,"Etiqueta y metadatos importados del DDI oficial INE EH2025, archivo F27",True,9327,IQR exploratorio × 1.5,alerta estadística; requiere revisión semántica,1074,11.51495657767771,-1223.75,2146.25,0.0,821200.0,1468.585718880669,11334.564801285007,40.0,200.0,882.5,842.5
s04d_23ba,"Del ingreso total declarado en la pregunta anterior, ¿cuánto utiliza o guarda para… B. Pagar por prestación de servicios a terceros para su actividad o negocio? Monto (Bs) (s04d_23ba)","Del ingreso total declarado en la pregunta anterior, ¿cuánto utiliza o guarda para… B. Pagar por prestación de servicios a terceros para su actividad o negocio? Monto (Bs)",Sección 4: Empleo,Personas de 7 años o más de edad,39497,9327,76.3855,30170,0,0.0,numeric format checked; range/domain not confirmed,30170,76.3855,80.0,"Retain; profile, check documented format/domain, and review outlier alerts",0,0,30170,6885,241,0.025839,numeric-like; semantic quantitative type provisionally documented,Cuantitativa monetaria según etiqueta INE,Sin alerta heurística de cardinalidad.,"Etiqueta y metadatos importados del DDI oficial INE EH2025, archivo F27",True,9327,IQR exploratorio × 1.5,alerta estadística; requiere revisión semántica,2055,22.03280797684143,-15.0,25.0,0.0,170520.0,263.2278331725099,2621.8831365108344,0.0,0.0,10.0,10.0
s04d_23ca,"Del ingreso total declarado en la pregunta anterior, ¿cuánto utiliza o guarda para… C. Pagar sueldos, salarios, bonos, gratificaciones, horas extras, Gestora(AFP) a sus empleados? Monto (Bs) (s04d_23ca)","Del ingreso total declarado en la pregunta anterior, ¿cuánto utiliza o guarda para… C. Pagar sueldos, salarios, bonos, gratificaciones, horas extras, Gestora(AFP) a sus empleados? Monto (Bs)",Sección 4: Empleo,Personas de 7 años o más de edad,39497,9327,76.3855,30170,0,0.0,numeric format checked; range/domain not confirmed,30170,76.3855,80.0,"Retain; profile, check documented format/domain, and review outlier alerts",0,0,30170,8609,148,0.015868,numeric-like; semantic quantitative type provisionally documented,Cuantitativa monetaria según etiqueta INE,Sin alerta heurística de cardinalidad.,"Etiqueta y metadatos importados del DDI oficial INE EH2025, archivo F27",True,9327,IQR exploratorio × 1.5,IQR cero; alertas no clasificadas automáticamente,0,,,,0.0,155520.0,229.99142275115256,2607.2617642838736,0.0,0.0,0.0,0.0
s04d_23da,"Del ingreso total declarado en la pregunta anterior, ¿cuánto utiliza o guarda para… D. Pagar alquiler del local/vehiculo que dispone para su actividad o negocio? Monto (Bs) (s04d_23da)","Del ingreso total declarado en la pregunta anterior, ¿cuánto utiliza o guarda para… D. Pagar alquiler del local/vehiculo que dispone para su actividad o negocio? Monto (Bs)",Sección 4: Empleo,Personas de 7 años o más de edad,39497,9324,76.3931,30173,0,0.0,numeric format checked; range/domain not confirmed,30173,76.3931,80.0,"Retain; profile, check documented format/domain, and review outlier alerts",0,0,30173,7617,146,0.015659,numeric-like; semantic quantitative type provisionally documented,Cuantitativa monetaria según etiqueta INE,Sin alerta heurística de cardinalidad.,"Etiqueta y metadatos importados del DDI oficial INE EH2025, archivo F27",True,9324,IQR exploratorio × 1.5,IQR cero; alertas no clasificadas automáticamente,0,,,,0.0,30000.0,149.23830973830974,704.269944801935,0.0,0.0,0.0,0.0
s04d_23ea,"Del ingreso total declarado en la pregunta anterior, ¿cuánto utiliza o guarda para… E. Pagar servicios de agua, luz, gas, teléfono o internet que usa para la actividad o negocio? Monto (Bs) (s04d_23ea)","Del ingreso total declarado en la pregunta anterior, ¿cuánto utiliza o guarda para… E. Pagar servicios de agua, luz, gas, teléfono o internet que usa para la actividad o negocio? Monto (Bs)",Sección 4: Empleo,Personas de 7 años o más de edad,39497,9326,76.3881,30171,0,0.0,numeric format checked; range/domain not confirmed,30171,76.3881,80.0,"Retain; profile, check documented format/domain, and review outlier alerts",0,0,30171,5961,156,0.016727,numeric-like; semantic quantitative type provisionally documented,Cuantitativa monetaria según etiqueta INE,Sin alerta heurística de cardinalidad.,"Etiqueta y metadatos importados del DDI oficial INE EH2025, archivo F27",True,9326,IQR exploratorio × 1.5,alerta estadística; requiere revisión semántica,1098,11.773536349989278,-60.0,100.0,0.0,7000.0,54.22646365001072,212.84135836194721,0.0,0.0,40.0,40.0
s04d_23fa,"Del ingreso total declarado en la pregunta anterior, ¿cuánto utiliza o guarda para… F. Pagar cuotas regulares por concepto de microcrédito/crédito para su actividad o negocio? Monto (Bs) (s04d_23fa)","Del ingreso total declarado en la pregunta anterior, ¿cuánto utiliza o guarda para… F. Pagar cuotas regulares por concepto de microcrédito/crédito para su actividad o negocio? Monto (Bs)",Sección 4: Empleo,Personas de 7 años o más de edad,39497,9328,76.383,30169,0,0.0,numeric format checked; range/domain not confirmed,30169,76.383,80.0,"Retain; profile, check documented format/domain, and review outlier alerts",0,0,30169,8922,122,0.013079,numeric-like; semantic quantitative type provisionally documented,Cuantitativa monetaria según etiqueta INE,Sin alerta heurística de cardinalidad.,"Etiqueta y metadatos importados del DDI oficial INE EH2025, archivo F27",True,9328,IQR exploratorio × 1.5,IQR cero; alertas no clasificadas automáticamente,0,,,,0.0,73000.0,105.63861492281303,1138.6821340190513,0.0,0.0,0.0,0.0
s04d_23ga,"Del ingreso total declarado en la pregunta anterior, ¿cuánto utiliza o guarda para… G. Pagar impuestos, sentajes? Monto (Bs) (s04d_23ga)","Del ingreso total declarado en la pregunta anterior, ¿cuánto utiliza o guarda para… G. Pagar impuestos, sentajes? Monto (Bs)",Sección 4: Empleo,Personas de 7 años o más de edad,39497,9326,76.3881,30171,0,0.0,numeric format checked; range/domain not confirmed,30171,76.3881,80.0,"Retain; profile, check documented format/domain, and review outlier alerts",0,0,30171,7447,195,0.020909,numeric-like; semantic quantitative type provisionally documented,Cuantitativa monetaria según etiqueta INE,Sin alerta heurística de cardinalidad.,"Etiqueta y metadatos importados del DDI oficial INE EH2025, archivo F27",True,9326,IQR exploratorio × 1.5,IQR cero; alertas no clasificadas automáticamente,0,,,,0.0,20000.0,72.09993566373579,519.0789213922832,0.0,0.0,0.0,0.0
s04d_23ha,"Del ingreso total declarado en la pregunta anterior, ¿cuánto utiliza o guarda para… H. Pagar cuotas a sindicatos, gremios, asociaciones? Monto (Bs) (s04d_23ha)","Del ingreso total declarado en la pregunta anterior, ¿cuánto utiliza o guarda para… H. Pagar cuotas a sindicatos, gremios, asociaciones? Monto (Bs)",Sección 4: Empleo,Personas de 7 años o más de edad,39497,9328,76.383,30169,0,0.0,numeric format checked; range/domain not confirmed,30169,76.383,80.0,"Retain; profile, check documented format/domain, and review outlier alerts",0,0,30169,7919,102,0.010935,numeric-like; semantic quantitative type provisionally documented,Cuantitativa monetaria según etiqueta INE,Sin alerta heurística de cardinalidad.,"Etiqueta y metadatos importados del DDI oficial INE EH2025, archivo F27",True,9328,IQR exploratorio × 1.5,IQR cero; alertas no clasificadas automáticamente,0,,,,0.0,6000.0,13.442216981132075,100.09782545151248,0.0,0.0,0.0,0.0
s04d_24a,"Una vez descontadas todas sus obligaciones (sueldos, salarios, compra de material, mercadería, etc.), ¿cuánto le queda para uso del hogar? Monto (Bs) (s04d_24a)","Una vez descontadas todas sus obligaciones (sueldos, salarios, compra de material, mercadería, etc.), ¿cuánto le queda para uso del hogar? Monto (Bs)",Sección 4: Empleo,Personas de 7 años o más de edad,39497,9426,76.1349,30071,0,0.0,numeric format checked; range/domain not confirmed,30071,76.1349,80.0,"Retain; profile, check documented format/domain, and review outlier alerts",0,0,30071,98,1856,0.196902,numeric-like; semantic quantitative type provisionally documented,Cuantitativa monetaria según etiqueta INE,Sin alerta heurística de cardinalidad.,"Etiqueta y metadatos importados del DDI oficial INE EH2025, archivo F27",True,9426,IQR exploratorio × 1.5,alerta estadística; requiere revisión semántica,998,10.587736049225546,-3615.0,6409.0,0.0,403180.0,2951.3019308296202,9300.761710015684,144.0,610.0,2650.0,2506.0
s04d_24b,"Una vez descontadas todas sus obligaciones (sueldos, salarios, compra de material, mercadería, etc.), ¿cuánto le queda para uso del hogar? Frecuencia de ingreso: (s04d_24b)","Una vez descontadas todas sus obligaciones (sueldos, salarios, compra de material, mercadería, etc.), ¿cuánto le queda para uso del hogar? Frecuencia de ingreso:",Sección 4: Empleo,Personas de 7 años o más de edad,39497,9328,76.383,30169,0,0.0,numeric format checked; range/domain not confirmed,30169,76.383,80.0,"Retain; profile, check documented format/domain, and review outlier alerts",0,0,30169,0,8,0.000858,numeric-like; semantic quantitative type provisionally documented,Cuantitativa monetaria según etiqueta INE,Sin alerta heurística de cardinalidad.,"Etiqueta y metadatos importados del DDI oficial INE EH2025, archivo F27",True,9328,IQR exploratorio × 1.5,alerta estadística; requiere revisión semántica,0,0.0,-3.5,8.5,1.0,8.0,3.196076329331046,2.44546778407042,1.0,2.0,4.0,3.0
s04e_25,"Además de la actividad mencionada anteriormente, ¿realizó otro trabajo durante la semana pasada? (s04e_25)","Además de la actividad mencionada anteriormente, ¿realizó otro trabajo durante la semana pasada?",Sección 4: Empleo,Personas de 7 años o más de edad,39497,19479,50.6823,20018,0,0.0,not evaluated: variable domain is not confirmed,20018,50.6823,80.0,"Retain; profile, check documented format/domain, and review outlier alerts",0,0,20018,0,2,0.000103,numeric-like candidate; no numeric summary until semantics are confirmed,Categórica o codificada según metadatos INE,Sin alerta heurística de cardinalidad.,"Etiqueta y metadatos importados del DDI oficial INE EH2025, archivo F27",True,0,No aplicable: no es magnitud numérica confirmada,revisar códigos/categorías con el diccionario,0,,,,,,,,,,,
s04f_35,¿Está usted afiliada(o) a la Gestora (AFP)? (s04f_35),¿Está usted afiliada(o) a la Gestora (AFP)?,Sección 4: Empleo,Personas de 7 años o más de edad,39497,35366,10.459,4131,0,0.0,not evaluated: variable domain is not confirmed,4131,10.459,80.0,"Retain; profile, check documented format/domain, and review outlier alerts",0,0,4131,0,2,5.7e-05,numeric-like candidate; no numeric summary until semantics are confirmed,Categórica o codificada según metadatos INE,Sin alerta heurística de cardinalidad.,"Etiqueta y metadatos importados del DDI oficial INE EH2025, archivo F27",True,0,No aplicable: no es magnitud numérica confirmada,revisar códigos/categorías con el diccionario,0,,,,,,,,,,,
s05a_01a,Recibe usted ingresos (rentas) mensuales por: A. ¿Jubilación (vejez)? Excluya el monto de la Renta Dignidad (s05a_01a),Recibe usted ingresos (rentas) mensuales por: A. ¿Jubilación (vejez)? Excluya el monto de la Renta Dignidad,Sección 5: Ingresos no laborales del hogar,Personas de 40 años o más de edad,39497,13821,65.0075,25676,0,0.0,numeric format checked; range/domain not confirmed,25676,65.0075,80.0,"Retain; profile, check documented format/domain, and review outlier alerts",0,0,25676,12820,139,0.010057,numeric-like; semantic quantitative type provisionally documented,Cuantitativa monetaria según etiqueta INE,Sin alerta heurística de cardinalidad.,"Etiqueta y metadatos importados del DDI oficial INE EH2025, archivo F27",True,13821,IQR exploratorio × 1.5,IQR cero; alertas no clasificadas automáticamente,0,,,,0.0,16000.0,215.58874176977065,893.9573271578328,0.0,0.0,0.0,0.0
s05a_01c,Recibe usted ingresos (rentas) mensuales por: C. ¿Invalidez? (s05a_01c),Recibe usted ingresos (rentas) mensuales por: C. ¿Invalidez?,Sección 5: Ingresos no laborales del hogar,Personas de 14 años o más de edad,39497,29942,24.1917,9555,0,0.0,numeric format checked; range/domain not confirmed,9555,24.1917,80.0,"Retain; profile, check documented format/domain, and review outlier alerts",0,0,9555,29909,13,0.000434,numeric-like; semantic quantitative type provisionally documented,Cuantitativa monetaria según etiqueta INE,Sin alerta heurística de cardinalidad.,"Etiqueta y metadatos importados del DDI oficial INE EH2025, archivo F27",True,29942,IQR exploratorio × 1.5,IQR cero; alertas no clasificadas automáticamente,0,,,,0.0,7000.0,0.9780241800814908,53.36892411053858,0.0,0.0,0.0,0.0
s05a_01d,"Recibe usted ingresos (rentas) mensuales por: D. ¿Viudez, orfandad? (s05a_01d)","Recibe usted ingresos (rentas) mensuales por: D. ¿Viudez, orfandad?",Sección 5: Ingresos no laborales del hogar,Personas de 7 años o más de edad,39497,35357,10.4818,4140,0,0.0,numeric format checked; range/domain not confirmed,4140,10.4818,80.0,"Retain; profile, check documented format/domain, and review outlier alerts",0,0,4140,35189,56,0.001584,numeric-like; semantic quantitative type provisionally documented,Cuantitativa monetaria según etiqueta INE,Sin alerta heurística de cardinalidad.,"Etiqueta y metadatos importados del DDI oficial INE EH2025, archivo F27",True,35357,IQR exploratorio × 1.5,IQR cero; alertas no clasificadas automáticamente,0,,,,0.0,5200.0,10.507367706536188,172.55106946315655,0.0,0.0,0.0,0.0
s05a_02a,"Además de los ingresos mencionados, recibe usted ingresos (rentas) mensuales por: A. ¿Intereses? (por depósitos bancarios, préstamos, etc.) MONTO (s05a_02a)","Además de los ingresos mencionados, recibe usted ingresos (rentas) mensuales por: A. ¿Intereses? (por depósitos bancarios, préstamos, etc.) MONTO",Sección 5: Ingresos no laborales del hogar,Personas de18 años o más de edad,39497,26870,31.9695,12627,0,0.0,numeric format checked; range/domain not confirmed,12627,31.9695,80.0,"Retain; profile, check documented format/domain, and review outlier alerts",0,0,12627,26686,39,0.001451,numeric-like; semantic quantitative type provisionally documented,Cuantitativa monetaria según etiqueta INE,Sin alerta heurística de cardinalidad.,"Etiqueta y metadatos importados del DDI oficial INE EH2025, archivo F27",True,26870,IQR exploratorio × 1.5,IQR cero; alertas no clasificadas automáticamente,0,,,,0.0,10000.0,4.097804242649795,92.05523316047461,0.0,0.0,0.0,0.0
s05a_02b,"Además de los ingresos mencionados, recibe usted ingresos (rentas) mensuales por: B. ¿Alquiler de propiedades inmuebles casas, etc.? MONTO (s05a_02b)","Además de los ingresos mencionados, recibe usted ingresos (rentas) mensuales por: B. ¿Alquiler de propiedades inmuebles casas, etc.? MONTO",Sección 5: Ingresos no laborales del hogar,Personas de18 años o más de edad,39497,26870,31.9695,12627,0,0.0,numeric format checked; range/domain not confirmed,12627,31.9695,80.0,"Retain; profile, check documented format/domain, and review outlier alerts",0,0,12627,26153,68,0.002531,numeric-like; semantic quantitative type provisionally documented,Cuantitativa monetaria según etiqueta INE,Sin alerta heurística de cardinalidad.,"Etiqueta y metadatos importados del DDI oficial INE EH2025, archivo F27",True,26870,IQR exploratorio × 1.5,IQR cero; alertas no clasificadas automáticamente,0,,,,0.0,21000.0,44.06873836992929,415.6090780159737,0.0,0.0,0.0,0.0
s05a_02c,"Además de los ingresos mencionados, recibe usted ingresos (rentas) mensuales por: C. ¿Otras rentas? MONTO (s05a_02c)","Además de los ingresos mencionados, recibe usted ingresos (rentas) mensuales por: C. ¿Otras rentas? MONTO",Sección 5: Ingresos no laborales del hogar,Personas de18 años o más de edad,39497,26870,31.9695,12627,0,0.0,numeric format checked; range/domain not confirmed,12627,31.9695,80.0,"Retain; profile, check documented format/domain, and review outlier alerts",0,0,12627,26834,20,0.000744,numeric-like; semantic quantitative type provisionally documented,Cuantitativa monetaria según etiqueta INE,Sin alerta heurística de cardinalidad.,"Etiqueta y metadatos importados del DDI oficial INE EH2025, archivo F27",True,26870,IQR exploratorio × 1.5,IQR cero; alertas no clasificadas automáticamente,0,,,,0.0,6000.0,2.39136583550428,85.1415436304739,0.0,0.0,0.0,0.0
s05a_03a,"Durante los últimos doce meses, ¿recibió usted: (en montos anuales) A. Alquileres de propiedades agrícolas? (s05a_03a)","Durante los últimos doce meses, ¿recibió usted: (en montos anuales) A. Alquileres de propiedades agrícolas?",Sección 5: Ingresos no laborales del hogar,Personas de18 años o más de edad,39497,26870,31.9695,12627,0,0.0,numeric format checked; range/domain not confirmed,12627,31.9695,80.0,"Retain; profile, check documented format/domain, and review outlier alerts",0,0,12627,26800,32,0.001191,numeric-like; semantic quantitative type provisionally documented,Cuantitativa monetaria según etiqueta INE,Sin alerta heurística de cardinalidad.,"Etiqueta y metadatos importados del DDI oficial INE EH2025, archivo F27",True,26870,IQR exploratorio × 1.5,IQR cero; alertas no clasificadas automáticamente,0,,,,0.0,170520.0,15.746929661332342,1103.800922697666,0.0,0.0,0.0,0.0
s05a_03b,"Durante los últimos doce meses, ¿recibió usted: (en montos anuales) B. Dividendos, utilidades empresariales o retiros de sociedades? (s05a_03b)","Durante los últimos doce meses, ¿recibió usted: (en montos anuales) B. Dividendos, utilidades empresariales o retiros de sociedades?",Sección 5: Ingresos no laborales del hogar,Personas de18 años o más de edad,39497,26870,31.9695,12627,0,0.0,numeric format checked; range/domain not confirmed,12627,31.9695,80.0,"Retain; profile, check documented format/domain, and review outlier alerts",0,0,12627,26850,16,0.000595,numeric-like; semantic quantitative type provisionally documented,Cuantitativa monetaria según etiqueta INE,Sin alerta heurística de cardinalidad.,"Etiqueta y metadatos importados del DDI oficial INE EH2025, archivo F27",True,26870,IQR exploratorio × 1.5,IQR cero; alertas no clasificadas automáticamente,0,,,,0.0,50000.0,5.980647562337179,437.8804911137271,0.0,0.0,0.0,0.0
s05a_03c,"Durante los últimos doce meses, ¿recibió usted: (en montos anuales) C. Alquiler de maquinaria y/o equipo? (s05a_03c)","Durante los últimos doce meses, ¿recibió usted: (en montos anuales) C. Alquiler de maquinaria y/o equipo?",Sección 5: Ingresos no laborales del hogar,Personas de18 años o más de edad,39497,26870,31.9695,12627,0,0.0,numeric format checked; range/domain not confirmed,12627,31.9695,80.0,"Retain; profile, check documented format/domain, and review outlier alerts",0,0,12627,26835,28,0.001042,numeric-like; semantic quantitative type provisionally documented,Cuantitativa monetaria según etiqueta INE,Sin alerta heurística de cardinalidad.,"Etiqueta y metadatos importados del DDI oficial INE EH2025, archivo F27",True,26870,IQR exploratorio × 1.5,IQR cero; alertas no clasificadas automáticamente,0,,,,0.0,35000.0,5.805731298846297,316.36630119172366,0.0,0.0,0.0,0.0
s05a_04a,"Además de los ingresos mencionados anteriormente, durante los últimos doce meses, ¿recibió, usted… A. Indemnización por dejar algún trabajo? (s05a_04a)","Además de los ingresos mencionados anteriormente, durante los últimos doce meses, ¿recibió, usted… A. Indemnización por dejar algún trabajo?",Sección 5: Ingresos no laborales del hogar,Personas de 14 años o más de edad,39497,29954,24.1613,9543,0,0.0,numeric format checked; range/domain not confirmed,9543,24.1613,80.0,"Retain; profile, check documented format/domain, and review outlier alerts",0,0,9543,29915,30,0.001002,numeric-like; semantic quantitative type provisionally documented,Cuantitativa monetaria según etiqueta INE,Sin alerta heurística de cardinalidad.,"Etiqueta y metadatos importados del DDI oficial INE EH2025, archivo F27",True,29954,IQR exploratorio × 1.5,IQR cero; alertas no clasificadas automáticamente,0,,,,0.0,100000.0,22.22741537023436,940.8550326146448,0.0,0.0,0.0,0.0
s05a_04b,"Además de los ingresos mencionados anteriormente, durante los últimos doce meses, ¿recibió, usted… B. Indemnización de Seguros? (s05a_04b)","Además de los ingresos mencionados anteriormente, durante los últimos doce meses, ¿recibió, usted… B. Indemnización de Seguros?",Sección 5: Ingresos no laborales del hogar,Personas de 7 años o más de edad,39497,35366,10.459,4131,0,0.0,numeric format checked; range/domain not confirmed,4131,10.459,80.0,"Retain; profile, check documented format/domain, and review outlier alerts",0,0,4131,35360,7,0.000198,numeric-like; semantic quantitative type provisionally documented,Cuantitativa monetaria según etiqueta INE,Sin alerta heurística de cardinalidad.,"Etiqueta y metadatos importados del DDI oficial INE EH2025, archivo F27",True,35366,IQR exploratorio × 1.5,IQR cero; alertas no clasificadas automáticamente,0,,,,0.0,6000.0,0.2716733585929989,33.571283401192524,0.0,0.0,0.0,0.0
s05a_04c,"Además de los ingresos mencionados anteriormente, durante los últimos doce meses, ¿recibió, usted… C. Ingresos por anticrético de propiedades inmuebles, casas, etc.? (s05a_04c)","Además de los ingresos mencionados anteriormente, durante los últimos doce meses, ¿recibió, usted… C. Ingresos por anticrético de propiedades inmuebles, casas, etc.?",Sección 5: Ingresos no laborales del hogar,Personas de 18 años o más de edad,39497,26873,31.9619,12624,0,0.0,numeric format checked; range/domain not confirmed,12624,31.9619,80.0,"Retain; profile, check documented format/domain, and review outlier alerts",0,0,12624,26842,28,0.001042,numeric-like; semantic quantitative type provisionally documented,Cuantitativa monetaria según etiqueta INE,Sin alerta heurística de cardinalidad.,"Etiqueta y metadatos importados del DDI oficial INE EH2025, archivo F27",True,26873,IQR exploratorio × 1.5,IQR cero; alertas no clasificadas automáticamente,0,,,,0.0,525000.0,52.50958210843598,3743.3143476756522,0.0,0.0,0.0,0.0
s05a_04d,"Además de los ingresos mencionados anteriormente, durante los últimos doce meses, ¿recibió, usted… D. Otros ingresos extraordinarios (ej. Becas de estudio, derechos de autor, marcas y patentes)? (s05a_04d)","Además de los ingresos mencionados anteriormente, durante los últimos doce meses, ¿recibió, usted… D. Otros ingresos extraordinarios (ej. Becas de estudio, derechos de autor, marcas y patentes)?",Sección 5: Ingresos no laborales del hogar,Personas de 7 años o más de edad,39497,35366,10.459,4131,0,0.0,numeric format checked; range/domain not confirmed,4131,10.459,80.0,"Retain; profile, check documented format/domain, and review outlier alerts",0,0,4131,35325,23,0.00065,numeric-like; semantic quantitative type provisionally documented,Cuantitativa monetaria según etiqueta INE,Sin alerta heurística de cardinalidad.,"Etiqueta y metadatos importados del DDI oficial INE EH2025, archivo F27",True,35366,IQR exploratorio × 1.5,IQR cero; alertas no clasificadas automáticamente,0,,,,0.0,30000.0,2.568992817960753,172.23576336941397,0.0,0.0,0.0,0.0
s05b_05aa,"En los últimos doce meses, ¿recibió usted… A. Asistencia familiar por divorcio o separación? Monto (Bs) (s05b_05aa)","En los últimos doce meses, ¿recibió usted… A. Asistencia familiar por divorcio o separación? Monto (Bs)",Sección 5: Ingresos no laborales del hogar,Todos los miembros del hogar,39497,39473,0.0608,24,0,0.0,numeric format checked; range/domain not confirmed,24,0.0608,80.0,"Retain; profile, check documented format/domain, and review outlier alerts",0,0,24,38338,59,0.001495,numeric-like; semantic quantitative type provisionally documented,Cuantitativa monetaria según etiqueta INE,Sin alerta heurística de cardinalidad.,"Etiqueta y metadatos importados del DDI oficial INE EH2025, archivo F27",True,39473,IQR exploratorio × 1.5,IQR cero; alertas no clasificadas automáticamente,0,,,,0.0,5000.0,16.545461454665215,118.89682000368103,0.0,0.0,0.0,0.0
s05b_05ba,"En los últimos doce meses, ¿recibió usted… B. Dinero de otras personas que residen en este u otro lugar del país?(Excluye ONG's, ISFLH, Juntas Vecinales,etc.) Monto (Bs) (s05b_05ba)","En los últimos doce meses, ¿recibió usted… B. Dinero de otras personas que residen en este u otro lugar del país?(Excluye ONG's, ISFLH, Juntas Vecinales,etc.) Monto (Bs)",Sección 5: Ingresos no laborales del hogar,Todos los miembros del hogar,39497,39470,0.0684,27,0,0.0,numeric format checked; range/domain not confirmed,27,0.0684,80.0,"Retain; profile, check documented format/domain, and review outlier alerts",0,0,27,37719,63,0.001596,numeric-like; semantic quantitative type provisionally documented,Cuantitativa monetaria según etiqueta INE,Sin alerta heurística de cardinalidad.,"Etiqueta y metadatos importados del DDI oficial INE EH2025, archivo F27",True,39470,IQR exploratorio × 1.5,IQR cero; alertas no clasificadas automáticamente,0,,,,0.0,13500.0,32.24608563465924,249.43047082357944,0.0,0.0,0.0,0.0
s05b_05ca,"En los últimos doce meses, ¿recibió usted… C. Alimentos o regalos de otras personas que residen en este u otro lugar del país? (VALORAR EN BS)(Excluye ONG's, ISFLH, Juntas Vecinales,etc.) Monto (Bs) (s05b_05ca)","En los últimos doce meses, ¿recibió usted… C. Alimentos o regalos de otras personas que residen en este u otro lugar del país? (VALORAR EN BS)(Excluye ONG's, ISFLH, Juntas Vecinales,etc.) Monto (Bs)",Sección 5: Ingresos no laborales del hogar,Todos los miembros del hogar,39497,39463,0.0861,34,0,0.0,numeric format checked; range/domain not confirmed,34,0.0861,80.0,"Retain; profile, check documented format/domain, and review outlier alerts",0,0,34,37702,102,0.002585,numeric-like; semantic quantitative type provisionally documented,Cuantitativa monetaria según etiqueta INE,Sin alerta heurística de cardinalidad.,"Etiqueta y metadatos importados del DDI oficial INE EH2025, archivo F27",True,39463,IQR exploratorio × 1.5,IQR cero; alertas no clasificadas automáticamente,0,,,,0.0,6000.0,15.275093125205888,120.5031590551861,0.0,0.0,0.0,0.0
s05b_06aa,"En los últimos doce meses, ¿recibió usted… A. Bono de Indigencia por ceguera o Bono mensual para personas por discapacidad? Monto (Bs) (s05b_06aa)","En los últimos doce meses, ¿recibió usted… A. Bono de Indigencia por ceguera o Bono mensual para personas por discapacidad? Monto (Bs)",Sección 5: Ingresos no laborales del hogar,Todos los miembros del hogar,39497,39497,0.0,0,0,0.0,numeric format checked; range/domain not confirmed,0,0.0,80.0,"Retain; profile, check documented format/domain, and review outlier alerts",0,0,0,39353,16,0.000405,numeric-like; semantic quantitative type provisionally documented,Cuantitativa monetaria según etiqueta INE,Sin alerta heurística de cardinalidad.,"Etiqueta y metadatos importados del DDI oficial INE EH2025, archivo F27",True,39497,IQR exploratorio × 1.5,IQR cero; alertas no clasificadas automáticamente,0,,,,0.0,7140.0,2.8549510089373875,112.47801666860471,0.0,0.0,0.0,0.0
s05b_06ba,"En los últimos doce meses, ¿recibió usted… B. Otros bonos sociales en efectivo? Monto (Bs) (s05b_06ba)","En los últimos doce meses, ¿recibió usted… B. Otros bonos sociales en efectivo? Monto (Bs)",Sección 5: Ingresos no laborales del hogar,Todos los miembros del hogar,39497,39497,0.0,0,0,0.0,numeric format checked; range/domain not confirmed,0,0.0,80.0,"Retain; profile, check documented format/domain, and review outlier alerts",0,0,0,39336,7,0.000177,numeric-like; semantic quantitative type provisionally documented,Cuantitativa monetaria según etiqueta INE,Sin alerta heurística de cardinalidad.,"Etiqueta y metadatos importados del DDI oficial INE EH2025, archivo F27",True,39497,IQR exploratorio × 1.5,IQR cero; alertas no clasificadas automáticamente,0,,,,0.0,2500.0,4.350406359976707,96.17356906800939,0.0,0.0,0.0,0.0
s05b_06ca,"En los últimos doce meses, ¿recibió usted… C. Otros bonos sociales en especie? (VALORAR EN BS.) Monto (Bs) (s05b_06ca)","En los últimos doce meses, ¿recibió usted… C. Otros bonos sociales en especie? (VALORAR EN BS.) Monto (Bs)",Sección 5: Ingresos no laborales del hogar,Todos los miembros del hogar,39497,39497,0.0,0,0,0.0,numeric format checked; range/domain not confirmed,0,0.0,80.0,"Retain; profile, check documented format/domain, and review outlier alerts",0,0,0,28077,170,0.004304,numeric-like; semantic quantitative type provisionally documented,Cuantitativa monetaria según etiqueta INE,Sin alerta heurística de cardinalidad.,"Etiqueta y metadatos importados del DDI oficial INE EH2025, archivo F27",True,39497,IQR exploratorio × 1.5,alerta estadística; requiere revisión semántica,3794,9.605792845026205,-52.5,87.5,0.0,2000.0,27.31247942881738,79.45014688505589,0.0,0.0,35.0,35.0
s05b_06cb,"En los últimos doce meses, ¿recibió usted… C. Otros bonos sociales en especie? (VALORAR EN BS.) Frecuencia (s05b_06cb)","En los últimos doce meses, ¿recibió usted… C. Otros bonos sociales en especie? (VALORAR EN BS.) Frecuencia",Sección 5: Ingresos no laborales del hogar,Todos los miembros del hogar,39497,11420,71.0864,28077,0,0.0,numeric format checked; range/domain not confirmed,28077,71.0864,80.0,"Retain; profile, check documented format/domain, and review outlier alerts",0,0,28077,0,5,0.000438,numeric-like; semantic quantitative type provisionally documented,Cuantitativa discreta/derivada según etiqueta INE,Sin alerta heurística de cardinalidad.,"Etiqueta y metadatos importados del DDI oficial INE EH2025, archivo F27",True,11420,IQR exploratorio × 1.5,IQR cero; alertas no clasificadas automáticamente,0,,,,4.0,8.0,4.302189141856393,0.9688259950537913,4.0,4.0,4.0,0.0
s05b_06ce,"En los últimos doce meses, ¿recibió usted… C. Otros bonos sociales en especie? (VALORAR EN BS.) (Especifique) (s05b_06ce)","En los últimos doce meses, ¿recibió usted… C. Otros bonos sociales en especie? (VALORAR EN BS.) (Especifique)",Sección 5: Ingresos no laborales del hogar,Todos los miembros del hogar,39497,11421,71.0839,28076,0,0.0,not evaluated: variable domain is not confirmed,28076,71.0839,80.0,"Retain; profile, check documented format/domain, and review outlier alerts",28076,0,0,0,1275,0.111636,text/categorical or mixed,Texto; revisar si es respuesta abierta o categoría textual,Sin alerta heurística de cardinalidad.,"Etiqueta y metadatos importados del DDI oficial INE EH2025, archivo F27",True,0,No aplicable: no es magnitud numérica confirmada,revisar códigos/categorías con el diccionario,0,,,,,,,,,,,
s05c_07,"En los últimos 12 meses, ¿recibió (...) dinero o encomiendas de otras personas que residen en el exterior del país? (s05c_07)","En los últimos 12 meses, ¿recibió (...) dinero o encomiendas de otras personas que residen en el exterior del país?",Sección 5: Ingresos no laborales del hogar,Personas de 7 años o más de edad,39497,35366,10.459,4131,0,0.0,numeric format checked; range/domain not confirmed,4131,10.459,80.0,"Retain; profile, check documented format/domain, and review outlier alerts",0,0,4131,0,2,5.7e-05,numeric-like; semantic quantitative type provisionally documented,Cuantitativa discreta/derivada según etiqueta INE,Sin alerta heurística de cardinalidad.,"Etiqueta y metadatos importados del DDI oficial INE EH2025, archivo F27",True,35366,IQR exploratorio × 1.5,IQR cero; alertas no clasificadas automáticamente,0,,,,1.0,2.0,1.9772663009670304,0.14905537956675222,2.0,2.0,2.0,0.0
estrato,Estrato (estrato),Estrato,"Variables geográficas, de diseño o derivadas",Las 102593 UPM del Marco Muestral 2012 contienen el estrato socio económico y se consideran en el diseño muestral de las encuestas.,39497,39497,0.0,0,0,0.0,not evaluated: variable domain is not confirmed,0,0.0,80.0,"Retain; profile, check documented format/domain, and review outlier alerts",0,0,0,0,70,0.001772,numeric-like candidate; no numeric summary until semantics are confirmed,Texto; revisar si es respuesta abierta o categoría textual,Sin alerta heurística de cardinalidad.,"Etiqueta y metadatos importados del DDI oficial INE EH2025, archivo F27",False,0,No aplicable: no es magnitud numérica confirmada,revisar códigos/categorías con el diccionario,0,,,,,,,,,,,
upm,upm anonimizada (upm),upm anonimizada,"Variables geográficas, de diseño o derivadas",El número total de UPM del Marco -2012 es de 102593 y se aplico a partir de las encuestas a hogares de la gestión 2014. En encuestas anteriores de la gestión 2002 a la 2013 se consideró el Marco-2001 que contiene 16790 UPM.,39497,39497,0.0,0,0,0.0,not evaluated: variable domain is not confirmed,0,0.0,80.0,"Retain; profile, check documented format/domain, and review outlier alerts",0,0,0,0,1082,0.027394,text/categorical or mixed,Identificador / diseño muestral,Sin alerta heurística de cardinalidad.,"Etiqueta y metadatos importados del DDI oficial INE EH2025, archivo F27",False,0,No aplicable: no es magnitud numérica confirmada,revisar códigos/categorías con el diccionario,0,,,,,,,,,,,
factor,Factor de expansión (factor),Factor de expansión,"Variables geográficas, de diseño o derivadas",None,39497,39497,0.0,0,0,0.0,numeric format checked; range/domain not confirmed,0,0.0,80.0,"Retain; profile, check documented format/domain, and review outlier alerts",0,0,0,0,1047,0.026508,numeric-like; semantic quantitative type provisionally documented,Cuantitativa discreta/derivada según etiqueta INE,Sin alerta heurística de cardinalidad.,"Etiqueta y metadatos importados del DDI oficial INE EH2025, archivo F27",False,39497,IQR exploratorio × 1.5,alerta estadística; requiere revisión semántica,2755,6.975213307339797,-91.582736317658,632.660572588982,18.3492739945811,3407.91172987707,313.8822189027014,261.6981214365135,180.008504522332,251.239534268644,361.069331748992,181.06082722666
cob_op,Grupo Ocupacional ocupación principal (cob_op),Grupo Ocupacional ocupación principal,"Variables geográficas, de diseño o derivadas",Personas de 7 años o más de edad,39497,19479,50.6823,20018,0,0.0,not evaluated: variable domain is not confirmed,20018,50.6823,80.0,"Retain; profile, check documented format/domain, and review outlier alerts",0,0,20018,22,10,0.000513,numeric-like candidate; no numeric summary until semantics are confirmed,Categórica o codificada según metadatos INE,Sin alerta heurística de cardinalidad.,"Etiqueta y metadatos importados del DDI oficial INE EH2025, archivo F27",False,0,No aplicable: no es magnitud numérica confirmada,revisar códigos/categorías con el diccionario,0,,,,,,,,,,,
caeb_op,Clasificación de Actividad Económica de Bolivia Ocupacion principal (caeb_op),Clasificación de Actividad Económica de Bolivia Ocupacion principal,"Variables geográficas, de diseño o derivadas",Personas de 7 años o más de edad,39497,19479,50.6823,20018,0,0.0,not evaluated: variable domain is not confirmed,20018,50.6823,80.0,"Retain; profile, check documented format/domain, and review outlier alerts",0,0,20018,4407,21,0.001078,numeric-like candidate; no numeric summary until semantics are confirmed,Categórica o codificada según metadatos INE,Sin alerta heurística de cardinalidad.,"Etiqueta y metadatos importados del DDI oficial INE EH2025, archivo F27",False,0,No aplicable: no es magnitud numérica confirmada,revisar códigos/categorías con el diccionario,0,,,,,,,,,,,
pet,Poblacion en edad de trabajar 14 o más años (pet),Poblacion en edad de trabajar 14 o más años,"Variables geográficas, de diseño o derivadas",Todos los miembros del hogar,39497,39497,0.0,0,0,0.0,numeric format checked; range/domain not confirmed,0,0.0,80.0,"Retain; profile, check documented format/domain, and review outlier alerts",0,0,0,9544,2,5.1e-05,numeric-like; semantic quantitative type provisionally documented,Cuantitativa discreta/derivada según etiqueta INE,Sin alerta heurística de cardinalidad.,"Etiqueta y metadatos importados del DDI oficial INE EH2025, archivo F27",True,39497,IQR exploratorio × 1.5,IQR cero; alertas no clasificadas automáticamente,0,,,,0.0,1.0,0.7583613945362939,0.4280818023557677,1.0,1.0,1.0,0.0
pea,Poblacion Activa (pea),Poblacion Activa,"Variables geográficas, de diseño o derivadas",Personas de 7 años o más de edad,39497,35366,10.459,4131,0,0.0,not evaluated: variable domain is not confirmed,4131,10.459,80.0,"Retain; profile, check documented format/domain, and review outlier alerts",0,0,4131,14905,2,5.7e-05,numeric-like candidate; no numeric summary until semantics are confirmed,Categórica o codificada según metadatos INE,Sin alerta heurística de cardinalidad.,"Etiqueta y metadatos importados del DDI oficial INE EH2025, archivo F27",True,0,No aplicable: no es magnitud numérica confirmada,revisar códigos/categorías con el diccionario,0,,,,,,,,,,,
pei,Poblacion Inactiva (pei),Poblacion Inactiva,"Variables geográficas, de diseño o derivadas",Personas de 7 años o más de edad,39497,35366,10.459,4131,0,0.0,not evaluated: variable domain is not confirmed,4131,10.459,80.0,"Retain; profile, check documented format/domain, and review outlier alerts",0,0,4131,20461,2,5.7e-05,numeric-like candidate; no numeric summary until semantics are confirmed,Categórica o codificada según metadatos INE,Sin alerta heurística de cardinalidad.,"Etiqueta y metadatos importados del DDI oficial INE EH2025, archivo F27",True,0,No aplicable: no es magnitud numérica confirmada,revisar códigos/categorías con el diccionario,0,,,,,,,,,,,
condact,Condicion de Actividad Ocupacion Principal (condact),Condicion de Actividad Ocupacion Principal,"Variables geográficas, de diseño o derivadas",Personas de 7 años o más de edad,39497,35366,10.459,4131,0,0.0,not evaluated: variable domain is not confirmed,4131,10.459,80.0,"Retain; profile, check documented format/domain, and review outlier alerts",0,0,4131,0,5,0.000141,numeric-like candidate; no numeric summary until semantics are confirmed,Categórica o codificada según metadatos INE,Sin alerta heurística de cardinalidad.,"Etiqueta y metadatos importados del DDI oficial INE EH2025, archivo F27",False,0,No aplicable: no es magnitud numérica confirmada,revisar códigos/categorías con el diccionario,0,,,,,,,,,,,
phrs,Horas trabajadas a la semana Ocupación Principal (phrs),Horas trabajadas a la semana Ocupación Principal,"Variables geográficas, de diseño o derivadas",Personas de 7 años o más de edad,39497,19479,50.6823,20018,0,0.0,numeric format checked; range/domain not confirmed,20018,50.6823,80.0,"Retain; profile, check documented format/domain, and review outlier alerts",0,0,20018,0,203,0.010421,numeric-like; semantic quantitative type provisionally documented,Cuantitativa discreta/derivada según etiqueta INE,Sin alerta heurística de cardinalidad.,"Etiqueta y metadatos importados del DDI oficial INE EH2025, archivo F27",True,19479,IQR exploratorio × 1.5,alerta estadística; requiere revisión semántica,245,1.2577647723189076,-6.0,90.0,1.0,171.5,43.2517968068176,19.2099906691537,30.0,43.75,54.0,24.0
tothrs,Horas trabajadas a la semana (tothrs),Horas trabajadas a la semana,"Variables geográficas, de diseño o derivadas",Personas de 7 años o más de edad,39497,19479,50.6823,20018,0,0.0,numeric format checked; range/domain not confirmed,20018,50.6823,80.0,"Retain; profile, check documented format/domain, and review outlier alerts",0,0,20018,0,299,0.01535,numeric-like; semantic quantitative type provisionally documented,Cuantitativa discreta/derivada según etiqueta INE,Sin alerta heurística de cardinalidad.,"Etiqueta y metadatos importados del DDI oficial INE EH2025, archivo F27",False,19479,IQR exploratorio × 1.5,alerta estadística; requiere revisión semántica,261,1.339904512551979,-9.0,95.0,1.0,192.0,44.42926998305868,19.5721036676323,30.0,45.0,56.0,26.0
totper,Total de personas que habitan en el hogar (definición del diccionario local anterior; no figura en F27). (totper),Total de personas que habitan en el hogar (definición del diccionario local anterior; no figura en F27).,Extensión local; no pertenece a F27 oficial,No especificado en el diccionario,39497,39477,0.0506,20,0,0.0,numeric format checked; range/domain not confirmed,20,0.0506,80.0,"Retain; profile, check documented format/domain, and review outlier alerts",0,0,20,0,1,2.5e-05,numeric-like; semantic quantitative type provisionally documented,Cuantitativa candidata; confirmar unidad/universo,Sin alerta heurística de cardinalidad.,Extensión local no incluida en el DDI oficial; confirmar versión y procedencia,False,39477,IQR exploratorio × 1.5,IQR cero; alertas no clasificadas automáticamente,0,,,,1.0,1.0,1.0,0.0,1.0,1.0,1.0,0.0
yprilab,Ingreso laboral Ocupación Principal (Bs/Mes) (yprilab),Ingreso laboral Ocupación Principal (Bs/Mes),"Variables geográficas, de diseño o derivadas",Personas de 7 años o más de edad,39497,16696,57.7284,22801,0,0.0,numeric format checked; range/domain not confirmed,22801,57.7284,80.0,"Retain; profile, check documented format/domain, and review outlier alerts",0,0,22801,0,5013,0.300252,numeric-like; semantic quantitative type provisionally documented,Cuantitativa monetaria según etiqueta INE,Sin alerta heurística de cardinalidad.,"Etiqueta y metadatos importados del DDI oficial INE EH2025, archivo F27",True,16696,IQR exploratorio × 1.5,alerta estadística; requiere revisión semántica,839,5.025155725922376,-2401.0001220703125,8001.6668701171875,6.66666698455811,75064.875,3267.5043927732127,2983.0656777515906,1500.0,2614.70336914063,4100.666748046875,2600.666748046875
ylab,Ingreso laboral (Bs/Mes) (ylab),Ingreso laboral (Bs/Mes),"Variables geográficas, de diseño o derivadas",Personas de 7 años o más de edad,39497,16709,57.6955,22788,0,0.0,numeric format checked; range/domain not confirmed,22788,57.6955,80.0,"Retain; profile, check documented format/domain, and review outlier alerts",0,0,22788,0,5362,0.320905,numeric-like; semantic quantitative type provisionally documented,Cuantitativa monetaria según etiqueta INE,Sin alerta heurística de cardinalidad.,"Etiqueta y metadatos importados del DDI oficial INE EH2025, archivo F27",True,16709,IQR exploratorio × 1.5,alerta estadística; requiere revisión semántica,845,5.0571548267400805,-2488.499816894525,8199.766296386715,6.66666698455811,82270.0,3330.0279733840594,3051.973979631998,1519.59997558594,2706.25,4191.66650390625,2672.0665283203098
ynolab,Ingreso no laboral (Bs/Mes) (ynolab),Ingreso no laboral (Bs/Mes),"Variables geográficas, de diseño o derivadas",Todos los miembros del hogar,39497,39497,0.0,0,0,0.0,numeric format checked; range/domain not confirmed,0,0.0,80.0,"Retain; profile, check documented format/domain, and review outlier alerts",0,0,0,21634,1993,0.05046,numeric-like; semantic quantitative type provisionally documented,Cuantitativa monetaria según etiqueta INE,Sin alerta heurística de cardinalidad.,"Etiqueta y metadatos importados del DDI oficial INE EH2025, archivo F27",True,39497,IQR exploratorio × 1.5,alerta estadística; requiere revisión semántica,7681,19.447046611135022,-150.0,250.0,0.0,21000.0,258.21187809164843,830.99285966565,0.0,0.0,100.0,100.0
yper,Ingreso personal (Bs/Mes) (yper),Ingreso personal (Bs/Mes),"Variables geográficas, de diseño o derivadas",Todos los miembros del hogar,39497,39497,0.0,0,0,0.0,numeric format checked; range/domain not confirmed,0,0.0,80.0,"Retain; profile, check documented format/domain, and review outlier alerts",0,0,0,8827,8252,0.208927,numeric-like; semantic quantitative type provisionally documented,Cuantitativa monetaria según etiqueta INE,Sin alerta heurística de cardinalidad.,"Etiqueta y metadatos importados del DDI oficial INE EH2025, archivo F27",True,39497,IQR exploratorio × 1.5,alerta estadística; requiere revisión semántica,1841,4.661113502291314,-3825.75,6472.25,0.0,97270.0,1666.9628568847327,2666.475294283327,36.0,429.166656494141,2610.5,2574.5
yhog,Ingreso del hogar (Bs/Mes) (yhog),Ingreso del hogar (Bs/Mes),"Variables geográficas, de diseño o derivadas",Todos los miembros del hogar excluyendo personal doméstico y sus parientes,39497,39477,0.0506,20,0,0.0,numeric format checked; range/domain not confirmed,20,0.0506,80.0,"Retain; profile, check documented format/domain, and review outlier alerts",0,0,20,27,9935,0.251666,numeric-like; semantic quantitative type provisionally documented,Cuantitativa monetaria según etiqueta INE,Sin alerta heurística de cardinalidad.,"Etiqueta y metadatos importados del DDI oficial INE EH2025, archivo F27",True,39477,IQR exploratorio × 1.5,alerta estadística; requiere revisión semántica,1889,4.785064721230083,-4356.25,14661.75,0.0,106375.0,5847.800665889736,4961.889476550446,2775.5,4656.0498046875,7530.0,4754.5
yhogpc,Ingreso percápita del hogar (Bs/Mes) (yhogpc),Ingreso percápita del hogar (Bs/Mes),"Variables geográficas, de diseño o derivadas",Todos los miembros del hogar excluyendo personal doméstico y sus parientes,39497,39477,0.0506,20,0,0.0,numeric format checked; range/domain not confirmed,20,0.0506,80.0,"Retain; profile, check documented format/domain, and review outlier alerts",0,0,20,27,10320,0.261418,numeric-like; semantic quantitative type provisionally documented,Cuantitativa monetaria según etiqueta INE,Sin alerta heurística de cardinalidad.,"Etiqueta y metadatos importados del DDI oficial INE EH2025, archivo F27",True,39477,IQR exploratorio × 1.5,alerta estadística; requiere revisión semántica,2204,5.582997694860299,-1234.75,4075.25,0.0,39358.66796875,1666.6890312199366,1545.2204894109502,756.5,1257.29174804688,2084.0,1327.5
z,Línea de pobreza (Bs/persona/mes) (z),Línea de pobreza (Bs/persona/mes),"Variables geográficas, de diseño o derivadas",Todos los miembros del hogar excluyendo personal doméstico y sus parientes,39497,39497,0.0,0,0,0.0,numeric format checked; range/domain not confirmed,0,0.0,80.0,"Retain; profile, check documented format/domain, and review outlier alerts",0,0,0,0,12,0.000304,numeric-like; semantic quantitative type provisionally documented,Cuantitativa monetaria según etiqueta INE,Sin alerta heurística de cardinalidad.,"Etiqueta y metadatos importados del DDI oficial INE EH2025, archivo F27",True,39497,IQR exploratorio × 1.5,alerta estadística; requiere revisión semántica,0,0.0,484.3500366210949,1615.789978027343,761.840026855469,1228.81005859375,995.5384926510441,175.73375557397495,908.640014648438,946.090026855469,1191.5,282.85998535156205
zext,Línea de pobreza extrema o de indigencia (bs/persona/mes) (zext),Línea de pobreza extrema o de indigencia (bs/persona/mes),"Variables geográficas, de diseño o derivadas",Todos los miembros del hogar excluyendo personal doméstico y sus parientes,39497,39497,0.0,0,0,0.0,numeric format checked; range/domain not confirmed,0,0.0,80.0,"Retain; profile, check documented format/domain, and review outlier alerts",0,0,0,0,12,0.000304,numeric-like; semantic quantitative type provisionally documented,Cuantitativa monetaria según etiqueta INE,Sin alerta heurística de cardinalidad.,"Etiqueta y metadatos importados del DDI oficial INE EH2025, archivo F27",True,39497,IQR exploratorio × 1.5,alerta estadística; requiere revisión semántica,0,0.0,254.60498046875196,796.6450195312481,436.720001220703,603.799987792969,511.1674318517146,67.47687202384279,457.869995117188,473.290008544922,593.380004882812,135.51000976562403
p0,Pobreza por ingreso (p0),Pobreza por ingreso,"Variables geográficas, de diseño o derivadas",Todos los miembros del hogar excluyendo personal doméstico y sus parientes,39497,39477,0.0506,20,0,0.0,numeric format checked; range/domain not confirmed,20,0.0506,80.0,"Retain; profile, check documented format/domain, and review outlier alerts",0,0,20,24550,2,5.1e-05,numeric-like; semantic quantitative type provisionally documented,Cuantitativa monetaria según etiqueta INE,Sin alerta heurística de cardinalidad.,"Etiqueta y metadatos importados del DDI oficial INE EH2025, archivo F27",True,39477,IQR exploratorio × 1.5,alerta estadística; requiere revisión semántica,0,0.0,-1.5,2.5,0.0,1.0,0.37811890467867365,0.48492365920879527,0.0,0.0,1.0,1.0
p1,Brecha de pobreza por ingreso (p1),Brecha de pobreza por ingreso,"Variables geográficas, de diseño o derivadas",Todos los miembros del hogar excluyendo personal doméstico y sus parientes,39497,39477,0.0506,20,0,0.0,numeric format checked; range/domain not confirmed,20,0.0506,80.0,"Retain; profile, check documented format/domain, and review outlier alerts",0,0,20,24550,3649,0.092434,numeric-like; semantic quantitative type provisionally documented,Cuantitativa monetaria según etiqueta INE,Sin alerta heurística de cardinalidad.,"Etiqueta y metadatos importados del DDI oficial INE EH2025, archivo F27",True,39477,IQR exploratorio × 1.5,alerta estadística; requiere revisión semántica,3046,7.715885198976618,-0.3504393920302395,0.5840656533837325,0.0,1.0,0.13900812344944574,0.230165238409695,0.0,0.0,0.233626261353493,0.233626261353493
p2,Magnitud de pobreza por ingreso (p2),Magnitud de pobreza por ingreso,"Variables geográficas, de diseño o derivadas",Todos los miembros del hogar excluyendo personal doméstico y sus parientes,39497,39477,0.0506,20,0,0.0,numeric format checked; range/domain not confirmed,20,0.0506,80.0,"Retain; profile, check documented format/domain, and review outlier alerts",0,0,20,24550,3649,0.092434,numeric-like; semantic quantitative type provisionally documented,Cuantitativa monetaria según etiqueta INE,Sin alerta heurística de cardinalidad.,"Etiqueta y metadatos importados del DDI oficial INE EH2025, archivo F27",True,39477,IQR exploratorio × 1.5,alerta estadística; requiere revisión semántica,6876,17.417736910099553,-0.0818718429654837,0.1364530716091395,0.0,1.0,0.0722979534713637,0.15747540309038266,0.0,0.0,0.0545812286436558,0.0545812286436558
pext0,Pobreza extrema o indigencia por ingreso (pext0),Pobreza extrema o indigencia por ingreso,"Variables geográficas, de diseño o derivadas",Todos los miembros del hogar excluyendo personal doméstico y sus parientes,39497,39477,0.0506,20,0,0.0,numeric format checked; range/domain not confirmed,20,0.0506,80.0,"Retain; profile, check documented format/domain, and review outlier alerts",0,0,20,34781,2,5.1e-05,numeric-like; semantic quantitative type provisionally documented,Cuantitativa monetaria según etiqueta INE,Sin alerta heurística de cardinalidad.,"Etiqueta y metadatos importados del DDI oficial INE EH2025, archivo F27",True,39477,IQR exploratorio × 1.5,IQR cero; alertas no clasificadas automáticamente,0,,,,0.0,1.0,0.11895534108468223,0.3237400543886127,0.0,0.0,0.0,0.0
pext1,Brecha de pobreza extrema por ingreso (pext1),Brecha de pobreza extrema por ingreso,"Variables geográficas, de diseño o derivadas",Todos los miembros del hogar excluyendo personal doméstico y sus parientes,39497,39477,0.0506,20,0,0.0,numeric format checked; range/domain not confirmed,20,0.0506,80.0,"Retain; profile, check documented format/domain, and review outlier alerts",0,0,20,34781,1087,0.027535,numeric-like; semantic quantitative type provisionally documented,Cuantitativa monetaria según etiqueta INE,Sin alerta heurística de cardinalidad.,"Etiqueta y metadatos importados del DDI oficial INE EH2025, archivo F27",True,39477,IQR exploratorio × 1.5,IQR cero; alertas no clasificadas automáticamente,0,,,,0.0,1.0,0.04261048680508252,0.1437997016227099,0.0,0.0,0.0,0.0
pext2,Magnitud de pobreza extrema por ingreso (pext2),Magnitud de pobreza extrema por ingreso,"Variables geográficas, de diseño o derivadas",Todos los miembros del hogar excluyendo personal doméstico y sus parientes,39497,39477,0.0506,20,0,0.0,numeric format checked; range/domain not confirmed,20,0.0506,80.0,"Retain; profile, check documented format/domain, and review outlier alerts",0,0,20,34781,1087,0.027535,numeric-like; semantic quantitative type provisionally documented,Cuantitativa monetaria según etiqueta INE,Sin alerta heurística de cardinalidad.,"Etiqueta y metadatos importados del DDI oficial INE EH2025, archivo F27",True,39477,IQR exploratorio × 1.5,IQR cero; alertas no clasificadas automáticamente,0,,,,0.0,1.0,0.022493483988387238,0.0958264686362037,0.0,0.0,0.0,0.0
tipohogar,Tipo de hogar recodificado (tipohogar),Tipo de hogar recodificado,"Variables geográficas, de diseño o derivadas",None,39497,39497,0.0,0,0,0.0,not evaluated: variable domain is not confirmed,0,0.0,80.0,"Retain; profile, check documented format/domain, and review outlier alerts",0,0,0,0,7,0.000177,numeric-like candidate; no numeric summary until semantics are confirmed,Categórica o codificada según metadatos INE,Sin alerta heurística de cardinalidad.,"Etiqueta y metadatos importados del DDI oficial INE EH2025, archivo F27",False,0,No aplicable: no es magnitud numérica confirmada,revisar códigos/categorías con el diccionario,0,,,,,,,,,,,
cobersalud,Cobertura de Seguro de Salud (cobersalud),Cobertura de Seguro de Salud,"Variables geográficas, de diseño o derivadas",Todos los miembros del hogar,39497,39497,0.0,0,0,0.0,not evaluated: variable domain is not confirmed,0,0.0,80.0,"Retain; profile, check documented format/domain, and review outlier alerts",0,0,0,0,4,0.000101,numeric-like candidate; no numeric summary until semantics are confirmed,Categórica o codificada según metadatos INE,Sin alerta heurística de cardinalidad.,"Etiqueta y metadatos importados del DDI oficial INE EH2025, archivo F27",False,0,No aplicable: no es magnitud numérica confirmada,revisar códigos/categorías con el diccionario,0,,,,,,,,,,,
hnv_ult_a,Hijos nacidos vivos en el último año (hnv_ult_a),Hijos nacidos vivos en el último año,"Variables geográficas, de diseño o derivadas",Mujeres entre 13 a 50 años de edad,39497,11328,71.3193,28169,0,0.0,numeric format checked; range/domain not confirmed,28169,71.3193,80.0,"Retain; profile, check documented format/domain, and review outlier alerts",0,0,28169,10830,2,0.000177,numeric-like; semantic quantitative type provisionally documented,Cuantitativa discreta/derivada según etiqueta INE,Sin alerta heurística de cardinalidad.,"Etiqueta y metadatos importados del DDI oficial INE EH2025, archivo F27",False,11328,IQR exploratorio × 1.5,IQR cero; alertas no clasificadas automáticamente,0,,,,0.0,1.0,0.04396186440677966,0.20501933913336845,0.0,0.0,0.0,0.0
niv_ed,Nivel educativo detallado (niv_ed),Nivel educativo detallado,"Variables geográficas, de diseño o derivadas",Personas de 4 años o mas de edad,39497,37354,5.4257,2143,0,0.0,not evaluated: variable domain is not confirmed,2143,5.4257,80.0,"Retain; profile, check documented format/domain, and review outlier alerts",0,0,2143,3273,7,0.000187,numeric-like candidate; no numeric summary until semantics are confirmed,Categórica o codificada según metadatos INE,Sin alerta heurística de cardinalidad.,"Etiqueta y metadatos importados del DDI oficial INE EH2025, archivo F27",False,0,No aplicable: no es magnitud numérica confirmada,revisar códigos/categorías con el diccionario,0,,,,,,,,,,,
niv_ed_g,Nivel educativo general (niv_ed_g),Nivel educativo general,"Variables geográficas, de diseño o derivadas",Personas de 4 años o mas de edad,39497,37354,5.4257,2143,0,0.0,not evaluated: variable domain is not confirmed,2143,5.4257,80.0,"Retain; profile, check documented format/domain, and review outlier alerts",0,0,2143,3273,5,0.000134,numeric-like candidate; no numeric summary until semantics are confirmed,Categórica o codificada según metadatos INE,Sin alerta heurística de cardinalidad.,"Etiqueta y metadatos importados del DDI oficial INE EH2025, archivo F27",False,0,No aplicable: no es magnitud numérica confirmada,revisar códigos/categorías con el diccionario,0,,,,,,,,,,,
cmasi,Condición de Matriculación y Asistencia (cmasi),Condición de Matriculación y Asistencia,"Variables geográficas, de diseño o derivadas",Personas de 4 años o mas de edad,39497,37354,5.4257,2143,0,0.0,not evaluated: variable domain is not confirmed,2143,5.4257,80.0,"Retain; profile, check documented format/domain, and review outlier alerts",0,0,2143,0,3,8e-05,numeric-like candidate; no numeric summary until semantics are confirmed,Categórica o codificada según metadatos INE,Sin alerta heurística de cardinalidad.,"Etiqueta y metadatos importados del DDI oficial INE EH2025, archivo F27",False,0,No aplicable: no es magnitud numérica confirmada,revisar códigos/categorías con el diccionario,0,,,,,,,,,,,
aestudio,Años de estudio (aestudio),Años de estudio,"Variables geográficas, de diseño o derivadas",Personas de 4 años o más de edad,39497,37354,5.4257,2143,0,0.0,numeric format checked; range/domain not confirmed,2143,5.4257,80.0,"Retain; profile, check documented format/domain, and review outlier alerts",0,0,2143,3273,24,0.000643,numeric-like; semantic quantitative type provisionally documented,Cuantitativa discreta/derivada según etiqueta INE,Sin alerta heurística de cardinalidad.,"Etiqueta y metadatos importados del DDI oficial INE EH2025, archivo F27",False,37354,IQR exploratorio × 1.5,alerta estadística; requiere revisión semántica,0,0.0,-9.5,26.5,0.0,23.0,9.046956149274509,5.492721553604773,4.0,10.0,13.0,9.0
