rule_id,rule_version,column,rule,theory_ref,rows_examined,cells_changed,status,missing_count,malformed_count,malformed_check_status,incomplete_or_malformed_pct,threshold_pct
L-03,1,area,Trim documented coded/numeric fields only; preserve free-text answers and internal content,curso/02_tipos_de_datos.md + curso/05_preparacion_de_datos.md: type-aware transformation,39497,0.0,no changes,,,,,
L-03,1,depto,Trim documented coded/numeric fields only; preserve free-text answers and internal content,curso/02_tipos_de_datos.md + curso/05_preparacion_de_datos.md: type-aware transformation,39497,0.0,no changes,,,,,
L-03,1,s01a_02,Trim documented coded/numeric fields only; preserve free-text answers and internal content,curso/02_tipos_de_datos.md + curso/05_preparacion_de_datos.md: type-aware transformation,39497,0.0,no changes,,,,,
L-03,1,s01a_03,Trim documented coded/numeric fields only; preserve free-text answers and internal content,curso/02_tipos_de_datos.md + curso/05_preparacion_de_datos.md: type-aware transformation,39497,0.0,no changes,,,,,
L-03,1,s01a_04a,Trim documented coded/numeric fields only; preserve free-text answers and internal content,curso/02_tipos_de_datos.md + curso/05_preparacion_de_datos.md: type-aware transformation,39497,0.0,no changes,,,,,
L-03,1,s01a_04b,Trim documented coded/numeric fields only; preserve free-text answers and internal content,curso/02_tipos_de_datos.md + curso/05_preparacion_de_datos.md: type-aware transformation,39497,0.0,no changes,,,,,
L-03,1,s01a_04c,Trim documented coded/numeric fields only; preserve free-text answers and internal content,curso/02_tipos_de_datos.md + curso/05_preparacion_de_datos.md: type-aware transformation,39497,0.0,no changes,,,,,
L-03,1,s01a_05,Trim documented coded/numeric fields only; preserve free-text answers and internal content,curso/02_tipos_de_datos.md + curso/05_preparacion_de_datos.md: type-aware transformation,39497,0.0,no changes,,,,,
L-03,1,s01a_05a,Trim documented coded/numeric fields only; preserve free-text answers and internal content,curso/02_tipos_de_datos.md + curso/05_preparacion_de_datos.md: type-aware transformation,39497,0.0,no changes,,,,,
L-03,1,s01a_05b,Trim documented coded/numeric fields only; preserve free-text answers and internal content,curso/02_tipos_de_datos.md + curso/05_preparacion_de_datos.md: type-aware transformation,39497,0.0,no changes,,,,,
L-03,1,s01a_05c,Trim documented coded/numeric fields only; preserve free-text answers and internal content,curso/02_tipos_de_datos.md + curso/05_preparacion_de_datos.md: type-aware transformation,39497,0.0,no changes,,,,,
L-03,1,s01a_06,Trim documented coded/numeric fields only; preserve free-text answers and internal content,curso/02_tipos_de_datos.md + curso/05_preparacion_de_datos.md: type-aware transformation,39497,0.0,no changes,,,,,
L-03,1,s01a_07_1,Trim documented coded/numeric fields only; preserve free-text answers and internal content,curso/02_tipos_de_datos.md + curso/05_preparacion_de_datos.md: type-aware transformation,39497,0.0,no changes,,,,,
L-03,1,s01a_07_2,Trim documented coded/numeric fields only; preserve free-text answers and internal content,curso/02_tipos_de_datos.md + curso/05_preparacion_de_datos.md: type-aware transformation,39497,0.0,no changes,,,,,
L-03,1,s01a_07_3,Trim documented coded/numeric fields only; preserve free-text answers and internal content,curso/02_tipos_de_datos.md + curso/05_preparacion_de_datos.md: type-aware transformation,39497,0.0,no changes,,,,,
L-03,1,s01a_08,Trim documented coded/numeric fields only; preserve free-text answers and internal content,curso/02_tipos_de_datos.md + curso/05_preparacion_de_datos.md: type-aware transformation,39497,0.0,no changes,,,,,
L-03,1,s01a_09,Trim documented coded/numeric fields only; preserve free-text answers and internal content,curso/02_tipos_de_datos.md + curso/05_preparacion_de_datos.md: type-aware transformation,39497,0.0,no changes,,,,,
L-03,1,s01a_09npioc,Trim documented coded/numeric fields only; preserve free-text answers and internal content,curso/02_tipos_de_datos.md + curso/05_preparacion_de_datos.md: type-aware transformation,39497,0.0,no changes,,,,,
L-03,1,s01a_10,Trim documented coded/numeric fields only; preserve free-text answers and internal content,curso/02_tipos_de_datos.md + curso/05_preparacion_de_datos.md: type-aware transformation,39497,0.0,no changes,,,,,
L-03,1,s01b_11a,Trim documented coded/numeric fields only; preserve free-text answers and internal content,curso/02_tipos_de_datos.md + curso/05_preparacion_de_datos.md: type-aware transformation,39497,0.0,no changes,,,,,
L-03,1,s01b_11b,Trim documented coded/numeric fields only; preserve free-text answers and internal content,curso/02_tipos_de_datos.md + curso/05_preparacion_de_datos.md: type-aware transformation,39497,0.0,no changes,,,,,
L-03,1,s01b_11c,Trim documented coded/numeric fields only; preserve free-text answers and internal content,curso/02_tipos_de_datos.md + curso/05_preparacion_de_datos.md: type-aware transformation,39497,0.0,no changes,,,,,
L-03,1,s01b_11d,Trim documented coded/numeric fields only; preserve free-text answers and internal content,curso/02_tipos_de_datos.md + curso/05_preparacion_de_datos.md: type-aware transformation,39497,0.0,no changes,,,,,
L-03,1,s01b_11e,Trim documented coded/numeric fields only; preserve free-text answers and internal content,curso/02_tipos_de_datos.md + curso/05_preparacion_de_datos.md: type-aware transformation,39497,0.0,no changes,,,,,
L-03,1,s01b_12,Trim documented coded/numeric fields only; preserve free-text answers and internal content,curso/02_tipos_de_datos.md + curso/05_preparacion_de_datos.md: type-aware transformation,39497,0.0,no changes,,,,,
L-03,1,s01b_13a,Trim documented coded/numeric fields only; preserve free-text answers and internal content,curso/02_tipos_de_datos.md + curso/05_preparacion_de_datos.md: type-aware transformation,39497,0.0,no changes,,,,,
L-03,1,s01b_13b,Trim documented coded/numeric fields only; preserve free-text answers and internal content,curso/02_tipos_de_datos.md + curso/05_preparacion_de_datos.md: type-aware transformation,39497,0.0,no changes,,,,,
L-03,1,s02a_01a,Trim documented coded/numeric fields only; preserve free-text answers and internal content,curso/02_tipos_de_datos.md + curso/05_preparacion_de_datos.md: type-aware transformation,39497,0.0,no changes,,,,,
L-03,1,s02a_01b,Trim documented coded/numeric fields only; preserve free-text answers and internal content,curso/02_tipos_de_datos.md + curso/05_preparacion_de_datos.md: type-aware transformation,39497,0.0,no changes,,,,,
L-03,1,s02a_02a,Trim documented coded/numeric fields only; preserve free-text answers and internal content,curso/02_tipos_de_datos.md + curso/05_preparacion_de_datos.md: type-aware transformation,39497,0.0,no changes,,,,,
L-03,1,s02a_02b,Trim documented coded/numeric fields only; preserve free-text answers and internal content,curso/02_tipos_de_datos.md + curso/05_preparacion_de_datos.md: type-aware transformation,39497,0.0,no changes,,,,,
L-03,1,s02a_02c,Trim documented coded/numeric fields only; preserve free-text answers and internal content,curso/02_tipos_de_datos.md + curso/05_preparacion_de_datos.md: type-aware transformation,39497,0.0,no changes,,,,,
L-03,1,s02a_02d,Trim documented coded/numeric fields only; preserve free-text answers and internal content,curso/02_tipos_de_datos.md + curso/05_preparacion_de_datos.md: type-aware transformation,39497,0.0,no changes,,,,,
L-03,1,s02a_02e,Trim documented coded/numeric fields only; preserve free-text answers and internal content,curso/02_tipos_de_datos.md + curso/05_preparacion_de_datos.md: type-aware transformation,39497,0.0,no changes,,,,,
L-03,1,s02a_02f,Trim documented coded/numeric fields only; preserve free-text answers and internal content,curso/02_tipos_de_datos.md + curso/05_preparacion_de_datos.md: type-aware transformation,39497,0.0,no changes,,,,,
L-03,1,s02a_02g,Trim documented coded/numeric fields only; preserve free-text answers and internal content,curso/02_tipos_de_datos.md + curso/05_preparacion_de_datos.md: type-aware transformation,39497,0.0,no changes,,,,,
L-03,1,s02a_02h,Trim documented coded/numeric fields only; preserve free-text answers and internal content,curso/02_tipos_de_datos.md + curso/05_preparacion_de_datos.md: type-aware transformation,39497,0.0,no changes,,,,,
L-03,1,s02a_03a,Trim documented coded/numeric fields only; preserve free-text answers and internal content,curso/02_tipos_de_datos.md + curso/05_preparacion_de_datos.md: type-aware transformation,39497,0.0,no changes,,,,,
L-03,1,s02a_03b,Trim documented coded/numeric fields only; preserve free-text answers and internal content,curso/02_tipos_de_datos.md + curso/05_preparacion_de_datos.md: type-aware transformation,39497,0.0,no changes,,,,,
L-03,1,s02a_03c,Trim documented coded/numeric fields only; preserve free-text answers and internal content,curso/02_tipos_de_datos.md + curso/05_preparacion_de_datos.md: type-aware transformation,39497,0.0,no changes,,,,,
L-03,1,s02a_03d,Trim documented coded/numeric fields only; preserve free-text answers and internal content,curso/02_tipos_de_datos.md + curso/05_preparacion_de_datos.md: type-aware transformation,39497,0.0,no changes,,,,,
L-03,1,s02a_03e,Trim documented coded/numeric fields only; preserve free-text answers and internal content,curso/02_tipos_de_datos.md + curso/05_preparacion_de_datos.md: type-aware transformation,39497,0.0,no changes,,,,,
L-03,1,s02a_04a,Trim documented coded/numeric fields only; preserve free-text answers and internal content,curso/02_tipos_de_datos.md + curso/05_preparacion_de_datos.md: type-aware transformation,39497,0.0,no changes,,,,,
L-03,1,s02a_04b,Trim documented coded/numeric fields only; preserve free-text answers and internal content,curso/02_tipos_de_datos.md + curso/05_preparacion_de_datos.md: type-aware transformation,39497,0.0,no changes,,,,,
L-03,1,s02a_04c,Trim documented coded/numeric fields only; preserve free-text answers and internal content,curso/02_tipos_de_datos.md + curso/05_preparacion_de_datos.md: type-aware transformation,39497,0.0,no changes,,,,,
L-03,1,s02a_04d,Trim documented coded/numeric fields only; preserve free-text answers and internal content,curso/02_tipos_de_datos.md + curso/05_preparacion_de_datos.md: type-aware transformation,39497,0.0,no changes,,,,,
L-03,1,s02a_05,Trim documented coded/numeric fields only; preserve free-text answers and internal content,curso/02_tipos_de_datos.md + curso/05_preparacion_de_datos.md: type-aware transformation,39497,0.0,no changes,,,,,
L-03,1,s02b_06,Trim documented coded/numeric fields only; preserve free-text answers and internal content,curso/02_tipos_de_datos.md + curso/05_preparacion_de_datos.md: type-aware transformation,39497,0.0,no changes,,,,,
L-03,1,s02b_06b,Trim documented coded/numeric fields only; preserve free-text answers and internal content,curso/02_tipos_de_datos.md + curso/05_preparacion_de_datos.md: type-aware transformation,39497,0.0,no changes,,,,,
L-03,1,s02b_07,Trim documented coded/numeric fields only; preserve free-text answers and internal content,curso/02_tipos_de_datos.md + curso/05_preparacion_de_datos.md: type-aware transformation,39497,0.0,no changes,,,,,
L-03,1,s02b_08,Trim documented coded/numeric fields only; preserve free-text answers and internal content,curso/02_tipos_de_datos.md + curso/05_preparacion_de_datos.md: type-aware transformation,39497,0.0,no changes,,,,,
L-03,1,s02b_09a,Trim documented coded/numeric fields only; preserve free-text answers and internal content,curso/02_tipos_de_datos.md + curso/05_preparacion_de_datos.md: type-aware transformation,39497,0.0,no changes,,,,,
L-03,1,s02b_09b,Trim documented coded/numeric fields only; preserve free-text answers and internal content,curso/02_tipos_de_datos.md + curso/05_preparacion_de_datos.md: type-aware transformation,39497,0.0,no changes,,,,,
L-03,1,s02b_10,Trim documented coded/numeric fields only; preserve free-text answers and internal content,curso/02_tipos_de_datos.md + curso/05_preparacion_de_datos.md: type-aware transformation,39497,0.0,no changes,,,,,
L-03,1,s02b_11,Trim documented coded/numeric fields only; preserve free-text answers and internal content,curso/02_tipos_de_datos.md + curso/05_preparacion_de_datos.md: type-aware transformation,39497,0.0,no changes,,,,,
L-03,1,s02b_12a1,Trim documented coded/numeric fields only; preserve free-text answers and internal content,curso/02_tipos_de_datos.md + curso/05_preparacion_de_datos.md: type-aware transformation,39497,0.0,no changes,,,,,
L-03,1,s02b_12a2,Trim documented coded/numeric fields only; preserve free-text answers and internal content,curso/02_tipos_de_datos.md + curso/05_preparacion_de_datos.md: type-aware transformation,39497,0.0,no changes,,,,,
L-03,1,s02b_12b,Trim documented coded/numeric fields only; preserve free-text answers and internal content,curso/02_tipos_de_datos.md + curso/05_preparacion_de_datos.md: type-aware transformation,39497,0.0,no changes,,,,,
L-03,1,s02b_13,Trim documented coded/numeric fields only; preserve free-text answers and internal content,curso/02_tipos_de_datos.md + curso/05_preparacion_de_datos.md: type-aware transformation,39497,0.0,no changes,,,,,
L-03,1,s02b_14,Trim documented coded/numeric fields only; preserve free-text answers and internal content,curso/02_tipos_de_datos.md + curso/05_preparacion_de_datos.md: type-aware transformation,39497,0.0,no changes,,,,,
L-03,1,s02b_14a,Trim documented coded/numeric fields only; preserve free-text answers and internal content,curso/02_tipos_de_datos.md + curso/05_preparacion_de_datos.md: type-aware transformation,39497,0.0,no changes,,,,,
L-03,1,s02c_15,Trim documented coded/numeric fields only; preserve free-text answers and internal content,curso/02_tipos_de_datos.md + curso/05_preparacion_de_datos.md: type-aware transformation,39497,0.0,no changes,,,,,
L-03,1,s02d_16,Trim documented coded/numeric fields only; preserve free-text answers and internal content,curso/02_tipos_de_datos.md + curso/05_preparacion_de_datos.md: type-aware transformation,39497,0.0,no changes,,,,,
L-03,1,s02d_17,Trim documented coded/numeric fields only; preserve free-text answers and internal content,curso/02_tipos_de_datos.md + curso/05_preparacion_de_datos.md: type-aware transformation,39497,0.0,no changes,,,,,
L-03,1,s02d_17a,Trim documented coded/numeric fields only; preserve free-text answers and internal content,curso/02_tipos_de_datos.md + curso/05_preparacion_de_datos.md: type-aware transformation,39497,0.0,no changes,,,,,
L-03,1,s03a_01,Trim documented coded/numeric fields only; preserve free-text answers and internal content,curso/02_tipos_de_datos.md + curso/05_preparacion_de_datos.md: type-aware transformation,39497,0.0,no changes,,,,,
L-03,1,s03a_01a,Trim documented coded/numeric fields only; preserve free-text answers and internal content,curso/02_tipos_de_datos.md + curso/05_preparacion_de_datos.md: type-aware transformation,39497,0.0,no changes,,,,,
L-03,1,s03a_02a,Trim documented coded/numeric fields only; preserve free-text answers and internal content,curso/02_tipos_de_datos.md + curso/05_preparacion_de_datos.md: type-aware transformation,39497,0.0,no changes,,,,,
L-03,1,s03a_02c,Trim documented coded/numeric fields only; preserve free-text answers and internal content,curso/02_tipos_de_datos.md + curso/05_preparacion_de_datos.md: type-aware transformation,39497,0.0,no changes,,,,,
L-03,1,s03a_03a,Trim documented coded/numeric fields only; preserve free-text answers and internal content,curso/02_tipos_de_datos.md + curso/05_preparacion_de_datos.md: type-aware transformation,39497,0.0,no changes,,,,,
L-03,1,s03a_03c,Trim documented coded/numeric fields only; preserve free-text answers and internal content,curso/02_tipos_de_datos.md + curso/05_preparacion_de_datos.md: type-aware transformation,39497,0.0,no changes,,,,,
L-03,1,s03a_04,Trim documented coded/numeric fields only; preserve free-text answers and internal content,curso/02_tipos_de_datos.md + curso/05_preparacion_de_datos.md: type-aware transformation,39497,0.0,no changes,,,,,
L-03,1,s03a_05,Trim documented coded/numeric fields only; preserve free-text answers and internal content,curso/02_tipos_de_datos.md + curso/05_preparacion_de_datos.md: type-aware transformation,39497,0.0,no changes,,,,,
L-03,1,s03a_05e,Trim documented coded/numeric fields only; preserve free-text answers and internal content,curso/02_tipos_de_datos.md + curso/05_preparacion_de_datos.md: type-aware transformation,39497,0.0,no changes,,,,,
L-03,1,s03a_06a,Trim documented coded/numeric fields only; preserve free-text answers and internal content,curso/02_tipos_de_datos.md + curso/05_preparacion_de_datos.md: type-aware transformation,39497,0.0,no changes,,,,,
L-03,1,s03a_06c,Trim documented coded/numeric fields only; preserve free-text answers and internal content,curso/02_tipos_de_datos.md + curso/05_preparacion_de_datos.md: type-aware transformation,39497,0.0,no changes,,,,,
L-03,1,s03a_07a,Trim documented coded/numeric fields only; preserve free-text answers and internal content,curso/02_tipos_de_datos.md + curso/05_preparacion_de_datos.md: type-aware transformation,39497,0.0,no changes,,,,,
L-03,1,s03a_07b,Trim documented coded/numeric fields only; preserve free-text answers and internal content,curso/02_tipos_de_datos.md + curso/05_preparacion_de_datos.md: type-aware transformation,39497,0.0,no changes,,,,,
L-03,1,s03a_08,Trim documented coded/numeric fields only; preserve free-text answers and internal content,curso/02_tipos_de_datos.md + curso/05_preparacion_de_datos.md: type-aware transformation,39497,0.0,no changes,,,,,
L-03,1,s03a_09,Trim documented coded/numeric fields only; preserve free-text answers and internal content,curso/02_tipos_de_datos.md + curso/05_preparacion_de_datos.md: type-aware transformation,39497,0.0,no changes,,,,,
L-03,1,s03b_10,Trim documented coded/numeric fields only; preserve free-text answers and internal content,curso/02_tipos_de_datos.md + curso/05_preparacion_de_datos.md: type-aware transformation,39497,0.0,no changes,,,,,
L-03,1,s03b_11,Trim documented coded/numeric fields only; preserve free-text answers and internal content,curso/02_tipos_de_datos.md + curso/05_preparacion_de_datos.md: type-aware transformation,39497,0.0,no changes,,,,,
L-03,1,s03b_11e,Trim documented coded/numeric fields only; preserve free-text answers and internal content,curso/02_tipos_de_datos.md + curso/05_preparacion_de_datos.md: type-aware transformation,39497,0.0,no changes,,,,,
L-03,1,s03b_12,Trim documented coded/numeric fields only; preserve free-text answers and internal content,curso/02_tipos_de_datos.md + curso/05_preparacion_de_datos.md: type-aware transformation,39497,0.0,no changes,,,,,
L-03,1,s03c_13,Trim documented coded/numeric fields only; preserve free-text answers and internal content,curso/02_tipos_de_datos.md + curso/05_preparacion_de_datos.md: type-aware transformation,39497,0.0,no changes,,,,,
L-03,1,s03c_13a,Trim documented coded/numeric fields only; preserve free-text answers and internal content,curso/02_tipos_de_datos.md + curso/05_preparacion_de_datos.md: type-aware transformation,39497,0.0,no changes,,,,,
L-03,1,s03c_14,Trim documented coded/numeric fields only; preserve free-text answers and internal content,curso/02_tipos_de_datos.md + curso/05_preparacion_de_datos.md: type-aware transformation,39497,0.0,no changes,,,,,
L-03,1,s03c_15a,Trim documented coded/numeric fields only; preserve free-text answers and internal content,curso/02_tipos_de_datos.md + curso/05_preparacion_de_datos.md: type-aware transformation,39497,0.0,no changes,,,,,
L-03,1,s03c_15b,Trim documented coded/numeric fields only; preserve free-text answers and internal content,curso/02_tipos_de_datos.md + curso/05_preparacion_de_datos.md: type-aware transformation,39497,0.0,no changes,,,,,
L-03,1,s03c_16a,Trim documented coded/numeric fields only; preserve free-text answers and internal content,curso/02_tipos_de_datos.md + curso/05_preparacion_de_datos.md: type-aware transformation,39497,0.0,no changes,,,,,
L-03,1,s03c_16b,Trim documented coded/numeric fields only; preserve free-text answers and internal content,curso/02_tipos_de_datos.md + curso/05_preparacion_de_datos.md: type-aware transformation,39497,0.0,no changes,,,,,
L-03,1,s03c_17aa,Trim documented coded/numeric fields only; preserve free-text answers and internal content,curso/02_tipos_de_datos.md + curso/05_preparacion_de_datos.md: type-aware transformation,39497,0.0,no changes,,,,,
L-03,1,s03c_17ab,Trim documented coded/numeric fields only; preserve free-text answers and internal content,curso/02_tipos_de_datos.md + curso/05_preparacion_de_datos.md: type-aware transformation,39497,0.0,no changes,,,,,
L-03,1,s03c_17e,Trim documented coded/numeric fields only; preserve free-text answers and internal content,curso/02_tipos_de_datos.md + curso/05_preparacion_de_datos.md: type-aware transformation,39497,0.0,no changes,,,,,
L-03,1,s04a_01,Trim documented coded/numeric fields only; preserve free-text answers and internal content,curso/02_tipos_de_datos.md + curso/05_preparacion_de_datos.md: type-aware transformation,39497,0.0,no changes,,,,,
L-03,1,s04a_02,Trim documented coded/numeric fields only; preserve free-text answers and internal content,curso/02_tipos_de_datos.md + curso/05_preparacion_de_datos.md: type-aware transformation,39497,0.0,no changes,,,,,
L-03,1,s04a_02a,Trim documented coded/numeric fields only; preserve free-text answers and internal content,curso/02_tipos_de_datos.md + curso/05_preparacion_de_datos.md: type-aware transformation,39497,0.0,no changes,,,,,
L-03,1,s04a_03,Trim documented coded/numeric fields only; preserve free-text answers and internal content,curso/02_tipos_de_datos.md + curso/05_preparacion_de_datos.md: type-aware transformation,39497,0.0,no changes,,,,,
L-03,1,s04a_04,Trim documented coded/numeric fields only; preserve free-text answers and internal content,curso/02_tipos_de_datos.md + curso/05_preparacion_de_datos.md: type-aware transformation,39497,0.0,no changes,,,,,
L-03,1,s04a_05,Trim documented coded/numeric fields only; preserve free-text answers and internal content,curso/02_tipos_de_datos.md + curso/05_preparacion_de_datos.md: type-aware transformation,39497,0.0,no changes,,,,,
L-03,1,s04a_06,Trim documented coded/numeric fields only; preserve free-text answers and internal content,curso/02_tipos_de_datos.md + curso/05_preparacion_de_datos.md: type-aware transformation,39497,0.0,no changes,,,,,
L-03,1,s04a_07,Trim documented coded/numeric fields only; preserve free-text answers and internal content,curso/02_tipos_de_datos.md + curso/05_preparacion_de_datos.md: type-aware transformation,39497,0.0,no changes,,,,,
L-03,1,s04a_08,Trim documented coded/numeric fields only; preserve free-text answers and internal content,curso/02_tipos_de_datos.md + curso/05_preparacion_de_datos.md: type-aware transformation,39497,0.0,no changes,,,,,
L-03,1,s04b_09a_cod,Trim documented coded/numeric fields only; preserve free-text answers and internal content,curso/02_tipos_de_datos.md + curso/05_preparacion_de_datos.md: type-aware transformation,39497,0.0,no changes,,,,,
L-03,1,s04b_10a_cod,Trim documented coded/numeric fields only; preserve free-text answers and internal content,curso/02_tipos_de_datos.md + curso/05_preparacion_de_datos.md: type-aware transformation,39497,0.0,no changes,,,,,
L-03,1,s04b_11ab,Trim documented coded/numeric fields only; preserve free-text answers and internal content,curso/02_tipos_de_datos.md + curso/05_preparacion_de_datos.md: type-aware transformation,39497,0.0,no changes,,,,,
L-03,1,s04b_11bb,Trim documented coded/numeric fields only; preserve free-text answers and internal content,curso/02_tipos_de_datos.md + curso/05_preparacion_de_datos.md: type-aware transformation,39497,0.0,no changes,,,,,
L-03,1,s04b_12,Trim documented coded/numeric fields only; preserve free-text answers and internal content,curso/02_tipos_de_datos.md + curso/05_preparacion_de_datos.md: type-aware transformation,39497,0.0,no changes,,,,,
L-03,1,s04b_13,Trim documented coded/numeric fields only; preserve free-text answers and internal content,curso/02_tipos_de_datos.md + curso/05_preparacion_de_datos.md: type-aware transformation,39497,0.0,no changes,,,,,
L-03,1,s04b_15,Trim documented coded/numeric fields only; preserve free-text answers and internal content,curso/02_tipos_de_datos.md + curso/05_preparacion_de_datos.md: type-aware transformation,39497,0.0,no changes,,,,,
L-03,1,s04b_16aa,Trim documented coded/numeric fields only; preserve free-text answers and internal content,curso/02_tipos_de_datos.md + curso/05_preparacion_de_datos.md: type-aware transformation,39497,0.0,no changes,,,,,
L-03,1,s04b_16ab,Trim documented coded/numeric fields only; preserve free-text answers and internal content,curso/02_tipos_de_datos.md + curso/05_preparacion_de_datos.md: type-aware transformation,39497,0.0,no changes,,,,,
L-03,1,s04c_17a,Trim documented coded/numeric fields only; preserve free-text answers and internal content,curso/02_tipos_de_datos.md + curso/05_preparacion_de_datos.md: type-aware transformation,39497,0.0,no changes,,,,,
L-03,1,s04c_17b,Trim documented coded/numeric fields only; preserve free-text answers and internal content,curso/02_tipos_de_datos.md + curso/05_preparacion_de_datos.md: type-aware transformation,39497,0.0,no changes,,,,,
L-03,1,s04c_18a,Trim documented coded/numeric fields only; preserve free-text answers and internal content,curso/02_tipos_de_datos.md + curso/05_preparacion_de_datos.md: type-aware transformation,39497,0.0,no changes,,,,,
L-03,1,s04c_18b,Trim documented coded/numeric fields only; preserve free-text answers and internal content,curso/02_tipos_de_datos.md + curso/05_preparacion_de_datos.md: type-aware transformation,39497,0.0,no changes,,,,,
L-03,1,s04c_19aa,Trim documented coded/numeric fields only; preserve free-text answers and internal content,curso/02_tipos_de_datos.md + curso/05_preparacion_de_datos.md: type-aware transformation,39497,0.0,no changes,,,,,
L-03,1,s04c_19ab,Trim documented coded/numeric fields only; preserve free-text answers and internal content,curso/02_tipos_de_datos.md + curso/05_preparacion_de_datos.md: type-aware transformation,39497,0.0,no changes,,,,,
L-03,1,s04c_19ba,Trim documented coded/numeric fields only; preserve free-text answers and internal content,curso/02_tipos_de_datos.md + curso/05_preparacion_de_datos.md: type-aware transformation,39497,0.0,no changes,,,,,
L-03,1,s04c_19bb,Trim documented coded/numeric fields only; preserve free-text answers and internal content,curso/02_tipos_de_datos.md + curso/05_preparacion_de_datos.md: type-aware transformation,39497,0.0,no changes,,,,,
L-03,1,s04c_20a1,Trim documented coded/numeric fields only; preserve free-text answers and internal content,curso/02_tipos_de_datos.md + curso/05_preparacion_de_datos.md: type-aware transformation,39497,0.0,no changes,,,,,
L-03,1,s04c_20a2,Trim documented coded/numeric fields only; preserve free-text answers and internal content,curso/02_tipos_de_datos.md + curso/05_preparacion_de_datos.md: type-aware transformation,39497,0.0,no changes,,,,,
L-03,1,s04c_20b,Trim documented coded/numeric fields only; preserve free-text answers and internal content,curso/02_tipos_de_datos.md + curso/05_preparacion_de_datos.md: type-aware transformation,39497,0.0,no changes,,,,,
L-03,1,s04c_20a_1,Trim documented coded/numeric fields only; preserve free-text answers and internal content,curso/02_tipos_de_datos.md + curso/05_preparacion_de_datos.md: type-aware transformation,39497,0.0,no changes,,,,,
L-03,1,s04c_20a_2,Trim documented coded/numeric fields only; preserve free-text answers and internal content,curso/02_tipos_de_datos.md + curso/05_preparacion_de_datos.md: type-aware transformation,39497,0.0,no changes,,,,,
L-03,1,s04c_21a,Trim documented coded/numeric fields only; preserve free-text answers and internal content,curso/02_tipos_de_datos.md + curso/05_preparacion_de_datos.md: type-aware transformation,39497,0.0,no changes,,,,,
L-03,1,s04c_21a1,Trim documented coded/numeric fields only; preserve free-text answers and internal content,curso/02_tipos_de_datos.md + curso/05_preparacion_de_datos.md: type-aware transformation,39497,0.0,no changes,,,,,
L-03,1,s04c_21a2,Trim documented coded/numeric fields only; preserve free-text answers and internal content,curso/02_tipos_de_datos.md + curso/05_preparacion_de_datos.md: type-aware transformation,39497,0.0,no changes,,,,,
L-03,1,s04c_21b,Trim documented coded/numeric fields only; preserve free-text answers and internal content,curso/02_tipos_de_datos.md + curso/05_preparacion_de_datos.md: type-aware transformation,39497,0.0,no changes,,,,,
L-03,1,s04c_21b1,Trim documented coded/numeric fields only; preserve free-text answers and internal content,curso/02_tipos_de_datos.md + curso/05_preparacion_de_datos.md: type-aware transformation,39497,0.0,no changes,,,,,
L-03,1,s04c_21b2,Trim documented coded/numeric fields only; preserve free-text answers and internal content,curso/02_tipos_de_datos.md + curso/05_preparacion_de_datos.md: type-aware transformation,39497,0.0,no changes,,,,,
L-03,1,s04c_21c,Trim documented coded/numeric fields only; preserve free-text answers and internal content,curso/02_tipos_de_datos.md + curso/05_preparacion_de_datos.md: type-aware transformation,39497,0.0,no changes,,,,,
L-03,1,s04c_21c1,Trim documented coded/numeric fields only; preserve free-text answers and internal content,curso/02_tipos_de_datos.md + curso/05_preparacion_de_datos.md: type-aware transformation,39497,0.0,no changes,,,,,
L-03,1,s04c_21c2,Trim documented coded/numeric fields only; preserve free-text answers and internal content,curso/02_tipos_de_datos.md + curso/05_preparacion_de_datos.md: type-aware transformation,39497,0.0,no changes,,,,,
L-03,1,s04c_21d,Trim documented coded/numeric fields only; preserve free-text answers and internal content,curso/02_tipos_de_datos.md + curso/05_preparacion_de_datos.md: type-aware transformation,39497,0.0,no changes,,,,,
L-03,1,s04c_21d1,Trim documented coded/numeric fields only; preserve free-text answers and internal content,curso/02_tipos_de_datos.md + curso/05_preparacion_de_datos.md: type-aware transformation,39497,0.0,no changes,,,,,
L-03,1,s04c_21d2,Trim documented coded/numeric fields only; preserve free-text answers and internal content,curso/02_tipos_de_datos.md + curso/05_preparacion_de_datos.md: type-aware transformation,39497,0.0,no changes,,,,,
L-03,1,s04c_21e,Trim documented coded/numeric fields only; preserve free-text answers and internal content,curso/02_tipos_de_datos.md + curso/05_preparacion_de_datos.md: type-aware transformation,39497,0.0,no changes,,,,,
L-03,1,s04c_21e1,Trim documented coded/numeric fields only; preserve free-text answers and internal content,curso/02_tipos_de_datos.md + curso/05_preparacion_de_datos.md: type-aware transformation,39497,0.0,no changes,,,,,
L-03,1,s04c_21e2,Trim documented coded/numeric fields only; preserve free-text answers and internal content,curso/02_tipos_de_datos.md + curso/05_preparacion_de_datos.md: type-aware transformation,39497,0.0,no changes,,,,,
L-03,1,s04d_22a,Trim documented coded/numeric fields only; preserve free-text answers and internal content,curso/02_tipos_de_datos.md + curso/05_preparacion_de_datos.md: type-aware transformation,39497,0.0,no changes,,,,,
L-03,1,s04d_22b,Trim documented coded/numeric fields only; preserve free-text answers and internal content,curso/02_tipos_de_datos.md + curso/05_preparacion_de_datos.md: type-aware transformation,39497,0.0,no changes,,,,,
L-03,1,s04d_23aa,Trim documented coded/numeric fields only; preserve free-text answers and internal content,curso/02_tipos_de_datos.md + curso/05_preparacion_de_datos.md: type-aware transformation,39497,0.0,no changes,,,,,
L-03,1,s04d_23ab,Trim documented coded/numeric fields only; preserve free-text answers and internal content,curso/02_tipos_de_datos.md + curso/05_preparacion_de_datos.md: type-aware transformation,39497,0.0,no changes,,,,,
L-03,1,s04d_23ba,Trim documented coded/numeric fields only; preserve free-text answers and internal content,curso/02_tipos_de_datos.md + curso/05_preparacion_de_datos.md: type-aware transformation,39497,0.0,no changes,,,,,
L-03,1,s04d_23bb,Trim documented coded/numeric fields only; preserve free-text answers and internal content,curso/02_tipos_de_datos.md + curso/05_preparacion_de_datos.md: type-aware transformation,39497,0.0,no changes,,,,,
L-03,1,s04d_23ca,Trim documented coded/numeric fields only; preserve free-text answers and internal content,curso/02_tipos_de_datos.md + curso/05_preparacion_de_datos.md: type-aware transformation,39497,0.0,no changes,,,,,
L-03,1,s04d_23cb,Trim documented coded/numeric fields only; preserve free-text answers and internal content,curso/02_tipos_de_datos.md + curso/05_preparacion_de_datos.md: type-aware transformation,39497,0.0,no changes,,,,,
L-03,1,s04d_23da,Trim documented coded/numeric fields only; preserve free-text answers and internal content,curso/02_tipos_de_datos.md + curso/05_preparacion_de_datos.md: type-aware transformation,39497,0.0,no changes,,,,,
L-03,1,s04d_23db,Trim documented coded/numeric fields only; preserve free-text answers and internal content,curso/02_tipos_de_datos.md + curso/05_preparacion_de_datos.md: type-aware transformation,39497,0.0,no changes,,,,,
L-03,1,s04d_23ea,Trim documented coded/numeric fields only; preserve free-text answers and internal content,curso/02_tipos_de_datos.md + curso/05_preparacion_de_datos.md: type-aware transformation,39497,0.0,no changes,,,,,
L-03,1,s04d_23eb,Trim documented coded/numeric fields only; preserve free-text answers and internal content,curso/02_tipos_de_datos.md + curso/05_preparacion_de_datos.md: type-aware transformation,39497,0.0,no changes,,,,,
L-03,1,s04d_23fa,Trim documented coded/numeric fields only; preserve free-text answers and internal content,curso/02_tipos_de_datos.md + curso/05_preparacion_de_datos.md: type-aware transformation,39497,0.0,no changes,,,,,
L-03,1,s04d_23fb,Trim documented coded/numeric fields only; preserve free-text answers and internal content,curso/02_tipos_de_datos.md + curso/05_preparacion_de_datos.md: type-aware transformation,39497,0.0,no changes,,,,,
L-03,1,s04d_23ga,Trim documented coded/numeric fields only; preserve free-text answers and internal content,curso/02_tipos_de_datos.md + curso/05_preparacion_de_datos.md: type-aware transformation,39497,0.0,no changes,,,,,
L-03,1,s04d_23gb,Trim documented coded/numeric fields only; preserve free-text answers and internal content,curso/02_tipos_de_datos.md + curso/05_preparacion_de_datos.md: type-aware transformation,39497,0.0,no changes,,,,,
L-03,1,s04d_23ha,Trim documented coded/numeric fields only; preserve free-text answers and internal content,curso/02_tipos_de_datos.md + curso/05_preparacion_de_datos.md: type-aware transformation,39497,0.0,no changes,,,,,
L-03,1,s04d_23hb,Trim documented coded/numeric fields only; preserve free-text answers and internal content,curso/02_tipos_de_datos.md + curso/05_preparacion_de_datos.md: type-aware transformation,39497,0.0,no changes,,,,,
L-03,1,s04d_24a,Trim documented coded/numeric fields only; preserve free-text answers and internal content,curso/02_tipos_de_datos.md + curso/05_preparacion_de_datos.md: type-aware transformation,39497,0.0,no changes,,,,,
L-03,1,s04d_24b,Trim documented coded/numeric fields only; preserve free-text answers and internal content,curso/02_tipos_de_datos.md + curso/05_preparacion_de_datos.md: type-aware transformation,39497,0.0,no changes,,,,,
L-03,1,s04d_24ba,Trim documented coded/numeric fields only; preserve free-text answers and internal content,curso/02_tipos_de_datos.md + curso/05_preparacion_de_datos.md: type-aware transformation,39497,0.0,no changes,,,,,
L-03,1,s04d_24bb,Trim documented coded/numeric fields only; preserve free-text answers and internal content,curso/02_tipos_de_datos.md + curso/05_preparacion_de_datos.md: type-aware transformation,39497,0.0,no changes,,,,,
L-03,1,s04d_24bc,Trim documented coded/numeric fields only; preserve free-text answers and internal content,curso/02_tipos_de_datos.md + curso/05_preparacion_de_datos.md: type-aware transformation,39497,0.0,no changes,,,,,
L-03,1,s04e_25,Trim documented coded/numeric fields only; preserve free-text answers and internal content,curso/02_tipos_de_datos.md + curso/05_preparacion_de_datos.md: type-aware transformation,39497,0.0,no changes,,,,,
L-03,1,s04e_26_cod,Trim documented coded/numeric fields only; preserve free-text answers and internal content,curso/02_tipos_de_datos.md + curso/05_preparacion_de_datos.md: type-aware transformation,39497,0.0,no changes,,,,,
L-03,1,s04e_27,Trim documented coded/numeric fields only; preserve free-text answers and internal content,curso/02_tipos_de_datos.md + curso/05_preparacion_de_datos.md: type-aware transformation,39497,0.0,no changes,,,,,
L-03,1,s04e_28,Trim documented coded/numeric fields only; preserve free-text answers and internal content,curso/02_tipos_de_datos.md + curso/05_preparacion_de_datos.md: type-aware transformation,39497,0.0,no changes,,,,,
L-03,1,s04e_29,Trim documented coded/numeric fields only; preserve free-text answers and internal content,curso/02_tipos_de_datos.md + curso/05_preparacion_de_datos.md: type-aware transformation,39497,0.0,no changes,,,,,
L-03,1,s04e_30a,Trim documented coded/numeric fields only; preserve free-text answers and internal content,curso/02_tipos_de_datos.md + curso/05_preparacion_de_datos.md: type-aware transformation,39497,0.0,no changes,,,,,
L-03,1,s04e_30b,Trim documented coded/numeric fields only; preserve free-text answers and internal content,curso/02_tipos_de_datos.md + curso/05_preparacion_de_datos.md: type-aware transformation,39497,0.0,no changes,,,,,
L-03,1,s04f_31b,Trim documented coded/numeric fields only; preserve free-text answers and internal content,curso/02_tipos_de_datos.md + curso/05_preparacion_de_datos.md: type-aware transformation,39497,0.0,no changes,,,,,
L-03,1,s04f_32a,Trim documented coded/numeric fields only; preserve free-text answers and internal content,curso/02_tipos_de_datos.md + curso/05_preparacion_de_datos.md: type-aware transformation,39497,0.0,no changes,,,,,
L-03,1,s04f_32a1,Trim documented coded/numeric fields only; preserve free-text answers and internal content,curso/02_tipos_de_datos.md + curso/05_preparacion_de_datos.md: type-aware transformation,39497,0.0,no changes,,,,,
L-03,1,s04f_32b,Trim documented coded/numeric fields only; preserve free-text answers and internal content,curso/02_tipos_de_datos.md + curso/05_preparacion_de_datos.md: type-aware transformation,39497,0.0,no changes,,,,,
L-03,1,s04f_32b1,Trim documented coded/numeric fields only; preserve free-text answers and internal content,curso/02_tipos_de_datos.md + curso/05_preparacion_de_datos.md: type-aware transformation,39497,0.0,no changes,,,,,
L-03,1,s04f_32c,Trim documented coded/numeric fields only; preserve free-text answers and internal content,curso/02_tipos_de_datos.md + curso/05_preparacion_de_datos.md: type-aware transformation,39497,0.0,no changes,,,,,
L-03,1,s04f_32c1,Trim documented coded/numeric fields only; preserve free-text answers and internal content,curso/02_tipos_de_datos.md + curso/05_preparacion_de_datos.md: type-aware transformation,39497,0.0,no changes,,,,,
L-03,1,s04f_33a,Trim documented coded/numeric fields only; preserve free-text answers and internal content,curso/02_tipos_de_datos.md + curso/05_preparacion_de_datos.md: type-aware transformation,39497,0.0,no changes,,,,,
L-03,1,s04f_33b,Trim documented coded/numeric fields only; preserve free-text answers and internal content,curso/02_tipos_de_datos.md + curso/05_preparacion_de_datos.md: type-aware transformation,39497,0.0,no changes,,,,,
L-03,1,s04f_34a,Trim documented coded/numeric fields only; preserve free-text answers and internal content,curso/02_tipos_de_datos.md + curso/05_preparacion_de_datos.md: type-aware transformation,39497,0.0,no changes,,,,,
L-03,1,s04f_34b,Trim documented coded/numeric fields only; preserve free-text answers and internal content,curso/02_tipos_de_datos.md + curso/05_preparacion_de_datos.md: type-aware transformation,39497,0.0,no changes,,,,,
L-03,1,s04f_34ba,Trim documented coded/numeric fields only; preserve free-text answers and internal content,curso/02_tipos_de_datos.md + curso/05_preparacion_de_datos.md: type-aware transformation,39497,0.0,no changes,,,,,
L-03,1,s04f_34bb,Trim documented coded/numeric fields only; preserve free-text answers and internal content,curso/02_tipos_de_datos.md + curso/05_preparacion_de_datos.md: type-aware transformation,39497,0.0,no changes,,,,,
L-03,1,s04f_34bc,Trim documented coded/numeric fields only; preserve free-text answers and internal content,curso/02_tipos_de_datos.md + curso/05_preparacion_de_datos.md: type-aware transformation,39497,0.0,no changes,,,,,
L-03,1,s04f_35,Trim documented coded/numeric fields only; preserve free-text answers and internal content,curso/02_tipos_de_datos.md + curso/05_preparacion_de_datos.md: type-aware transformation,39497,0.0,no changes,,,,,
L-03,1,s04f_36,Trim documented coded/numeric fields only; preserve free-text answers and internal content,curso/02_tipos_de_datos.md + curso/05_preparacion_de_datos.md: type-aware transformation,39497,0.0,no changes,,,,,
L-03,1,s05a_01a,Trim documented coded/numeric fields only; preserve free-text answers and internal content,curso/02_tipos_de_datos.md + curso/05_preparacion_de_datos.md: type-aware transformation,39497,0.0,no changes,,,,,
L-03,1,s05a_01b,Trim documented coded/numeric fields only; preserve free-text answers and internal content,curso/02_tipos_de_datos.md + curso/05_preparacion_de_datos.md: type-aware transformation,39497,0.0,no changes,,,,,
L-03,1,s05a_01c,Trim documented coded/numeric fields only; preserve free-text answers and internal content,curso/02_tipos_de_datos.md + curso/05_preparacion_de_datos.md: type-aware transformation,39497,0.0,no changes,,,,,
L-03,1,s05a_01d,Trim documented coded/numeric fields only; preserve free-text answers and internal content,curso/02_tipos_de_datos.md + curso/05_preparacion_de_datos.md: type-aware transformation,39497,0.0,no changes,,,,,
L-03,1,s05a_01e,Trim documented coded/numeric fields only; preserve free-text answers and internal content,curso/02_tipos_de_datos.md + curso/05_preparacion_de_datos.md: type-aware transformation,39497,0.0,no changes,,,,,
L-03,1,s05a_01e0,Trim documented coded/numeric fields only; preserve free-text answers and internal content,curso/02_tipos_de_datos.md + curso/05_preparacion_de_datos.md: type-aware transformation,39497,0.0,no changes,,,,,
L-03,1,s05a_01f,Trim documented coded/numeric fields only; preserve free-text answers and internal content,curso/02_tipos_de_datos.md + curso/05_preparacion_de_datos.md: type-aware transformation,39497,0.0,no changes,,,,,
L-03,1,s05a_02a,Trim documented coded/numeric fields only; preserve free-text answers and internal content,curso/02_tipos_de_datos.md + curso/05_preparacion_de_datos.md: type-aware transformation,39497,0.0,no changes,,,,,
L-03,1,s05a_02b,Trim documented coded/numeric fields only; preserve free-text answers and internal content,curso/02_tipos_de_datos.md + curso/05_preparacion_de_datos.md: type-aware transformation,39497,0.0,no changes,,,,,
L-03,1,s05a_02c,Trim documented coded/numeric fields only; preserve free-text answers and internal content,curso/02_tipos_de_datos.md + curso/05_preparacion_de_datos.md: type-aware transformation,39497,0.0,no changes,,,,,
L-03,1,s05a_03a,Trim documented coded/numeric fields only; preserve free-text answers and internal content,curso/02_tipos_de_datos.md + curso/05_preparacion_de_datos.md: type-aware transformation,39497,0.0,no changes,,,,,
L-03,1,s05a_03b,Trim documented coded/numeric fields only; preserve free-text answers and internal content,curso/02_tipos_de_datos.md + curso/05_preparacion_de_datos.md: type-aware transformation,39497,0.0,no changes,,,,,
L-03,1,s05a_03c,Trim documented coded/numeric fields only; preserve free-text answers and internal content,curso/02_tipos_de_datos.md + curso/05_preparacion_de_datos.md: type-aware transformation,39497,0.0,no changes,,,,,
L-03,1,s05a_04a,Trim documented coded/numeric fields only; preserve free-text answers and internal content,curso/02_tipos_de_datos.md + curso/05_preparacion_de_datos.md: type-aware transformation,39497,0.0,no changes,,,,,
L-03,1,s05a_04b,Trim documented coded/numeric fields only; preserve free-text answers and internal content,curso/02_tipos_de_datos.md + curso/05_preparacion_de_datos.md: type-aware transformation,39497,0.0,no changes,,,,,
L-03,1,s05a_04c,Trim documented coded/numeric fields only; preserve free-text answers and internal content,curso/02_tipos_de_datos.md + curso/05_preparacion_de_datos.md: type-aware transformation,39497,0.0,no changes,,,,,
L-03,1,s05a_04d,Trim documented coded/numeric fields only; preserve free-text answers and internal content,curso/02_tipos_de_datos.md + curso/05_preparacion_de_datos.md: type-aware transformation,39497,0.0,no changes,,,,,
L-03,1,s05b_05aa,Trim documented coded/numeric fields only; preserve free-text answers and internal content,curso/02_tipos_de_datos.md + curso/05_preparacion_de_datos.md: type-aware transformation,39497,0.0,no changes,,,,,
L-03,1,s05b_05ab,Trim documented coded/numeric fields only; preserve free-text answers and internal content,curso/02_tipos_de_datos.md + curso/05_preparacion_de_datos.md: type-aware transformation,39497,0.0,no changes,,,,,
L-03,1,s05b_05ba,Trim documented coded/numeric fields only; preserve free-text answers and internal content,curso/02_tipos_de_datos.md + curso/05_preparacion_de_datos.md: type-aware transformation,39497,0.0,no changes,,,,,
L-03,1,s05b_05bb,Trim documented coded/numeric fields only; preserve free-text answers and internal content,curso/02_tipos_de_datos.md + curso/05_preparacion_de_datos.md: type-aware transformation,39497,0.0,no changes,,,,,
L-03,1,s05b_05ca,Trim documented coded/numeric fields only; preserve free-text answers and internal content,curso/02_tipos_de_datos.md + curso/05_preparacion_de_datos.md: type-aware transformation,39497,0.0,no changes,,,,,
L-03,1,s05b_05cb,Trim documented coded/numeric fields only; preserve free-text answers and internal content,curso/02_tipos_de_datos.md + curso/05_preparacion_de_datos.md: type-aware transformation,39497,0.0,no changes,,,,,
L-03,1,s05b_06aa,Trim documented coded/numeric fields only; preserve free-text answers and internal content,curso/02_tipos_de_datos.md + curso/05_preparacion_de_datos.md: type-aware transformation,39497,0.0,no changes,,,,,
L-03,1,s05b_06ab,Trim documented coded/numeric fields only; preserve free-text answers and internal content,curso/02_tipos_de_datos.md + curso/05_preparacion_de_datos.md: type-aware transformation,39497,0.0,no changes,,,,,
L-03,1,s05b_06ba,Trim documented coded/numeric fields only; preserve free-text answers and internal content,curso/02_tipos_de_datos.md + curso/05_preparacion_de_datos.md: type-aware transformation,39497,0.0,no changes,,,,,
L-03,1,s05b_06bb,Trim documented coded/numeric fields only; preserve free-text answers and internal content,curso/02_tipos_de_datos.md + curso/05_preparacion_de_datos.md: type-aware transformation,39497,0.0,no changes,,,,,
L-03,1,s05b_06ca,Trim documented coded/numeric fields only; preserve free-text answers and internal content,curso/02_tipos_de_datos.md + curso/05_preparacion_de_datos.md: type-aware transformation,39497,0.0,no changes,,,,,
L-03,1,s05b_06cb,Trim documented coded/numeric fields only; preserve free-text answers and internal content,curso/02_tipos_de_datos.md + curso/05_preparacion_de_datos.md: type-aware transformation,39497,0.0,no changes,,,,,
L-03,1,s05c_07,Trim documented coded/numeric fields only; preserve free-text answers and internal content,curso/02_tipos_de_datos.md + curso/05_preparacion_de_datos.md: type-aware transformation,39497,0.0,no changes,,,,,
L-03,1,s05c_08,Trim documented coded/numeric fields only; preserve free-text answers and internal content,curso/02_tipos_de_datos.md + curso/05_preparacion_de_datos.md: type-aware transformation,39497,0.0,no changes,,,,,
L-03,1,s05c_09a,Trim documented coded/numeric fields only; preserve free-text answers and internal content,curso/02_tipos_de_datos.md + curso/05_preparacion_de_datos.md: type-aware transformation,39497,0.0,no changes,,,,,
L-03,1,s05c_09b,Trim documented coded/numeric fields only; preserve free-text answers and internal content,curso/02_tipos_de_datos.md + curso/05_preparacion_de_datos.md: type-aware transformation,39497,0.0,no changes,,,,,
L-03,1,s05c_10,Trim documented coded/numeric fields only; preserve free-text answers and internal content,curso/02_tipos_de_datos.md + curso/05_preparacion_de_datos.md: type-aware transformation,39497,0.0,no changes,,,,,
L-03,1,factor,Trim documented coded/numeric fields only; preserve free-text answers and internal content,curso/02_tipos_de_datos.md + curso/05_preparacion_de_datos.md: type-aware transformation,39497,0.0,no changes,,,,,
L-03,1,cob_op,Trim documented coded/numeric fields only; preserve free-text answers and internal content,curso/02_tipos_de_datos.md + curso/05_preparacion_de_datos.md: type-aware transformation,39497,0.0,no changes,,,,,
L-03,1,caeb_op,Trim documented coded/numeric fields only; preserve free-text answers and internal content,curso/02_tipos_de_datos.md + curso/05_preparacion_de_datos.md: type-aware transformation,39497,0.0,no changes,,,,,
L-03,1,caeb_os,Trim documented coded/numeric fields only; preserve free-text answers and internal content,curso/02_tipos_de_datos.md + curso/05_preparacion_de_datos.md: type-aware transformation,39497,0.0,no changes,,,,,
L-03,1,pet,Trim documented coded/numeric fields only; preserve free-text answers and internal content,curso/02_tipos_de_datos.md + curso/05_preparacion_de_datos.md: type-aware transformation,39497,0.0,no changes,,,,,
L-03,1,pea,Trim documented coded/numeric fields only; preserve free-text answers and internal content,curso/02_tipos_de_datos.md + curso/05_preparacion_de_datos.md: type-aware transformation,39497,0.0,no changes,,,,,
L-03,1,pei,Trim documented coded/numeric fields only; preserve free-text answers and internal content,curso/02_tipos_de_datos.md + curso/05_preparacion_de_datos.md: type-aware transformation,39497,0.0,no changes,,,,,
L-03,1,condact,Trim documented coded/numeric fields only; preserve free-text answers and internal content,curso/02_tipos_de_datos.md + curso/05_preparacion_de_datos.md: type-aware transformation,39497,0.0,no changes,,,,,
L-03,1,phrs,Trim documented coded/numeric fields only; preserve free-text answers and internal content,curso/02_tipos_de_datos.md + curso/05_preparacion_de_datos.md: type-aware transformation,39497,0.0,no changes,,,,,
L-03,1,shrs,Trim documented coded/numeric fields only; preserve free-text answers and internal content,curso/02_tipos_de_datos.md + curso/05_preparacion_de_datos.md: type-aware transformation,39497,0.0,no changes,,,,,
L-03,1,tothrs,Trim documented coded/numeric fields only; preserve free-text answers and internal content,curso/02_tipos_de_datos.md + curso/05_preparacion_de_datos.md: type-aware transformation,39497,0.0,no changes,,,,,
L-03,1,totper,Trim documented coded/numeric fields only; preserve free-text answers and internal content,curso/02_tipos_de_datos.md + curso/05_preparacion_de_datos.md: type-aware transformation,39497,0.0,no changes,,,,,
L-03,1,yprilab,Trim documented coded/numeric fields only; preserve free-text answers and internal content,curso/02_tipos_de_datos.md + curso/05_preparacion_de_datos.md: type-aware transformation,39497,0.0,no changes,,,,,
L-03,1,yseclab,Trim documented coded/numeric fields only; preserve free-text answers and internal content,curso/02_tipos_de_datos.md + curso/05_preparacion_de_datos.md: type-aware transformation,39497,0.0,no changes,,,,,
L-03,1,ylab,Trim documented coded/numeric fields only; preserve free-text answers and internal content,curso/02_tipos_de_datos.md + curso/05_preparacion_de_datos.md: type-aware transformation,39497,0.0,no changes,,,,,
L-03,1,ynolab,Trim documented coded/numeric fields only; preserve free-text answers and internal content,curso/02_tipos_de_datos.md + curso/05_preparacion_de_datos.md: type-aware transformation,39497,0.0,no changes,,,,,
L-03,1,yper,Trim documented coded/numeric fields only; preserve free-text answers and internal content,curso/02_tipos_de_datos.md + curso/05_preparacion_de_datos.md: type-aware transformation,39497,0.0,no changes,,,,,
L-03,1,yhog,Trim documented coded/numeric fields only; preserve free-text answers and internal content,curso/02_tipos_de_datos.md + curso/05_preparacion_de_datos.md: type-aware transformation,39497,0.0,no changes,,,,,
L-03,1,yhogpc,Trim documented coded/numeric fields only; preserve free-text answers and internal content,curso/02_tipos_de_datos.md + curso/05_preparacion_de_datos.md: type-aware transformation,39497,0.0,no changes,,,,,
L-03,1,z,Trim documented coded/numeric fields only; preserve free-text answers and internal content,curso/02_tipos_de_datos.md + curso/05_preparacion_de_datos.md: type-aware transformation,39497,0.0,no changes,,,,,
L-03,1,zext,Trim documented coded/numeric fields only; preserve free-text answers and internal content,curso/02_tipos_de_datos.md + curso/05_preparacion_de_datos.md: type-aware transformation,39497,0.0,no changes,,,,,
L-03,1,p0,Trim documented coded/numeric fields only; preserve free-text answers and internal content,curso/02_tipos_de_datos.md + curso/05_preparacion_de_datos.md: type-aware transformation,39497,0.0,no changes,,,,,
L-03,1,p1,Trim documented coded/numeric fields only; preserve free-text answers and internal content,curso/02_tipos_de_datos.md + curso/05_preparacion_de_datos.md: type-aware transformation,39497,0.0,no changes,,,,,
L-03,1,p2,Trim documented coded/numeric fields only; preserve free-text answers and internal content,curso/02_tipos_de_datos.md + curso/05_preparacion_de_datos.md: type-aware transformation,39497,0.0,no changes,,,,,
L-03,1,pext0,Trim documented coded/numeric fields only; preserve free-text answers and internal content,curso/02_tipos_de_datos.md + curso/05_preparacion_de_datos.md: type-aware transformation,39497,0.0,no changes,,,,,
L-03,1,pext1,Trim documented coded/numeric fields only; preserve free-text answers and internal content,curso/02_tipos_de_datos.md + curso/05_preparacion_de_datos.md: type-aware transformation,39497,0.0,no changes,,,,,
L-03,1,pext2,Trim documented coded/numeric fields only; preserve free-text answers and internal content,curso/02_tipos_de_datos.md + curso/05_preparacion_de_datos.md: type-aware transformation,39497,0.0,no changes,,,,,
L-03,1,tipohogar,Trim documented coded/numeric fields only; preserve free-text answers and internal content,curso/02_tipos_de_datos.md + curso/05_preparacion_de_datos.md: type-aware transformation,39497,0.0,no changes,,,,,
L-03,1,cobersalud,Trim documented coded/numeric fields only; preserve free-text answers and internal content,curso/02_tipos_de_datos.md + curso/05_preparacion_de_datos.md: type-aware transformation,39497,0.0,no changes,,,,,
L-03,1,hnv_ult_a,Trim documented coded/numeric fields only; preserve free-text answers and internal content,curso/02_tipos_de_datos.md + curso/05_preparacion_de_datos.md: type-aware transformation,39497,0.0,no changes,,,,,
L-03,1,quienatenparto,Trim documented coded/numeric fields only; preserve free-text answers and internal content,curso/02_tipos_de_datos.md + curso/05_preparacion_de_datos.md: type-aware transformation,39497,0.0,no changes,,,,,
L-03,1,niv_ed,Trim documented coded/numeric fields only; preserve free-text answers and internal content,curso/02_tipos_de_datos.md + curso/05_preparacion_de_datos.md: type-aware transformation,39497,0.0,no changes,,,,,
L-03,1,niv_ed_g,Trim documented coded/numeric fields only; preserve free-text answers and internal content,curso/02_tipos_de_datos.md + curso/05_preparacion_de_datos.md: type-aware transformation,39497,0.0,no changes,,,,,
L-03,1,cmasi,Trim documented coded/numeric fields only; preserve free-text answers and internal content,curso/02_tipos_de_datos.md + curso/05_preparacion_de_datos.md: type-aware transformation,39497,0.0,no changes,,,,,
L-03,1,educ_prev,Trim documented coded/numeric fields only; preserve free-text answers and internal content,curso/02_tipos_de_datos.md + curso/05_preparacion_de_datos.md: type-aware transformation,39497,0.0,no changes,,,,,
L-03,1,aestudio,Trim documented coded/numeric fields only; preserve free-text answers and internal content,curso/02_tipos_de_datos.md + curso/05_preparacion_de_datos.md: type-aware transformation,39497,0.0,no changes,,,,,
L-80,1,folio,Drop a non-key column only when incomplete plus confirmed malformed values exceed configured threshold,"curso/05_preparacion_de_datos.md: profile, validate and document transformations",39497,,retained; threshold not exceeded,0.0,0.0,not evaluated: variable domain is not confirmed,0.0,80.0
L-80,1,area,Drop a non-key column only when incomplete plus confirmed malformed values exceed configured threshold,"curso/05_preparacion_de_datos.md: profile, validate and document transformations",39497,,retained; threshold not exceeded,0.0,0.0,domain confirmed by local dictionary,0.0,80.0
L-80,1,depto,Drop a non-key column only when incomplete plus confirmed malformed values exceed configured threshold,"curso/05_preparacion_de_datos.md: profile, validate and document transformations",39497,,retained; threshold not exceeded,0.0,0.0,domain confirmed by local dictionary,0.0,80.0
L-80,1,nro,Drop a non-key column only when incomplete plus confirmed malformed values exceed configured threshold,"curso/05_preparacion_de_datos.md: profile, validate and document transformations",39497,,retained; threshold not exceeded,0.0,0.0,not evaluated: variable domain is not confirmed,0.0,80.0
L-80,1,s01a_02,Drop a non-key column only when incomplete plus confirmed malformed values exceed configured threshold,"curso/05_preparacion_de_datos.md: profile, validate and document transformations",39497,,retained; threshold not exceeded,0.0,0.0,not evaluated: variable domain is not confirmed,0.0,80.0
L-80,1,s01a_03,Drop a non-key column only when incomplete plus confirmed malformed values exceed configured threshold,"curso/05_preparacion_de_datos.md: profile, validate and document transformations",39497,,retained; threshold not exceeded,0.0,0.0,numeric format checked; range/domain not confirmed,0.0,80.0
L-80,1,s01a_04a,Drop a non-key column only when incomplete plus confirmed malformed values exceed configured threshold,"curso/05_preparacion_de_datos.md: profile, validate and document transformations",39497,,retained; threshold not exceeded,0.0,0.0,numeric format checked; range/domain not confirmed,0.0,80.0
L-80,1,s01a_04b,Drop a non-key column only when incomplete plus confirmed malformed values exceed configured threshold,"curso/05_preparacion_de_datos.md: profile, validate and document transformations",39497,,retained; threshold not exceeded,0.0,0.0,numeric format checked; range/domain not confirmed,0.0,80.0
L-80,1,s01a_04c,Drop a non-key column only when incomplete plus confirmed malformed values exceed configured threshold,"curso/05_preparacion_de_datos.md: profile, validate and document transformations",39497,,retained; threshold not exceeded,0.0,0.0,numeric format checked; range/domain not confirmed,0.0,80.0
L-80,1,s01a_05,Drop a non-key column only when incomplete plus confirmed malformed values exceed configured threshold,"curso/05_preparacion_de_datos.md: profile, validate and document transformations",39497,,retained; threshold not exceeded,0.0,0.0,not evaluated: variable domain is not confirmed,0.0,80.0
L-80,1,s01a_05a,Drop a non-key column only when incomplete plus confirmed malformed values exceed configured threshold,"curso/05_preparacion_de_datos.md: profile, validate and document transformations",39497,,retained; threshold not exceeded,7982.0,0.0,not evaluated: variable domain is not confirmed,20.2091,80.0
L-80,1,s01a_05b,Drop a non-key column only when incomplete plus confirmed malformed values exceed configured threshold,"curso/05_preparacion_de_datos.md: profile, validate and document transformations",39497,,retained; threshold not exceeded,0.0,0.0,not evaluated: variable domain is not confirmed,0.0,80.0
L-80,1,s01a_05c,Drop a non-key column only when incomplete plus confirmed malformed values exceed configured threshold,"curso/05_preparacion_de_datos.md: profile, validate and document transformations",39497,,retained; threshold not exceeded,0.0,0.0,not evaluated: variable domain is not confirmed,0.0,80.0
L-80,1,s01a_06,Drop a non-key column only when incomplete plus confirmed malformed values exceed configured threshold,"curso/05_preparacion_de_datos.md: profile, validate and document transformations",39497,,retained; threshold not exceeded,30897.0,0.0,numeric format checked; range/domain not confirmed,78.2262,80.0
L-80,1,s01a_07_1,Drop a non-key column only when incomplete plus confirmed malformed values exceed configured threshold,"curso/05_preparacion_de_datos.md: profile, validate and document transformations",39497,,retained; threshold not exceeded,0.0,0.0,not evaluated: variable domain is not confirmed,0.0,80.0
L-80,1,s01a_07_2,Drop a non-key column only when incomplete plus confirmed malformed values exceed configured threshold,"curso/05_preparacion_de_datos.md: profile, validate and document transformations",39497,,retained; threshold not exceeded,28852.0,0.0,not evaluated: variable domain is not confirmed,73.0486,80.0
L-80,1,s01a_07_3,Drop a non-key column only when incomplete plus confirmed malformed values exceed configured threshold,"curso/05_preparacion_de_datos.md: profile, validate and document transformations",39497,,exceeds threshold,38954.0,0.0,not evaluated: variable domain is not confirmed,98.6252,80.0
L-80,1,s01a_08,Drop a non-key column only when incomplete plus confirmed malformed values exceed configured threshold,"curso/05_preparacion_de_datos.md: profile, validate and document transformations",39497,,retained; threshold not exceeded,1470.0,0.0,not evaluated: variable domain is not confirmed,3.7218,80.0
L-80,1,s01a_09,Drop a non-key column only when incomplete plus confirmed malformed values exceed configured threshold,"curso/05_preparacion_de_datos.md: profile, validate and document transformations",39497,,retained; threshold not exceeded,0.0,0.0,numeric format checked; range/domain not confirmed,0.0,80.0
L-80,1,s01a_09npioc,Drop a non-key column only when incomplete plus confirmed malformed values exceed configured threshold,"curso/05_preparacion_de_datos.md: profile, validate and document transformations",39497,,retained; threshold not exceeded,30397.0,0.0,not evaluated: variable domain is not confirmed,76.9603,80.0
L-80,1,s01a_10,Drop a non-key column only when incomplete plus confirmed malformed values exceed configured threshold,"curso/05_preparacion_de_datos.md: profile, validate and document transformations",39497,,retained; threshold not exceeded,7982.0,0.0,not evaluated: variable domain is not confirmed,20.2091,80.0
L-80,1,s01b_11a,Drop a non-key column only when incomplete plus confirmed malformed values exceed configured threshold,"curso/05_preparacion_de_datos.md: profile, validate and document transformations",39497,,retained; threshold not exceeded,0.0,0.0,numeric format checked; range/domain not confirmed,0.0,80.0
L-80,1,s01b_11b,Drop a non-key column only when incomplete plus confirmed malformed values exceed configured threshold,"curso/05_preparacion_de_datos.md: profile, validate and document transformations",39497,,exceeds threshold,37899.0,0.0,not evaluated: variable domain is not confirmed,95.9541,80.0
L-80,1,s01b_11c,Drop a non-key column only when incomplete plus confirmed malformed values exceed configured threshold,"curso/05_preparacion_de_datos.md: profile, validate and document transformations",39497,,exceeds threshold,37899.0,0.0,not evaluated: variable domain is not confirmed,95.9541,80.0
L-80,1,s01b_11d,Drop a non-key column only when incomplete plus confirmed malformed values exceed configured threshold,"curso/05_preparacion_de_datos.md: profile, validate and document transformations",39497,,exceeds threshold,37899.0,0.0,not evaluated: variable domain is not confirmed,95.9541,80.0
L-80,1,s01b_11e,Drop a non-key column only when incomplete plus confirmed malformed values exceed configured threshold,"curso/05_preparacion_de_datos.md: profile, validate and document transformations",39497,,exceeds threshold,39347.0,0.0,not evaluated: variable domain is not confirmed,99.6202,80.0
L-80,1,s01b_12,Drop a non-key column only when incomplete plus confirmed malformed values exceed configured threshold,"curso/05_preparacion_de_datos.md: profile, validate and document transformations",39497,,exceeds threshold,37749.0,0.0,not evaluated: variable domain is not confirmed,95.5743,80.0
L-80,1,s01b_12e,Drop a non-key column only when incomplete plus confirmed malformed values exceed configured threshold,"curso/05_preparacion_de_datos.md: profile, validate and document transformations",39497,,exceeds threshold,39479.0,0.0,not evaluated: variable domain is not confirmed,99.9544,80.0
L-80,1,s01b_13a,Drop a non-key column only when incomplete plus confirmed malformed values exceed configured threshold,"curso/05_preparacion_de_datos.md: profile, validate and document transformations",39497,,exceeds threshold,37749.0,0.0,numeric format checked; range/domain not confirmed,95.5743,80.0
L-80,1,s01b_13b,Drop a non-key column only when incomplete plus confirmed malformed values exceed configured threshold,"curso/05_preparacion_de_datos.md: profile, validate and document transformations",39497,,exceeds threshold,37749.0,0.0,numeric format checked; range/domain not confirmed,95.5743,80.0
L-80,1,s02a_01a,Drop a non-key column only when incomplete plus confirmed malformed values exceed configured threshold,"curso/05_preparacion_de_datos.md: profile, validate and document transformations",39497,,retained; threshold not exceeded,0.0,0.0,not evaluated: variable domain is not confirmed,0.0,80.0
L-80,1,s02a_01b,Drop a non-key column only when incomplete plus confirmed malformed values exceed configured threshold,"curso/05_preparacion_de_datos.md: profile, validate and document transformations",39497,,exceeds threshold,39423.0,0.0,not evaluated: variable domain is not confirmed,99.8126,80.0
L-80,1,s02a_01e,Drop a non-key column only when incomplete plus confirmed malformed values exceed configured threshold,"curso/05_preparacion_de_datos.md: profile, validate and document transformations",39497,,exceeds threshold,39495.0,0.0,not evaluated: variable domain is not confirmed,99.9949,80.0
L-80,1,s02a_02a,Drop a non-key column only when incomplete plus confirmed malformed values exceed configured threshold,"curso/05_preparacion_de_datos.md: profile, validate and document transformations",39497,,retained; threshold not exceeded,0.0,0.0,not evaluated: variable domain is not confirmed,0.0,80.0
L-80,1,s02a_02b,Drop a non-key column only when incomplete plus confirmed malformed values exceed configured threshold,"curso/05_preparacion_de_datos.md: profile, validate and document transformations",39497,,retained; threshold not exceeded,0.0,0.0,not evaluated: variable domain is not confirmed,0.0,80.0
L-80,1,s02a_02c,Drop a non-key column only when incomplete plus confirmed malformed values exceed configured threshold,"curso/05_preparacion_de_datos.md: profile, validate and document transformations",39497,,retained; threshold not exceeded,0.0,0.0,not evaluated: variable domain is not confirmed,0.0,80.0
L-80,1,s02a_02d,Drop a non-key column only when incomplete plus confirmed malformed values exceed configured threshold,"curso/05_preparacion_de_datos.md: profile, validate and document transformations",39497,,retained; threshold not exceeded,0.0,0.0,not evaluated: variable domain is not confirmed,0.0,80.0
L-80,1,s02a_02e,Drop a non-key column only when incomplete plus confirmed malformed values exceed configured threshold,"curso/05_preparacion_de_datos.md: profile, validate and document transformations",39497,,retained; threshold not exceeded,0.0,0.0,not evaluated: variable domain is not confirmed,0.0,80.0
L-80,1,s02a_02f,Drop a non-key column only when incomplete plus confirmed malformed values exceed configured threshold,"curso/05_preparacion_de_datos.md: profile, validate and document transformations",39497,,retained; threshold not exceeded,0.0,0.0,not evaluated: variable domain is not confirmed,0.0,80.0
L-80,1,s02a_02g,Drop a non-key column only when incomplete plus confirmed malformed values exceed configured threshold,"curso/05_preparacion_de_datos.md: profile, validate and document transformations",39497,,retained; threshold not exceeded,0.0,0.0,not evaluated: variable domain is not confirmed,0.0,80.0
L-80,1,s02a_02h,Drop a non-key column only when incomplete plus confirmed malformed values exceed configured threshold,"curso/05_preparacion_de_datos.md: profile, validate and document transformations",39497,,retained; threshold not exceeded,0.0,0.0,not evaluated: variable domain is not confirmed,0.0,80.0
L-80,1,s02a_02he,Drop a non-key column only when incomplete plus confirmed malformed values exceed configured threshold,"curso/05_preparacion_de_datos.md: profile, validate and document transformations",39497,,exceeds threshold,39491.0,0.0,not evaluated: variable domain is not confirmed,99.9848,80.0
L-80,1,s02a_03a,Drop a non-key column only when incomplete plus confirmed malformed values exceed configured threshold,"curso/05_preparacion_de_datos.md: profile, validate and document transformations",39497,,retained; threshold not exceeded,0.0,0.0,numeric format checked; range/domain not confirmed,0.0,80.0
L-80,1,s02a_03b,Drop a non-key column only when incomplete plus confirmed malformed values exceed configured threshold,"curso/05_preparacion_de_datos.md: profile, validate and document transformations",39497,,retained; threshold not exceeded,0.0,0.0,numeric format checked; range/domain not confirmed,0.0,80.0
L-80,1,s02a_03c,Drop a non-key column only when incomplete plus confirmed malformed values exceed configured threshold,"curso/05_preparacion_de_datos.md: profile, validate and document transformations",39497,,retained; threshold not exceeded,0.0,0.0,numeric format checked; range/domain not confirmed,0.0,80.0
L-80,1,s02a_03d,Drop a non-key column only when incomplete plus confirmed malformed values exceed configured threshold,"curso/05_preparacion_de_datos.md: profile, validate and document transformations",39497,,retained; threshold not exceeded,0.0,0.0,numeric format checked; range/domain not confirmed,0.0,80.0
L-80,1,s02a_03e,Drop a non-key column only when incomplete plus confirmed malformed values exceed configured threshold,"curso/05_preparacion_de_datos.md: profile, validate and document transformations",39497,,retained; threshold not exceeded,0.0,0.0,numeric format checked; range/domain not confirmed,0.0,80.0
L-80,1,s02a_04a,Drop a non-key column only when incomplete plus confirmed malformed values exceed configured threshold,"curso/05_preparacion_de_datos.md: profile, validate and document transformations",39497,,retained; threshold not exceeded,0.0,0.0,not evaluated: variable domain is not confirmed,0.0,80.0
L-80,1,s02a_04b,Drop a non-key column only when incomplete plus confirmed malformed values exceed configured threshold,"curso/05_preparacion_de_datos.md: profile, validate and document transformations",39497,,retained; threshold not exceeded,0.0,0.0,not evaluated: variable domain is not confirmed,0.0,80.0
L-80,1,s02a_04c,Drop a non-key column only when incomplete plus confirmed malformed values exceed configured threshold,"curso/05_preparacion_de_datos.md: profile, validate and document transformations",39497,,retained; threshold not exceeded,0.0,0.0,numeric format checked; range/domain not confirmed,0.0,80.0
L-80,1,s02a_04d,Drop a non-key column only when incomplete plus confirmed malformed values exceed configured threshold,"curso/05_preparacion_de_datos.md: profile, validate and document transformations",39497,,retained; threshold not exceeded,0.0,0.0,not evaluated: variable domain is not confirmed,0.0,80.0
L-80,1,s02a_05,Drop a non-key column only when incomplete plus confirmed malformed values exceed configured threshold,"curso/05_preparacion_de_datos.md: profile, validate and document transformations",39497,,exceeds threshold,35433.0,0.0,numeric format checked; range/domain not confirmed,89.7106,80.0
L-80,1,s02b_06,Drop a non-key column only when incomplete plus confirmed malformed values exceed configured threshold,"curso/05_preparacion_de_datos.md: profile, validate and document transformations",39497,,retained; threshold not exceeded,28169.0,0.0,not evaluated: variable domain is not confirmed,71.3193,80.0
L-80,1,s02b_06b,Drop a non-key column only when incomplete plus confirmed malformed values exceed configured threshold,"curso/05_preparacion_de_datos.md: profile, validate and document transformations",39497,,exceeds threshold,33041.0,0.0,numeric format checked; range/domain not confirmed,83.6545,80.0
L-80,1,s02b_07,Drop a non-key column only when incomplete plus confirmed malformed values exceed configured threshold,"curso/05_preparacion_de_datos.md: profile, validate and document transformations",39497,,exceeds threshold,33041.0,0.0,not evaluated: variable domain is not confirmed,83.6545,80.0
L-80,1,s02b_08,Drop a non-key column only when incomplete plus confirmed malformed values exceed configured threshold,"curso/05_preparacion_de_datos.md: profile, validate and document transformations",39497,,exceeds threshold,33158.0,0.0,not evaluated: variable domain is not confirmed,83.9507,80.0
L-80,1,s02b_09a,Drop a non-key column only when incomplete plus confirmed malformed values exceed configured threshold,"curso/05_preparacion_de_datos.md: profile, validate and document transformations",39497,,exceeds threshold,33158.0,0.0,numeric format checked; range/domain not confirmed,83.9507,80.0
L-80,1,s02b_09b,Drop a non-key column only when incomplete plus confirmed malformed values exceed configured threshold,"curso/05_preparacion_de_datos.md: profile, validate and document transformations",39497,,exceeds threshold,33158.0,0.0,numeric format checked; range/domain not confirmed,83.9507,80.0
L-80,1,s02b_10,Drop a non-key column only when incomplete plus confirmed malformed values exceed configured threshold,"curso/05_preparacion_de_datos.md: profile, validate and document transformations",39497,,exceeds threshold,36786.0,0.0,not evaluated: variable domain is not confirmed,93.1362,80.0
L-80,1,s02b_10e,Drop a non-key column only when incomplete plus confirmed malformed values exceed configured threshold,"curso/05_preparacion_de_datos.md: profile, validate and document transformations",39497,,exceeds threshold,39495.0,0.0,not evaluated: variable domain is not confirmed,99.9949,80.0
L-80,1,s02b_11,Drop a non-key column only when incomplete plus confirmed malformed values exceed configured threshold,"curso/05_preparacion_de_datos.md: profile, validate and document transformations",39497,,exceeds threshold,33041.0,0.0,not evaluated: variable domain is not confirmed,83.6545,80.0
L-80,1,s02b_12a1,Drop a non-key column only when incomplete plus confirmed malformed values exceed configured threshold,"curso/05_preparacion_de_datos.md: profile, validate and document transformations",39497,,exceeds threshold,36420.0,0.0,numeric format checked; range/domain not confirmed,92.2095,80.0
L-80,1,s02b_12a2,Drop a non-key column only when incomplete plus confirmed malformed values exceed configured threshold,"curso/05_preparacion_de_datos.md: profile, validate and document transformations",39497,,exceeds threshold,39090.0,0.0,numeric format checked; range/domain not confirmed,98.9695,80.0
L-80,1,s02b_12b,Drop a non-key column only when incomplete plus confirmed malformed values exceed configured threshold,"curso/05_preparacion_de_datos.md: profile, validate and document transformations",39497,,exceeds threshold,36420.0,0.0,numeric format checked; range/domain not confirmed,92.2095,80.0
L-80,1,s02b_13,Drop a non-key column only when incomplete plus confirmed malformed values exceed configured threshold,"curso/05_preparacion_de_datos.md: profile, validate and document transformations",39497,,exceeds threshold,36420.0,0.0,not evaluated: variable domain is not confirmed,92.2095,80.0
L-80,1,s02b_14,Drop a non-key column only when incomplete plus confirmed malformed values exceed configured threshold,"curso/05_preparacion_de_datos.md: profile, validate and document transformations",39497,,exceeds threshold,37420.0,0.0,numeric format checked; range/domain not confirmed,94.7414,80.0
L-80,1,s02b_14a,Drop a non-key column only when incomplete plus confirmed malformed values exceed configured threshold,"curso/05_preparacion_de_datos.md: profile, validate and document transformations",39497,,exceeds threshold,39115.0,0.0,numeric format checked; range/domain not confirmed,99.0328,80.0
L-80,1,s02c_15,Drop a non-key column only when incomplete plus confirmed malformed values exceed configured threshold,"curso/05_preparacion_de_datos.md: profile, validate and document transformations",39497,,exceeds threshold,36063.0,0.0,numeric format checked; range/domain not confirmed,91.3057,80.0
L-80,1,s02d_16,Drop a non-key column only when incomplete plus confirmed malformed values exceed configured threshold,"curso/05_preparacion_de_datos.md: profile, validate and document transformations",39497,,exceeds threshold,36716.0,0.0,not evaluated: variable domain is not confirmed,92.959,80.0
L-80,1,s02d_17,Drop a non-key column only when incomplete plus confirmed malformed values exceed configured threshold,"curso/05_preparacion_de_datos.md: profile, validate and document transformations",39497,,exceeds threshold,37763.0,0.0,numeric format checked; range/domain not confirmed,95.6098,80.0
L-80,1,s02d_17a,Drop a non-key column only when incomplete plus confirmed malformed values exceed configured threshold,"curso/05_preparacion_de_datos.md: profile, validate and document transformations",39497,,exceeds threshold,38812.0,0.0,numeric format checked; range/domain not confirmed,98.2657,80.0
L-80,1,s03a_01,Drop a non-key column only when incomplete plus confirmed malformed values exceed configured threshold,"curso/05_preparacion_de_datos.md: profile, validate and document transformations",39497,,retained; threshold not exceeded,2143.0,0.0,not evaluated: variable domain is not confirmed,5.4257,80.0
L-80,1,s03a_01a,Drop a non-key column only when incomplete plus confirmed malformed values exceed configured threshold,"curso/05_preparacion_de_datos.md: profile, validate and document transformations",39497,,retained; threshold not exceeded,2143.0,0.0,not evaluated: variable domain is not confirmed,5.4257,80.0
L-80,1,s03a_02a,Drop a non-key column only when incomplete plus confirmed malformed values exceed configured threshold,"curso/05_preparacion_de_datos.md: profile, validate and document transformations",39497,,retained; threshold not exceeded,2143.0,0.0,not evaluated: variable domain is not confirmed,5.4257,80.0
L-80,1,s03a_02c,Drop a non-key column only when incomplete plus confirmed malformed values exceed configured threshold,"curso/05_preparacion_de_datos.md: profile, validate and document transformations",39497,,retained; threshold not exceeded,2143.0,0.0,not evaluated: variable domain is not confirmed,5.4257,80.0
L-80,1,s03a_03a,Drop a non-key column only when incomplete plus confirmed malformed values exceed configured threshold,"curso/05_preparacion_de_datos.md: profile, validate and document transformations",39497,,exceeds threshold,37200.0,0.0,not evaluated: variable domain is not confirmed,94.1844,80.0
L-80,1,s03a_03c,Drop a non-key column only when incomplete plus confirmed malformed values exceed configured threshold,"curso/05_preparacion_de_datos.md: profile, validate and document transformations",39497,,exceeds threshold,37200.0,0.0,not evaluated: variable domain is not confirmed,94.1844,80.0
L-80,1,s03a_04,Drop a non-key column only when incomplete plus confirmed malformed values exceed configured threshold,"curso/05_preparacion_de_datos.md: profile, validate and document transformations",39497,,retained; threshold not exceeded,2143.0,0.0,numeric format checked; range/domain not confirmed,5.4257,80.0
L-80,1,s03a_05,Drop a non-key column only when incomplete plus confirmed malformed values exceed configured threshold,"curso/05_preparacion_de_datos.md: profile, validate and document transformations",39497,,retained; threshold not exceeded,15980.0,0.0,not evaluated: variable domain is not confirmed,40.4588,80.0
L-80,1,s03a_05e,Drop a non-key column only when incomplete plus confirmed malformed values exceed configured threshold,"curso/05_preparacion_de_datos.md: profile, validate and document transformations",39497,,exceeds threshold,39167.0,0.0,not evaluated: variable domain is not confirmed,99.1645,80.0
L-80,1,s03a_06a,Drop a non-key column only when incomplete plus confirmed malformed values exceed configured threshold,"curso/05_preparacion_de_datos.md: profile, validate and document transformations",39497,,retained; threshold not exceeded,25660.0,0.0,numeric format checked; range/domain not confirmed,64.967,80.0
L-80,1,s03a_06c,Drop a non-key column only when incomplete plus confirmed malformed values exceed configured threshold,"curso/05_preparacion_de_datos.md: profile, validate and document transformations",39497,,retained; threshold not exceeded,25660.0,0.0,numeric format checked; range/domain not confirmed,64.967,80.0
L-80,1,s03a_07a,Drop a non-key column only when incomplete plus confirmed malformed values exceed configured threshold,"curso/05_preparacion_de_datos.md: profile, validate and document transformations",39497,,retained; threshold not exceeded,29099.0,0.0,not evaluated: variable domain is not confirmed,73.6739,80.0
L-80,1,s03a_07b,Drop a non-key column only when incomplete plus confirmed malformed values exceed configured threshold,"curso/05_preparacion_de_datos.md: profile, validate and document transformations",39497,,retained; threshold not exceeded,30772.0,0.0,numeric format checked; range/domain not confirmed,77.9097,80.0
L-80,1,s03a_08,Drop a non-key column only when incomplete plus confirmed malformed values exceed configured threshold,"curso/05_preparacion_de_datos.md: profile, validate and document transformations",39497,,retained; threshold not exceeded,29099.0,0.0,numeric format checked; range/domain not confirmed,73.6739,80.0
L-80,1,s03a_09,Drop a non-key column only when incomplete plus confirmed malformed values exceed configured threshold,"curso/05_preparacion_de_datos.md: profile, validate and document transformations",39497,,retained; threshold not exceeded,25660.0,0.0,not evaluated: variable domain is not confirmed,64.967,80.0
L-80,1,s03b_10,Drop a non-key column only when incomplete plus confirmed malformed values exceed configured threshold,"curso/05_preparacion_de_datos.md: profile, validate and document transformations",39497,,retained; threshold not exceeded,25660.0,0.0,not evaluated: variable domain is not confirmed,64.967,80.0
L-80,1,s03b_11,Drop a non-key column only when incomplete plus confirmed malformed values exceed configured threshold,"curso/05_preparacion_de_datos.md: profile, validate and document transformations",39497,,exceeds threshold,36655.0,0.0,not evaluated: variable domain is not confirmed,92.8045,80.0
L-80,1,s03b_11e,Drop a non-key column only when incomplete plus confirmed malformed values exceed configured threshold,"curso/05_preparacion_de_datos.md: profile, validate and document transformations",39497,,exceeds threshold,39460.0,0.0,not evaluated: variable domain is not confirmed,99.9063,80.0
L-80,1,s03b_12,Drop a non-key column only when incomplete plus confirmed malformed values exceed configured threshold,"curso/05_preparacion_de_datos.md: profile, validate and document transformations",39497,,exceeds threshold,39457.0,0.0,not evaluated: variable domain is not confirmed,99.8987,80.0
L-80,1,s03c_13,Drop a non-key column only when incomplete plus confirmed malformed values exceed configured threshold,"curso/05_preparacion_de_datos.md: profile, validate and document transformations",39497,,retained; threshold not exceeded,2780.0,0.0,not evaluated: variable domain is not confirmed,7.0385,80.0
L-80,1,s03c_13a,Drop a non-key column only when incomplete plus confirmed malformed values exceed configured threshold,"curso/05_preparacion_de_datos.md: profile, validate and document transformations",39497,,retained; threshold not exceeded,11533.0,0.0,not evaluated: variable domain is not confirmed,29.1997,80.0
L-80,1,s03c_14,Drop a non-key column only when incomplete plus confirmed malformed values exceed configured threshold,"curso/05_preparacion_de_datos.md: profile, validate and document transformations",39497,,retained; threshold not exceeded,2780.0,0.0,numeric format checked; range/domain not confirmed,7.0385,80.0
L-80,1,s03c_15a,Drop a non-key column only when incomplete plus confirmed malformed values exceed configured threshold,"curso/05_preparacion_de_datos.md: profile, validate and document transformations",39497,,retained; threshold not exceeded,2780.0,0.0,numeric format checked; range/domain not confirmed,7.0385,80.0
L-80,1,s03c_15b,Drop a non-key column only when incomplete plus confirmed malformed values exceed configured threshold,"curso/05_preparacion_de_datos.md: profile, validate and document transformations",39497,,retained; threshold not exceeded,28680.0,0.0,numeric format checked; range/domain not confirmed,72.6131,80.0
L-80,1,s03c_16a,Drop a non-key column only when incomplete plus confirmed malformed values exceed configured threshold,"curso/05_preparacion_de_datos.md: profile, validate and document transformations",39497,,retained; threshold not exceeded,2780.0,0.0,numeric format checked; range/domain not confirmed,7.0385,80.0
L-80,1,s03c_16b,Drop a non-key column only when incomplete plus confirmed malformed values exceed configured threshold,"curso/05_preparacion_de_datos.md: profile, validate and document transformations",39497,,retained; threshold not exceeded,12646.0,0.0,numeric format checked; range/domain not confirmed,32.0176,80.0
L-80,1,s03c_17aa,Drop a non-key column only when incomplete plus confirmed malformed values exceed configured threshold,"curso/05_preparacion_de_datos.md: profile, validate and document transformations",39497,,retained; threshold not exceeded,12646.0,0.0,numeric format checked; range/domain not confirmed,32.0176,80.0
L-80,1,s03c_17ab,Drop a non-key column only when incomplete plus confirmed malformed values exceed configured threshold,"curso/05_preparacion_de_datos.md: profile, validate and document transformations",39497,,retained; threshold not exceeded,24892.0,0.0,numeric format checked; range/domain not confirmed,63.0225,80.0
L-80,1,s03c_17e,Drop a non-key column only when incomplete plus confirmed malformed values exceed configured threshold,"curso/05_preparacion_de_datos.md: profile, validate and document transformations",39497,,exceeds threshold,39292.0,0.0,not evaluated: variable domain is not confirmed,99.481,80.0
L-80,1,s04a_01,Drop a non-key column only when incomplete plus confirmed malformed values exceed configured threshold,"curso/05_preparacion_de_datos.md: profile, validate and document transformations",39497,,retained; threshold not exceeded,4131.0,0.0,numeric format checked; range/domain not confirmed,10.459,80.0
L-80,1,s04a_02,Drop a non-key column only when incomplete plus confirmed malformed values exceed configured threshold,"curso/05_preparacion_de_datos.md: profile, validate and document transformations",39497,,retained; threshold not exceeded,23109.0,0.0,numeric format checked; range/domain not confirmed,58.5082,80.0
L-80,1,s04a_02a,Drop a non-key column only when incomplete plus confirmed malformed values exceed configured threshold,"curso/05_preparacion_de_datos.md: profile, validate and document transformations",39497,,exceeds threshold,39276.0,0.0,not evaluated: variable domain is not confirmed,99.4405,80.0
L-80,1,s04a_03,Drop a non-key column only when incomplete plus confirmed malformed values exceed configured threshold,"curso/05_preparacion_de_datos.md: profile, validate and document transformations",39497,,retained; threshold not exceeded,23503.0,0.0,not evaluated: variable domain is not confirmed,59.5058,80.0
L-80,1,s04a_04,Drop a non-key column only when incomplete plus confirmed malformed values exceed configured threshold,"curso/05_preparacion_de_datos.md: profile, validate and document transformations",39497,,retained; threshold not exceeded,23610.0,0.0,not evaluated: variable domain is not confirmed,59.7767,80.0
L-80,1,s04a_05,Drop a non-key column only when incomplete plus confirmed malformed values exceed configured threshold,"curso/05_preparacion_de_datos.md: profile, validate and document transformations",39497,,retained; threshold not exceeded,23610.0,0.0,not evaluated: variable domain is not confirmed,59.7767,80.0
L-80,1,s04a_06,Drop a non-key column only when incomplete plus confirmed malformed values exceed configured threshold,"curso/05_preparacion_de_datos.md: profile, validate and document transformations",39497,,retained; threshold not exceeded,24724.0,0.0,not evaluated: variable domain is not confirmed,62.5972,80.0
L-80,1,s04a_06e,Drop a non-key column only when incomplete plus confirmed malformed values exceed configured threshold,"curso/05_preparacion_de_datos.md: profile, validate and document transformations",39497,,exceeds threshold,39432.0,0.0,not evaluated: variable domain is not confirmed,99.8354,80.0
L-80,1,s04a_07,Drop a non-key column only when incomplete plus confirmed malformed values exceed configured threshold,"curso/05_preparacion_de_datos.md: profile, validate and document transformations",39497,,retained; threshold not exceeded,24724.0,0.0,not evaluated: variable domain is not confirmed,62.5972,80.0
L-80,1,s04a_07e,Drop a non-key column only when incomplete plus confirmed malformed values exceed configured threshold,"curso/05_preparacion_de_datos.md: profile, validate and document transformations",39497,,exceeds threshold,39412.0,0.0,not evaluated: variable domain is not confirmed,99.7848,80.0
L-80,1,s04a_08,Drop a non-key column only when incomplete plus confirmed malformed values exceed configured threshold,"curso/05_preparacion_de_datos.md: profile, validate and document transformations",39497,,retained; threshold not exceeded,23610.0,0.0,not evaluated: variable domain is not confirmed,59.7767,80.0
L-80,1,s04b_09a_cod,Drop a non-key column only when incomplete plus confirmed malformed values exceed configured threshold,"curso/05_preparacion_de_datos.md: profile, validate and document transformations",39497,,retained; threshold not exceeded,20018.0,0.0,not evaluated: variable domain is not confirmed,50.6823,80.0
L-80,1,s04b_10a_cod,Drop a non-key column only when incomplete plus confirmed malformed values exceed configured threshold,"curso/05_preparacion_de_datos.md: profile, validate and document transformations",39497,,retained; threshold not exceeded,20018.0,0.0,not evaluated: variable domain is not confirmed,50.6823,80.0
L-80,1,s04b_11aa,Drop a non-key column only when incomplete plus confirmed malformed values exceed configured threshold,"curso/05_preparacion_de_datos.md: profile, validate and document transformations",39497,,retained; threshold not exceeded,20018.0,0.0,not evaluated: variable domain is not confirmed,50.6823,80.0
L-80,1,s04b_11ab,Drop a non-key column only when incomplete plus confirmed malformed values exceed configured threshold,"curso/05_preparacion_de_datos.md: profile, validate and document transformations",39497,,retained; threshold not exceeded,20018.0,0.0,not evaluated: variable domain is not confirmed,50.6823,80.0
L-80,1,s04b_11ba,Drop a non-key column only when incomplete plus confirmed malformed values exceed configured threshold,"curso/05_preparacion_de_datos.md: profile, validate and document transformations",39497,,retained; threshold not exceeded,20018.0,0.0,not evaluated: variable domain is not confirmed,50.6823,80.0
L-80,1,s04b_11bb,Drop a non-key column only when incomplete plus confirmed malformed values exceed configured threshold,"curso/05_preparacion_de_datos.md: profile, validate and document transformations",39497,,retained; threshold not exceeded,20018.0,0.0,not evaluated: variable domain is not confirmed,50.6823,80.0
L-80,1,s04b_12,Drop a non-key column only when incomplete plus confirmed malformed values exceed configured threshold,"curso/05_preparacion_de_datos.md: profile, validate and document transformations",39497,,retained; threshold not exceeded,20018.0,0.0,not evaluated: variable domain is not confirmed,50.6823,80.0
L-80,1,s04b_13,Drop a non-key column only when incomplete plus confirmed malformed values exceed configured threshold,"curso/05_preparacion_de_datos.md: profile, validate and document transformations",39497,,exceeds threshold,32444.0,0.0,not evaluated: variable domain is not confirmed,82.1429,80.0
L-80,1,s04b_14,Drop a non-key column only when incomplete plus confirmed malformed values exceed configured threshold,"curso/05_preparacion_de_datos.md: profile, validate and document transformations",39497,,retained; threshold not exceeded,20382.0,0.0,not evaluated: variable domain is not confirmed,51.6039,80.0
L-80,1,s04b_15,Drop a non-key column only when incomplete plus confirmed malformed values exceed configured threshold,"curso/05_preparacion_de_datos.md: profile, validate and document transformations",39497,,retained; threshold not exceeded,20018.0,0.0,numeric format checked; range/domain not confirmed,50.6823,80.0
L-80,1,s04b_16aa,Drop a non-key column only when incomplete plus confirmed malformed values exceed configured threshold,"curso/05_preparacion_de_datos.md: profile, validate and document transformations",39497,,retained; threshold not exceeded,20018.0,0.0,numeric format checked; range/domain not confirmed,50.6823,80.0
L-80,1,s04b_16ab,Drop a non-key column only when incomplete plus confirmed malformed values exceed configured threshold,"curso/05_preparacion_de_datos.md: profile, validate and document transformations",39497,,retained; threshold not exceeded,20018.0,0.0,numeric format checked; range/domain not confirmed,50.6823,80.0
L-80,1,s04c_17a,Drop a non-key column only when incomplete plus confirmed malformed values exceed configured threshold,"curso/05_preparacion_de_datos.md: profile, validate and document transformations",39497,,exceeds threshold,32131.0,0.0,numeric format checked; range/domain not confirmed,81.3505,80.0
L-80,1,s04c_17b,Drop a non-key column only when incomplete plus confirmed malformed values exceed configured threshold,"curso/05_preparacion_de_datos.md: profile, validate and document transformations",39497,,exceeds threshold,32131.0,0.0,not evaluated: variable domain is not confirmed,81.3505,80.0
L-80,1,s04c_18a,Drop a non-key column only when incomplete plus confirmed malformed values exceed configured threshold,"curso/05_preparacion_de_datos.md: profile, validate and document transformations",39497,,exceeds threshold,32128.0,0.0,numeric format checked; range/domain not confirmed,81.3429,80.0
L-80,1,s04c_18b,Drop a non-key column only when incomplete plus confirmed malformed values exceed configured threshold,"curso/05_preparacion_de_datos.md: profile, validate and document transformations",39497,,exceeds threshold,32136.0,0.0,numeric format checked; range/domain not confirmed,81.3631,80.0
L-80,1,s04c_19aa,Drop a non-key column only when incomplete plus confirmed malformed values exceed configured threshold,"curso/05_preparacion_de_datos.md: profile, validate and document transformations",39497,,exceeds threshold,32129.0,0.0,numeric format checked; range/domain not confirmed,81.3454,80.0
L-80,1,s04c_19ab,Drop a non-key column only when incomplete plus confirmed malformed values exceed configured threshold,"curso/05_preparacion_de_datos.md: profile, validate and document transformations",39497,,exceeds threshold,38818.0,0.0,numeric format checked; range/domain not confirmed,98.2809,80.0
L-80,1,s04c_19ba,Drop a non-key column only when incomplete plus confirmed malformed values exceed configured threshold,"curso/05_preparacion_de_datos.md: profile, validate and document transformations",39497,,exceeds threshold,32128.0,0.0,numeric format checked; range/domain not confirmed,81.3429,80.0
L-80,1,s04c_19bb,Drop a non-key column only when incomplete plus confirmed malformed values exceed configured threshold,"curso/05_preparacion_de_datos.md: profile, validate and document transformations",39497,,exceeds threshold,39144.0,0.0,numeric format checked; range/domain not confirmed,99.1063,80.0
L-80,1,s04c_20a1,Drop a non-key column only when incomplete plus confirmed malformed values exceed configured threshold,"curso/05_preparacion_de_datos.md: profile, validate and document transformations",39497,,exceeds threshold,32127.0,0.0,numeric format checked; range/domain not confirmed,81.3404,80.0
L-80,1,s04c_20a2,Drop a non-key column only when incomplete plus confirmed malformed values exceed configured threshold,"curso/05_preparacion_de_datos.md: profile, validate and document transformations",39497,,exceeds threshold,39374.0,0.0,numeric format checked; range/domain not confirmed,99.6886,80.0
L-80,1,s04c_20b,Drop a non-key column only when incomplete plus confirmed malformed values exceed configured threshold,"curso/05_preparacion_de_datos.md: profile, validate and document transformations",39497,,exceeds threshold,32127.0,0.0,numeric format checked; range/domain not confirmed,81.3404,80.0
L-80,1,s04c_20a_1,Drop a non-key column only when incomplete plus confirmed malformed values exceed configured threshold,"curso/05_preparacion_de_datos.md: profile, validate and document transformations",39497,,exceeds threshold,32127.0,0.0,not evaluated: variable domain is not confirmed,81.3404,80.0
L-80,1,s04c_20a_2,Drop a non-key column only when incomplete plus confirmed malformed values exceed configured threshold,"curso/05_preparacion_de_datos.md: profile, validate and document transformations",39497,,exceeds threshold,32127.0,0.0,not evaluated: variable domain is not confirmed,81.3404,80.0
L-80,1,s04c_21a,Drop a non-key column only when incomplete plus confirmed malformed values exceed configured threshold,"curso/05_preparacion_de_datos.md: profile, validate and document transformations",39497,,exceeds threshold,32127.0,0.0,numeric format checked; range/domain not confirmed,81.3404,80.0
L-80,1,s04c_21a1,Drop a non-key column only when incomplete plus confirmed malformed values exceed configured threshold,"curso/05_preparacion_de_datos.md: profile, validate and document transformations",39497,,exceeds threshold,38022.0,0.0,numeric format checked; range/domain not confirmed,96.2655,80.0
L-80,1,s04c_21a2,Drop a non-key column only when incomplete plus confirmed malformed values exceed configured threshold,"curso/05_preparacion_de_datos.md: profile, validate and document transformations",39497,,exceeds threshold,38022.0,0.0,numeric format checked; range/domain not confirmed,96.2655,80.0
L-80,1,s04c_21b,Drop a non-key column only when incomplete plus confirmed malformed values exceed configured threshold,"curso/05_preparacion_de_datos.md: profile, validate and document transformations",39497,,exceeds threshold,32127.0,0.0,numeric format checked; range/domain not confirmed,81.3404,80.0
L-80,1,s04c_21b1,Drop a non-key column only when incomplete plus confirmed malformed values exceed configured threshold,"curso/05_preparacion_de_datos.md: profile, validate and document transformations",39497,,exceeds threshold,39258.0,0.0,numeric format checked; range/domain not confirmed,99.3949,80.0
L-80,1,s04c_21b2,Drop a non-key column only when incomplete plus confirmed malformed values exceed configured threshold,"curso/05_preparacion_de_datos.md: profile, validate and document transformations",39497,,exceeds threshold,39258.0,0.0,numeric format checked; range/domain not confirmed,99.3949,80.0
L-80,1,s04c_21c,Drop a non-key column only when incomplete plus confirmed malformed values exceed configured threshold,"curso/05_preparacion_de_datos.md: profile, validate and document transformations",39497,,exceeds threshold,32127.0,0.0,numeric format checked; range/domain not confirmed,81.3404,80.0
L-80,1,s04c_21c1,Drop a non-key column only when incomplete plus confirmed malformed values exceed configured threshold,"curso/05_preparacion_de_datos.md: profile, validate and document transformations",39497,,exceeds threshold,38729.0,0.0,numeric format checked; range/domain not confirmed,98.0555,80.0
L-80,1,s04c_21c2,Drop a non-key column only when incomplete plus confirmed malformed values exceed configured threshold,"curso/05_preparacion_de_datos.md: profile, validate and document transformations",39497,,exceeds threshold,38729.0,0.0,numeric format checked; range/domain not confirmed,98.0555,80.0
L-80,1,s04c_21d,Drop a non-key column only when incomplete plus confirmed malformed values exceed configured threshold,"curso/05_preparacion_de_datos.md: profile, validate and document transformations",39497,,exceeds threshold,32127.0,0.0,numeric format checked; range/domain not confirmed,81.3404,80.0
L-80,1,s04c_21d1,Drop a non-key column only when incomplete plus confirmed malformed values exceed configured threshold,"curso/05_preparacion_de_datos.md: profile, validate and document transformations",39497,,exceeds threshold,39188.0,0.0,numeric format checked; range/domain not confirmed,99.2177,80.0
L-80,1,s04c_21d2,Drop a non-key column only when incomplete plus confirmed malformed values exceed configured threshold,"curso/05_preparacion_de_datos.md: profile, validate and document transformations",39497,,exceeds threshold,39188.0,0.0,numeric format checked; range/domain not confirmed,99.2177,80.0
L-80,1,s04c_21e,Drop a non-key column only when incomplete plus confirmed malformed values exceed configured threshold,"curso/05_preparacion_de_datos.md: profile, validate and document transformations",39497,,exceeds threshold,32127.0,0.0,numeric format checked; range/domain not confirmed,81.3404,80.0
L-80,1,s04c_21e1,Drop a non-key column only when incomplete plus confirmed malformed values exceed configured threshold,"curso/05_preparacion_de_datos.md: profile, validate and document transformations",39497,,exceeds threshold,39482.0,0.0,numeric format checked; range/domain not confirmed,99.962,80.0
L-80,1,s04c_21e2,Drop a non-key column only when incomplete plus confirmed malformed values exceed configured threshold,"curso/05_preparacion_de_datos.md: profile, validate and document transformations",39497,,exceeds threshold,39482.0,0.0,numeric format checked; range/domain not confirmed,99.962,80.0
L-80,1,s04d_22a,Drop a non-key column only when incomplete plus confirmed malformed values exceed configured threshold,"curso/05_preparacion_de_datos.md: profile, validate and document transformations",39497,,retained; threshold not exceeded,30074.0,0.0,numeric format checked; range/domain not confirmed,76.1425,80.0
L-80,1,s04d_22b,Drop a non-key column only when incomplete plus confirmed malformed values exceed configured threshold,"curso/05_preparacion_de_datos.md: profile, validate and document transformations",39497,,retained; threshold not exceeded,30166.0,0.0,numeric format checked; range/domain not confirmed,76.3754,80.0
L-80,1,s04d_23aa,Drop a non-key column only when incomplete plus confirmed malformed values exceed configured threshold,"curso/05_preparacion_de_datos.md: profile, validate and document transformations",39497,,retained; threshold not exceeded,30170.0,0.0,numeric format checked; range/domain not confirmed,76.3855,80.0
L-80,1,s04d_23ab,Drop a non-key column only when incomplete plus confirmed malformed values exceed configured threshold,"curso/05_preparacion_de_datos.md: profile, validate and document transformations",39497,,exceeds threshold,31711.0,0.0,numeric format checked; range/domain not confirmed,80.2871,80.0
L-80,1,s04d_23ba,Drop a non-key column only when incomplete plus confirmed malformed values exceed configured threshold,"curso/05_preparacion_de_datos.md: profile, validate and document transformations",39497,,retained; threshold not exceeded,30170.0,0.0,numeric format checked; range/domain not confirmed,76.3855,80.0
L-80,1,s04d_23bb,Drop a non-key column only when incomplete plus confirmed malformed values exceed configured threshold,"curso/05_preparacion_de_datos.md: profile, validate and document transformations",39497,,exceeds threshold,37055.0,0.0,numeric format checked; range/domain not confirmed,93.8173,80.0
L-80,1,s04d_23ca,Drop a non-key column only when incomplete plus confirmed malformed values exceed configured threshold,"curso/05_preparacion_de_datos.md: profile, validate and document transformations",39497,,retained; threshold not exceeded,30170.0,0.0,numeric format checked; range/domain not confirmed,76.3855,80.0
L-80,1,s04d_23cb,Drop a non-key column only when incomplete plus confirmed malformed values exceed configured threshold,"curso/05_preparacion_de_datos.md: profile, validate and document transformations",39497,,exceeds threshold,38778.0,0.0,numeric format checked; range/domain not confirmed,98.1796,80.0
L-80,1,s04d_23da,Drop a non-key column only when incomplete plus confirmed malformed values exceed configured threshold,"curso/05_preparacion_de_datos.md: profile, validate and document transformations",39497,,retained; threshold not exceeded,30173.0,0.0,numeric format checked; range/domain not confirmed,76.3931,80.0
L-80,1,s04d_23db,Drop a non-key column only when incomplete plus confirmed malformed values exceed configured threshold,"curso/05_preparacion_de_datos.md: profile, validate and document transformations",39497,,exceeds threshold,37789.0,0.0,numeric format checked; range/domain not confirmed,95.6756,80.0
L-80,1,s04d_23ea,Drop a non-key column only when incomplete plus confirmed malformed values exceed configured threshold,"curso/05_preparacion_de_datos.md: profile, validate and document transformations",39497,,retained; threshold not exceeded,30171.0,0.0,numeric format checked; range/domain not confirmed,76.3881,80.0
L-80,1,s04d_23eb,Drop a non-key column only when incomplete plus confirmed malformed values exceed configured threshold,"curso/05_preparacion_de_datos.md: profile, validate and document transformations",39497,,exceeds threshold,36130.0,0.0,numeric format checked; range/domain not confirmed,91.4753,80.0
L-80,1,s04d_23fa,Drop a non-key column only when incomplete plus confirmed malformed values exceed configured threshold,"curso/05_preparacion_de_datos.md: profile, validate and document transformations",39497,,retained; threshold not exceeded,30169.0,0.0,numeric format checked; range/domain not confirmed,76.383,80.0
L-80,1,s04d_23fb,Drop a non-key column only when incomplete plus confirmed malformed values exceed configured threshold,"curso/05_preparacion_de_datos.md: profile, validate and document transformations",39497,,exceeds threshold,39091.0,0.0,numeric format checked; range/domain not confirmed,98.9721,80.0
L-80,1,s04d_23ga,Drop a non-key column only when incomplete plus confirmed malformed values exceed configured threshold,"curso/05_preparacion_de_datos.md: profile, validate and document transformations",39497,,retained; threshold not exceeded,30171.0,0.0,numeric format checked; range/domain not confirmed,76.3881,80.0
L-80,1,s04d_23gb,Drop a non-key column only when incomplete plus confirmed malformed values exceed configured threshold,"curso/05_preparacion_de_datos.md: profile, validate and document transformations",39497,,exceeds threshold,37617.0,0.0,numeric format checked; range/domain not confirmed,95.2401,80.0
L-80,1,s04d_23ha,Drop a non-key column only when incomplete plus confirmed malformed values exceed configured threshold,"curso/05_preparacion_de_datos.md: profile, validate and document transformations",39497,,retained; threshold not exceeded,30169.0,0.0,numeric format checked; range/domain not confirmed,76.383,80.0
L-80,1,s04d_23hb,Drop a non-key column only when incomplete plus confirmed malformed values exceed configured threshold,"curso/05_preparacion_de_datos.md: profile, validate and document transformations",39497,,exceeds threshold,38088.0,0.0,numeric format checked; range/domain not confirmed,96.4326,80.0
L-80,1,s04d_24a,Drop a non-key column only when incomplete plus confirmed malformed values exceed configured threshold,"curso/05_preparacion_de_datos.md: profile, validate and document transformations",39497,,retained; threshold not exceeded,30071.0,0.0,numeric format checked; range/domain not confirmed,76.1349,80.0
L-80,1,s04d_24b,Drop a non-key column only when incomplete plus confirmed malformed values exceed configured threshold,"curso/05_preparacion_de_datos.md: profile, validate and document transformations",39497,,retained; threshold not exceeded,30169.0,0.0,numeric format checked; range/domain not confirmed,76.383,80.0
L-80,1,s04d_24ba,Drop a non-key column only when incomplete plus confirmed malformed values exceed configured threshold,"curso/05_preparacion_de_datos.md: profile, validate and document transformations",39497,,exceeds threshold,37294.0,0.0,not evaluated: variable domain is not confirmed,94.4224,80.0
L-80,1,s04d_24bb,Drop a non-key column only when incomplete plus confirmed malformed values exceed configured threshold,"curso/05_preparacion_de_datos.md: profile, validate and document transformations",39497,,exceeds threshold,37624.0,0.0,not evaluated: variable domain is not confirmed,95.2579,80.0
L-80,1,s04d_24bc,Drop a non-key column only when incomplete plus confirmed malformed values exceed configured threshold,"curso/05_preparacion_de_datos.md: profile, validate and document transformations",39497,,exceeds threshold,37624.0,0.0,numeric format checked; range/domain not confirmed,95.2579,80.0
L-80,1,s04e_25,Drop a non-key column only when incomplete plus confirmed malformed values exceed configured threshold,"curso/05_preparacion_de_datos.md: profile, validate and document transformations",39497,,retained; threshold not exceeded,20018.0,0.0,not evaluated: variable domain is not confirmed,50.6823,80.0
L-80,1,s04e_26_cod,Drop a non-key column only when incomplete plus confirmed malformed values exceed configured threshold,"curso/05_preparacion_de_datos.md: profile, validate and document transformations",39497,,exceeds threshold,38140.0,0.0,not evaluated: variable domain is not confirmed,96.5643,80.0
L-80,1,s04e_27,Drop a non-key column only when incomplete plus confirmed malformed values exceed configured threshold,"curso/05_preparacion_de_datos.md: profile, validate and document transformations",39497,,exceeds threshold,38140.0,0.0,not evaluated: variable domain is not confirmed,96.5643,80.0
L-80,1,s04e_28,Drop a non-key column only when incomplete plus confirmed malformed values exceed configured threshold,"curso/05_preparacion_de_datos.md: profile, validate and document transformations",39497,,exceeds threshold,39360.0,0.0,not evaluated: variable domain is not confirmed,99.6531,80.0
L-80,1,s04e_29,Drop a non-key column only when incomplete plus confirmed malformed values exceed configured threshold,"curso/05_preparacion_de_datos.md: profile, validate and document transformations",39497,,exceeds threshold,38140.0,0.0,numeric format checked; range/domain not confirmed,96.5643,80.0
L-80,1,s04e_30a,Drop a non-key column only when incomplete plus confirmed malformed values exceed configured threshold,"curso/05_preparacion_de_datos.md: profile, validate and document transformations",39497,,exceeds threshold,38140.0,0.0,numeric format checked; range/domain not confirmed,96.5643,80.0
L-80,1,s04e_30b,Drop a non-key column only when incomplete plus confirmed malformed values exceed configured threshold,"curso/05_preparacion_de_datos.md: profile, validate and document transformations",39497,,exceeds threshold,38140.0,0.0,numeric format checked; range/domain not confirmed,96.5643,80.0
L-80,1,s04f_31a,Drop a non-key column only when incomplete plus confirmed malformed values exceed configured threshold,"curso/05_preparacion_de_datos.md: profile, validate and document transformations",39497,,exceeds threshold,39364.0,0.0,not evaluated: variable domain is not confirmed,99.6633,80.0
L-80,1,s04f_31b,Drop a non-key column only when incomplete plus confirmed malformed values exceed configured threshold,"curso/05_preparacion_de_datos.md: profile, validate and document transformations",39497,,exceeds threshold,39364.0,0.0,numeric format checked; range/domain not confirmed,99.6633,80.0
L-80,1,s04f_32a,Drop a non-key column only when incomplete plus confirmed malformed values exceed configured threshold,"curso/05_preparacion_de_datos.md: profile, validate and document transformations",39497,,exceeds threshold,39364.0,0.0,numeric format checked; range/domain not confirmed,99.6633,80.0
L-80,1,s04f_32a1,Drop a non-key column only when incomplete plus confirmed malformed values exceed configured threshold,"curso/05_preparacion_de_datos.md: profile, validate and document transformations",39497,,exceeds threshold,39494.0,0.0,numeric format checked; range/domain not confirmed,99.9924,80.0
L-80,1,s04f_32b,Drop a non-key column only when incomplete plus confirmed malformed values exceed configured threshold,"curso/05_preparacion_de_datos.md: profile, validate and document transformations",39497,,exceeds threshold,39364.0,0.0,numeric format checked; range/domain not confirmed,99.6633,80.0
L-80,1,s04f_32b1,Drop a non-key column only when incomplete plus confirmed malformed values exceed configured threshold,"curso/05_preparacion_de_datos.md: profile, validate and document transformations",39497,,exceeds threshold,39484.0,0.0,numeric format checked; range/domain not confirmed,99.9671,80.0
L-80,1,s04f_32c,Drop a non-key column only when incomplete plus confirmed malformed values exceed configured threshold,"curso/05_preparacion_de_datos.md: profile, validate and document transformations",39497,,exceeds threshold,39364.0,0.0,numeric format checked; range/domain not confirmed,99.6633,80.0
L-80,1,s04f_32c1,Drop a non-key column only when incomplete plus confirmed malformed values exceed configured threshold,"curso/05_preparacion_de_datos.md: profile, validate and document transformations",39497,,exceeds threshold,39493.0,0.0,numeric format checked; range/domain not confirmed,99.9899,80.0
L-80,1,s04f_33a,Drop a non-key column only when incomplete plus confirmed malformed values exceed configured threshold,"curso/05_preparacion_de_datos.md: profile, validate and document transformations",39497,,exceeds threshold,38614.0,0.0,numeric format checked; range/domain not confirmed,97.7644,80.0
L-80,1,s04f_33b,Drop a non-key column only when incomplete plus confirmed malformed values exceed configured threshold,"curso/05_preparacion_de_datos.md: profile, validate and document transformations",39497,,exceeds threshold,38700.0,0.0,numeric format checked; range/domain not confirmed,97.9821,80.0
L-80,1,s04f_34a,Drop a non-key column only when incomplete plus confirmed malformed values exceed configured threshold,"curso/05_preparacion_de_datos.md: profile, validate and document transformations",39497,,exceeds threshold,38615.0,0.0,numeric format checked; range/domain not confirmed,97.7669,80.0
L-80,1,s04f_34b,Drop a non-key column only when incomplete plus confirmed malformed values exceed configured threshold,"curso/05_preparacion_de_datos.md: profile, validate and document transformations",39497,,exceeds threshold,38700.0,0.0,numeric format checked; range/domain not confirmed,97.9821,80.0
L-80,1,s04f_34ba,Drop a non-key column only when incomplete plus confirmed malformed values exceed configured threshold,"curso/05_preparacion_de_datos.md: profile, validate and document transformations",39497,,exceeds threshold,39148.0,0.0,not evaluated: variable domain is not confirmed,99.1164,80.0
L-80,1,s04f_34bb,Drop a non-key column only when incomplete plus confirmed malformed values exceed configured threshold,"curso/05_preparacion_de_datos.md: profile, validate and document transformations",39497,,exceeds threshold,39201.0,0.0,not evaluated: variable domain is not confirmed,99.2506,80.0
L-80,1,s04f_34bc,Drop a non-key column only when incomplete plus confirmed malformed values exceed configured threshold,"curso/05_preparacion_de_datos.md: profile, validate and document transformations",39497,,exceeds threshold,39201.0,0.0,numeric format checked; range/domain not confirmed,99.2506,80.0
L-80,1,s04f_35,Drop a non-key column only when incomplete plus confirmed malformed values exceed configured threshold,"curso/05_preparacion_de_datos.md: profile, validate and document transformations",39497,,retained; threshold not exceeded,4131.0,0.0,not evaluated: variable domain is not confirmed,10.459,80.0
L-80,1,s04f_36,Drop a non-key column only when incomplete plus confirmed malformed values exceed configured threshold,"curso/05_preparacion_de_datos.md: profile, validate and document transformations",39497,,exceeds threshold,33953.0,0.0,not evaluated: variable domain is not confirmed,85.9635,80.0
L-80,1,s05a_01a,Drop a non-key column only when incomplete plus confirmed malformed values exceed configured threshold,"curso/05_preparacion_de_datos.md: profile, validate and document transformations",39497,,retained; threshold not exceeded,25676.0,0.0,numeric format checked; range/domain not confirmed,65.0075,80.0
L-80,1,s05a_01b,Drop a non-key column only when incomplete plus confirmed malformed values exceed configured threshold,"curso/05_preparacion_de_datos.md: profile, validate and document transformations",39497,,exceeds threshold,34329.0,0.0,numeric format checked; range/domain not confirmed,86.9155,80.0
L-80,1,s05a_01c,Drop a non-key column only when incomplete plus confirmed malformed values exceed configured threshold,"curso/05_preparacion_de_datos.md: profile, validate and document transformations",39497,,retained; threshold not exceeded,9555.0,0.0,numeric format checked; range/domain not confirmed,24.1917,80.0
L-80,1,s05a_01d,Drop a non-key column only when incomplete plus confirmed malformed values exceed configured threshold,"curso/05_preparacion_de_datos.md: profile, validate and document transformations",39497,,retained; threshold not exceeded,4140.0,0.0,numeric format checked; range/domain not confirmed,10.4818,80.0
L-80,1,s05a_01e,Drop a non-key column only when incomplete plus confirmed malformed values exceed configured threshold,"curso/05_preparacion_de_datos.md: profile, validate and document transformations",39497,,exceeds threshold,34331.0,0.0,numeric format checked; range/domain not confirmed,86.9205,80.0
L-80,1,s05a_01e0,Drop a non-key column only when incomplete plus confirmed malformed values exceed configured threshold,"curso/05_preparacion_de_datos.md: profile, validate and document transformations",39497,,exceeds threshold,34645.0,0.0,numeric format checked; range/domain not confirmed,87.7155,80.0
L-80,1,s05a_01f,Drop a non-key column only when incomplete plus confirmed malformed values exceed configured threshold,"curso/05_preparacion_de_datos.md: profile, validate and document transformations",39497,,exceeds threshold,34645.0,0.0,numeric format checked; range/domain not confirmed,87.7155,80.0
L-80,1,s05a_02a,Drop a non-key column only when incomplete plus confirmed malformed values exceed configured threshold,"curso/05_preparacion_de_datos.md: profile, validate and document transformations",39497,,retained; threshold not exceeded,12627.0,0.0,numeric format checked; range/domain not confirmed,31.9695,80.0
L-80,1,s05a_02b,Drop a non-key column only when incomplete plus confirmed malformed values exceed configured threshold,"curso/05_preparacion_de_datos.md: profile, validate and document transformations",39497,,retained; threshold not exceeded,12627.0,0.0,numeric format checked; range/domain not confirmed,31.9695,80.0
L-80,1,s05a_02c,Drop a non-key column only when incomplete plus confirmed malformed values exceed configured threshold,"curso/05_preparacion_de_datos.md: profile, validate and document transformations",39497,,retained; threshold not exceeded,12627.0,0.0,numeric format checked; range/domain not confirmed,31.9695,80.0
L-80,1,s05a_02ce,Drop a non-key column only when incomplete plus confirmed malformed values exceed configured threshold,"curso/05_preparacion_de_datos.md: profile, validate and document transformations",39497,,exceeds threshold,39461.0,0.0,not evaluated: variable domain is not confirmed,99.9089,80.0
L-80,1,s05a_03a,Drop a non-key column only when incomplete plus confirmed malformed values exceed configured threshold,"curso/05_preparacion_de_datos.md: profile, validate and document transformations",39497,,retained; threshold not exceeded,12627.0,0.0,numeric format checked; range/domain not confirmed,31.9695,80.0
L-80,1,s05a_03b,Drop a non-key column only when incomplete plus confirmed malformed values exceed configured threshold,"curso/05_preparacion_de_datos.md: profile, validate and document transformations",39497,,retained; threshold not exceeded,12627.0,0.0,numeric format checked; range/domain not confirmed,31.9695,80.0
L-80,1,s05a_03c,Drop a non-key column only when incomplete plus confirmed malformed values exceed configured threshold,"curso/05_preparacion_de_datos.md: profile, validate and document transformations",39497,,retained; threshold not exceeded,12627.0,0.0,numeric format checked; range/domain not confirmed,31.9695,80.0
L-80,1,s05a_04a,Drop a non-key column only when incomplete plus confirmed malformed values exceed configured threshold,"curso/05_preparacion_de_datos.md: profile, validate and document transformations",39497,,retained; threshold not exceeded,9543.0,0.0,numeric format checked; range/domain not confirmed,24.1613,80.0
L-80,1,s05a_04b,Drop a non-key column only when incomplete plus confirmed malformed values exceed configured threshold,"curso/05_preparacion_de_datos.md: profile, validate and document transformations",39497,,retained; threshold not exceeded,4131.0,0.0,numeric format checked; range/domain not confirmed,10.459,80.0
L-80,1,s05a_04c,Drop a non-key column only when incomplete plus confirmed malformed values exceed configured threshold,"curso/05_preparacion_de_datos.md: profile, validate and document transformations",39497,,retained; threshold not exceeded,12624.0,0.0,numeric format checked; range/domain not confirmed,31.9619,80.0
L-80,1,s05a_04d,Drop a non-key column only when incomplete plus confirmed malformed values exceed configured threshold,"curso/05_preparacion_de_datos.md: profile, validate and document transformations",39497,,retained; threshold not exceeded,4131.0,0.0,numeric format checked; range/domain not confirmed,10.459,80.0
L-80,1,s05b_05aa,Drop a non-key column only when incomplete plus confirmed malformed values exceed configured threshold,"curso/05_preparacion_de_datos.md: profile, validate and document transformations",39497,,retained; threshold not exceeded,24.0,0.0,numeric format checked; range/domain not confirmed,0.0608,80.0
L-80,1,s05b_05ab,Drop a non-key column only when incomplete plus confirmed malformed values exceed configured threshold,"curso/05_preparacion_de_datos.md: profile, validate and document transformations",39497,,exceeds threshold,38362.0,0.0,numeric format checked; range/domain not confirmed,97.1264,80.0
L-80,1,s05b_05ba,Drop a non-key column only when incomplete plus confirmed malformed values exceed configured threshold,"curso/05_preparacion_de_datos.md: profile, validate and document transformations",39497,,retained; threshold not exceeded,27.0,0.0,numeric format checked; range/domain not confirmed,0.0684,80.0
L-80,1,s05b_05bb,Drop a non-key column only when incomplete plus confirmed malformed values exceed configured threshold,"curso/05_preparacion_de_datos.md: profile, validate and document transformations",39497,,exceeds threshold,37746.0,0.0,numeric format checked; range/domain not confirmed,95.5668,80.0
L-80,1,s05b_05ca,Drop a non-key column only when incomplete plus confirmed malformed values exceed configured threshold,"curso/05_preparacion_de_datos.md: profile, validate and document transformations",39497,,retained; threshold not exceeded,34.0,0.0,numeric format checked; range/domain not confirmed,0.0861,80.0
L-80,1,s05b_05cb,Drop a non-key column only when incomplete plus confirmed malformed values exceed configured threshold,"curso/05_preparacion_de_datos.md: profile, validate and document transformations",39497,,exceeds threshold,37737.0,0.0,numeric format checked; range/domain not confirmed,95.544,80.0
L-80,1,s05b_06aa,Drop a non-key column only when incomplete plus confirmed malformed values exceed configured threshold,"curso/05_preparacion_de_datos.md: profile, validate and document transformations",39497,,retained; threshold not exceeded,0.0,0.0,numeric format checked; range/domain not confirmed,0.0,80.0
L-80,1,s05b_06ab,Drop a non-key column only when incomplete plus confirmed malformed values exceed configured threshold,"curso/05_preparacion_de_datos.md: profile, validate and document transformations",39497,,exceeds threshold,39353.0,0.0,numeric format checked; range/domain not confirmed,99.6354,80.0
L-80,1,s05b_06ae,Drop a non-key column only when incomplete plus confirmed malformed values exceed configured threshold,"curso/05_preparacion_de_datos.md: profile, validate and document transformations",39497,,exceeds threshold,39353.0,0.0,not evaluated: variable domain is not confirmed,99.6354,80.0
L-80,1,s05b_06ba,Drop a non-key column only when incomplete plus confirmed malformed values exceed configured threshold,"curso/05_preparacion_de_datos.md: profile, validate and document transformations",39497,,retained; threshold not exceeded,0.0,0.0,numeric format checked; range/domain not confirmed,0.0,80.0
L-80,1,s05b_06bb,Drop a non-key column only when incomplete plus confirmed malformed values exceed configured threshold,"curso/05_preparacion_de_datos.md: profile, validate and document transformations",39497,,exceeds threshold,39336.0,0.0,numeric format checked; range/domain not confirmed,99.5924,80.0
L-80,1,s05b_06be,Drop a non-key column only when incomplete plus confirmed malformed values exceed configured threshold,"curso/05_preparacion_de_datos.md: profile, validate and document transformations",39497,,exceeds threshold,39332.0,0.0,not evaluated: variable domain is not confirmed,99.5822,80.0
L-80,1,s05b_06ca,Drop a non-key column only when incomplete plus confirmed malformed values exceed configured threshold,"curso/05_preparacion_de_datos.md: profile, validate and document transformations",39497,,retained; threshold not exceeded,0.0,0.0,numeric format checked; range/domain not confirmed,0.0,80.0
L-80,1,s05b_06cb,Drop a non-key column only when incomplete plus confirmed malformed values exceed configured threshold,"curso/05_preparacion_de_datos.md: profile, validate and document transformations",39497,,retained; threshold not exceeded,28077.0,0.0,numeric format checked; range/domain not confirmed,71.0864,80.0
L-80,1,s05b_06ce,Drop a non-key column only when incomplete plus confirmed malformed values exceed configured threshold,"curso/05_preparacion_de_datos.md: profile, validate and document transformations",39497,,retained; threshold not exceeded,28076.0,0.0,not evaluated: variable domain is not confirmed,71.0839,80.0
L-80,1,s05c_07,Drop a non-key column only when incomplete plus confirmed malformed values exceed configured threshold,"curso/05_preparacion_de_datos.md: profile, validate and document transformations",39497,,retained; threshold not exceeded,4131.0,0.0,numeric format checked; range/domain not confirmed,10.459,80.0
L-80,1,s05c_08,Drop a non-key column only when incomplete plus confirmed malformed values exceed configured threshold,"curso/05_preparacion_de_datos.md: profile, validate and document transformations",39497,,exceeds threshold,38693.0,0.0,not evaluated: variable domain is not confirmed,97.9644,80.0
L-80,1,s05c_09a,Drop a non-key column only when incomplete plus confirmed malformed values exceed configured threshold,"curso/05_preparacion_de_datos.md: profile, validate and document transformations",39497,,exceeds threshold,38690.0,0.0,numeric format checked; range/domain not confirmed,97.9568,80.0
L-80,1,s05c_09b,Drop a non-key column only when incomplete plus confirmed malformed values exceed configured threshold,"curso/05_preparacion_de_datos.md: profile, validate and document transformations",39497,,exceeds threshold,38741.0,0.0,numeric format checked; range/domain not confirmed,98.0859,80.0
L-80,1,s05c_09e,Drop a non-key column only when incomplete plus confirmed malformed values exceed configured threshold,"curso/05_preparacion_de_datos.md: profile, validate and document transformations",39497,,exceeds threshold,39490.0,0.0,not evaluated: variable domain is not confirmed,99.9823,80.0
L-80,1,s05c_10,Drop a non-key column only when incomplete plus confirmed malformed values exceed configured threshold,"curso/05_preparacion_de_datos.md: profile, validate and document transformations",39497,,exceeds threshold,38694.0,0.0,numeric format checked; range/domain not confirmed,97.9669,80.0
L-80,1,estrato,Drop a non-key column only when incomplete plus confirmed malformed values exceed configured threshold,"curso/05_preparacion_de_datos.md: profile, validate and document transformations",39497,,retained; threshold not exceeded,0.0,0.0,not evaluated: variable domain is not confirmed,0.0,80.0
L-80,1,upm,Drop a non-key column only when incomplete plus confirmed malformed values exceed configured threshold,"curso/05_preparacion_de_datos.md: profile, validate and document transformations",39497,,retained; threshold not exceeded,0.0,0.0,not evaluated: variable domain is not confirmed,0.0,80.0
L-80,1,factor,Drop a non-key column only when incomplete plus confirmed malformed values exceed configured threshold,"curso/05_preparacion_de_datos.md: profile, validate and document transformations",39497,,retained; threshold not exceeded,0.0,0.0,numeric format checked; range/domain not confirmed,0.0,80.0
L-80,1,cob_op,Drop a non-key column only when incomplete plus confirmed malformed values exceed configured threshold,"curso/05_preparacion_de_datos.md: profile, validate and document transformations",39497,,retained; threshold not exceeded,20018.0,0.0,not evaluated: variable domain is not confirmed,50.6823,80.0
L-80,1,caeb_op,Drop a non-key column only when incomplete plus confirmed malformed values exceed configured threshold,"curso/05_preparacion_de_datos.md: profile, validate and document transformations",39497,,retained; threshold not exceeded,20018.0,0.0,not evaluated: variable domain is not confirmed,50.6823,80.0
L-80,1,caeb_os,Drop a non-key column only when incomplete plus confirmed malformed values exceed configured threshold,"curso/05_preparacion_de_datos.md: profile, validate and document transformations",39497,,exceeds threshold,38140.0,0.0,not evaluated: variable domain is not confirmed,96.5643,80.0
L-80,1,pet,Drop a non-key column only when incomplete plus confirmed malformed values exceed configured threshold,"curso/05_preparacion_de_datos.md: profile, validate and document transformations",39497,,retained; threshold not exceeded,0.0,0.0,numeric format checked; range/domain not confirmed,0.0,80.0
L-80,1,pea,Drop a non-key column only when incomplete plus confirmed malformed values exceed configured threshold,"curso/05_preparacion_de_datos.md: profile, validate and document transformations",39497,,retained; threshold not exceeded,4131.0,0.0,not evaluated: variable domain is not confirmed,10.459,80.0
L-80,1,pei,Drop a non-key column only when incomplete plus confirmed malformed values exceed configured threshold,"curso/05_preparacion_de_datos.md: profile, validate and document transformations",39497,,retained; threshold not exceeded,4131.0,0.0,not evaluated: variable domain is not confirmed,10.459,80.0
L-80,1,condact,Drop a non-key column only when incomplete plus confirmed malformed values exceed configured threshold,"curso/05_preparacion_de_datos.md: profile, validate and document transformations",39497,,retained; threshold not exceeded,4131.0,0.0,not evaluated: variable domain is not confirmed,10.459,80.0
L-80,1,phrs,Drop a non-key column only when incomplete plus confirmed malformed values exceed configured threshold,"curso/05_preparacion_de_datos.md: profile, validate and document transformations",39497,,retained; threshold not exceeded,20018.0,0.0,numeric format checked; range/domain not confirmed,50.6823,80.0
L-80,1,shrs,Drop a non-key column only when incomplete plus confirmed malformed values exceed configured threshold,"curso/05_preparacion_de_datos.md: profile, validate and document transformations",39497,,exceeds threshold,38140.0,0.0,numeric format checked; range/domain not confirmed,96.5643,80.0
L-80,1,tothrs,Drop a non-key column only when incomplete plus confirmed malformed values exceed configured threshold,"curso/05_preparacion_de_datos.md: profile, validate and document transformations",39497,,retained; threshold not exceeded,20018.0,0.0,numeric format checked; range/domain not confirmed,50.6823,80.0
L-80,1,totper,Drop a non-key column only when incomplete plus confirmed malformed values exceed configured threshold,"curso/05_preparacion_de_datos.md: profile, validate and document transformations",39497,,retained; threshold not exceeded,20.0,0.0,numeric format checked; range/domain not confirmed,0.0506,80.0
L-80,1,yprilab,Drop a non-key column only when incomplete plus confirmed malformed values exceed configured threshold,"curso/05_preparacion_de_datos.md: profile, validate and document transformations",39497,,retained; threshold not exceeded,22801.0,0.0,numeric format checked; range/domain not confirmed,57.7284,80.0
L-80,1,yseclab,Drop a non-key column only when incomplete plus confirmed malformed values exceed configured threshold,"curso/05_preparacion_de_datos.md: profile, validate and document transformations",39497,,exceeds threshold,38571.0,0.0,numeric format checked; range/domain not confirmed,97.6555,80.0
L-80,1,ylab,Drop a non-key column only when incomplete plus confirmed malformed values exceed configured threshold,"curso/05_preparacion_de_datos.md: profile, validate and document transformations",39497,,retained; threshold not exceeded,22788.0,0.0,numeric format checked; range/domain not confirmed,57.6955,80.0
L-80,1,ynolab,Drop a non-key column only when incomplete plus confirmed malformed values exceed configured threshold,"curso/05_preparacion_de_datos.md: profile, validate and document transformations",39497,,retained; threshold not exceeded,0.0,0.0,numeric format checked; range/domain not confirmed,0.0,80.0
L-80,1,yper,Drop a non-key column only when incomplete plus confirmed malformed values exceed configured threshold,"curso/05_preparacion_de_datos.md: profile, validate and document transformations",39497,,retained; threshold not exceeded,0.0,0.0,numeric format checked; range/domain not confirmed,0.0,80.0
L-80,1,yhog,Drop a non-key column only when incomplete plus confirmed malformed values exceed configured threshold,"curso/05_preparacion_de_datos.md: profile, validate and document transformations",39497,,retained; threshold not exceeded,20.0,0.0,numeric format checked; range/domain not confirmed,0.0506,80.0
L-80,1,yhogpc,Drop a non-key column only when incomplete plus confirmed malformed values exceed configured threshold,"curso/05_preparacion_de_datos.md: profile, validate and document transformations",39497,,retained; threshold not exceeded,20.0,0.0,numeric format checked; range/domain not confirmed,0.0506,80.0
L-80,1,z,Drop a non-key column only when incomplete plus confirmed malformed values exceed configured threshold,"curso/05_preparacion_de_datos.md: profile, validate and document transformations",39497,,retained; threshold not exceeded,0.0,0.0,numeric format checked; range/domain not confirmed,0.0,80.0
L-80,1,zext,Drop a non-key column only when incomplete plus confirmed malformed values exceed configured threshold,"curso/05_preparacion_de_datos.md: profile, validate and document transformations",39497,,retained; threshold not exceeded,0.0,0.0,numeric format checked; range/domain not confirmed,0.0,80.0
L-80,1,p0,Drop a non-key column only when incomplete plus confirmed malformed values exceed configured threshold,"curso/05_preparacion_de_datos.md: profile, validate and document transformations",39497,,retained; threshold not exceeded,20.0,0.0,numeric format checked; range/domain not confirmed,0.0506,80.0
L-80,1,p1,Drop a non-key column only when incomplete plus confirmed malformed values exceed configured threshold,"curso/05_preparacion_de_datos.md: profile, validate and document transformations",39497,,retained; threshold not exceeded,20.0,0.0,numeric format checked; range/domain not confirmed,0.0506,80.0
L-80,1,p2,Drop a non-key column only when incomplete plus confirmed malformed values exceed configured threshold,"curso/05_preparacion_de_datos.md: profile, validate and document transformations",39497,,retained; threshold not exceeded,20.0,0.0,numeric format checked; range/domain not confirmed,0.0506,80.0
L-80,1,pext0,Drop a non-key column only when incomplete plus confirmed malformed values exceed configured threshold,"curso/05_preparacion_de_datos.md: profile, validate and document transformations",39497,,retained; threshold not exceeded,20.0,0.0,numeric format checked; range/domain not confirmed,0.0506,80.0
L-80,1,pext1,Drop a non-key column only when incomplete plus confirmed malformed values exceed configured threshold,"curso/05_preparacion_de_datos.md: profile, validate and document transformations",39497,,retained; threshold not exceeded,20.0,0.0,numeric format checked; range/domain not confirmed,0.0506,80.0
L-80,1,pext2,Drop a non-key column only when incomplete plus confirmed malformed values exceed configured threshold,"curso/05_preparacion_de_datos.md: profile, validate and document transformations",39497,,retained; threshold not exceeded,20.0,0.0,numeric format checked; range/domain not confirmed,0.0506,80.0
L-80,1,tipohogar,Drop a non-key column only when incomplete plus confirmed malformed values exceed configured threshold,"curso/05_preparacion_de_datos.md: profile, validate and document transformations",39497,,retained; threshold not exceeded,0.0,0.0,not evaluated: variable domain is not confirmed,0.0,80.0
L-80,1,cobersalud,Drop a non-key column only when incomplete plus confirmed malformed values exceed configured threshold,"curso/05_preparacion_de_datos.md: profile, validate and document transformations",39497,,retained; threshold not exceeded,0.0,0.0,not evaluated: variable domain is not confirmed,0.0,80.0
L-80,1,hnv_ult_a,Drop a non-key column only when incomplete plus confirmed malformed values exceed configured threshold,"curso/05_preparacion_de_datos.md: profile, validate and document transformations",39497,,retained; threshold not exceeded,28169.0,0.0,numeric format checked; range/domain not confirmed,71.3193,80.0
L-80,1,quienatenparto,Drop a non-key column only when incomplete plus confirmed malformed values exceed configured threshold,"curso/05_preparacion_de_datos.md: profile, validate and document transformations",39497,,exceeds threshold,36786.0,0.0,not evaluated: variable domain is not confirmed,93.1362,80.0
L-80,1,niv_ed,Drop a non-key column only when incomplete plus confirmed malformed values exceed configured threshold,"curso/05_preparacion_de_datos.md: profile, validate and document transformations",39497,,retained; threshold not exceeded,2143.0,0.0,not evaluated: variable domain is not confirmed,5.4257,80.0
L-80,1,niv_ed_g,Drop a non-key column only when incomplete plus confirmed malformed values exceed configured threshold,"curso/05_preparacion_de_datos.md: profile, validate and document transformations",39497,,retained; threshold not exceeded,2143.0,0.0,not evaluated: variable domain is not confirmed,5.4257,80.0
L-80,1,cmasi,Drop a non-key column only when incomplete plus confirmed malformed values exceed configured threshold,"curso/05_preparacion_de_datos.md: profile, validate and document transformations",39497,,retained; threshold not exceeded,2143.0,0.0,not evaluated: variable domain is not confirmed,5.4257,80.0
L-80,1,educ_prev,Drop a non-key column only when incomplete plus confirmed malformed values exceed configured threshold,"curso/05_preparacion_de_datos.md: profile, validate and document transformations",39497,,exceeds threshold,37200.0,0.0,numeric format checked; range/domain not confirmed,94.1844,80.0
L-80,1,aestudio,Drop a non-key column only when incomplete plus confirmed malformed values exceed configured threshold,"curso/05_preparacion_de_datos.md: profile, validate and document transformations",39497,,retained; threshold not exceeded,2143.0,0.0,numeric format checked; range/domain not confirmed,5.4257,80.0
