rule_id,rule_version,column,rule,theory_ref,rows_examined,cells_changed,status,missing_count,malformed_count,malformed_check_status,incomplete_or_malformed_pct,threshold_pct,exact_duplicate_rows,exact_duplicate_extras,duplicate_key_rows,duplicate_key_extras,blank_key_rows
L-03,2,area,"Trim outer whitespace only in dictionary-typed coded/numeric fields; preserve identifiers, free text, missing tokens, and internal content",curso/02_tipos_de_datos.md + curso/05_preparacion_de_datos.md: type-aware transformation,39497,0.0,no changes,,,,,,,,,,
L-03,2,depto,"Trim outer whitespace only in dictionary-typed coded/numeric fields; preserve identifiers, free text, missing tokens, and internal content",curso/02_tipos_de_datos.md + curso/05_preparacion_de_datos.md: type-aware transformation,39497,0.0,no changes,,,,,,,,,,
L-03,2,s01a_02,"Trim outer whitespace only in dictionary-typed coded/numeric fields; preserve identifiers, free text, missing tokens, and internal content",curso/02_tipos_de_datos.md + curso/05_preparacion_de_datos.md: type-aware transformation,39497,0.0,no changes,,,,,,,,,,
L-03,2,s01a_03,"Trim outer whitespace only in dictionary-typed coded/numeric fields; preserve identifiers, free text, missing tokens, and internal content",curso/02_tipos_de_datos.md + curso/05_preparacion_de_datos.md: type-aware transformation,39497,0.0,no changes,,,,,,,,,,
L-03,2,s01a_04a,"Trim outer whitespace only in dictionary-typed coded/numeric fields; preserve identifiers, free text, missing tokens, and internal content",curso/02_tipos_de_datos.md + curso/05_preparacion_de_datos.md: type-aware transformation,39497,0.0,no changes,,,,,,,,,,
L-03,2,s01a_04b,"Trim outer whitespace only in dictionary-typed coded/numeric fields; preserve identifiers, free text, missing tokens, and internal content",curso/02_tipos_de_datos.md + curso/05_preparacion_de_datos.md: type-aware transformation,39497,0.0,no changes,,,,,,,,,,
L-03,2,s01a_04c,"Trim outer whitespace only in dictionary-typed coded/numeric fields; preserve identifiers, free text, missing tokens, and internal content",curso/02_tipos_de_datos.md + curso/05_preparacion_de_datos.md: type-aware transformation,39497,0.0,no changes,,,,,,,,,,
L-03,2,s01a_05,"Trim outer whitespace only in dictionary-typed coded/numeric fields; preserve identifiers, free text, missing tokens, and internal content",curso/02_tipos_de_datos.md + curso/05_preparacion_de_datos.md: type-aware transformation,39497,0.0,no changes,,,,,,,,,,
L-03,2,s01a_05a,"Trim outer whitespace only in dictionary-typed coded/numeric fields; preserve identifiers, free text, missing tokens, and internal content",curso/02_tipos_de_datos.md + curso/05_preparacion_de_datos.md: type-aware transformation,39497,0.0,no changes,,,,,,,,,,
L-03,2,s01a_05b,"Trim outer whitespace only in dictionary-typed coded/numeric fields; preserve identifiers, free text, missing tokens, and internal content",curso/02_tipos_de_datos.md + curso/05_preparacion_de_datos.md: type-aware transformation,39497,0.0,no changes,,,,,,,,,,
L-03,2,s01a_05c,"Trim outer whitespace only in dictionary-typed coded/numeric fields; preserve identifiers, free text, missing tokens, and internal content",curso/02_tipos_de_datos.md + curso/05_preparacion_de_datos.md: type-aware transformation,39497,0.0,no changes,,,,,,,,,,
L-03,2,s01a_06,"Trim outer whitespace only in dictionary-typed coded/numeric fields; preserve identifiers, free text, missing tokens, and internal content",curso/02_tipos_de_datos.md + curso/05_preparacion_de_datos.md: type-aware transformation,39497,0.0,no changes,,,,,,,,,,
L-03,2,s01a_07_1,"Trim outer whitespace only in dictionary-typed coded/numeric fields; preserve identifiers, free text, missing tokens, and internal content",curso/02_tipos_de_datos.md + curso/05_preparacion_de_datos.md: type-aware transformation,39497,0.0,no changes,,,,,,,,,,
L-03,2,s01a_07_2,"Trim outer whitespace only in dictionary-typed coded/numeric fields; preserve identifiers, free text, missing tokens, and internal content",curso/02_tipos_de_datos.md + curso/05_preparacion_de_datos.md: type-aware transformation,39497,0.0,no changes,,,,,,,,,,
L-03,2,s01a_07_3,"Trim outer whitespace only in dictionary-typed coded/numeric fields; preserve identifiers, free text, missing tokens, and internal content",curso/02_tipos_de_datos.md + curso/05_preparacion_de_datos.md: type-aware transformation,39497,0.0,no changes,,,,,,,,,,
L-03,2,s01a_08,"Trim outer whitespace only in dictionary-typed coded/numeric fields; preserve identifiers, free text, missing tokens, and internal content",curso/02_tipos_de_datos.md + curso/05_preparacion_de_datos.md: type-aware transformation,39497,0.0,no changes,,,,,,,,,,
L-03,2,s01a_09,"Trim outer whitespace only in dictionary-typed coded/numeric fields; preserve identifiers, free text, missing tokens, and internal content",curso/02_tipos_de_datos.md + curso/05_preparacion_de_datos.md: type-aware transformation,39497,0.0,no changes,,,,,,,,,,
L-03,2,s01a_09npioc,"Trim outer whitespace only in dictionary-typed coded/numeric fields; preserve identifiers, free text, missing tokens, and internal content",curso/02_tipos_de_datos.md + curso/05_preparacion_de_datos.md: type-aware transformation,39497,0.0,no changes,,,,,,,,,,
L-03,2,s01a_10,"Trim outer whitespace only in dictionary-typed coded/numeric fields; preserve identifiers, free text, missing tokens, and internal content",curso/02_tipos_de_datos.md + curso/05_preparacion_de_datos.md: type-aware transformation,39497,0.0,no changes,,,,,,,,,,
L-03,2,s01b_11a,"Trim outer whitespace only in dictionary-typed coded/numeric fields; preserve identifiers, free text, missing tokens, and internal content",curso/02_tipos_de_datos.md + curso/05_preparacion_de_datos.md: type-aware transformation,39497,0.0,no changes,,,,,,,,,,
L-03,2,s01b_11b,"Trim outer whitespace only in dictionary-typed coded/numeric fields; preserve identifiers, free text, missing tokens, and internal content",curso/02_tipos_de_datos.md + curso/05_preparacion_de_datos.md: type-aware transformation,39497,0.0,no changes,,,,,,,,,,
L-03,2,s01b_11c,"Trim outer whitespace only in dictionary-typed coded/numeric fields; preserve identifiers, free text, missing tokens, and internal content",curso/02_tipos_de_datos.md + curso/05_preparacion_de_datos.md: type-aware transformation,39497,0.0,no changes,,,,,,,,,,
L-03,2,s01b_11d,"Trim outer whitespace only in dictionary-typed coded/numeric fields; preserve identifiers, free text, missing tokens, and internal content",curso/02_tipos_de_datos.md + curso/05_preparacion_de_datos.md: type-aware transformation,39497,0.0,no changes,,,,,,,,,,
L-03,2,s01b_11e,"Trim outer whitespace only in dictionary-typed coded/numeric fields; preserve identifiers, free text, missing tokens, and internal content",curso/02_tipos_de_datos.md + curso/05_preparacion_de_datos.md: type-aware transformation,39497,0.0,no changes,,,,,,,,,,
L-03,2,s01b_12,"Trim outer whitespace only in dictionary-typed coded/numeric fields; preserve identifiers, free text, missing tokens, and internal content",curso/02_tipos_de_datos.md + curso/05_preparacion_de_datos.md: type-aware transformation,39497,0.0,no changes,,,,,,,,,,
L-03,2,s01b_13a,"Trim outer whitespace only in dictionary-typed coded/numeric fields; preserve identifiers, free text, missing tokens, and internal content",curso/02_tipos_de_datos.md + curso/05_preparacion_de_datos.md: type-aware transformation,39497,0.0,no changes,,,,,,,,,,
L-03,2,s01b_13b,"Trim outer whitespace only in dictionary-typed coded/numeric fields; preserve identifiers, free text, missing tokens, and internal content",curso/02_tipos_de_datos.md + curso/05_preparacion_de_datos.md: type-aware transformation,39497,0.0,no changes,,,,,,,,,,
L-03,2,s02a_01a,"Trim outer whitespace only in dictionary-typed coded/numeric fields; preserve identifiers, free text, missing tokens, and internal content",curso/02_tipos_de_datos.md + curso/05_preparacion_de_datos.md: type-aware transformation,39497,0.0,no changes,,,,,,,,,,
L-03,2,s02a_01b,"Trim outer whitespace only in dictionary-typed coded/numeric fields; preserve identifiers, free text, missing tokens, and internal content",curso/02_tipos_de_datos.md + curso/05_preparacion_de_datos.md: type-aware transformation,39497,0.0,no changes,,,,,,,,,,
L-03,2,s02a_02a,"Trim outer whitespace only in dictionary-typed coded/numeric fields; preserve identifiers, free text, missing tokens, and internal content",curso/02_tipos_de_datos.md + curso/05_preparacion_de_datos.md: type-aware transformation,39497,0.0,no changes,,,,,,,,,,
L-03,2,s02a_02b,"Trim outer whitespace only in dictionary-typed coded/numeric fields; preserve identifiers, free text, missing tokens, and internal content",curso/02_tipos_de_datos.md + curso/05_preparacion_de_datos.md: type-aware transformation,39497,0.0,no changes,,,,,,,,,,
L-03,2,s02a_02c,"Trim outer whitespace only in dictionary-typed coded/numeric fields; preserve identifiers, free text, missing tokens, and internal content",curso/02_tipos_de_datos.md + curso/05_preparacion_de_datos.md: type-aware transformation,39497,0.0,no changes,,,,,,,,,,
L-03,2,s02a_02d,"Trim outer whitespace only in dictionary-typed coded/numeric fields; preserve identifiers, free text, missing tokens, and internal content",curso/02_tipos_de_datos.md + curso/05_preparacion_de_datos.md: type-aware transformation,39497,0.0,no changes,,,,,,,,,,
L-03,2,s02a_02e,"Trim outer whitespace only in dictionary-typed coded/numeric fields; preserve identifiers, free text, missing tokens, and internal content",curso/02_tipos_de_datos.md + curso/05_preparacion_de_datos.md: type-aware transformation,39497,0.0,no changes,,,,,,,,,,
L-03,2,s02a_02f,"Trim outer whitespace only in dictionary-typed coded/numeric fields; preserve identifiers, free text, missing tokens, and internal content",curso/02_tipos_de_datos.md + curso/05_preparacion_de_datos.md: type-aware transformation,39497,0.0,no changes,,,,,,,,,,
L-03,2,s02a_02g,"Trim outer whitespace only in dictionary-typed coded/numeric fields; preserve identifiers, free text, missing tokens, and internal content",curso/02_tipos_de_datos.md + curso/05_preparacion_de_datos.md: type-aware transformation,39497,0.0,no changes,,,,,,,,,,
L-03,2,s02a_02h,"Trim outer whitespace only in dictionary-typed coded/numeric fields; preserve identifiers, free text, missing tokens, and internal content",curso/02_tipos_de_datos.md + curso/05_preparacion_de_datos.md: type-aware transformation,39497,0.0,no changes,,,,,,,,,,
L-03,2,s02a_03a,"Trim outer whitespace only in dictionary-typed coded/numeric fields; preserve identifiers, free text, missing tokens, and internal content",curso/02_tipos_de_datos.md + curso/05_preparacion_de_datos.md: type-aware transformation,39497,0.0,no changes,,,,,,,,,,
L-03,2,s02a_03b,"Trim outer whitespace only in dictionary-typed coded/numeric fields; preserve identifiers, free text, missing tokens, and internal content",curso/02_tipos_de_datos.md + curso/05_preparacion_de_datos.md: type-aware transformation,39497,0.0,no changes,,,,,,,,,,
L-03,2,s02a_03c,"Trim outer whitespace only in dictionary-typed coded/numeric fields; preserve identifiers, free text, missing tokens, and internal content",curso/02_tipos_de_datos.md + curso/05_preparacion_de_datos.md: type-aware transformation,39497,0.0,no changes,,,,,,,,,,
L-03,2,s02a_03d,"Trim outer whitespace only in dictionary-typed coded/numeric fields; preserve identifiers, free text, missing tokens, and internal content",curso/02_tipos_de_datos.md + curso/05_preparacion_de_datos.md: type-aware transformation,39497,0.0,no changes,,,,,,,,,,
L-03,2,s02a_03e,"Trim outer whitespace only in dictionary-typed coded/numeric fields; preserve identifiers, free text, missing tokens, and internal content",curso/02_tipos_de_datos.md + curso/05_preparacion_de_datos.md: type-aware transformation,39497,0.0,no changes,,,,,,,,,,
L-03,2,s02a_04a,"Trim outer whitespace only in dictionary-typed coded/numeric fields; preserve identifiers, free text, missing tokens, and internal content",curso/02_tipos_de_datos.md + curso/05_preparacion_de_datos.md: type-aware transformation,39497,0.0,no changes,,,,,,,,,,
L-03,2,s02a_04b,"Trim outer whitespace only in dictionary-typed coded/numeric fields; preserve identifiers, free text, missing tokens, and internal content",curso/02_tipos_de_datos.md + curso/05_preparacion_de_datos.md: type-aware transformation,39497,0.0,no changes,,,,,,,,,,
L-03,2,s02a_04c,"Trim outer whitespace only in dictionary-typed coded/numeric fields; preserve identifiers, free text, missing tokens, and internal content",curso/02_tipos_de_datos.md + curso/05_preparacion_de_datos.md: type-aware transformation,39497,0.0,no changes,,,,,,,,,,
L-03,2,s02a_04d,"Trim outer whitespace only in dictionary-typed coded/numeric fields; preserve identifiers, free text, missing tokens, and internal content",curso/02_tipos_de_datos.md + curso/05_preparacion_de_datos.md: type-aware transformation,39497,0.0,no changes,,,,,,,,,,
L-03,2,s02a_05,"Trim outer whitespace only in dictionary-typed coded/numeric fields; preserve identifiers, free text, missing tokens, and internal content",curso/02_tipos_de_datos.md + curso/05_preparacion_de_datos.md: type-aware transformation,39497,0.0,no changes,,,,,,,,,,
L-03,2,s02b_06,"Trim outer whitespace only in dictionary-typed coded/numeric fields; preserve identifiers, free text, missing tokens, and internal content",curso/02_tipos_de_datos.md + curso/05_preparacion_de_datos.md: type-aware transformation,39497,0.0,no changes,,,,,,,,,,
L-03,2,s02b_06b,"Trim outer whitespace only in dictionary-typed coded/numeric fields; preserve identifiers, free text, missing tokens, and internal content",curso/02_tipos_de_datos.md + curso/05_preparacion_de_datos.md: type-aware transformation,39497,0.0,no changes,,,,,,,,,,
L-03,2,s02b_07,"Trim outer whitespace only in dictionary-typed coded/numeric fields; preserve identifiers, free text, missing tokens, and internal content",curso/02_tipos_de_datos.md + curso/05_preparacion_de_datos.md: type-aware transformation,39497,0.0,no changes,,,,,,,,,,
L-03,2,s02b_08,"Trim outer whitespace only in dictionary-typed coded/numeric fields; preserve identifiers, free text, missing tokens, and internal content",curso/02_tipos_de_datos.md + curso/05_preparacion_de_datos.md: type-aware transformation,39497,0.0,no changes,,,,,,,,,,
L-03,2,s02b_09a,"Trim outer whitespace only in dictionary-typed coded/numeric fields; preserve identifiers, free text, missing tokens, and internal content",curso/02_tipos_de_datos.md + curso/05_preparacion_de_datos.md: type-aware transformation,39497,0.0,no changes,,,,,,,,,,
L-03,2,s02b_09b,"Trim outer whitespace only in dictionary-typed coded/numeric fields; preserve identifiers, free text, missing tokens, and internal content",curso/02_tipos_de_datos.md + curso/05_preparacion_de_datos.md: type-aware transformation,39497,0.0,no changes,,,,,,,,,,
L-03,2,s02b_10,"Trim outer whitespace only in dictionary-typed coded/numeric fields; preserve identifiers, free text, missing tokens, and internal content",curso/02_tipos_de_datos.md + curso/05_preparacion_de_datos.md: type-aware transformation,39497,0.0,no changes,,,,,,,,,,
L-03,2,s02b_11,"Trim outer whitespace only in dictionary-typed coded/numeric fields; preserve identifiers, free text, missing tokens, and internal content",curso/02_tipos_de_datos.md + curso/05_preparacion_de_datos.md: type-aware transformation,39497,0.0,no changes,,,,,,,,,,
L-03,2,s02b_12a1,"Trim outer whitespace only in dictionary-typed coded/numeric fields; preserve identifiers, free text, missing tokens, and internal content",curso/02_tipos_de_datos.md + curso/05_preparacion_de_datos.md: type-aware transformation,39497,0.0,no changes,,,,,,,,,,
L-03,2,s02b_12a2,"Trim outer whitespace only in dictionary-typed coded/numeric fields; preserve identifiers, free text, missing tokens, and internal content",curso/02_tipos_de_datos.md + curso/05_preparacion_de_datos.md: type-aware transformation,39497,0.0,no changes,,,,,,,,,,
L-03,2,s02b_12b,"Trim outer whitespace only in dictionary-typed coded/numeric fields; preserve identifiers, free text, missing tokens, and internal content",curso/02_tipos_de_datos.md + curso/05_preparacion_de_datos.md: type-aware transformation,39497,0.0,no changes,,,,,,,,,,
L-03,2,s02b_13,"Trim outer whitespace only in dictionary-typed coded/numeric fields; preserve identifiers, free text, missing tokens, and internal content",curso/02_tipos_de_datos.md + curso/05_preparacion_de_datos.md: type-aware transformation,39497,0.0,no changes,,,,,,,,,,
L-03,2,s02b_14,"Trim outer whitespace only in dictionary-typed coded/numeric fields; preserve identifiers, free text, missing tokens, and internal content",curso/02_tipos_de_datos.md + curso/05_preparacion_de_datos.md: type-aware transformation,39497,0.0,no changes,,,,,,,,,,
L-03,2,s02b_14a,"Trim outer whitespace only in dictionary-typed coded/numeric fields; preserve identifiers, free text, missing tokens, and internal content",curso/02_tipos_de_datos.md + curso/05_preparacion_de_datos.md: type-aware transformation,39497,0.0,no changes,,,,,,,,,,
L-03,2,s02c_15,"Trim outer whitespace only in dictionary-typed coded/numeric fields; preserve identifiers, free text, missing tokens, and internal content",curso/02_tipos_de_datos.md + curso/05_preparacion_de_datos.md: type-aware transformation,39497,0.0,no changes,,,,,,,,,,
L-03,2,s02d_16,"Trim outer whitespace only in dictionary-typed coded/numeric fields; preserve identifiers, free text, missing tokens, and internal content",curso/02_tipos_de_datos.md + curso/05_preparacion_de_datos.md: type-aware transformation,39497,0.0,no changes,,,,,,,,,,
L-03,2,s02d_17,"Trim outer whitespace only in dictionary-typed coded/numeric fields; preserve identifiers, free text, missing tokens, and internal content",curso/02_tipos_de_datos.md + curso/05_preparacion_de_datos.md: type-aware transformation,39497,0.0,no changes,,,,,,,,,,
L-03,2,s02d_17a,"Trim outer whitespace only in dictionary-typed coded/numeric fields; preserve identifiers, free text, missing tokens, and internal content",curso/02_tipos_de_datos.md + curso/05_preparacion_de_datos.md: type-aware transformation,39497,0.0,no changes,,,,,,,,,,
L-03,2,s03a_01,"Trim outer whitespace only in dictionary-typed coded/numeric fields; preserve identifiers, free text, missing tokens, and internal content",curso/02_tipos_de_datos.md + curso/05_preparacion_de_datos.md: type-aware transformation,39497,0.0,no changes,,,,,,,,,,
L-03,2,s03a_01a,"Trim outer whitespace only in dictionary-typed coded/numeric fields; preserve identifiers, free text, missing tokens, and internal content",curso/02_tipos_de_datos.md + curso/05_preparacion_de_datos.md: type-aware transformation,39497,0.0,no changes,,,,,,,,,,
L-03,2,s03a_02a,"Trim outer whitespace only in dictionary-typed coded/numeric fields; preserve identifiers, free text, missing tokens, and internal content",curso/02_tipos_de_datos.md + curso/05_preparacion_de_datos.md: type-aware transformation,39497,0.0,no changes,,,,,,,,,,
L-03,2,s03a_02c,"Trim outer whitespace only in dictionary-typed coded/numeric fields; preserve identifiers, free text, missing tokens, and internal content",curso/02_tipos_de_datos.md + curso/05_preparacion_de_datos.md: type-aware transformation,39497,0.0,no changes,,,,,,,,,,
L-03,2,s03a_03a,"Trim outer whitespace only in dictionary-typed coded/numeric fields; preserve identifiers, free text, missing tokens, and internal content",curso/02_tipos_de_datos.md + curso/05_preparacion_de_datos.md: type-aware transformation,39497,0.0,no changes,,,,,,,,,,
L-03,2,s03a_03c,"Trim outer whitespace only in dictionary-typed coded/numeric fields; preserve identifiers, free text, missing tokens, and internal content",curso/02_tipos_de_datos.md + curso/05_preparacion_de_datos.md: type-aware transformation,39497,0.0,no changes,,,,,,,,,,
L-03,2,s03a_04,"Trim outer whitespace only in dictionary-typed coded/numeric fields; preserve identifiers, free text, missing tokens, and internal content",curso/02_tipos_de_datos.md + curso/05_preparacion_de_datos.md: type-aware transformation,39497,0.0,no changes,,,,,,,,,,
L-03,2,s03a_05,"Trim outer whitespace only in dictionary-typed coded/numeric fields; preserve identifiers, free text, missing tokens, and internal content",curso/02_tipos_de_datos.md + curso/05_preparacion_de_datos.md: type-aware transformation,39497,0.0,no changes,,,,,,,,,,
L-03,2,s03a_05e,"Trim outer whitespace only in dictionary-typed coded/numeric fields; preserve identifiers, free text, missing tokens, and internal content",curso/02_tipos_de_datos.md + curso/05_preparacion_de_datos.md: type-aware transformation,39497,0.0,no changes,,,,,,,,,,
L-03,2,s03a_06a,"Trim outer whitespace only in dictionary-typed coded/numeric fields; preserve identifiers, free text, missing tokens, and internal content",curso/02_tipos_de_datos.md + curso/05_preparacion_de_datos.md: type-aware transformation,39497,0.0,no changes,,,,,,,,,,
L-03,2,s03a_06c,"Trim outer whitespace only in dictionary-typed coded/numeric fields; preserve identifiers, free text, missing tokens, and internal content",curso/02_tipos_de_datos.md + curso/05_preparacion_de_datos.md: type-aware transformation,39497,0.0,no changes,,,,,,,,,,
L-03,2,s03a_07a,"Trim outer whitespace only in dictionary-typed coded/numeric fields; preserve identifiers, free text, missing tokens, and internal content",curso/02_tipos_de_datos.md + curso/05_preparacion_de_datos.md: type-aware transformation,39497,0.0,no changes,,,,,,,,,,
L-03,2,s03a_07b,"Trim outer whitespace only in dictionary-typed coded/numeric fields; preserve identifiers, free text, missing tokens, and internal content",curso/02_tipos_de_datos.md + curso/05_preparacion_de_datos.md: type-aware transformation,39497,0.0,no changes,,,,,,,,,,
L-03,2,s03a_08,"Trim outer whitespace only in dictionary-typed coded/numeric fields; preserve identifiers, free text, missing tokens, and internal content",curso/02_tipos_de_datos.md + curso/05_preparacion_de_datos.md: type-aware transformation,39497,0.0,no changes,,,,,,,,,,
L-03,2,s03a_09,"Trim outer whitespace only in dictionary-typed coded/numeric fields; preserve identifiers, free text, missing tokens, and internal content",curso/02_tipos_de_datos.md + curso/05_preparacion_de_datos.md: type-aware transformation,39497,0.0,no changes,,,,,,,,,,
L-03,2,s03b_10,"Trim outer whitespace only in dictionary-typed coded/numeric fields; preserve identifiers, free text, missing tokens, and internal content",curso/02_tipos_de_datos.md + curso/05_preparacion_de_datos.md: type-aware transformation,39497,0.0,no changes,,,,,,,,,,
L-03,2,s03b_11,"Trim outer whitespace only in dictionary-typed coded/numeric fields; preserve identifiers, free text, missing tokens, and internal content",curso/02_tipos_de_datos.md + curso/05_preparacion_de_datos.md: type-aware transformation,39497,0.0,no changes,,,,,,,,,,
L-03,2,s03b_11e,"Trim outer whitespace only in dictionary-typed coded/numeric fields; preserve identifiers, free text, missing tokens, and internal content",curso/02_tipos_de_datos.md + curso/05_preparacion_de_datos.md: type-aware transformation,39497,0.0,no changes,,,,,,,,,,
L-03,2,s03b_12,"Trim outer whitespace only in dictionary-typed coded/numeric fields; preserve identifiers, free text, missing tokens, and internal content",curso/02_tipos_de_datos.md + curso/05_preparacion_de_datos.md: type-aware transformation,39497,0.0,no changes,,,,,,,,,,
L-03,2,s03c_13,"Trim outer whitespace only in dictionary-typed coded/numeric fields; preserve identifiers, free text, missing tokens, and internal content",curso/02_tipos_de_datos.md + curso/05_preparacion_de_datos.md: type-aware transformation,39497,0.0,no changes,,,,,,,,,,
L-03,2,s03c_13a,"Trim outer whitespace only in dictionary-typed coded/numeric fields; preserve identifiers, free text, missing tokens, and internal content",curso/02_tipos_de_datos.md + curso/05_preparacion_de_datos.md: type-aware transformation,39497,0.0,no changes,,,,,,,,,,
L-03,2,s03c_14,"Trim outer whitespace only in dictionary-typed coded/numeric fields; preserve identifiers, free text, missing tokens, and internal content",curso/02_tipos_de_datos.md + curso/05_preparacion_de_datos.md: type-aware transformation,39497,0.0,no changes,,,,,,,,,,
L-03,2,s03c_15a,"Trim outer whitespace only in dictionary-typed coded/numeric fields; preserve identifiers, free text, missing tokens, and internal content",curso/02_tipos_de_datos.md + curso/05_preparacion_de_datos.md: type-aware transformation,39497,0.0,no changes,,,,,,,,,,
L-03,2,s03c_15b,"Trim outer whitespace only in dictionary-typed coded/numeric fields; preserve identifiers, free text, missing tokens, and internal content",curso/02_tipos_de_datos.md + curso/05_preparacion_de_datos.md: type-aware transformation,39497,0.0,no changes,,,,,,,,,,
L-03,2,s03c_16a,"Trim outer whitespace only in dictionary-typed coded/numeric fields; preserve identifiers, free text, missing tokens, and internal content",curso/02_tipos_de_datos.md + curso/05_preparacion_de_datos.md: type-aware transformation,39497,0.0,no changes,,,,,,,,,,
L-03,2,s03c_16b,"Trim outer whitespace only in dictionary-typed coded/numeric fields; preserve identifiers, free text, missing tokens, and internal content",curso/02_tipos_de_datos.md + curso/05_preparacion_de_datos.md: type-aware transformation,39497,0.0,no changes,,,,,,,,,,
L-03,2,s03c_17aa,"Trim outer whitespace only in dictionary-typed coded/numeric fields; preserve identifiers, free text, missing tokens, and internal content",curso/02_tipos_de_datos.md + curso/05_preparacion_de_datos.md: type-aware transformation,39497,0.0,no changes,,,,,,,,,,
L-03,2,s03c_17ab,"Trim outer whitespace only in dictionary-typed coded/numeric fields; preserve identifiers, free text, missing tokens, and internal content",curso/02_tipos_de_datos.md + curso/05_preparacion_de_datos.md: type-aware transformation,39497,0.0,no changes,,,,,,,,,,
L-03,2,s03c_17e,"Trim outer whitespace only in dictionary-typed coded/numeric fields; preserve identifiers, free text, missing tokens, and internal content",curso/02_tipos_de_datos.md + curso/05_preparacion_de_datos.md: type-aware transformation,39497,0.0,no changes,,,,,,,,,,
L-03,2,s04a_01,"Trim outer whitespace only in dictionary-typed coded/numeric fields; preserve identifiers, free text, missing tokens, and internal content",curso/02_tipos_de_datos.md + curso/05_preparacion_de_datos.md: type-aware transformation,39497,0.0,no changes,,,,,,,,,,
L-03,2,s04a_02,"Trim outer whitespace only in dictionary-typed coded/numeric fields; preserve identifiers, free text, missing tokens, and internal content",curso/02_tipos_de_datos.md + curso/05_preparacion_de_datos.md: type-aware transformation,39497,0.0,no changes,,,,,,,,,,
L-03,2,s04a_02a,"Trim outer whitespace only in dictionary-typed coded/numeric fields; preserve identifiers, free text, missing tokens, and internal content",curso/02_tipos_de_datos.md + curso/05_preparacion_de_datos.md: type-aware transformation,39497,0.0,no changes,,,,,,,,,,
L-03,2,s04a_03,"Trim outer whitespace only in dictionary-typed coded/numeric fields; preserve identifiers, free text, missing tokens, and internal content",curso/02_tipos_de_datos.md + curso/05_preparacion_de_datos.md: type-aware transformation,39497,0.0,no changes,,,,,,,,,,
L-03,2,s04a_04,"Trim outer whitespace only in dictionary-typed coded/numeric fields; preserve identifiers, free text, missing tokens, and internal content",curso/02_tipos_de_datos.md + curso/05_preparacion_de_datos.md: type-aware transformation,39497,0.0,no changes,,,,,,,,,,
L-03,2,s04a_05,"Trim outer whitespace only in dictionary-typed coded/numeric fields; preserve identifiers, free text, missing tokens, and internal content",curso/02_tipos_de_datos.md + curso/05_preparacion_de_datos.md: type-aware transformation,39497,0.0,no changes,,,,,,,,,,
L-03,2,s04a_06,"Trim outer whitespace only in dictionary-typed coded/numeric fields; preserve identifiers, free text, missing tokens, and internal content",curso/02_tipos_de_datos.md + curso/05_preparacion_de_datos.md: type-aware transformation,39497,0.0,no changes,,,,,,,,,,
L-03,2,s04a_07,"Trim outer whitespace only in dictionary-typed coded/numeric fields; preserve identifiers, free text, missing tokens, and internal content",curso/02_tipos_de_datos.md + curso/05_preparacion_de_datos.md: type-aware transformation,39497,0.0,no changes,,,,,,,,,,
L-03,2,s04a_08,"Trim outer whitespace only in dictionary-typed coded/numeric fields; preserve identifiers, free text, missing tokens, and internal content",curso/02_tipos_de_datos.md + curso/05_preparacion_de_datos.md: type-aware transformation,39497,0.0,no changes,,,,,,,,,,
L-03,2,s04b_09a_cod,"Trim outer whitespace only in dictionary-typed coded/numeric fields; preserve identifiers, free text, missing tokens, and internal content",curso/02_tipos_de_datos.md + curso/05_preparacion_de_datos.md: type-aware transformation,39497,0.0,no changes,,,,,,,,,,
L-03,2,s04b_10a_cod,"Trim outer whitespace only in dictionary-typed coded/numeric fields; preserve identifiers, free text, missing tokens, and internal content",curso/02_tipos_de_datos.md + curso/05_preparacion_de_datos.md: type-aware transformation,39497,0.0,no changes,,,,,,,,,,
L-03,2,s04b_11ab,"Trim outer whitespace only in dictionary-typed coded/numeric fields; preserve identifiers, free text, missing tokens, and internal content",curso/02_tipos_de_datos.md + curso/05_preparacion_de_datos.md: type-aware transformation,39497,0.0,no changes,,,,,,,,,,
L-03,2,s04b_11bb,"Trim outer whitespace only in dictionary-typed coded/numeric fields; preserve identifiers, free text, missing tokens, and internal content",curso/02_tipos_de_datos.md + curso/05_preparacion_de_datos.md: type-aware transformation,39497,0.0,no changes,,,,,,,,,,
L-03,2,s04b_12,"Trim outer whitespace only in dictionary-typed coded/numeric fields; preserve identifiers, free text, missing tokens, and internal content",curso/02_tipos_de_datos.md + curso/05_preparacion_de_datos.md: type-aware transformation,39497,0.0,no changes,,,,,,,,,,
L-03,2,s04b_13,"Trim outer whitespace only in dictionary-typed coded/numeric fields; preserve identifiers, free text, missing tokens, and internal content",curso/02_tipos_de_datos.md + curso/05_preparacion_de_datos.md: type-aware transformation,39497,0.0,no changes,,,,,,,,,,
L-03,2,s04b_15,"Trim outer whitespace only in dictionary-typed coded/numeric fields; preserve identifiers, free text, missing tokens, and internal content",curso/02_tipos_de_datos.md + curso/05_preparacion_de_datos.md: type-aware transformation,39497,0.0,no changes,,,,,,,,,,
L-03,2,s04b_16aa,"Trim outer whitespace only in dictionary-typed coded/numeric fields; preserve identifiers, free text, missing tokens, and internal content",curso/02_tipos_de_datos.md + curso/05_preparacion_de_datos.md: type-aware transformation,39497,0.0,no changes,,,,,,,,,,
L-03,2,s04b_16ab,"Trim outer whitespace only in dictionary-typed coded/numeric fields; preserve identifiers, free text, missing tokens, and internal content",curso/02_tipos_de_datos.md + curso/05_preparacion_de_datos.md: type-aware transformation,39497,0.0,no changes,,,,,,,,,,
L-03,2,s04c_17a,"Trim outer whitespace only in dictionary-typed coded/numeric fields; preserve identifiers, free text, missing tokens, and internal content",curso/02_tipos_de_datos.md + curso/05_preparacion_de_datos.md: type-aware transformation,39497,0.0,no changes,,,,,,,,,,
L-03,2,s04c_17b,"Trim outer whitespace only in dictionary-typed coded/numeric fields; preserve identifiers, free text, missing tokens, and internal content",curso/02_tipos_de_datos.md + curso/05_preparacion_de_datos.md: type-aware transformation,39497,0.0,no changes,,,,,,,,,,
L-03,2,s04c_18a,"Trim outer whitespace only in dictionary-typed coded/numeric fields; preserve identifiers, free text, missing tokens, and internal content",curso/02_tipos_de_datos.md + curso/05_preparacion_de_datos.md: type-aware transformation,39497,0.0,no changes,,,,,,,,,,
L-03,2,s04c_18b,"Trim outer whitespace only in dictionary-typed coded/numeric fields; preserve identifiers, free text, missing tokens, and internal content",curso/02_tipos_de_datos.md + curso/05_preparacion_de_datos.md: type-aware transformation,39497,0.0,no changes,,,,,,,,,,
L-03,2,s04c_19aa,"Trim outer whitespace only in dictionary-typed coded/numeric fields; preserve identifiers, free text, missing tokens, and internal content",curso/02_tipos_de_datos.md + curso/05_preparacion_de_datos.md: type-aware transformation,39497,0.0,no changes,,,,,,,,,,
L-03,2,s04c_19ab,"Trim outer whitespace only in dictionary-typed coded/numeric fields; preserve identifiers, free text, missing tokens, and internal content",curso/02_tipos_de_datos.md + curso/05_preparacion_de_datos.md: type-aware transformation,39497,0.0,no changes,,,,,,,,,,
L-03,2,s04c_19ba,"Trim outer whitespace only in dictionary-typed coded/numeric fields; preserve identifiers, free text, missing tokens, and internal content",curso/02_tipos_de_datos.md + curso/05_preparacion_de_datos.md: type-aware transformation,39497,0.0,no changes,,,,,,,,,,
L-03,2,s04c_19bb,"Trim outer whitespace only in dictionary-typed coded/numeric fields; preserve identifiers, free text, missing tokens, and internal content",curso/02_tipos_de_datos.md + curso/05_preparacion_de_datos.md: type-aware transformation,39497,0.0,no changes,,,,,,,,,,
L-03,2,s04c_20a1,"Trim outer whitespace only in dictionary-typed coded/numeric fields; preserve identifiers, free text, missing tokens, and internal content",curso/02_tipos_de_datos.md + curso/05_preparacion_de_datos.md: type-aware transformation,39497,0.0,no changes,,,,,,,,,,
L-03,2,s04c_20a2,"Trim outer whitespace only in dictionary-typed coded/numeric fields; preserve identifiers, free text, missing tokens, and internal content",curso/02_tipos_de_datos.md + curso/05_preparacion_de_datos.md: type-aware transformation,39497,0.0,no changes,,,,,,,,,,
L-03,2,s04c_20b,"Trim outer whitespace only in dictionary-typed coded/numeric fields; preserve identifiers, free text, missing tokens, and internal content",curso/02_tipos_de_datos.md + curso/05_preparacion_de_datos.md: type-aware transformation,39497,0.0,no changes,,,,,,,,,,
L-03,2,s04c_20a_1,"Trim outer whitespace only in dictionary-typed coded/numeric fields; preserve identifiers, free text, missing tokens, and internal content",curso/02_tipos_de_datos.md + curso/05_preparacion_de_datos.md: type-aware transformation,39497,0.0,no changes,,,,,,,,,,
L-03,2,s04c_20a_2,"Trim outer whitespace only in dictionary-typed coded/numeric fields; preserve identifiers, free text, missing tokens, and internal content",curso/02_tipos_de_datos.md + curso/05_preparacion_de_datos.md: type-aware transformation,39497,0.0,no changes,,,,,,,,,,
L-03,2,s04c_21a,"Trim outer whitespace only in dictionary-typed coded/numeric fields; preserve identifiers, free text, missing tokens, and internal content",curso/02_tipos_de_datos.md + curso/05_preparacion_de_datos.md: type-aware transformation,39497,0.0,no changes,,,,,,,,,,
L-03,2,s04c_21a1,"Trim outer whitespace only in dictionary-typed coded/numeric fields; preserve identifiers, free text, missing tokens, and internal content",curso/02_tipos_de_datos.md + curso/05_preparacion_de_datos.md: type-aware transformation,39497,0.0,no changes,,,,,,,,,,
L-03,2,s04c_21a2,"Trim outer whitespace only in dictionary-typed coded/numeric fields; preserve identifiers, free text, missing tokens, and internal content",curso/02_tipos_de_datos.md + curso/05_preparacion_de_datos.md: type-aware transformation,39497,0.0,no changes,,,,,,,,,,
L-03,2,s04c_21b,"Trim outer whitespace only in dictionary-typed coded/numeric fields; preserve identifiers, free text, missing tokens, and internal content",curso/02_tipos_de_datos.md + curso/05_preparacion_de_datos.md: type-aware transformation,39497,0.0,no changes,,,,,,,,,,
L-03,2,s04c_21b1,"Trim outer whitespace only in dictionary-typed coded/numeric fields; preserve identifiers, free text, missing tokens, and internal content",curso/02_tipos_de_datos.md + curso/05_preparacion_de_datos.md: type-aware transformation,39497,0.0,no changes,,,,,,,,,,
L-03,2,s04c_21b2,"Trim outer whitespace only in dictionary-typed coded/numeric fields; preserve identifiers, free text, missing tokens, and internal content",curso/02_tipos_de_datos.md + curso/05_preparacion_de_datos.md: type-aware transformation,39497,0.0,no changes,,,,,,,,,,
L-03,2,s04c_21c,"Trim outer whitespace only in dictionary-typed coded/numeric fields; preserve identifiers, free text, missing tokens, and internal content",curso/02_tipos_de_datos.md + curso/05_preparacion_de_datos.md: type-aware transformation,39497,0.0,no changes,,,,,,,,,,
L-03,2,s04c_21c1,"Trim outer whitespace only in dictionary-typed coded/numeric fields; preserve identifiers, free text, missing tokens, and internal content",curso/02_tipos_de_datos.md + curso/05_preparacion_de_datos.md: type-aware transformation,39497,0.0,no changes,,,,,,,,,,
L-03,2,s04c_21c2,"Trim outer whitespace only in dictionary-typed coded/numeric fields; preserve identifiers, free text, missing tokens, and internal content",curso/02_tipos_de_datos.md + curso/05_preparacion_de_datos.md: type-aware transformation,39497,0.0,no changes,,,,,,,,,,
L-03,2,s04c_21d,"Trim outer whitespace only in dictionary-typed coded/numeric fields; preserve identifiers, free text, missing tokens, and internal content",curso/02_tipos_de_datos.md + curso/05_preparacion_de_datos.md: type-aware transformation,39497,0.0,no changes,,,,,,,,,,
L-03,2,s04c_21d1,"Trim outer whitespace only in dictionary-typed coded/numeric fields; preserve identifiers, free text, missing tokens, and internal content",curso/02_tipos_de_datos.md + curso/05_preparacion_de_datos.md: type-aware transformation,39497,0.0,no changes,,,,,,,,,,
L-03,2,s04c_21d2,"Trim outer whitespace only in dictionary-typed coded/numeric fields; preserve identifiers, free text, missing tokens, and internal content",curso/02_tipos_de_datos.md + curso/05_preparacion_de_datos.md: type-aware transformation,39497,0.0,no changes,,,,,,,,,,
L-03,2,s04c_21e,"Trim outer whitespace only in dictionary-typed coded/numeric fields; preserve identifiers, free text, missing tokens, and internal content",curso/02_tipos_de_datos.md + curso/05_preparacion_de_datos.md: type-aware transformation,39497,0.0,no changes,,,,,,,,,,
L-03,2,s04c_21e1,"Trim outer whitespace only in dictionary-typed coded/numeric fields; preserve identifiers, free text, missing tokens, and internal content",curso/02_tipos_de_datos.md + curso/05_preparacion_de_datos.md: type-aware transformation,39497,0.0,no changes,,,,,,,,,,
L-03,2,s04c_21e2,"Trim outer whitespace only in dictionary-typed coded/numeric fields; preserve identifiers, free text, missing tokens, and internal content",curso/02_tipos_de_datos.md + curso/05_preparacion_de_datos.md: type-aware transformation,39497,0.0,no changes,,,,,,,,,,
L-03,2,s04d_22a,"Trim outer whitespace only in dictionary-typed coded/numeric fields; preserve identifiers, free text, missing tokens, and internal content",curso/02_tipos_de_datos.md + curso/05_preparacion_de_datos.md: type-aware transformation,39497,0.0,no changes,,,,,,,,,,
L-03,2,s04d_22b,"Trim outer whitespace only in dictionary-typed coded/numeric fields; preserve identifiers, free text, missing tokens, and internal content",curso/02_tipos_de_datos.md + curso/05_preparacion_de_datos.md: type-aware transformation,39497,0.0,no changes,,,,,,,,,,
L-03,2,s04d_23aa,"Trim outer whitespace only in dictionary-typed coded/numeric fields; preserve identifiers, free text, missing tokens, and internal content",curso/02_tipos_de_datos.md + curso/05_preparacion_de_datos.md: type-aware transformation,39497,0.0,no changes,,,,,,,,,,
L-03,2,s04d_23ab,"Trim outer whitespace only in dictionary-typed coded/numeric fields; preserve identifiers, free text, missing tokens, and internal content",curso/02_tipos_de_datos.md + curso/05_preparacion_de_datos.md: type-aware transformation,39497,0.0,no changes,,,,,,,,,,
L-03,2,s04d_23ba,"Trim outer whitespace only in dictionary-typed coded/numeric fields; preserve identifiers, free text, missing tokens, and internal content",curso/02_tipos_de_datos.md + curso/05_preparacion_de_datos.md: type-aware transformation,39497,0.0,no changes,,,,,,,,,,
L-03,2,s04d_23bb,"Trim outer whitespace only in dictionary-typed coded/numeric fields; preserve identifiers, free text, missing tokens, and internal content",curso/02_tipos_de_datos.md + curso/05_preparacion_de_datos.md: type-aware transformation,39497,0.0,no changes,,,,,,,,,,
L-03,2,s04d_23ca,"Trim outer whitespace only in dictionary-typed coded/numeric fields; preserve identifiers, free text, missing tokens, and internal content",curso/02_tipos_de_datos.md + curso/05_preparacion_de_datos.md: type-aware transformation,39497,0.0,no changes,,,,,,,,,,
L-03,2,s04d_23cb,"Trim outer whitespace only in dictionary-typed coded/numeric fields; preserve identifiers, free text, missing tokens, and internal content",curso/02_tipos_de_datos.md + curso/05_preparacion_de_datos.md: type-aware transformation,39497,0.0,no changes,,,,,,,,,,
L-03,2,s04d_23da,"Trim outer whitespace only in dictionary-typed coded/numeric fields; preserve identifiers, free text, missing tokens, and internal content",curso/02_tipos_de_datos.md + curso/05_preparacion_de_datos.md: type-aware transformation,39497,0.0,no changes,,,,,,,,,,
L-03,2,s04d_23db,"Trim outer whitespace only in dictionary-typed coded/numeric fields; preserve identifiers, free text, missing tokens, and internal content",curso/02_tipos_de_datos.md + curso/05_preparacion_de_datos.md: type-aware transformation,39497,0.0,no changes,,,,,,,,,,
L-03,2,s04d_23ea,"Trim outer whitespace only in dictionary-typed coded/numeric fields; preserve identifiers, free text, missing tokens, and internal content",curso/02_tipos_de_datos.md + curso/05_preparacion_de_datos.md: type-aware transformation,39497,0.0,no changes,,,,,,,,,,
L-03,2,s04d_23eb,"Trim outer whitespace only in dictionary-typed coded/numeric fields; preserve identifiers, free text, missing tokens, and internal content",curso/02_tipos_de_datos.md + curso/05_preparacion_de_datos.md: type-aware transformation,39497,0.0,no changes,,,,,,,,,,
L-03,2,s04d_23fa,"Trim outer whitespace only in dictionary-typed coded/numeric fields; preserve identifiers, free text, missing tokens, and internal content",curso/02_tipos_de_datos.md + curso/05_preparacion_de_datos.md: type-aware transformation,39497,0.0,no changes,,,,,,,,,,
L-03,2,s04d_23fb,"Trim outer whitespace only in dictionary-typed coded/numeric fields; preserve identifiers, free text, missing tokens, and internal content",curso/02_tipos_de_datos.md + curso/05_preparacion_de_datos.md: type-aware transformation,39497,0.0,no changes,,,,,,,,,,
L-03,2,s04d_23ga,"Trim outer whitespace only in dictionary-typed coded/numeric fields; preserve identifiers, free text, missing tokens, and internal content",curso/02_tipos_de_datos.md + curso/05_preparacion_de_datos.md: type-aware transformation,39497,0.0,no changes,,,,,,,,,,
L-03,2,s04d_23gb,"Trim outer whitespace only in dictionary-typed coded/numeric fields; preserve identifiers, free text, missing tokens, and internal content",curso/02_tipos_de_datos.md + curso/05_preparacion_de_datos.md: type-aware transformation,39497,0.0,no changes,,,,,,,,,,
L-03,2,s04d_23ha,"Trim outer whitespace only in dictionary-typed coded/numeric fields; preserve identifiers, free text, missing tokens, and internal content",curso/02_tipos_de_datos.md + curso/05_preparacion_de_datos.md: type-aware transformation,39497,0.0,no changes,,,,,,,,,,
L-03,2,s04d_23hb,"Trim outer whitespace only in dictionary-typed coded/numeric fields; preserve identifiers, free text, missing tokens, and internal content",curso/02_tipos_de_datos.md + curso/05_preparacion_de_datos.md: type-aware transformation,39497,0.0,no changes,,,,,,,,,,
L-03,2,s04d_24a,"Trim outer whitespace only in dictionary-typed coded/numeric fields; preserve identifiers, free text, missing tokens, and internal content",curso/02_tipos_de_datos.md + curso/05_preparacion_de_datos.md: type-aware transformation,39497,0.0,no changes,,,,,,,,,,
L-03,2,s04d_24b,"Trim outer whitespace only in dictionary-typed coded/numeric fields; preserve identifiers, free text, missing tokens, and internal content",curso/02_tipos_de_datos.md + curso/05_preparacion_de_datos.md: type-aware transformation,39497,0.0,no changes,,,,,,,,,,
L-03,2,s04d_24ba,"Trim outer whitespace only in dictionary-typed coded/numeric fields; preserve identifiers, free text, missing tokens, and internal content",curso/02_tipos_de_datos.md + curso/05_preparacion_de_datos.md: type-aware transformation,39497,0.0,no changes,,,,,,,,,,
L-03,2,s04d_24bb,"Trim outer whitespace only in dictionary-typed coded/numeric fields; preserve identifiers, free text, missing tokens, and internal content",curso/02_tipos_de_datos.md + curso/05_preparacion_de_datos.md: type-aware transformation,39497,0.0,no changes,,,,,,,,,,
L-03,2,s04d_24bc,"Trim outer whitespace only in dictionary-typed coded/numeric fields; preserve identifiers, free text, missing tokens, and internal content",curso/02_tipos_de_datos.md + curso/05_preparacion_de_datos.md: type-aware transformation,39497,0.0,no changes,,,,,,,,,,
L-03,2,s04e_25,"Trim outer whitespace only in dictionary-typed coded/numeric fields; preserve identifiers, free text, missing tokens, and internal content",curso/02_tipos_de_datos.md + curso/05_preparacion_de_datos.md: type-aware transformation,39497,0.0,no changes,,,,,,,,,,
L-03,2,s04e_26_cod,"Trim outer whitespace only in dictionary-typed coded/numeric fields; preserve identifiers, free text, missing tokens, and internal content",curso/02_tipos_de_datos.md + curso/05_preparacion_de_datos.md: type-aware transformation,39497,0.0,no changes,,,,,,,,,,
L-03,2,s04e_27,"Trim outer whitespace only in dictionary-typed coded/numeric fields; preserve identifiers, free text, missing tokens, and internal content",curso/02_tipos_de_datos.md + curso/05_preparacion_de_datos.md: type-aware transformation,39497,0.0,no changes,,,,,,,,,,
L-03,2,s04e_28,"Trim outer whitespace only in dictionary-typed coded/numeric fields; preserve identifiers, free text, missing tokens, and internal content",curso/02_tipos_de_datos.md + curso/05_preparacion_de_datos.md: type-aware transformation,39497,0.0,no changes,,,,,,,,,,
L-03,2,s04e_29,"Trim outer whitespace only in dictionary-typed coded/numeric fields; preserve identifiers, free text, missing tokens, and internal content",curso/02_tipos_de_datos.md + curso/05_preparacion_de_datos.md: type-aware transformation,39497,0.0,no changes,,,,,,,,,,
L-03,2,s04e_30a,"Trim outer whitespace only in dictionary-typed coded/numeric fields; preserve identifiers, free text, missing tokens, and internal content",curso/02_tipos_de_datos.md + curso/05_preparacion_de_datos.md: type-aware transformation,39497,0.0,no changes,,,,,,,,,,
L-03,2,s04e_30b,"Trim outer whitespace only in dictionary-typed coded/numeric fields; preserve identifiers, free text, missing tokens, and internal content",curso/02_tipos_de_datos.md + curso/05_preparacion_de_datos.md: type-aware transformation,39497,0.0,no changes,,,,,,,,,,
L-03,2,s04f_31b,"Trim outer whitespace only in dictionary-typed coded/numeric fields; preserve identifiers, free text, missing tokens, and internal content",curso/02_tipos_de_datos.md + curso/05_preparacion_de_datos.md: type-aware transformation,39497,0.0,no changes,,,,,,,,,,
L-03,2,s04f_32a,"Trim outer whitespace only in dictionary-typed coded/numeric fields; preserve identifiers, free text, missing tokens, and internal content",curso/02_tipos_de_datos.md + curso/05_preparacion_de_datos.md: type-aware transformation,39497,0.0,no changes,,,,,,,,,,
L-03,2,s04f_32a1,"Trim outer whitespace only in dictionary-typed coded/numeric fields; preserve identifiers, free text, missing tokens, and internal content",curso/02_tipos_de_datos.md + curso/05_preparacion_de_datos.md: type-aware transformation,39497,0.0,no changes,,,,,,,,,,
L-03,2,s04f_32b,"Trim outer whitespace only in dictionary-typed coded/numeric fields; preserve identifiers, free text, missing tokens, and internal content",curso/02_tipos_de_datos.md + curso/05_preparacion_de_datos.md: type-aware transformation,39497,0.0,no changes,,,,,,,,,,
L-03,2,s04f_32b1,"Trim outer whitespace only in dictionary-typed coded/numeric fields; preserve identifiers, free text, missing tokens, and internal content",curso/02_tipos_de_datos.md + curso/05_preparacion_de_datos.md: type-aware transformation,39497,0.0,no changes,,,,,,,,,,
L-03,2,s04f_32c,"Trim outer whitespace only in dictionary-typed coded/numeric fields; preserve identifiers, free text, missing tokens, and internal content",curso/02_tipos_de_datos.md + curso/05_preparacion_de_datos.md: type-aware transformation,39497,0.0,no changes,,,,,,,,,,
L-03,2,s04f_32c1,"Trim outer whitespace only in dictionary-typed coded/numeric fields; preserve identifiers, free text, missing tokens, and internal content",curso/02_tipos_de_datos.md + curso/05_preparacion_de_datos.md: type-aware transformation,39497,0.0,no changes,,,,,,,,,,
L-03,2,s04f_33a,"Trim outer whitespace only in dictionary-typed coded/numeric fields; preserve identifiers, free text, missing tokens, and internal content",curso/02_tipos_de_datos.md + curso/05_preparacion_de_datos.md: type-aware transformation,39497,0.0,no changes,,,,,,,,,,
L-03,2,s04f_33b,"Trim outer whitespace only in dictionary-typed coded/numeric fields; preserve identifiers, free text, missing tokens, and internal content",curso/02_tipos_de_datos.md + curso/05_preparacion_de_datos.md: type-aware transformation,39497,0.0,no changes,,,,,,,,,,
L-03,2,s04f_34a,"Trim outer whitespace only in dictionary-typed coded/numeric fields; preserve identifiers, free text, missing tokens, and internal content",curso/02_tipos_de_datos.md + curso/05_preparacion_de_datos.md: type-aware transformation,39497,0.0,no changes,,,,,,,,,,
L-03,2,s04f_34b,"Trim outer whitespace only in dictionary-typed coded/numeric fields; preserve identifiers, free text, missing tokens, and internal content",curso/02_tipos_de_datos.md + curso/05_preparacion_de_datos.md: type-aware transformation,39497,0.0,no changes,,,,,,,,,,
L-03,2,s04f_34ba,"Trim outer whitespace only in dictionary-typed coded/numeric fields; preserve identifiers, free text, missing tokens, and internal content",curso/02_tipos_de_datos.md + curso/05_preparacion_de_datos.md: type-aware transformation,39497,0.0,no changes,,,,,,,,,,
L-03,2,s04f_34bb,"Trim outer whitespace only in dictionary-typed coded/numeric fields; preserve identifiers, free text, missing tokens, and internal content",curso/02_tipos_de_datos.md + curso/05_preparacion_de_datos.md: type-aware transformation,39497,0.0,no changes,,,,,,,,,,
L-03,2,s04f_34bc,"Trim outer whitespace only in dictionary-typed coded/numeric fields; preserve identifiers, free text, missing tokens, and internal content",curso/02_tipos_de_datos.md + curso/05_preparacion_de_datos.md: type-aware transformation,39497,0.0,no changes,,,,,,,,,,
L-03,2,s04f_35,"Trim outer whitespace only in dictionary-typed coded/numeric fields; preserve identifiers, free text, missing tokens, and internal content",curso/02_tipos_de_datos.md + curso/05_preparacion_de_datos.md: type-aware transformation,39497,0.0,no changes,,,,,,,,,,
L-03,2,s04f_36,"Trim outer whitespace only in dictionary-typed coded/numeric fields; preserve identifiers, free text, missing tokens, and internal content",curso/02_tipos_de_datos.md + curso/05_preparacion_de_datos.md: type-aware transformation,39497,0.0,no changes,,,,,,,,,,
L-03,2,s05a_01a,"Trim outer whitespace only in dictionary-typed coded/numeric fields; preserve identifiers, free text, missing tokens, and internal content",curso/02_tipos_de_datos.md + curso/05_preparacion_de_datos.md: type-aware transformation,39497,0.0,no changes,,,,,,,,,,
L-03,2,s05a_01b,"Trim outer whitespace only in dictionary-typed coded/numeric fields; preserve identifiers, free text, missing tokens, and internal content",curso/02_tipos_de_datos.md + curso/05_preparacion_de_datos.md: type-aware transformation,39497,0.0,no changes,,,,,,,,,,
L-03,2,s05a_01c,"Trim outer whitespace only in dictionary-typed coded/numeric fields; preserve identifiers, free text, missing tokens, and internal content",curso/02_tipos_de_datos.md + curso/05_preparacion_de_datos.md: type-aware transformation,39497,0.0,no changes,,,,,,,,,,
L-03,2,s05a_01d,"Trim outer whitespace only in dictionary-typed coded/numeric fields; preserve identifiers, free text, missing tokens, and internal content",curso/02_tipos_de_datos.md + curso/05_preparacion_de_datos.md: type-aware transformation,39497,0.0,no changes,,,,,,,,,,
L-03,2,s05a_01e,"Trim outer whitespace only in dictionary-typed coded/numeric fields; preserve identifiers, free text, missing tokens, and internal content",curso/02_tipos_de_datos.md + curso/05_preparacion_de_datos.md: type-aware transformation,39497,0.0,no changes,,,,,,,,,,
L-03,2,s05a_01e0,"Trim outer whitespace only in dictionary-typed coded/numeric fields; preserve identifiers, free text, missing tokens, and internal content",curso/02_tipos_de_datos.md + curso/05_preparacion_de_datos.md: type-aware transformation,39497,0.0,no changes,,,,,,,,,,
L-03,2,s05a_01f,"Trim outer whitespace only in dictionary-typed coded/numeric fields; preserve identifiers, free text, missing tokens, and internal content",curso/02_tipos_de_datos.md + curso/05_preparacion_de_datos.md: type-aware transformation,39497,0.0,no changes,,,,,,,,,,
L-03,2,s05a_02a,"Trim outer whitespace only in dictionary-typed coded/numeric fields; preserve identifiers, free text, missing tokens, and internal content",curso/02_tipos_de_datos.md + curso/05_preparacion_de_datos.md: type-aware transformation,39497,0.0,no changes,,,,,,,,,,
L-03,2,s05a_02b,"Trim outer whitespace only in dictionary-typed coded/numeric fields; preserve identifiers, free text, missing tokens, and internal content",curso/02_tipos_de_datos.md + curso/05_preparacion_de_datos.md: type-aware transformation,39497,0.0,no changes,,,,,,,,,,
L-03,2,s05a_02c,"Trim outer whitespace only in dictionary-typed coded/numeric fields; preserve identifiers, free text, missing tokens, and internal content",curso/02_tipos_de_datos.md + curso/05_preparacion_de_datos.md: type-aware transformation,39497,0.0,no changes,,,,,,,,,,
L-03,2,s05a_03a,"Trim outer whitespace only in dictionary-typed coded/numeric fields; preserve identifiers, free text, missing tokens, and internal content",curso/02_tipos_de_datos.md + curso/05_preparacion_de_datos.md: type-aware transformation,39497,0.0,no changes,,,,,,,,,,
L-03,2,s05a_03b,"Trim outer whitespace only in dictionary-typed coded/numeric fields; preserve identifiers, free text, missing tokens, and internal content",curso/02_tipos_de_datos.md + curso/05_preparacion_de_datos.md: type-aware transformation,39497,0.0,no changes,,,,,,,,,,
L-03,2,s05a_03c,"Trim outer whitespace only in dictionary-typed coded/numeric fields; preserve identifiers, free text, missing tokens, and internal content",curso/02_tipos_de_datos.md + curso/05_preparacion_de_datos.md: type-aware transformation,39497,0.0,no changes,,,,,,,,,,
L-03,2,s05a_04a,"Trim outer whitespace only in dictionary-typed coded/numeric fields; preserve identifiers, free text, missing tokens, and internal content",curso/02_tipos_de_datos.md + curso/05_preparacion_de_datos.md: type-aware transformation,39497,0.0,no changes,,,,,,,,,,
L-03,2,s05a_04b,"Trim outer whitespace only in dictionary-typed coded/numeric fields; preserve identifiers, free text, missing tokens, and internal content",curso/02_tipos_de_datos.md + curso/05_preparacion_de_datos.md: type-aware transformation,39497,0.0,no changes,,,,,,,,,,
L-03,2,s05a_04c,"Trim outer whitespace only in dictionary-typed coded/numeric fields; preserve identifiers, free text, missing tokens, and internal content",curso/02_tipos_de_datos.md + curso/05_preparacion_de_datos.md: type-aware transformation,39497,0.0,no changes,,,,,,,,,,
L-03,2,s05a_04d,"Trim outer whitespace only in dictionary-typed coded/numeric fields; preserve identifiers, free text, missing tokens, and internal content",curso/02_tipos_de_datos.md + curso/05_preparacion_de_datos.md: type-aware transformation,39497,0.0,no changes,,,,,,,,,,
L-03,2,s05b_05aa,"Trim outer whitespace only in dictionary-typed coded/numeric fields; preserve identifiers, free text, missing tokens, and internal content",curso/02_tipos_de_datos.md + curso/05_preparacion_de_datos.md: type-aware transformation,39497,0.0,no changes,,,,,,,,,,
L-03,2,s05b_05ab,"Trim outer whitespace only in dictionary-typed coded/numeric fields; preserve identifiers, free text, missing tokens, and internal content",curso/02_tipos_de_datos.md + curso/05_preparacion_de_datos.md: type-aware transformation,39497,0.0,no changes,,,,,,,,,,
L-03,2,s05b_05ba,"Trim outer whitespace only in dictionary-typed coded/numeric fields; preserve identifiers, free text, missing tokens, and internal content",curso/02_tipos_de_datos.md + curso/05_preparacion_de_datos.md: type-aware transformation,39497,0.0,no changes,,,,,,,,,,
L-03,2,s05b_05bb,"Trim outer whitespace only in dictionary-typed coded/numeric fields; preserve identifiers, free text, missing tokens, and internal content",curso/02_tipos_de_datos.md + curso/05_preparacion_de_datos.md: type-aware transformation,39497,0.0,no changes,,,,,,,,,,
L-03,2,s05b_05ca,"Trim outer whitespace only in dictionary-typed coded/numeric fields; preserve identifiers, free text, missing tokens, and internal content",curso/02_tipos_de_datos.md + curso/05_preparacion_de_datos.md: type-aware transformation,39497,0.0,no changes,,,,,,,,,,
L-03,2,s05b_05cb,"Trim outer whitespace only in dictionary-typed coded/numeric fields; preserve identifiers, free text, missing tokens, and internal content",curso/02_tipos_de_datos.md + curso/05_preparacion_de_datos.md: type-aware transformation,39497,0.0,no changes,,,,,,,,,,
L-03,2,s05b_06aa,"Trim outer whitespace only in dictionary-typed coded/numeric fields; preserve identifiers, free text, missing tokens, and internal content",curso/02_tipos_de_datos.md + curso/05_preparacion_de_datos.md: type-aware transformation,39497,0.0,no changes,,,,,,,,,,
L-03,2,s05b_06ab,"Trim outer whitespace only in dictionary-typed coded/numeric fields; preserve identifiers, free text, missing tokens, and internal content",curso/02_tipos_de_datos.md + curso/05_preparacion_de_datos.md: type-aware transformation,39497,0.0,no changes,,,,,,,,,,
L-03,2,s05b_06ba,"Trim outer whitespace only in dictionary-typed coded/numeric fields; preserve identifiers, free text, missing tokens, and internal content",curso/02_tipos_de_datos.md + curso/05_preparacion_de_datos.md: type-aware transformation,39497,0.0,no changes,,,,,,,,,,
L-03,2,s05b_06bb,"Trim outer whitespace only in dictionary-typed coded/numeric fields; preserve identifiers, free text, missing tokens, and internal content",curso/02_tipos_de_datos.md + curso/05_preparacion_de_datos.md: type-aware transformation,39497,0.0,no changes,,,,,,,,,,
L-03,2,s05b_06ca,"Trim outer whitespace only in dictionary-typed coded/numeric fields; preserve identifiers, free text, missing tokens, and internal content",curso/02_tipos_de_datos.md + curso/05_preparacion_de_datos.md: type-aware transformation,39497,0.0,no changes,,,,,,,,,,
L-03,2,s05b_06cb,"Trim outer whitespace only in dictionary-typed coded/numeric fields; preserve identifiers, free text, missing tokens, and internal content",curso/02_tipos_de_datos.md + curso/05_preparacion_de_datos.md: type-aware transformation,39497,0.0,no changes,,,,,,,,,,
L-03,2,s05c_07,"Trim outer whitespace only in dictionary-typed coded/numeric fields; preserve identifiers, free text, missing tokens, and internal content",curso/02_tipos_de_datos.md + curso/05_preparacion_de_datos.md: type-aware transformation,39497,0.0,no changes,,,,,,,,,,
L-03,2,s05c_08,"Trim outer whitespace only in dictionary-typed coded/numeric fields; preserve identifiers, free text, missing tokens, and internal content",curso/02_tipos_de_datos.md + curso/05_preparacion_de_datos.md: type-aware transformation,39497,0.0,no changes,,,,,,,,,,
L-03,2,s05c_09a,"Trim outer whitespace only in dictionary-typed coded/numeric fields; preserve identifiers, free text, missing tokens, and internal content",curso/02_tipos_de_datos.md + curso/05_preparacion_de_datos.md: type-aware transformation,39497,0.0,no changes,,,,,,,,,,
L-03,2,s05c_09b,"Trim outer whitespace only in dictionary-typed coded/numeric fields; preserve identifiers, free text, missing tokens, and internal content",curso/02_tipos_de_datos.md + curso/05_preparacion_de_datos.md: type-aware transformation,39497,0.0,no changes,,,,,,,,,,
L-03,2,s05c_10,"Trim outer whitespace only in dictionary-typed coded/numeric fields; preserve identifiers, free text, missing tokens, and internal content",curso/02_tipos_de_datos.md + curso/05_preparacion_de_datos.md: type-aware transformation,39497,0.0,no changes,,,,,,,,,,
L-03,2,factor,"Trim outer whitespace only in dictionary-typed coded/numeric fields; preserve identifiers, free text, missing tokens, and internal content",curso/02_tipos_de_datos.md + curso/05_preparacion_de_datos.md: type-aware transformation,39497,0.0,no changes,,,,,,,,,,
L-03,2,cob_op,"Trim outer whitespace only in dictionary-typed coded/numeric fields; preserve identifiers, free text, missing tokens, and internal content",curso/02_tipos_de_datos.md + curso/05_preparacion_de_datos.md: type-aware transformation,39497,0.0,no changes,,,,,,,,,,
L-03,2,caeb_op,"Trim outer whitespace only in dictionary-typed coded/numeric fields; preserve identifiers, free text, missing tokens, and internal content",curso/02_tipos_de_datos.md + curso/05_preparacion_de_datos.md: type-aware transformation,39497,0.0,no changes,,,,,,,,,,
L-03,2,caeb_os,"Trim outer whitespace only in dictionary-typed coded/numeric fields; preserve identifiers, free text, missing tokens, and internal content",curso/02_tipos_de_datos.md + curso/05_preparacion_de_datos.md: type-aware transformation,39497,0.0,no changes,,,,,,,,,,
L-03,2,pet,"Trim outer whitespace only in dictionary-typed coded/numeric fields; preserve identifiers, free text, missing tokens, and internal content",curso/02_tipos_de_datos.md + curso/05_preparacion_de_datos.md: type-aware transformation,39497,0.0,no changes,,,,,,,,,,
L-03,2,pea,"Trim outer whitespace only in dictionary-typed coded/numeric fields; preserve identifiers, free text, missing tokens, and internal content",curso/02_tipos_de_datos.md + curso/05_preparacion_de_datos.md: type-aware transformation,39497,0.0,no changes,,,,,,,,,,
L-03,2,pei,"Trim outer whitespace only in dictionary-typed coded/numeric fields; preserve identifiers, free text, missing tokens, and internal content",curso/02_tipos_de_datos.md + curso/05_preparacion_de_datos.md: type-aware transformation,39497,0.0,no changes,,,,,,,,,,
L-03,2,condact,"Trim outer whitespace only in dictionary-typed coded/numeric fields; preserve identifiers, free text, missing tokens, and internal content",curso/02_tipos_de_datos.md + curso/05_preparacion_de_datos.md: type-aware transformation,39497,0.0,no changes,,,,,,,,,,
L-03,2,phrs,"Trim outer whitespace only in dictionary-typed coded/numeric fields; preserve identifiers, free text, missing tokens, and internal content",curso/02_tipos_de_datos.md + curso/05_preparacion_de_datos.md: type-aware transformation,39497,0.0,no changes,,,,,,,,,,
L-03,2,shrs,"Trim outer whitespace only in dictionary-typed coded/numeric fields; preserve identifiers, free text, missing tokens, and internal content",curso/02_tipos_de_datos.md + curso/05_preparacion_de_datos.md: type-aware transformation,39497,0.0,no changes,,,,,,,,,,
L-03,2,tothrs,"Trim outer whitespace only in dictionary-typed coded/numeric fields; preserve identifiers, free text, missing tokens, and internal content",curso/02_tipos_de_datos.md + curso/05_preparacion_de_datos.md: type-aware transformation,39497,0.0,no changes,,,,,,,,,,
L-03,2,totper,"Trim outer whitespace only in dictionary-typed coded/numeric fields; preserve identifiers, free text, missing tokens, and internal content",curso/02_tipos_de_datos.md + curso/05_preparacion_de_datos.md: type-aware transformation,39497,0.0,no changes,,,,,,,,,,
L-03,2,yprilab,"Trim outer whitespace only in dictionary-typed coded/numeric fields; preserve identifiers, free text, missing tokens, and internal content",curso/02_tipos_de_datos.md + curso/05_preparacion_de_datos.md: type-aware transformation,39497,0.0,no changes,,,,,,,,,,
L-03,2,yseclab,"Trim outer whitespace only in dictionary-typed coded/numeric fields; preserve identifiers, free text, missing tokens, and internal content",curso/02_tipos_de_datos.md + curso/05_preparacion_de_datos.md: type-aware transformation,39497,0.0,no changes,,,,,,,,,,
L-03,2,ylab,"Trim outer whitespace only in dictionary-typed coded/numeric fields; preserve identifiers, free text, missing tokens, and internal content",curso/02_tipos_de_datos.md + curso/05_preparacion_de_datos.md: type-aware transformation,39497,0.0,no changes,,,,,,,,,,
L-03,2,ynolab,"Trim outer whitespace only in dictionary-typed coded/numeric fields; preserve identifiers, free text, missing tokens, and internal content",curso/02_tipos_de_datos.md + curso/05_preparacion_de_datos.md: type-aware transformation,39497,0.0,no changes,,,,,,,,,,
L-03,2,yper,"Trim outer whitespace only in dictionary-typed coded/numeric fields; preserve identifiers, free text, missing tokens, and internal content",curso/02_tipos_de_datos.md + curso/05_preparacion_de_datos.md: type-aware transformation,39497,0.0,no changes,,,,,,,,,,
L-03,2,yhog,"Trim outer whitespace only in dictionary-typed coded/numeric fields; preserve identifiers, free text, missing tokens, and internal content",curso/02_tipos_de_datos.md + curso/05_preparacion_de_datos.md: type-aware transformation,39497,0.0,no changes,,,,,,,,,,
L-03,2,yhogpc,"Trim outer whitespace only in dictionary-typed coded/numeric fields; preserve identifiers, free text, missing tokens, and internal content",curso/02_tipos_de_datos.md + curso/05_preparacion_de_datos.md: type-aware transformation,39497,0.0,no changes,,,,,,,,,,
L-03,2,z,"Trim outer whitespace only in dictionary-typed coded/numeric fields; preserve identifiers, free text, missing tokens, and internal content",curso/02_tipos_de_datos.md + curso/05_preparacion_de_datos.md: type-aware transformation,39497,0.0,no changes,,,,,,,,,,
L-03,2,zext,"Trim outer whitespace only in dictionary-typed coded/numeric fields; preserve identifiers, free text, missing tokens, and internal content",curso/02_tipos_de_datos.md + curso/05_preparacion_de_datos.md: type-aware transformation,39497,0.0,no changes,,,,,,,,,,
L-03,2,p0,"Trim outer whitespace only in dictionary-typed coded/numeric fields; preserve identifiers, free text, missing tokens, and internal content",curso/02_tipos_de_datos.md + curso/05_preparacion_de_datos.md: type-aware transformation,39497,0.0,no changes,,,,,,,,,,
L-03,2,p1,"Trim outer whitespace only in dictionary-typed coded/numeric fields; preserve identifiers, free text, missing tokens, and internal content",curso/02_tipos_de_datos.md + curso/05_preparacion_de_datos.md: type-aware transformation,39497,0.0,no changes,,,,,,,,,,
L-03,2,p2,"Trim outer whitespace only in dictionary-typed coded/numeric fields; preserve identifiers, free text, missing tokens, and internal content",curso/02_tipos_de_datos.md + curso/05_preparacion_de_datos.md: type-aware transformation,39497,0.0,no changes,,,,,,,,,,
L-03,2,pext0,"Trim outer whitespace only in dictionary-typed coded/numeric fields; preserve identifiers, free text, missing tokens, and internal content",curso/02_tipos_de_datos.md + curso/05_preparacion_de_datos.md: type-aware transformation,39497,0.0,no changes,,,,,,,,,,
L-03,2,pext1,"Trim outer whitespace only in dictionary-typed coded/numeric fields; preserve identifiers, free text, missing tokens, and internal content",curso/02_tipos_de_datos.md + curso/05_preparacion_de_datos.md: type-aware transformation,39497,0.0,no changes,,,,,,,,,,
L-03,2,pext2,"Trim outer whitespace only in dictionary-typed coded/numeric fields; preserve identifiers, free text, missing tokens, and internal content",curso/02_tipos_de_datos.md + curso/05_preparacion_de_datos.md: type-aware transformation,39497,0.0,no changes,,,,,,,,,,
L-03,2,tipohogar,"Trim outer whitespace only in dictionary-typed coded/numeric fields; preserve identifiers, free text, missing tokens, and internal content",curso/02_tipos_de_datos.md + curso/05_preparacion_de_datos.md: type-aware transformation,39497,0.0,no changes,,,,,,,,,,
L-03,2,cobersalud,"Trim outer whitespace only in dictionary-typed coded/numeric fields; preserve identifiers, free text, missing tokens, and internal content",curso/02_tipos_de_datos.md + curso/05_preparacion_de_datos.md: type-aware transformation,39497,0.0,no changes,,,,,,,,,,
L-03,2,hnv_ult_a,"Trim outer whitespace only in dictionary-typed coded/numeric fields; preserve identifiers, free text, missing tokens, and internal content",curso/02_tipos_de_datos.md + curso/05_preparacion_de_datos.md: type-aware transformation,39497,0.0,no changes,,,,,,,,,,
L-03,2,quienatenparto,"Trim outer whitespace only in dictionary-typed coded/numeric fields; preserve identifiers, free text, missing tokens, and internal content",curso/02_tipos_de_datos.md + curso/05_preparacion_de_datos.md: type-aware transformation,39497,0.0,no changes,,,,,,,,,,
L-03,2,niv_ed,"Trim outer whitespace only in dictionary-typed coded/numeric fields; preserve identifiers, free text, missing tokens, and internal content",curso/02_tipos_de_datos.md + curso/05_preparacion_de_datos.md: type-aware transformation,39497,0.0,no changes,,,,,,,,,,
L-03,2,niv_ed_g,"Trim outer whitespace only in dictionary-typed coded/numeric fields; preserve identifiers, free text, missing tokens, and internal content",curso/02_tipos_de_datos.md + curso/05_preparacion_de_datos.md: type-aware transformation,39497,0.0,no changes,,,,,,,,,,
L-03,2,cmasi,"Trim outer whitespace only in dictionary-typed coded/numeric fields; preserve identifiers, free text, missing tokens, and internal content",curso/02_tipos_de_datos.md + curso/05_preparacion_de_datos.md: type-aware transformation,39497,0.0,no changes,,,,,,,,,,
L-03,2,educ_prev,"Trim outer whitespace only in dictionary-typed coded/numeric fields; preserve identifiers, free text, missing tokens, and internal content",curso/02_tipos_de_datos.md + curso/05_preparacion_de_datos.md: type-aware transformation,39497,0.0,no changes,,,,,,,,,,
L-03,2,aestudio,"Trim outer whitespace only in dictionary-typed coded/numeric fields; preserve identifiers, free text, missing tokens, and internal content",curso/02_tipos_de_datos.md + curso/05_preparacion_de_datos.md: type-aware transformation,39497,0.0,no changes,,,,,,,,,,
S-01,1,phrs,Mark weekly hours above 168 as invalid-as-missing; preserve rows and original in restricted cell audit,curso/05_preparacion_de_datos.md: validación de dominio y tratamiento trazable de errores; DDI oficial EH2025 F27,39497,1.0,applied,,,,,,,,,,
S-01,1,shrs,Mark weekly hours above 168 as invalid-as-missing; preserve rows and original in restricted cell audit,curso/05_preparacion_de_datos.md: validación de dominio y tratamiento trazable de errores; DDI oficial EH2025 F27,39497,0.0,no changes,,,,,,,,,,
S-01,1,tothrs,Mark weekly hours above 168 as invalid-as-missing; preserve rows and original in restricted cell audit,curso/05_preparacion_de_datos.md: validación de dominio y tratamiento trazable de errores; DDI oficial EH2025 F27,39497,2.0,applied,,,,,,,,,,
S-02,1,s01b_12e,"Lowercase only explicitly identified open-response text; preserve identifiers, codes, missing tokens, and raw source",curso/05_preparacion_de_datos.md: transformación y documentación trazable,39497,18.0,applied,,,,,,,,,,
S-02,1,s02a_01e,"Lowercase only explicitly identified open-response text; preserve identifiers, codes, missing tokens, and raw source",curso/05_preparacion_de_datos.md: transformación y documentación trazable,39497,2.0,applied,,,,,,,,,,
S-02,1,s02a_02he,"Lowercase only explicitly identified open-response text; preserve identifiers, codes, missing tokens, and raw source",curso/05_preparacion_de_datos.md: transformación y documentación trazable,39497,6.0,applied,,,,,,,,,,
S-02,1,s02b_10e,"Lowercase only explicitly identified open-response text; preserve identifiers, codes, missing tokens, and raw source",curso/05_preparacion_de_datos.md: transformación y documentación trazable,39497,2.0,applied,,,,,,,,,,
S-02,1,s03a_05e,"Lowercase only explicitly identified open-response text; preserve identifiers, codes, missing tokens, and raw source",curso/05_preparacion_de_datos.md: transformación y documentación trazable,39497,330.0,applied,,,,,,,,,,
S-02,1,s03b_11e,"Lowercase only explicitly identified open-response text; preserve identifiers, codes, missing tokens, and raw source",curso/05_preparacion_de_datos.md: transformación y documentación trazable,39497,37.0,applied,,,,,,,,,,
S-02,1,s03c_17e,"Lowercase only explicitly identified open-response text; preserve identifiers, codes, missing tokens, and raw source",curso/05_preparacion_de_datos.md: transformación y documentación trazable,39497,205.0,applied,,,,,,,,,,
S-02,1,s04a_06e,"Lowercase only explicitly identified open-response text; preserve identifiers, codes, missing tokens, and raw source",curso/05_preparacion_de_datos.md: transformación y documentación trazable,39497,65.0,applied,,,,,,,,,,
S-02,1,s04a_07e,"Lowercase only explicitly identified open-response text; preserve identifiers, codes, missing tokens, and raw source",curso/05_preparacion_de_datos.md: transformación y documentación trazable,39497,85.0,applied,,,,,,,,,,
S-02,1,s05a_02ce,"Lowercase only explicitly identified open-response text; preserve identifiers, codes, missing tokens, and raw source",curso/05_preparacion_de_datos.md: transformación y documentación trazable,39497,36.0,applied,,,,,,,,,,
S-02,1,s05b_06ae,"Lowercase only explicitly identified open-response text; preserve identifiers, codes, missing tokens, and raw source",curso/05_preparacion_de_datos.md: transformación y documentación trazable,39497,144.0,applied,,,,,,,,,,
S-02,1,s05b_06be,"Lowercase only explicitly identified open-response text; preserve identifiers, codes, missing tokens, and raw source",curso/05_preparacion_de_datos.md: transformación y documentación trazable,39497,165.0,applied,,,,,,,,,,
S-02,1,s05b_06ce,"Lowercase only explicitly identified open-response text; preserve identifiers, codes, missing tokens, and raw source",curso/05_preparacion_de_datos.md: transformación y documentación trazable,39497,11421.0,applied,,,,,,,,,,
L-80,2,folio,Audit global incomplete/malformed percentage; never delete a master column using an all-person denominator,"curso/05_preparacion_de_datos.md: profile, validate and document transformations; docs/cleaning-methodology.md: universe-aware completeness",39497,,retained in master,0.0,0.0,not evaluated: variable domain is not confirmed,0.0,80.0,,,,,
L-80,2,area,Audit global incomplete/malformed percentage; never delete a master column using an all-person denominator,"curso/05_preparacion_de_datos.md: profile, validate and document transformations; docs/cleaning-methodology.md: universe-aware completeness",39497,,retained in master,0.0,0.0,domain confirmed by local dictionary,0.0,80.0,,,,,
L-80,2,depto,Audit global incomplete/malformed percentage; never delete a master column using an all-person denominator,"curso/05_preparacion_de_datos.md: profile, validate and document transformations; docs/cleaning-methodology.md: universe-aware completeness",39497,,retained in master,0.0,0.0,domain confirmed by local dictionary,0.0,80.0,,,,,
L-80,2,nro,Audit global incomplete/malformed percentage; never delete a master column using an all-person denominator,"curso/05_preparacion_de_datos.md: profile, validate and document transformations; docs/cleaning-methodology.md: universe-aware completeness",39497,,retained in master,0.0,0.0,not evaluated: variable domain is not confirmed,0.0,80.0,,,,,
L-80,2,s01a_02,Audit global incomplete/malformed percentage; never delete a master column using an all-person denominator,"curso/05_preparacion_de_datos.md: profile, validate and document transformations; docs/cleaning-methodology.md: universe-aware completeness",39497,,retained in master,0.0,0.0,not evaluated: variable domain is not confirmed,0.0,80.0,,,,,
L-80,2,s01a_03,Audit global incomplete/malformed percentage; never delete a master column using an all-person denominator,"curso/05_preparacion_de_datos.md: profile, validate and document transformations; docs/cleaning-methodology.md: universe-aware completeness",39497,,retained in master,0.0,0.0,numeric format checked; range/domain not confirmed,0.0,80.0,,,,,
L-80,2,s01a_04a,Audit global incomplete/malformed percentage; never delete a master column using an all-person denominator,"curso/05_preparacion_de_datos.md: profile, validate and document transformations; docs/cleaning-methodology.md: universe-aware completeness",39497,,retained in master,0.0,0.0,numeric format checked; range/domain not confirmed,0.0,80.0,,,,,
L-80,2,s01a_04b,Audit global incomplete/malformed percentage; never delete a master column using an all-person denominator,"curso/05_preparacion_de_datos.md: profile, validate and document transformations; docs/cleaning-methodology.md: universe-aware completeness",39497,,retained in master,0.0,0.0,numeric format checked; range/domain not confirmed,0.0,80.0,,,,,
L-80,2,s01a_04c,Audit global incomplete/malformed percentage; never delete a master column using an all-person denominator,"curso/05_preparacion_de_datos.md: profile, validate and document transformations; docs/cleaning-methodology.md: universe-aware completeness",39497,,retained in master,0.0,0.0,numeric format checked; range/domain not confirmed,0.0,80.0,,,,,
L-80,2,s01a_05,Audit global incomplete/malformed percentage; never delete a master column using an all-person denominator,"curso/05_preparacion_de_datos.md: profile, validate and document transformations; docs/cleaning-methodology.md: universe-aware completeness",39497,,retained in master,0.0,0.0,not evaluated: variable domain is not confirmed,0.0,80.0,,,,,
L-80,2,s01a_05a,Audit global incomplete/malformed percentage; never delete a master column using an all-person denominator,"curso/05_preparacion_de_datos.md: profile, validate and document transformations; docs/cleaning-methodology.md: universe-aware completeness",39497,,retained in master,7982.0,0.0,not evaluated: variable domain is not confirmed,20.2091,80.0,,,,,
L-80,2,s01a_05b,Audit global incomplete/malformed percentage; never delete a master column using an all-person denominator,"curso/05_preparacion_de_datos.md: profile, validate and document transformations; docs/cleaning-methodology.md: universe-aware completeness",39497,,retained in master,0.0,0.0,not evaluated: variable domain is not confirmed,0.0,80.0,,,,,
L-80,2,s01a_05c,Audit global incomplete/malformed percentage; never delete a master column using an all-person denominator,"curso/05_preparacion_de_datos.md: profile, validate and document transformations; docs/cleaning-methodology.md: universe-aware completeness",39497,,retained in master,0.0,0.0,not evaluated: variable domain is not confirmed,0.0,80.0,,,,,
L-80,2,s01a_06,Audit global incomplete/malformed percentage; never delete a master column using an all-person denominator,"curso/05_preparacion_de_datos.md: profile, validate and document transformations; docs/cleaning-methodology.md: universe-aware completeness",39497,,retained in master,30897.0,0.0,numeric format checked; range/domain not confirmed,78.2262,80.0,,,,,
L-80,2,s01a_07_1,Audit global incomplete/malformed percentage; never delete a master column using an all-person denominator,"curso/05_preparacion_de_datos.md: profile, validate and document transformations; docs/cleaning-methodology.md: universe-aware completeness",39497,,retained in master,0.0,0.0,not evaluated: variable domain is not confirmed,0.0,80.0,,,,,
L-80,2,s01a_07_2,Audit global incomplete/malformed percentage; never delete a master column using an all-person denominator,"curso/05_preparacion_de_datos.md: profile, validate and document transformations; docs/cleaning-methodology.md: universe-aware completeness",39497,,retained in master,28852.0,0.0,not evaluated: variable domain is not confirmed,73.0486,80.0,,,,,
L-80,2,s01a_07_3,Audit global incomplete/malformed percentage; never delete a master column using an all-person denominator,"curso/05_preparacion_de_datos.md: profile, validate and document transformations; docs/cleaning-methodology.md: universe-aware completeness",39497,,audit flag > threshold; retained in master,38954.0,0.0,not evaluated: variable domain is not confirmed,98.6252,80.0,,,,,
L-80,2,s01a_08,Audit global incomplete/malformed percentage; never delete a master column using an all-person denominator,"curso/05_preparacion_de_datos.md: profile, validate and document transformations; docs/cleaning-methodology.md: universe-aware completeness",39497,,retained in master,1470.0,0.0,not evaluated: variable domain is not confirmed,3.7218,80.0,,,,,
L-80,2,s01a_09,Audit global incomplete/malformed percentage; never delete a master column using an all-person denominator,"curso/05_preparacion_de_datos.md: profile, validate and document transformations; docs/cleaning-methodology.md: universe-aware completeness",39497,,retained in master,0.0,0.0,numeric format checked; range/domain not confirmed,0.0,80.0,,,,,
L-80,2,s01a_09npioc,Audit global incomplete/malformed percentage; never delete a master column using an all-person denominator,"curso/05_preparacion_de_datos.md: profile, validate and document transformations; docs/cleaning-methodology.md: universe-aware completeness",39497,,retained in master,30397.0,0.0,not evaluated: variable domain is not confirmed,76.9603,80.0,,,,,
L-80,2,s01a_10,Audit global incomplete/malformed percentage; never delete a master column using an all-person denominator,"curso/05_preparacion_de_datos.md: profile, validate and document transformations; docs/cleaning-methodology.md: universe-aware completeness",39497,,retained in master,7982.0,0.0,not evaluated: variable domain is not confirmed,20.2091,80.0,,,,,
L-80,2,s01b_11a,Audit global incomplete/malformed percentage; never delete a master column using an all-person denominator,"curso/05_preparacion_de_datos.md: profile, validate and document transformations; docs/cleaning-methodology.md: universe-aware completeness",39497,,retained in master,0.0,0.0,numeric format checked; range/domain not confirmed,0.0,80.0,,,,,
L-80,2,s01b_11b,Audit global incomplete/malformed percentage; never delete a master column using an all-person denominator,"curso/05_preparacion_de_datos.md: profile, validate and document transformations; docs/cleaning-methodology.md: universe-aware completeness",39497,,audit flag > threshold; retained in master,37899.0,0.0,not evaluated: variable domain is not confirmed,95.9541,80.0,,,,,
L-80,2,s01b_11c,Audit global incomplete/malformed percentage; never delete a master column using an all-person denominator,"curso/05_preparacion_de_datos.md: profile, validate and document transformations; docs/cleaning-methodology.md: universe-aware completeness",39497,,audit flag > threshold; retained in master,37899.0,0.0,not evaluated: variable domain is not confirmed,95.9541,80.0,,,,,
L-80,2,s01b_11d,Audit global incomplete/malformed percentage; never delete a master column using an all-person denominator,"curso/05_preparacion_de_datos.md: profile, validate and document transformations; docs/cleaning-methodology.md: universe-aware completeness",39497,,audit flag > threshold; retained in master,37899.0,0.0,not evaluated: variable domain is not confirmed,95.9541,80.0,,,,,
L-80,2,s01b_11e,Audit global incomplete/malformed percentage; never delete a master column using an all-person denominator,"curso/05_preparacion_de_datos.md: profile, validate and document transformations; docs/cleaning-methodology.md: universe-aware completeness",39497,,audit flag > threshold; retained in master,39347.0,0.0,not evaluated: variable domain is not confirmed,99.6202,80.0,,,,,
L-80,2,s01b_12,Audit global incomplete/malformed percentage; never delete a master column using an all-person denominator,"curso/05_preparacion_de_datos.md: profile, validate and document transformations; docs/cleaning-methodology.md: universe-aware completeness",39497,,audit flag > threshold; retained in master,37749.0,0.0,not evaluated: variable domain is not confirmed,95.5743,80.0,,,,,
L-80,2,s01b_12e,Audit global incomplete/malformed percentage; never delete a master column using an all-person denominator,"curso/05_preparacion_de_datos.md: profile, validate and document transformations; docs/cleaning-methodology.md: universe-aware completeness",39497,,audit flag > threshold; retained in master,39479.0,0.0,not evaluated: variable domain is not confirmed,99.9544,80.0,,,,,
L-80,2,s01b_13a,Audit global incomplete/malformed percentage; never delete a master column using an all-person denominator,"curso/05_preparacion_de_datos.md: profile, validate and document transformations; docs/cleaning-methodology.md: universe-aware completeness",39497,,audit flag > threshold; retained in master,37749.0,0.0,numeric format checked; range/domain not confirmed,95.5743,80.0,,,,,
L-80,2,s01b_13b,Audit global incomplete/malformed percentage; never delete a master column using an all-person denominator,"curso/05_preparacion_de_datos.md: profile, validate and document transformations; docs/cleaning-methodology.md: universe-aware completeness",39497,,audit flag > threshold; retained in master,37749.0,0.0,numeric format checked; range/domain not confirmed,95.5743,80.0,,,,,
L-80,2,s02a_01a,Audit global incomplete/malformed percentage; never delete a master column using an all-person denominator,"curso/05_preparacion_de_datos.md: profile, validate and document transformations; docs/cleaning-methodology.md: universe-aware completeness",39497,,retained in master,0.0,0.0,not evaluated: variable domain is not confirmed,0.0,80.0,,,,,
L-80,2,s02a_01b,Audit global incomplete/malformed percentage; never delete a master column using an all-person denominator,"curso/05_preparacion_de_datos.md: profile, validate and document transformations; docs/cleaning-methodology.md: universe-aware completeness",39497,,audit flag > threshold; retained in master,39423.0,0.0,not evaluated: variable domain is not confirmed,99.8126,80.0,,,,,
L-80,2,s02a_01e,Audit global incomplete/malformed percentage; never delete a master column using an all-person denominator,"curso/05_preparacion_de_datos.md: profile, validate and document transformations; docs/cleaning-methodology.md: universe-aware completeness",39497,,audit flag > threshold; retained in master,39495.0,0.0,not evaluated: variable domain is not confirmed,99.9949,80.0,,,,,
L-80,2,s02a_02a,Audit global incomplete/malformed percentage; never delete a master column using an all-person denominator,"curso/05_preparacion_de_datos.md: profile, validate and document transformations; docs/cleaning-methodology.md: universe-aware completeness",39497,,retained in master,0.0,0.0,not evaluated: variable domain is not confirmed,0.0,80.0,,,,,
L-80,2,s02a_02b,Audit global incomplete/malformed percentage; never delete a master column using an all-person denominator,"curso/05_preparacion_de_datos.md: profile, validate and document transformations; docs/cleaning-methodology.md: universe-aware completeness",39497,,retained in master,0.0,0.0,not evaluated: variable domain is not confirmed,0.0,80.0,,,,,
L-80,2,s02a_02c,Audit global incomplete/malformed percentage; never delete a master column using an all-person denominator,"curso/05_preparacion_de_datos.md: profile, validate and document transformations; docs/cleaning-methodology.md: universe-aware completeness",39497,,retained in master,0.0,0.0,not evaluated: variable domain is not confirmed,0.0,80.0,,,,,
L-80,2,s02a_02d,Audit global incomplete/malformed percentage; never delete a master column using an all-person denominator,"curso/05_preparacion_de_datos.md: profile, validate and document transformations; docs/cleaning-methodology.md: universe-aware completeness",39497,,retained in master,0.0,0.0,not evaluated: variable domain is not confirmed,0.0,80.0,,,,,
L-80,2,s02a_02e,Audit global incomplete/malformed percentage; never delete a master column using an all-person denominator,"curso/05_preparacion_de_datos.md: profile, validate and document transformations; docs/cleaning-methodology.md: universe-aware completeness",39497,,retained in master,0.0,0.0,not evaluated: variable domain is not confirmed,0.0,80.0,,,,,
L-80,2,s02a_02f,Audit global incomplete/malformed percentage; never delete a master column using an all-person denominator,"curso/05_preparacion_de_datos.md: profile, validate and document transformations; docs/cleaning-methodology.md: universe-aware completeness",39497,,retained in master,0.0,0.0,not evaluated: variable domain is not confirmed,0.0,80.0,,,,,
L-80,2,s02a_02g,Audit global incomplete/malformed percentage; never delete a master column using an all-person denominator,"curso/05_preparacion_de_datos.md: profile, validate and document transformations; docs/cleaning-methodology.md: universe-aware completeness",39497,,retained in master,0.0,0.0,not evaluated: variable domain is not confirmed,0.0,80.0,,,,,
L-80,2,s02a_02h,Audit global incomplete/malformed percentage; never delete a master column using an all-person denominator,"curso/05_preparacion_de_datos.md: profile, validate and document transformations; docs/cleaning-methodology.md: universe-aware completeness",39497,,retained in master,0.0,0.0,not evaluated: variable domain is not confirmed,0.0,80.0,,,,,
L-80,2,s02a_02he,Audit global incomplete/malformed percentage; never delete a master column using an all-person denominator,"curso/05_preparacion_de_datos.md: profile, validate and document transformations; docs/cleaning-methodology.md: universe-aware completeness",39497,,audit flag > threshold; retained in master,39491.0,0.0,not evaluated: variable domain is not confirmed,99.9848,80.0,,,,,
L-80,2,s02a_03a,Audit global incomplete/malformed percentage; never delete a master column using an all-person denominator,"curso/05_preparacion_de_datos.md: profile, validate and document transformations; docs/cleaning-methodology.md: universe-aware completeness",39497,,retained in master,0.0,0.0,numeric format checked; range/domain not confirmed,0.0,80.0,,,,,
L-80,2,s02a_03b,Audit global incomplete/malformed percentage; never delete a master column using an all-person denominator,"curso/05_preparacion_de_datos.md: profile, validate and document transformations; docs/cleaning-methodology.md: universe-aware completeness",39497,,retained in master,0.0,0.0,numeric format checked; range/domain not confirmed,0.0,80.0,,,,,
L-80,2,s02a_03c,Audit global incomplete/malformed percentage; never delete a master column using an all-person denominator,"curso/05_preparacion_de_datos.md: profile, validate and document transformations; docs/cleaning-methodology.md: universe-aware completeness",39497,,retained in master,0.0,0.0,numeric format checked; range/domain not confirmed,0.0,80.0,,,,,
L-80,2,s02a_03d,Audit global incomplete/malformed percentage; never delete a master column using an all-person denominator,"curso/05_preparacion_de_datos.md: profile, validate and document transformations; docs/cleaning-methodology.md: universe-aware completeness",39497,,retained in master,0.0,0.0,numeric format checked; range/domain not confirmed,0.0,80.0,,,,,
L-80,2,s02a_03e,Audit global incomplete/malformed percentage; never delete a master column using an all-person denominator,"curso/05_preparacion_de_datos.md: profile, validate and document transformations; docs/cleaning-methodology.md: universe-aware completeness",39497,,retained in master,0.0,0.0,numeric format checked; range/domain not confirmed,0.0,80.0,,,,,
L-80,2,s02a_04a,Audit global incomplete/malformed percentage; never delete a master column using an all-person denominator,"curso/05_preparacion_de_datos.md: profile, validate and document transformations; docs/cleaning-methodology.md: universe-aware completeness",39497,,retained in master,0.0,0.0,not evaluated: variable domain is not confirmed,0.0,80.0,,,,,
L-80,2,s02a_04b,Audit global incomplete/malformed percentage; never delete a master column using an all-person denominator,"curso/05_preparacion_de_datos.md: profile, validate and document transformations; docs/cleaning-methodology.md: universe-aware completeness",39497,,retained in master,0.0,0.0,not evaluated: variable domain is not confirmed,0.0,80.0,,,,,
L-80,2,s02a_04c,Audit global incomplete/malformed percentage; never delete a master column using an all-person denominator,"curso/05_preparacion_de_datos.md: profile, validate and document transformations; docs/cleaning-methodology.md: universe-aware completeness",39497,,retained in master,0.0,0.0,numeric format checked; range/domain not confirmed,0.0,80.0,,,,,
L-80,2,s02a_04d,Audit global incomplete/malformed percentage; never delete a master column using an all-person denominator,"curso/05_preparacion_de_datos.md: profile, validate and document transformations; docs/cleaning-methodology.md: universe-aware completeness",39497,,retained in master,0.0,0.0,not evaluated: variable domain is not confirmed,0.0,80.0,,,,,
L-80,2,s02a_05,Audit global incomplete/malformed percentage; never delete a master column using an all-person denominator,"curso/05_preparacion_de_datos.md: profile, validate and document transformations; docs/cleaning-methodology.md: universe-aware completeness",39497,,audit flag > threshold; retained in master,35433.0,0.0,numeric format checked; range/domain not confirmed,89.7106,80.0,,,,,
L-80,2,s02b_06,Audit global incomplete/malformed percentage; never delete a master column using an all-person denominator,"curso/05_preparacion_de_datos.md: profile, validate and document transformations; docs/cleaning-methodology.md: universe-aware completeness",39497,,retained in master,28169.0,0.0,not evaluated: variable domain is not confirmed,71.3193,80.0,,,,,
L-80,2,s02b_06b,Audit global incomplete/malformed percentage; never delete a master column using an all-person denominator,"curso/05_preparacion_de_datos.md: profile, validate and document transformations; docs/cleaning-methodology.md: universe-aware completeness",39497,,audit flag > threshold; retained in master,33041.0,0.0,numeric format checked; range/domain not confirmed,83.6545,80.0,,,,,
L-80,2,s02b_07,Audit global incomplete/malformed percentage; never delete a master column using an all-person denominator,"curso/05_preparacion_de_datos.md: profile, validate and document transformations; docs/cleaning-methodology.md: universe-aware completeness",39497,,audit flag > threshold; retained in master,33041.0,0.0,not evaluated: variable domain is not confirmed,83.6545,80.0,,,,,
L-80,2,s02b_08,Audit global incomplete/malformed percentage; never delete a master column using an all-person denominator,"curso/05_preparacion_de_datos.md: profile, validate and document transformations; docs/cleaning-methodology.md: universe-aware completeness",39497,,audit flag > threshold; retained in master,33158.0,0.0,not evaluated: variable domain is not confirmed,83.9507,80.0,,,,,
L-80,2,s02b_09a,Audit global incomplete/malformed percentage; never delete a master column using an all-person denominator,"curso/05_preparacion_de_datos.md: profile, validate and document transformations; docs/cleaning-methodology.md: universe-aware completeness",39497,,audit flag > threshold; retained in master,33158.0,0.0,numeric format checked; range/domain not confirmed,83.9507,80.0,,,,,
L-80,2,s02b_09b,Audit global incomplete/malformed percentage; never delete a master column using an all-person denominator,"curso/05_preparacion_de_datos.md: profile, validate and document transformations; docs/cleaning-methodology.md: universe-aware completeness",39497,,audit flag > threshold; retained in master,33158.0,0.0,numeric format checked; range/domain not confirmed,83.9507,80.0,,,,,
L-80,2,s02b_10,Audit global incomplete/malformed percentage; never delete a master column using an all-person denominator,"curso/05_preparacion_de_datos.md: profile, validate and document transformations; docs/cleaning-methodology.md: universe-aware completeness",39497,,audit flag > threshold; retained in master,36786.0,0.0,not evaluated: variable domain is not confirmed,93.1362,80.0,,,,,
L-80,2,s02b_10e,Audit global incomplete/malformed percentage; never delete a master column using an all-person denominator,"curso/05_preparacion_de_datos.md: profile, validate and document transformations; docs/cleaning-methodology.md: universe-aware completeness",39497,,audit flag > threshold; retained in master,39495.0,0.0,not evaluated: variable domain is not confirmed,99.9949,80.0,,,,,
L-80,2,s02b_11,Audit global incomplete/malformed percentage; never delete a master column using an all-person denominator,"curso/05_preparacion_de_datos.md: profile, validate and document transformations; docs/cleaning-methodology.md: universe-aware completeness",39497,,audit flag > threshold; retained in master,33041.0,0.0,not evaluated: variable domain is not confirmed,83.6545,80.0,,,,,
L-80,2,s02b_12a1,Audit global incomplete/malformed percentage; never delete a master column using an all-person denominator,"curso/05_preparacion_de_datos.md: profile, validate and document transformations; docs/cleaning-methodology.md: universe-aware completeness",39497,,audit flag > threshold; retained in master,36420.0,0.0,numeric format checked; range/domain not confirmed,92.2095,80.0,,,,,
L-80,2,s02b_12a2,Audit global incomplete/malformed percentage; never delete a master column using an all-person denominator,"curso/05_preparacion_de_datos.md: profile, validate and document transformations; docs/cleaning-methodology.md: universe-aware completeness",39497,,audit flag > threshold; retained in master,39090.0,0.0,numeric format checked; range/domain not confirmed,98.9695,80.0,,,,,
L-80,2,s02b_12b,Audit global incomplete/malformed percentage; never delete a master column using an all-person denominator,"curso/05_preparacion_de_datos.md: profile, validate and document transformations; docs/cleaning-methodology.md: universe-aware completeness",39497,,audit flag > threshold; retained in master,36420.0,0.0,numeric format checked; range/domain not confirmed,92.2095,80.0,,,,,
L-80,2,s02b_13,Audit global incomplete/malformed percentage; never delete a master column using an all-person denominator,"curso/05_preparacion_de_datos.md: profile, validate and document transformations; docs/cleaning-methodology.md: universe-aware completeness",39497,,audit flag > threshold; retained in master,36420.0,0.0,not evaluated: variable domain is not confirmed,92.2095,80.0,,,,,
L-80,2,s02b_14,Audit global incomplete/malformed percentage; never delete a master column using an all-person denominator,"curso/05_preparacion_de_datos.md: profile, validate and document transformations; docs/cleaning-methodology.md: universe-aware completeness",39497,,audit flag > threshold; retained in master,37420.0,0.0,numeric format checked; range/domain not confirmed,94.7414,80.0,,,,,
L-80,2,s02b_14a,Audit global incomplete/malformed percentage; never delete a master column using an all-person denominator,"curso/05_preparacion_de_datos.md: profile, validate and document transformations; docs/cleaning-methodology.md: universe-aware completeness",39497,,audit flag > threshold; retained in master,39115.0,0.0,numeric format checked; range/domain not confirmed,99.0328,80.0,,,,,
L-80,2,s02c_15,Audit global incomplete/malformed percentage; never delete a master column using an all-person denominator,"curso/05_preparacion_de_datos.md: profile, validate and document transformations; docs/cleaning-methodology.md: universe-aware completeness",39497,,audit flag > threshold; retained in master,36063.0,0.0,numeric format checked; range/domain not confirmed,91.3057,80.0,,,,,
L-80,2,s02d_16,Audit global incomplete/malformed percentage; never delete a master column using an all-person denominator,"curso/05_preparacion_de_datos.md: profile, validate and document transformations; docs/cleaning-methodology.md: universe-aware completeness",39497,,audit flag > threshold; retained in master,36716.0,0.0,not evaluated: variable domain is not confirmed,92.959,80.0,,,,,
L-80,2,s02d_17,Audit global incomplete/malformed percentage; never delete a master column using an all-person denominator,"curso/05_preparacion_de_datos.md: profile, validate and document transformations; docs/cleaning-methodology.md: universe-aware completeness",39497,,audit flag > threshold; retained in master,37763.0,0.0,numeric format checked; range/domain not confirmed,95.6098,80.0,,,,,
L-80,2,s02d_17a,Audit global incomplete/malformed percentage; never delete a master column using an all-person denominator,"curso/05_preparacion_de_datos.md: profile, validate and document transformations; docs/cleaning-methodology.md: universe-aware completeness",39497,,audit flag > threshold; retained in master,38812.0,0.0,numeric format checked; range/domain not confirmed,98.2657,80.0,,,,,
L-80,2,s03a_01,Audit global incomplete/malformed percentage; never delete a master column using an all-person denominator,"curso/05_preparacion_de_datos.md: profile, validate and document transformations; docs/cleaning-methodology.md: universe-aware completeness",39497,,retained in master,2143.0,0.0,not evaluated: variable domain is not confirmed,5.4257,80.0,,,,,
L-80,2,s03a_01a,Audit global incomplete/malformed percentage; never delete a master column using an all-person denominator,"curso/05_preparacion_de_datos.md: profile, validate and document transformations; docs/cleaning-methodology.md: universe-aware completeness",39497,,retained in master,2143.0,0.0,not evaluated: variable domain is not confirmed,5.4257,80.0,,,,,
L-80,2,s03a_02a,Audit global incomplete/malformed percentage; never delete a master column using an all-person denominator,"curso/05_preparacion_de_datos.md: profile, validate and document transformations; docs/cleaning-methodology.md: universe-aware completeness",39497,,retained in master,2143.0,0.0,not evaluated: variable domain is not confirmed,5.4257,80.0,,,,,
L-80,2,s03a_02c,Audit global incomplete/malformed percentage; never delete a master column using an all-person denominator,"curso/05_preparacion_de_datos.md: profile, validate and document transformations; docs/cleaning-methodology.md: universe-aware completeness",39497,,retained in master,2143.0,0.0,not evaluated: variable domain is not confirmed,5.4257,80.0,,,,,
L-80,2,s03a_03a,Audit global incomplete/malformed percentage; never delete a master column using an all-person denominator,"curso/05_preparacion_de_datos.md: profile, validate and document transformations; docs/cleaning-methodology.md: universe-aware completeness",39497,,audit flag > threshold; retained in master,37200.0,0.0,not evaluated: variable domain is not confirmed,94.1844,80.0,,,,,
L-80,2,s03a_03c,Audit global incomplete/malformed percentage; never delete a master column using an all-person denominator,"curso/05_preparacion_de_datos.md: profile, validate and document transformations; docs/cleaning-methodology.md: universe-aware completeness",39497,,audit flag > threshold; retained in master,37200.0,0.0,not evaluated: variable domain is not confirmed,94.1844,80.0,,,,,
L-80,2,s03a_04,Audit global incomplete/malformed percentage; never delete a master column using an all-person denominator,"curso/05_preparacion_de_datos.md: profile, validate and document transformations; docs/cleaning-methodology.md: universe-aware completeness",39497,,retained in master,2143.0,0.0,numeric format checked; range/domain not confirmed,5.4257,80.0,,,,,
L-80,2,s03a_05,Audit global incomplete/malformed percentage; never delete a master column using an all-person denominator,"curso/05_preparacion_de_datos.md: profile, validate and document transformations; docs/cleaning-methodology.md: universe-aware completeness",39497,,retained in master,15980.0,0.0,not evaluated: variable domain is not confirmed,40.4588,80.0,,,,,
L-80,2,s03a_05e,Audit global incomplete/malformed percentage; never delete a master column using an all-person denominator,"curso/05_preparacion_de_datos.md: profile, validate and document transformations; docs/cleaning-methodology.md: universe-aware completeness",39497,,audit flag > threshold; retained in master,39167.0,0.0,not evaluated: variable domain is not confirmed,99.1645,80.0,,,,,
L-80,2,s03a_06a,Audit global incomplete/malformed percentage; never delete a master column using an all-person denominator,"curso/05_preparacion_de_datos.md: profile, validate and document transformations; docs/cleaning-methodology.md: universe-aware completeness",39497,,retained in master,25660.0,0.0,numeric format checked; range/domain not confirmed,64.967,80.0,,,,,
L-80,2,s03a_06c,Audit global incomplete/malformed percentage; never delete a master column using an all-person denominator,"curso/05_preparacion_de_datos.md: profile, validate and document transformations; docs/cleaning-methodology.md: universe-aware completeness",39497,,retained in master,25660.0,0.0,numeric format checked; range/domain not confirmed,64.967,80.0,,,,,
L-80,2,s03a_07a,Audit global incomplete/malformed percentage; never delete a master column using an all-person denominator,"curso/05_preparacion_de_datos.md: profile, validate and document transformations; docs/cleaning-methodology.md: universe-aware completeness",39497,,retained in master,29099.0,0.0,not evaluated: variable domain is not confirmed,73.6739,80.0,,,,,
L-80,2,s03a_07b,Audit global incomplete/malformed percentage; never delete a master column using an all-person denominator,"curso/05_preparacion_de_datos.md: profile, validate and document transformations; docs/cleaning-methodology.md: universe-aware completeness",39497,,retained in master,30772.0,0.0,numeric format checked; range/domain not confirmed,77.9097,80.0,,,,,
L-80,2,s03a_08,Audit global incomplete/malformed percentage; never delete a master column using an all-person denominator,"curso/05_preparacion_de_datos.md: profile, validate and document transformations; docs/cleaning-methodology.md: universe-aware completeness",39497,,retained in master,29099.0,0.0,numeric format checked; range/domain not confirmed,73.6739,80.0,,,,,
L-80,2,s03a_09,Audit global incomplete/malformed percentage; never delete a master column using an all-person denominator,"curso/05_preparacion_de_datos.md: profile, validate and document transformations; docs/cleaning-methodology.md: universe-aware completeness",39497,,retained in master,25660.0,0.0,not evaluated: variable domain is not confirmed,64.967,80.0,,,,,
L-80,2,s03b_10,Audit global incomplete/malformed percentage; never delete a master column using an all-person denominator,"curso/05_preparacion_de_datos.md: profile, validate and document transformations; docs/cleaning-methodology.md: universe-aware completeness",39497,,retained in master,25660.0,0.0,not evaluated: variable domain is not confirmed,64.967,80.0,,,,,
L-80,2,s03b_11,Audit global incomplete/malformed percentage; never delete a master column using an all-person denominator,"curso/05_preparacion_de_datos.md: profile, validate and document transformations; docs/cleaning-methodology.md: universe-aware completeness",39497,,audit flag > threshold; retained in master,36655.0,0.0,not evaluated: variable domain is not confirmed,92.8045,80.0,,,,,
L-80,2,s03b_11e,Audit global incomplete/malformed percentage; never delete a master column using an all-person denominator,"curso/05_preparacion_de_datos.md: profile, validate and document transformations; docs/cleaning-methodology.md: universe-aware completeness",39497,,audit flag > threshold; retained in master,39460.0,0.0,not evaluated: variable domain is not confirmed,99.9063,80.0,,,,,
L-80,2,s03b_12,Audit global incomplete/malformed percentage; never delete a master column using an all-person denominator,"curso/05_preparacion_de_datos.md: profile, validate and document transformations; docs/cleaning-methodology.md: universe-aware completeness",39497,,audit flag > threshold; retained in master,39457.0,0.0,not evaluated: variable domain is not confirmed,99.8987,80.0,,,,,
L-80,2,s03c_13,Audit global incomplete/malformed percentage; never delete a master column using an all-person denominator,"curso/05_preparacion_de_datos.md: profile, validate and document transformations; docs/cleaning-methodology.md: universe-aware completeness",39497,,retained in master,2780.0,0.0,not evaluated: variable domain is not confirmed,7.0385,80.0,,,,,
L-80,2,s03c_13a,Audit global incomplete/malformed percentage; never delete a master column using an all-person denominator,"curso/05_preparacion_de_datos.md: profile, validate and document transformations; docs/cleaning-methodology.md: universe-aware completeness",39497,,retained in master,11533.0,0.0,not evaluated: variable domain is not confirmed,29.1997,80.0,,,,,
L-80,2,s03c_14,Audit global incomplete/malformed percentage; never delete a master column using an all-person denominator,"curso/05_preparacion_de_datos.md: profile, validate and document transformations; docs/cleaning-methodology.md: universe-aware completeness",39497,,retained in master,2780.0,0.0,numeric format checked; range/domain not confirmed,7.0385,80.0,,,,,
L-80,2,s03c_15a,Audit global incomplete/malformed percentage; never delete a master column using an all-person denominator,"curso/05_preparacion_de_datos.md: profile, validate and document transformations; docs/cleaning-methodology.md: universe-aware completeness",39497,,retained in master,2780.0,0.0,numeric format checked; range/domain not confirmed,7.0385,80.0,,,,,
L-80,2,s03c_15b,Audit global incomplete/malformed percentage; never delete a master column using an all-person denominator,"curso/05_preparacion_de_datos.md: profile, validate and document transformations; docs/cleaning-methodology.md: universe-aware completeness",39497,,retained in master,28680.0,0.0,numeric format checked; range/domain not confirmed,72.6131,80.0,,,,,
L-80,2,s03c_16a,Audit global incomplete/malformed percentage; never delete a master column using an all-person denominator,"curso/05_preparacion_de_datos.md: profile, validate and document transformations; docs/cleaning-methodology.md: universe-aware completeness",39497,,retained in master,2780.0,0.0,numeric format checked; range/domain not confirmed,7.0385,80.0,,,,,
L-80,2,s03c_16b,Audit global incomplete/malformed percentage; never delete a master column using an all-person denominator,"curso/05_preparacion_de_datos.md: profile, validate and document transformations; docs/cleaning-methodology.md: universe-aware completeness",39497,,retained in master,12646.0,0.0,numeric format checked; range/domain not confirmed,32.0176,80.0,,,,,
L-80,2,s03c_17aa,Audit global incomplete/malformed percentage; never delete a master column using an all-person denominator,"curso/05_preparacion_de_datos.md: profile, validate and document transformations; docs/cleaning-methodology.md: universe-aware completeness",39497,,retained in master,12646.0,0.0,numeric format checked; range/domain not confirmed,32.0176,80.0,,,,,
L-80,2,s03c_17ab,Audit global incomplete/malformed percentage; never delete a master column using an all-person denominator,"curso/05_preparacion_de_datos.md: profile, validate and document transformations; docs/cleaning-methodology.md: universe-aware completeness",39497,,retained in master,24892.0,0.0,numeric format checked; range/domain not confirmed,63.0225,80.0,,,,,
L-80,2,s03c_17e,Audit global incomplete/malformed percentage; never delete a master column using an all-person denominator,"curso/05_preparacion_de_datos.md: profile, validate and document transformations; docs/cleaning-methodology.md: universe-aware completeness",39497,,audit flag > threshold; retained in master,39292.0,0.0,not evaluated: variable domain is not confirmed,99.481,80.0,,,,,
L-80,2,s04a_01,Audit global incomplete/malformed percentage; never delete a master column using an all-person denominator,"curso/05_preparacion_de_datos.md: profile, validate and document transformations; docs/cleaning-methodology.md: universe-aware completeness",39497,,retained in master,4131.0,0.0,numeric format checked; range/domain not confirmed,10.459,80.0,,,,,
L-80,2,s04a_02,Audit global incomplete/malformed percentage; never delete a master column using an all-person denominator,"curso/05_preparacion_de_datos.md: profile, validate and document transformations; docs/cleaning-methodology.md: universe-aware completeness",39497,,retained in master,23109.0,0.0,numeric format checked; range/domain not confirmed,58.5082,80.0,,,,,
L-80,2,s04a_02a,Audit global incomplete/malformed percentage; never delete a master column using an all-person denominator,"curso/05_preparacion_de_datos.md: profile, validate and document transformations; docs/cleaning-methodology.md: universe-aware completeness",39497,,audit flag > threshold; retained in master,39276.0,0.0,not evaluated: variable domain is not confirmed,99.4405,80.0,,,,,
L-80,2,s04a_03,Audit global incomplete/malformed percentage; never delete a master column using an all-person denominator,"curso/05_preparacion_de_datos.md: profile, validate and document transformations; docs/cleaning-methodology.md: universe-aware completeness",39497,,retained in master,23503.0,0.0,not evaluated: variable domain is not confirmed,59.5058,80.0,,,,,
L-80,2,s04a_04,Audit global incomplete/malformed percentage; never delete a master column using an all-person denominator,"curso/05_preparacion_de_datos.md: profile, validate and document transformations; docs/cleaning-methodology.md: universe-aware completeness",39497,,retained in master,23610.0,0.0,not evaluated: variable domain is not confirmed,59.7767,80.0,,,,,
L-80,2,s04a_05,Audit global incomplete/malformed percentage; never delete a master column using an all-person denominator,"curso/05_preparacion_de_datos.md: profile, validate and document transformations; docs/cleaning-methodology.md: universe-aware completeness",39497,,retained in master,23610.0,0.0,not evaluated: variable domain is not confirmed,59.7767,80.0,,,,,
L-80,2,s04a_06,Audit global incomplete/malformed percentage; never delete a master column using an all-person denominator,"curso/05_preparacion_de_datos.md: profile, validate and document transformations; docs/cleaning-methodology.md: universe-aware completeness",39497,,retained in master,24724.0,0.0,not evaluated: variable domain is not confirmed,62.5972,80.0,,,,,
L-80,2,s04a_06e,Audit global incomplete/malformed percentage; never delete a master column using an all-person denominator,"curso/05_preparacion_de_datos.md: profile, validate and document transformations; docs/cleaning-methodology.md: universe-aware completeness",39497,,audit flag > threshold; retained in master,39432.0,0.0,not evaluated: variable domain is not confirmed,99.8354,80.0,,,,,
L-80,2,s04a_07,Audit global incomplete/malformed percentage; never delete a master column using an all-person denominator,"curso/05_preparacion_de_datos.md: profile, validate and document transformations; docs/cleaning-methodology.md: universe-aware completeness",39497,,retained in master,24724.0,0.0,not evaluated: variable domain is not confirmed,62.5972,80.0,,,,,
L-80,2,s04a_07e,Audit global incomplete/malformed percentage; never delete a master column using an all-person denominator,"curso/05_preparacion_de_datos.md: profile, validate and document transformations; docs/cleaning-methodology.md: universe-aware completeness",39497,,audit flag > threshold; retained in master,39412.0,0.0,not evaluated: variable domain is not confirmed,99.7848,80.0,,,,,
L-80,2,s04a_08,Audit global incomplete/malformed percentage; never delete a master column using an all-person denominator,"curso/05_preparacion_de_datos.md: profile, validate and document transformations; docs/cleaning-methodology.md: universe-aware completeness",39497,,retained in master,23610.0,0.0,not evaluated: variable domain is not confirmed,59.7767,80.0,,,,,
L-80,2,s04b_09a_cod,Audit global incomplete/malformed percentage; never delete a master column using an all-person denominator,"curso/05_preparacion_de_datos.md: profile, validate and document transformations; docs/cleaning-methodology.md: universe-aware completeness",39497,,retained in master,20018.0,0.0,not evaluated: variable domain is not confirmed,50.6823,80.0,,,,,
L-80,2,s04b_10a_cod,Audit global incomplete/malformed percentage; never delete a master column using an all-person denominator,"curso/05_preparacion_de_datos.md: profile, validate and document transformations; docs/cleaning-methodology.md: universe-aware completeness",39497,,retained in master,20018.0,0.0,not evaluated: variable domain is not confirmed,50.6823,80.0,,,,,
L-80,2,s04b_11aa,Audit global incomplete/malformed percentage; never delete a master column using an all-person denominator,"curso/05_preparacion_de_datos.md: profile, validate and document transformations; docs/cleaning-methodology.md: universe-aware completeness",39497,,retained in master,20018.0,0.0,not evaluated: variable domain is not confirmed,50.6823,80.0,,,,,
L-80,2,s04b_11ab,Audit global incomplete/malformed percentage; never delete a master column using an all-person denominator,"curso/05_preparacion_de_datos.md: profile, validate and document transformations; docs/cleaning-methodology.md: universe-aware completeness",39497,,retained in master,20018.0,0.0,not evaluated: variable domain is not confirmed,50.6823,80.0,,,,,
L-80,2,s04b_11ba,Audit global incomplete/malformed percentage; never delete a master column using an all-person denominator,"curso/05_preparacion_de_datos.md: profile, validate and document transformations; docs/cleaning-methodology.md: universe-aware completeness",39497,,retained in master,20018.0,0.0,not evaluated: variable domain is not confirmed,50.6823,80.0,,,,,
L-80,2,s04b_11bb,Audit global incomplete/malformed percentage; never delete a master column using an all-person denominator,"curso/05_preparacion_de_datos.md: profile, validate and document transformations; docs/cleaning-methodology.md: universe-aware completeness",39497,,retained in master,20018.0,0.0,not evaluated: variable domain is not confirmed,50.6823,80.0,,,,,
L-80,2,s04b_12,Audit global incomplete/malformed percentage; never delete a master column using an all-person denominator,"curso/05_preparacion_de_datos.md: profile, validate and document transformations; docs/cleaning-methodology.md: universe-aware completeness",39497,,retained in master,20018.0,0.0,not evaluated: variable domain is not confirmed,50.6823,80.0,,,,,
L-80,2,s04b_13,Audit global incomplete/malformed percentage; never delete a master column using an all-person denominator,"curso/05_preparacion_de_datos.md: profile, validate and document transformations; docs/cleaning-methodology.md: universe-aware completeness",39497,,audit flag > threshold; retained in master,32444.0,0.0,not evaluated: variable domain is not confirmed,82.1429,80.0,,,,,
L-80,2,s04b_14,Audit global incomplete/malformed percentage; never delete a master column using an all-person denominator,"curso/05_preparacion_de_datos.md: profile, validate and document transformations; docs/cleaning-methodology.md: universe-aware completeness",39497,,retained in master,20382.0,0.0,not evaluated: variable domain is not confirmed,51.6039,80.0,,,,,
L-80,2,s04b_15,Audit global incomplete/malformed percentage; never delete a master column using an all-person denominator,"curso/05_preparacion_de_datos.md: profile, validate and document transformations; docs/cleaning-methodology.md: universe-aware completeness",39497,,retained in master,20018.0,0.0,numeric format checked; range/domain not confirmed,50.6823,80.0,,,,,
L-80,2,s04b_16aa,Audit global incomplete/malformed percentage; never delete a master column using an all-person denominator,"curso/05_preparacion_de_datos.md: profile, validate and document transformations; docs/cleaning-methodology.md: universe-aware completeness",39497,,retained in master,20018.0,0.0,numeric format checked; range/domain not confirmed,50.6823,80.0,,,,,
L-80,2,s04b_16ab,Audit global incomplete/malformed percentage; never delete a master column using an all-person denominator,"curso/05_preparacion_de_datos.md: profile, validate and document transformations; docs/cleaning-methodology.md: universe-aware completeness",39497,,retained in master,20018.0,0.0,numeric format checked; range/domain not confirmed,50.6823,80.0,,,,,
L-80,2,s04c_17a,Audit global incomplete/malformed percentage; never delete a master column using an all-person denominator,"curso/05_preparacion_de_datos.md: profile, validate and document transformations; docs/cleaning-methodology.md: universe-aware completeness",39497,,audit flag > threshold; retained in master,32131.0,0.0,numeric format checked; range/domain not confirmed,81.3505,80.0,,,,,
L-80,2,s04c_17b,Audit global incomplete/malformed percentage; never delete a master column using an all-person denominator,"curso/05_preparacion_de_datos.md: profile, validate and document transformations; docs/cleaning-methodology.md: universe-aware completeness",39497,,audit flag > threshold; retained in master,32131.0,0.0,not evaluated: variable domain is not confirmed,81.3505,80.0,,,,,
L-80,2,s04c_18a,Audit global incomplete/malformed percentage; never delete a master column using an all-person denominator,"curso/05_preparacion_de_datos.md: profile, validate and document transformations; docs/cleaning-methodology.md: universe-aware completeness",39497,,audit flag > threshold; retained in master,32128.0,0.0,numeric format checked; range/domain not confirmed,81.3429,80.0,,,,,
L-80,2,s04c_18b,Audit global incomplete/malformed percentage; never delete a master column using an all-person denominator,"curso/05_preparacion_de_datos.md: profile, validate and document transformations; docs/cleaning-methodology.md: universe-aware completeness",39497,,audit flag > threshold; retained in master,32136.0,0.0,numeric format checked; range/domain not confirmed,81.3631,80.0,,,,,
L-80,2,s04c_19aa,Audit global incomplete/malformed percentage; never delete a master column using an all-person denominator,"curso/05_preparacion_de_datos.md: profile, validate and document transformations; docs/cleaning-methodology.md: universe-aware completeness",39497,,audit flag > threshold; retained in master,32129.0,0.0,numeric format checked; range/domain not confirmed,81.3454,80.0,,,,,
L-80,2,s04c_19ab,Audit global incomplete/malformed percentage; never delete a master column using an all-person denominator,"curso/05_preparacion_de_datos.md: profile, validate and document transformations; docs/cleaning-methodology.md: universe-aware completeness",39497,,audit flag > threshold; retained in master,38818.0,0.0,numeric format checked; range/domain not confirmed,98.2809,80.0,,,,,
L-80,2,s04c_19ba,Audit global incomplete/malformed percentage; never delete a master column using an all-person denominator,"curso/05_preparacion_de_datos.md: profile, validate and document transformations; docs/cleaning-methodology.md: universe-aware completeness",39497,,audit flag > threshold; retained in master,32128.0,0.0,numeric format checked; range/domain not confirmed,81.3429,80.0,,,,,
L-80,2,s04c_19bb,Audit global incomplete/malformed percentage; never delete a master column using an all-person denominator,"curso/05_preparacion_de_datos.md: profile, validate and document transformations; docs/cleaning-methodology.md: universe-aware completeness",39497,,audit flag > threshold; retained in master,39144.0,0.0,numeric format checked; range/domain not confirmed,99.1063,80.0,,,,,
L-80,2,s04c_20a1,Audit global incomplete/malformed percentage; never delete a master column using an all-person denominator,"curso/05_preparacion_de_datos.md: profile, validate and document transformations; docs/cleaning-methodology.md: universe-aware completeness",39497,,audit flag > threshold; retained in master,32127.0,0.0,numeric format checked; range/domain not confirmed,81.3404,80.0,,,,,
L-80,2,s04c_20a2,Audit global incomplete/malformed percentage; never delete a master column using an all-person denominator,"curso/05_preparacion_de_datos.md: profile, validate and document transformations; docs/cleaning-methodology.md: universe-aware completeness",39497,,audit flag > threshold; retained in master,39374.0,0.0,numeric format checked; range/domain not confirmed,99.6886,80.0,,,,,
L-80,2,s04c_20b,Audit global incomplete/malformed percentage; never delete a master column using an all-person denominator,"curso/05_preparacion_de_datos.md: profile, validate and document transformations; docs/cleaning-methodology.md: universe-aware completeness",39497,,audit flag > threshold; retained in master,32127.0,0.0,numeric format checked; range/domain not confirmed,81.3404,80.0,,,,,
L-80,2,s04c_20a_1,Audit global incomplete/malformed percentage; never delete a master column using an all-person denominator,"curso/05_preparacion_de_datos.md: profile, validate and document transformations; docs/cleaning-methodology.md: universe-aware completeness",39497,,audit flag > threshold; retained in master,32127.0,0.0,not evaluated: variable domain is not confirmed,81.3404,80.0,,,,,
L-80,2,s04c_20a_2,Audit global incomplete/malformed percentage; never delete a master column using an all-person denominator,"curso/05_preparacion_de_datos.md: profile, validate and document transformations; docs/cleaning-methodology.md: universe-aware completeness",39497,,audit flag > threshold; retained in master,32127.0,0.0,not evaluated: variable domain is not confirmed,81.3404,80.0,,,,,
L-80,2,s04c_21a,Audit global incomplete/malformed percentage; never delete a master column using an all-person denominator,"curso/05_preparacion_de_datos.md: profile, validate and document transformations; docs/cleaning-methodology.md: universe-aware completeness",39497,,audit flag > threshold; retained in master,32127.0,0.0,numeric format checked; range/domain not confirmed,81.3404,80.0,,,,,
L-80,2,s04c_21a1,Audit global incomplete/malformed percentage; never delete a master column using an all-person denominator,"curso/05_preparacion_de_datos.md: profile, validate and document transformations; docs/cleaning-methodology.md: universe-aware completeness",39497,,audit flag > threshold; retained in master,38022.0,0.0,numeric format checked; range/domain not confirmed,96.2655,80.0,,,,,
L-80,2,s04c_21a2,Audit global incomplete/malformed percentage; never delete a master column using an all-person denominator,"curso/05_preparacion_de_datos.md: profile, validate and document transformations; docs/cleaning-methodology.md: universe-aware completeness",39497,,audit flag > threshold; retained in master,38022.0,0.0,numeric format checked; range/domain not confirmed,96.2655,80.0,,,,,
L-80,2,s04c_21b,Audit global incomplete/malformed percentage; never delete a master column using an all-person denominator,"curso/05_preparacion_de_datos.md: profile, validate and document transformations; docs/cleaning-methodology.md: universe-aware completeness",39497,,audit flag > threshold; retained in master,32127.0,0.0,numeric format checked; range/domain not confirmed,81.3404,80.0,,,,,
L-80,2,s04c_21b1,Audit global incomplete/malformed percentage; never delete a master column using an all-person denominator,"curso/05_preparacion_de_datos.md: profile, validate and document transformations; docs/cleaning-methodology.md: universe-aware completeness",39497,,audit flag > threshold; retained in master,39258.0,0.0,numeric format checked; range/domain not confirmed,99.3949,80.0,,,,,
L-80,2,s04c_21b2,Audit global incomplete/malformed percentage; never delete a master column using an all-person denominator,"curso/05_preparacion_de_datos.md: profile, validate and document transformations; docs/cleaning-methodology.md: universe-aware completeness",39497,,audit flag > threshold; retained in master,39258.0,0.0,numeric format checked; range/domain not confirmed,99.3949,80.0,,,,,
L-80,2,s04c_21c,Audit global incomplete/malformed percentage; never delete a master column using an all-person denominator,"curso/05_preparacion_de_datos.md: profile, validate and document transformations; docs/cleaning-methodology.md: universe-aware completeness",39497,,audit flag > threshold; retained in master,32127.0,0.0,numeric format checked; range/domain not confirmed,81.3404,80.0,,,,,
L-80,2,s04c_21c1,Audit global incomplete/malformed percentage; never delete a master column using an all-person denominator,"curso/05_preparacion_de_datos.md: profile, validate and document transformations; docs/cleaning-methodology.md: universe-aware completeness",39497,,audit flag > threshold; retained in master,38729.0,0.0,numeric format checked; range/domain not confirmed,98.0555,80.0,,,,,
L-80,2,s04c_21c2,Audit global incomplete/malformed percentage; never delete a master column using an all-person denominator,"curso/05_preparacion_de_datos.md: profile, validate and document transformations; docs/cleaning-methodology.md: universe-aware completeness",39497,,audit flag > threshold; retained in master,38729.0,0.0,numeric format checked; range/domain not confirmed,98.0555,80.0,,,,,
L-80,2,s04c_21d,Audit global incomplete/malformed percentage; never delete a master column using an all-person denominator,"curso/05_preparacion_de_datos.md: profile, validate and document transformations; docs/cleaning-methodology.md: universe-aware completeness",39497,,audit flag > threshold; retained in master,32127.0,0.0,numeric format checked; range/domain not confirmed,81.3404,80.0,,,,,
L-80,2,s04c_21d1,Audit global incomplete/malformed percentage; never delete a master column using an all-person denominator,"curso/05_preparacion_de_datos.md: profile, validate and document transformations; docs/cleaning-methodology.md: universe-aware completeness",39497,,audit flag > threshold; retained in master,39188.0,0.0,numeric format checked; range/domain not confirmed,99.2177,80.0,,,,,
L-80,2,s04c_21d2,Audit global incomplete/malformed percentage; never delete a master column using an all-person denominator,"curso/05_preparacion_de_datos.md: profile, validate and document transformations; docs/cleaning-methodology.md: universe-aware completeness",39497,,audit flag > threshold; retained in master,39188.0,0.0,numeric format checked; range/domain not confirmed,99.2177,80.0,,,,,
L-80,2,s04c_21e,Audit global incomplete/malformed percentage; never delete a master column using an all-person denominator,"curso/05_preparacion_de_datos.md: profile, validate and document transformations; docs/cleaning-methodology.md: universe-aware completeness",39497,,audit flag > threshold; retained in master,32127.0,0.0,numeric format checked; range/domain not confirmed,81.3404,80.0,,,,,
L-80,2,s04c_21e1,Audit global incomplete/malformed percentage; never delete a master column using an all-person denominator,"curso/05_preparacion_de_datos.md: profile, validate and document transformations; docs/cleaning-methodology.md: universe-aware completeness",39497,,audit flag > threshold; retained in master,39482.0,0.0,numeric format checked; range/domain not confirmed,99.962,80.0,,,,,
L-80,2,s04c_21e2,Audit global incomplete/malformed percentage; never delete a master column using an all-person denominator,"curso/05_preparacion_de_datos.md: profile, validate and document transformations; docs/cleaning-methodology.md: universe-aware completeness",39497,,audit flag > threshold; retained in master,39482.0,0.0,numeric format checked; range/domain not confirmed,99.962,80.0,,,,,
L-80,2,s04d_22a,Audit global incomplete/malformed percentage; never delete a master column using an all-person denominator,"curso/05_preparacion_de_datos.md: profile, validate and document transformations; docs/cleaning-methodology.md: universe-aware completeness",39497,,retained in master,30074.0,0.0,numeric format checked; range/domain not confirmed,76.1425,80.0,,,,,
L-80,2,s04d_22b,Audit global incomplete/malformed percentage; never delete a master column using an all-person denominator,"curso/05_preparacion_de_datos.md: profile, validate and document transformations; docs/cleaning-methodology.md: universe-aware completeness",39497,,retained in master,30166.0,0.0,numeric format checked; range/domain not confirmed,76.3754,80.0,,,,,
L-80,2,s04d_23aa,Audit global incomplete/malformed percentage; never delete a master column using an all-person denominator,"curso/05_preparacion_de_datos.md: profile, validate and document transformations; docs/cleaning-methodology.md: universe-aware completeness",39497,,retained in master,30170.0,0.0,numeric format checked; range/domain not confirmed,76.3855,80.0,,,,,
L-80,2,s04d_23ab,Audit global incomplete/malformed percentage; never delete a master column using an all-person denominator,"curso/05_preparacion_de_datos.md: profile, validate and document transformations; docs/cleaning-methodology.md: universe-aware completeness",39497,,audit flag > threshold; retained in master,31711.0,0.0,numeric format checked; range/domain not confirmed,80.2871,80.0,,,,,
L-80,2,s04d_23ba,Audit global incomplete/malformed percentage; never delete a master column using an all-person denominator,"curso/05_preparacion_de_datos.md: profile, validate and document transformations; docs/cleaning-methodology.md: universe-aware completeness",39497,,retained in master,30170.0,0.0,numeric format checked; range/domain not confirmed,76.3855,80.0,,,,,
L-80,2,s04d_23bb,Audit global incomplete/malformed percentage; never delete a master column using an all-person denominator,"curso/05_preparacion_de_datos.md: profile, validate and document transformations; docs/cleaning-methodology.md: universe-aware completeness",39497,,audit flag > threshold; retained in master,37055.0,0.0,numeric format checked; range/domain not confirmed,93.8173,80.0,,,,,
L-80,2,s04d_23ca,Audit global incomplete/malformed percentage; never delete a master column using an all-person denominator,"curso/05_preparacion_de_datos.md: profile, validate and document transformations; docs/cleaning-methodology.md: universe-aware completeness",39497,,retained in master,30170.0,0.0,numeric format checked; range/domain not confirmed,76.3855,80.0,,,,,
L-80,2,s04d_23cb,Audit global incomplete/malformed percentage; never delete a master column using an all-person denominator,"curso/05_preparacion_de_datos.md: profile, validate and document transformations; docs/cleaning-methodology.md: universe-aware completeness",39497,,audit flag > threshold; retained in master,38778.0,0.0,numeric format checked; range/domain not confirmed,98.1796,80.0,,,,,
L-80,2,s04d_23da,Audit global incomplete/malformed percentage; never delete a master column using an all-person denominator,"curso/05_preparacion_de_datos.md: profile, validate and document transformations; docs/cleaning-methodology.md: universe-aware completeness",39497,,retained in master,30173.0,0.0,numeric format checked; range/domain not confirmed,76.3931,80.0,,,,,
L-80,2,s04d_23db,Audit global incomplete/malformed percentage; never delete a master column using an all-person denominator,"curso/05_preparacion_de_datos.md: profile, validate and document transformations; docs/cleaning-methodology.md: universe-aware completeness",39497,,audit flag > threshold; retained in master,37789.0,0.0,numeric format checked; range/domain not confirmed,95.6756,80.0,,,,,
L-80,2,s04d_23ea,Audit global incomplete/malformed percentage; never delete a master column using an all-person denominator,"curso/05_preparacion_de_datos.md: profile, validate and document transformations; docs/cleaning-methodology.md: universe-aware completeness",39497,,retained in master,30171.0,0.0,numeric format checked; range/domain not confirmed,76.3881,80.0,,,,,
L-80,2,s04d_23eb,Audit global incomplete/malformed percentage; never delete a master column using an all-person denominator,"curso/05_preparacion_de_datos.md: profile, validate and document transformations; docs/cleaning-methodology.md: universe-aware completeness",39497,,audit flag > threshold; retained in master,36130.0,0.0,numeric format checked; range/domain not confirmed,91.4753,80.0,,,,,
L-80,2,s04d_23fa,Audit global incomplete/malformed percentage; never delete a master column using an all-person denominator,"curso/05_preparacion_de_datos.md: profile, validate and document transformations; docs/cleaning-methodology.md: universe-aware completeness",39497,,retained in master,30169.0,0.0,numeric format checked; range/domain not confirmed,76.383,80.0,,,,,
L-80,2,s04d_23fb,Audit global incomplete/malformed percentage; never delete a master column using an all-person denominator,"curso/05_preparacion_de_datos.md: profile, validate and document transformations; docs/cleaning-methodology.md: universe-aware completeness",39497,,audit flag > threshold; retained in master,39091.0,0.0,numeric format checked; range/domain not confirmed,98.9721,80.0,,,,,
L-80,2,s04d_23ga,Audit global incomplete/malformed percentage; never delete a master column using an all-person denominator,"curso/05_preparacion_de_datos.md: profile, validate and document transformations; docs/cleaning-methodology.md: universe-aware completeness",39497,,retained in master,30171.0,0.0,numeric format checked; range/domain not confirmed,76.3881,80.0,,,,,
L-80,2,s04d_23gb,Audit global incomplete/malformed percentage; never delete a master column using an all-person denominator,"curso/05_preparacion_de_datos.md: profile, validate and document transformations; docs/cleaning-methodology.md: universe-aware completeness",39497,,audit flag > threshold; retained in master,37617.0,0.0,numeric format checked; range/domain not confirmed,95.2401,80.0,,,,,
L-80,2,s04d_23ha,Audit global incomplete/malformed percentage; never delete a master column using an all-person denominator,"curso/05_preparacion_de_datos.md: profile, validate and document transformations; docs/cleaning-methodology.md: universe-aware completeness",39497,,retained in master,30169.0,0.0,numeric format checked; range/domain not confirmed,76.383,80.0,,,,,
L-80,2,s04d_23hb,Audit global incomplete/malformed percentage; never delete a master column using an all-person denominator,"curso/05_preparacion_de_datos.md: profile, validate and document transformations; docs/cleaning-methodology.md: universe-aware completeness",39497,,audit flag > threshold; retained in master,38088.0,0.0,numeric format checked; range/domain not confirmed,96.4326,80.0,,,,,
L-80,2,s04d_24a,Audit global incomplete/malformed percentage; never delete a master column using an all-person denominator,"curso/05_preparacion_de_datos.md: profile, validate and document transformations; docs/cleaning-methodology.md: universe-aware completeness",39497,,retained in master,30071.0,0.0,numeric format checked; range/domain not confirmed,76.1349,80.0,,,,,
L-80,2,s04d_24b,Audit global incomplete/malformed percentage; never delete a master column using an all-person denominator,"curso/05_preparacion_de_datos.md: profile, validate and document transformations; docs/cleaning-methodology.md: universe-aware completeness",39497,,retained in master,30169.0,0.0,numeric format checked; range/domain not confirmed,76.383,80.0,,,,,
L-80,2,s04d_24ba,Audit global incomplete/malformed percentage; never delete a master column using an all-person denominator,"curso/05_preparacion_de_datos.md: profile, validate and document transformations; docs/cleaning-methodology.md: universe-aware completeness",39497,,audit flag > threshold; retained in master,37294.0,0.0,not evaluated: variable domain is not confirmed,94.4224,80.0,,,,,
L-80,2,s04d_24bb,Audit global incomplete/malformed percentage; never delete a master column using an all-person denominator,"curso/05_preparacion_de_datos.md: profile, validate and document transformations; docs/cleaning-methodology.md: universe-aware completeness",39497,,audit flag > threshold; retained in master,37624.0,0.0,not evaluated: variable domain is not confirmed,95.2579,80.0,,,,,
L-80,2,s04d_24bc,Audit global incomplete/malformed percentage; never delete a master column using an all-person denominator,"curso/05_preparacion_de_datos.md: profile, validate and document transformations; docs/cleaning-methodology.md: universe-aware completeness",39497,,audit flag > threshold; retained in master,37624.0,0.0,numeric format checked; range/domain not confirmed,95.2579,80.0,,,,,
L-80,2,s04e_25,Audit global incomplete/malformed percentage; never delete a master column using an all-person denominator,"curso/05_preparacion_de_datos.md: profile, validate and document transformations; docs/cleaning-methodology.md: universe-aware completeness",39497,,retained in master,20018.0,0.0,not evaluated: variable domain is not confirmed,50.6823,80.0,,,,,
L-80,2,s04e_26_cod,Audit global incomplete/malformed percentage; never delete a master column using an all-person denominator,"curso/05_preparacion_de_datos.md: profile, validate and document transformations; docs/cleaning-methodology.md: universe-aware completeness",39497,,audit flag > threshold; retained in master,38140.0,0.0,not evaluated: variable domain is not confirmed,96.5643,80.0,,,,,
L-80,2,s04e_27,Audit global incomplete/malformed percentage; never delete a master column using an all-person denominator,"curso/05_preparacion_de_datos.md: profile, validate and document transformations; docs/cleaning-methodology.md: universe-aware completeness",39497,,audit flag > threshold; retained in master,38140.0,0.0,not evaluated: variable domain is not confirmed,96.5643,80.0,,,,,
L-80,2,s04e_28,Audit global incomplete/malformed percentage; never delete a master column using an all-person denominator,"curso/05_preparacion_de_datos.md: profile, validate and document transformations; docs/cleaning-methodology.md: universe-aware completeness",39497,,audit flag > threshold; retained in master,39360.0,0.0,not evaluated: variable domain is not confirmed,99.6531,80.0,,,,,
L-80,2,s04e_29,Audit global incomplete/malformed percentage; never delete a master column using an all-person denominator,"curso/05_preparacion_de_datos.md: profile, validate and document transformations; docs/cleaning-methodology.md: universe-aware completeness",39497,,audit flag > threshold; retained in master,38140.0,0.0,numeric format checked; range/domain not confirmed,96.5643,80.0,,,,,
L-80,2,s04e_30a,Audit global incomplete/malformed percentage; never delete a master column using an all-person denominator,"curso/05_preparacion_de_datos.md: profile, validate and document transformations; docs/cleaning-methodology.md: universe-aware completeness",39497,,audit flag > threshold; retained in master,38140.0,0.0,numeric format checked; range/domain not confirmed,96.5643,80.0,,,,,
L-80,2,s04e_30b,Audit global incomplete/malformed percentage; never delete a master column using an all-person denominator,"curso/05_preparacion_de_datos.md: profile, validate and document transformations; docs/cleaning-methodology.md: universe-aware completeness",39497,,audit flag > threshold; retained in master,38140.0,0.0,numeric format checked; range/domain not confirmed,96.5643,80.0,,,,,
L-80,2,s04f_31a,Audit global incomplete/malformed percentage; never delete a master column using an all-person denominator,"curso/05_preparacion_de_datos.md: profile, validate and document transformations; docs/cleaning-methodology.md: universe-aware completeness",39497,,audit flag > threshold; retained in master,39364.0,0.0,not evaluated: variable domain is not confirmed,99.6633,80.0,,,,,
L-80,2,s04f_31b,Audit global incomplete/malformed percentage; never delete a master column using an all-person denominator,"curso/05_preparacion_de_datos.md: profile, validate and document transformations; docs/cleaning-methodology.md: universe-aware completeness",39497,,audit flag > threshold; retained in master,39364.0,0.0,numeric format checked; range/domain not confirmed,99.6633,80.0,,,,,
L-80,2,s04f_32a,Audit global incomplete/malformed percentage; never delete a master column using an all-person denominator,"curso/05_preparacion_de_datos.md: profile, validate and document transformations; docs/cleaning-methodology.md: universe-aware completeness",39497,,audit flag > threshold; retained in master,39364.0,0.0,numeric format checked; range/domain not confirmed,99.6633,80.0,,,,,
L-80,2,s04f_32a1,Audit global incomplete/malformed percentage; never delete a master column using an all-person denominator,"curso/05_preparacion_de_datos.md: profile, validate and document transformations; docs/cleaning-methodology.md: universe-aware completeness",39497,,audit flag > threshold; retained in master,39494.0,0.0,numeric format checked; range/domain not confirmed,99.9924,80.0,,,,,
L-80,2,s04f_32b,Audit global incomplete/malformed percentage; never delete a master column using an all-person denominator,"curso/05_preparacion_de_datos.md: profile, validate and document transformations; docs/cleaning-methodology.md: universe-aware completeness",39497,,audit flag > threshold; retained in master,39364.0,0.0,numeric format checked; range/domain not confirmed,99.6633,80.0,,,,,
L-80,2,s04f_32b1,Audit global incomplete/malformed percentage; never delete a master column using an all-person denominator,"curso/05_preparacion_de_datos.md: profile, validate and document transformations; docs/cleaning-methodology.md: universe-aware completeness",39497,,audit flag > threshold; retained in master,39484.0,0.0,numeric format checked; range/domain not confirmed,99.9671,80.0,,,,,
L-80,2,s04f_32c,Audit global incomplete/malformed percentage; never delete a master column using an all-person denominator,"curso/05_preparacion_de_datos.md: profile, validate and document transformations; docs/cleaning-methodology.md: universe-aware completeness",39497,,audit flag > threshold; retained in master,39364.0,0.0,numeric format checked; range/domain not confirmed,99.6633,80.0,,,,,
L-80,2,s04f_32c1,Audit global incomplete/malformed percentage; never delete a master column using an all-person denominator,"curso/05_preparacion_de_datos.md: profile, validate and document transformations; docs/cleaning-methodology.md: universe-aware completeness",39497,,audit flag > threshold; retained in master,39493.0,0.0,numeric format checked; range/domain not confirmed,99.9899,80.0,,,,,
L-80,2,s04f_33a,Audit global incomplete/malformed percentage; never delete a master column using an all-person denominator,"curso/05_preparacion_de_datos.md: profile, validate and document transformations; docs/cleaning-methodology.md: universe-aware completeness",39497,,audit flag > threshold; retained in master,38614.0,0.0,numeric format checked; range/domain not confirmed,97.7644,80.0,,,,,
L-80,2,s04f_33b,Audit global incomplete/malformed percentage; never delete a master column using an all-person denominator,"curso/05_preparacion_de_datos.md: profile, validate and document transformations; docs/cleaning-methodology.md: universe-aware completeness",39497,,audit flag > threshold; retained in master,38700.0,0.0,numeric format checked; range/domain not confirmed,97.9821,80.0,,,,,
L-80,2,s04f_34a,Audit global incomplete/malformed percentage; never delete a master column using an all-person denominator,"curso/05_preparacion_de_datos.md: profile, validate and document transformations; docs/cleaning-methodology.md: universe-aware completeness",39497,,audit flag > threshold; retained in master,38615.0,0.0,numeric format checked; range/domain not confirmed,97.7669,80.0,,,,,
L-80,2,s04f_34b,Audit global incomplete/malformed percentage; never delete a master column using an all-person denominator,"curso/05_preparacion_de_datos.md: profile, validate and document transformations; docs/cleaning-methodology.md: universe-aware completeness",39497,,audit flag > threshold; retained in master,38700.0,0.0,numeric format checked; range/domain not confirmed,97.9821,80.0,,,,,
L-80,2,s04f_34ba,Audit global incomplete/malformed percentage; never delete a master column using an all-person denominator,"curso/05_preparacion_de_datos.md: profile, validate and document transformations; docs/cleaning-methodology.md: universe-aware completeness",39497,,audit flag > threshold; retained in master,39148.0,0.0,not evaluated: variable domain is not confirmed,99.1164,80.0,,,,,
L-80,2,s04f_34bb,Audit global incomplete/malformed percentage; never delete a master column using an all-person denominator,"curso/05_preparacion_de_datos.md: profile, validate and document transformations; docs/cleaning-methodology.md: universe-aware completeness",39497,,audit flag > threshold; retained in master,39201.0,0.0,not evaluated: variable domain is not confirmed,99.2506,80.0,,,,,
L-80,2,s04f_34bc,Audit global incomplete/malformed percentage; never delete a master column using an all-person denominator,"curso/05_preparacion_de_datos.md: profile, validate and document transformations; docs/cleaning-methodology.md: universe-aware completeness",39497,,audit flag > threshold; retained in master,39201.0,0.0,numeric format checked; range/domain not confirmed,99.2506,80.0,,,,,
L-80,2,s04f_35,Audit global incomplete/malformed percentage; never delete a master column using an all-person denominator,"curso/05_preparacion_de_datos.md: profile, validate and document transformations; docs/cleaning-methodology.md: universe-aware completeness",39497,,retained in master,4131.0,0.0,not evaluated: variable domain is not confirmed,10.459,80.0,,,,,
L-80,2,s04f_36,Audit global incomplete/malformed percentage; never delete a master column using an all-person denominator,"curso/05_preparacion_de_datos.md: profile, validate and document transformations; docs/cleaning-methodology.md: universe-aware completeness",39497,,audit flag > threshold; retained in master,33953.0,0.0,not evaluated: variable domain is not confirmed,85.9635,80.0,,,,,
L-80,2,s05a_01a,Audit global incomplete/malformed percentage; never delete a master column using an all-person denominator,"curso/05_preparacion_de_datos.md: profile, validate and document transformations; docs/cleaning-methodology.md: universe-aware completeness",39497,,retained in master,25676.0,0.0,numeric format checked; range/domain not confirmed,65.0075,80.0,,,,,
L-80,2,s05a_01b,Audit global incomplete/malformed percentage; never delete a master column using an all-person denominator,"curso/05_preparacion_de_datos.md: profile, validate and document transformations; docs/cleaning-methodology.md: universe-aware completeness",39497,,audit flag > threshold; retained in master,34329.0,0.0,numeric format checked; range/domain not confirmed,86.9155,80.0,,,,,
L-80,2,s05a_01c,Audit global incomplete/malformed percentage; never delete a master column using an all-person denominator,"curso/05_preparacion_de_datos.md: profile, validate and document transformations; docs/cleaning-methodology.md: universe-aware completeness",39497,,retained in master,9555.0,0.0,numeric format checked; range/domain not confirmed,24.1917,80.0,,,,,
L-80,2,s05a_01d,Audit global incomplete/malformed percentage; never delete a master column using an all-person denominator,"curso/05_preparacion_de_datos.md: profile, validate and document transformations; docs/cleaning-methodology.md: universe-aware completeness",39497,,retained in master,4140.0,0.0,numeric format checked; range/domain not confirmed,10.4818,80.0,,,,,
L-80,2,s05a_01e,Audit global incomplete/malformed percentage; never delete a master column using an all-person denominator,"curso/05_preparacion_de_datos.md: profile, validate and document transformations; docs/cleaning-methodology.md: universe-aware completeness",39497,,audit flag > threshold; retained in master,34331.0,0.0,numeric format checked; range/domain not confirmed,86.9205,80.0,,,,,
L-80,2,s05a_01e0,Audit global incomplete/malformed percentage; never delete a master column using an all-person denominator,"curso/05_preparacion_de_datos.md: profile, validate and document transformations; docs/cleaning-methodology.md: universe-aware completeness",39497,,audit flag > threshold; retained in master,34645.0,0.0,numeric format checked; range/domain not confirmed,87.7155,80.0,,,,,
L-80,2,s05a_01f,Audit global incomplete/malformed percentage; never delete a master column using an all-person denominator,"curso/05_preparacion_de_datos.md: profile, validate and document transformations; docs/cleaning-methodology.md: universe-aware completeness",39497,,audit flag > threshold; retained in master,34645.0,0.0,numeric format checked; range/domain not confirmed,87.7155,80.0,,,,,
L-80,2,s05a_02a,Audit global incomplete/malformed percentage; never delete a master column using an all-person denominator,"curso/05_preparacion_de_datos.md: profile, validate and document transformations; docs/cleaning-methodology.md: universe-aware completeness",39497,,retained in master,12627.0,0.0,numeric format checked; range/domain not confirmed,31.9695,80.0,,,,,
L-80,2,s05a_02b,Audit global incomplete/malformed percentage; never delete a master column using an all-person denominator,"curso/05_preparacion_de_datos.md: profile, validate and document transformations; docs/cleaning-methodology.md: universe-aware completeness",39497,,retained in master,12627.0,0.0,numeric format checked; range/domain not confirmed,31.9695,80.0,,,,,
L-80,2,s05a_02c,Audit global incomplete/malformed percentage; never delete a master column using an all-person denominator,"curso/05_preparacion_de_datos.md: profile, validate and document transformations; docs/cleaning-methodology.md: universe-aware completeness",39497,,retained in master,12627.0,0.0,numeric format checked; range/domain not confirmed,31.9695,80.0,,,,,
L-80,2,s05a_02ce,Audit global incomplete/malformed percentage; never delete a master column using an all-person denominator,"curso/05_preparacion_de_datos.md: profile, validate and document transformations; docs/cleaning-methodology.md: universe-aware completeness",39497,,audit flag > threshold; retained in master,39461.0,0.0,not evaluated: variable domain is not confirmed,99.9089,80.0,,,,,
L-80,2,s05a_03a,Audit global incomplete/malformed percentage; never delete a master column using an all-person denominator,"curso/05_preparacion_de_datos.md: profile, validate and document transformations; docs/cleaning-methodology.md: universe-aware completeness",39497,,retained in master,12627.0,0.0,numeric format checked; range/domain not confirmed,31.9695,80.0,,,,,
L-80,2,s05a_03b,Audit global incomplete/malformed percentage; never delete a master column using an all-person denominator,"curso/05_preparacion_de_datos.md: profile, validate and document transformations; docs/cleaning-methodology.md: universe-aware completeness",39497,,retained in master,12627.0,0.0,numeric format checked; range/domain not confirmed,31.9695,80.0,,,,,
L-80,2,s05a_03c,Audit global incomplete/malformed percentage; never delete a master column using an all-person denominator,"curso/05_preparacion_de_datos.md: profile, validate and document transformations; docs/cleaning-methodology.md: universe-aware completeness",39497,,retained in master,12627.0,0.0,numeric format checked; range/domain not confirmed,31.9695,80.0,,,,,
L-80,2,s05a_04a,Audit global incomplete/malformed percentage; never delete a master column using an all-person denominator,"curso/05_preparacion_de_datos.md: profile, validate and document transformations; docs/cleaning-methodology.md: universe-aware completeness",39497,,retained in master,9543.0,0.0,numeric format checked; range/domain not confirmed,24.1613,80.0,,,,,
L-80,2,s05a_04b,Audit global incomplete/malformed percentage; never delete a master column using an all-person denominator,"curso/05_preparacion_de_datos.md: profile, validate and document transformations; docs/cleaning-methodology.md: universe-aware completeness",39497,,retained in master,4131.0,0.0,numeric format checked; range/domain not confirmed,10.459,80.0,,,,,
L-80,2,s05a_04c,Audit global incomplete/malformed percentage; never delete a master column using an all-person denominator,"curso/05_preparacion_de_datos.md: profile, validate and document transformations; docs/cleaning-methodology.md: universe-aware completeness",39497,,retained in master,12624.0,0.0,numeric format checked; range/domain not confirmed,31.9619,80.0,,,,,
L-80,2,s05a_04d,Audit global incomplete/malformed percentage; never delete a master column using an all-person denominator,"curso/05_preparacion_de_datos.md: profile, validate and document transformations; docs/cleaning-methodology.md: universe-aware completeness",39497,,retained in master,4131.0,0.0,numeric format checked; range/domain not confirmed,10.459,80.0,,,,,
L-80,2,s05b_05aa,Audit global incomplete/malformed percentage; never delete a master column using an all-person denominator,"curso/05_preparacion_de_datos.md: profile, validate and document transformations; docs/cleaning-methodology.md: universe-aware completeness",39497,,retained in master,24.0,0.0,numeric format checked; range/domain not confirmed,0.0608,80.0,,,,,
L-80,2,s05b_05ab,Audit global incomplete/malformed percentage; never delete a master column using an all-person denominator,"curso/05_preparacion_de_datos.md: profile, validate and document transformations; docs/cleaning-methodology.md: universe-aware completeness",39497,,audit flag > threshold; retained in master,38362.0,0.0,numeric format checked; range/domain not confirmed,97.1264,80.0,,,,,
L-80,2,s05b_05ba,Audit global incomplete/malformed percentage; never delete a master column using an all-person denominator,"curso/05_preparacion_de_datos.md: profile, validate and document transformations; docs/cleaning-methodology.md: universe-aware completeness",39497,,retained in master,27.0,0.0,numeric format checked; range/domain not confirmed,0.0684,80.0,,,,,
L-80,2,s05b_05bb,Audit global incomplete/malformed percentage; never delete a master column using an all-person denominator,"curso/05_preparacion_de_datos.md: profile, validate and document transformations; docs/cleaning-methodology.md: universe-aware completeness",39497,,audit flag > threshold; retained in master,37746.0,0.0,numeric format checked; range/domain not confirmed,95.5668,80.0,,,,,
L-80,2,s05b_05ca,Audit global incomplete/malformed percentage; never delete a master column using an all-person denominator,"curso/05_preparacion_de_datos.md: profile, validate and document transformations; docs/cleaning-methodology.md: universe-aware completeness",39497,,retained in master,34.0,0.0,numeric format checked; range/domain not confirmed,0.0861,80.0,,,,,
L-80,2,s05b_05cb,Audit global incomplete/malformed percentage; never delete a master column using an all-person denominator,"curso/05_preparacion_de_datos.md: profile, validate and document transformations; docs/cleaning-methodology.md: universe-aware completeness",39497,,audit flag > threshold; retained in master,37737.0,0.0,numeric format checked; range/domain not confirmed,95.544,80.0,,,,,
L-80,2,s05b_06aa,Audit global incomplete/malformed percentage; never delete a master column using an all-person denominator,"curso/05_preparacion_de_datos.md: profile, validate and document transformations; docs/cleaning-methodology.md: universe-aware completeness",39497,,retained in master,0.0,0.0,numeric format checked; range/domain not confirmed,0.0,80.0,,,,,
L-80,2,s05b_06ab,Audit global incomplete/malformed percentage; never delete a master column using an all-person denominator,"curso/05_preparacion_de_datos.md: profile, validate and document transformations; docs/cleaning-methodology.md: universe-aware completeness",39497,,audit flag > threshold; retained in master,39353.0,0.0,numeric format checked; range/domain not confirmed,99.6354,80.0,,,,,
L-80,2,s05b_06ae,Audit global incomplete/malformed percentage; never delete a master column using an all-person denominator,"curso/05_preparacion_de_datos.md: profile, validate and document transformations; docs/cleaning-methodology.md: universe-aware completeness",39497,,audit flag > threshold; retained in master,39353.0,0.0,not evaluated: variable domain is not confirmed,99.6354,80.0,,,,,
L-80,2,s05b_06ba,Audit global incomplete/malformed percentage; never delete a master column using an all-person denominator,"curso/05_preparacion_de_datos.md: profile, validate and document transformations; docs/cleaning-methodology.md: universe-aware completeness",39497,,retained in master,0.0,0.0,numeric format checked; range/domain not confirmed,0.0,80.0,,,,,
L-80,2,s05b_06bb,Audit global incomplete/malformed percentage; never delete a master column using an all-person denominator,"curso/05_preparacion_de_datos.md: profile, validate and document transformations; docs/cleaning-methodology.md: universe-aware completeness",39497,,audit flag > threshold; retained in master,39336.0,0.0,numeric format checked; range/domain not confirmed,99.5924,80.0,,,,,
L-80,2,s05b_06be,Audit global incomplete/malformed percentage; never delete a master column using an all-person denominator,"curso/05_preparacion_de_datos.md: profile, validate and document transformations; docs/cleaning-methodology.md: universe-aware completeness",39497,,audit flag > threshold; retained in master,39332.0,0.0,not evaluated: variable domain is not confirmed,99.5822,80.0,,,,,
L-80,2,s05b_06ca,Audit global incomplete/malformed percentage; never delete a master column using an all-person denominator,"curso/05_preparacion_de_datos.md: profile, validate and document transformations; docs/cleaning-methodology.md: universe-aware completeness",39497,,retained in master,0.0,0.0,numeric format checked; range/domain not confirmed,0.0,80.0,,,,,
L-80,2,s05b_06cb,Audit global incomplete/malformed percentage; never delete a master column using an all-person denominator,"curso/05_preparacion_de_datos.md: profile, validate and document transformations; docs/cleaning-methodology.md: universe-aware completeness",39497,,retained in master,28077.0,0.0,numeric format checked; range/domain not confirmed,71.0864,80.0,,,,,
L-80,2,s05b_06ce,Audit global incomplete/malformed percentage; never delete a master column using an all-person denominator,"curso/05_preparacion_de_datos.md: profile, validate and document transformations; docs/cleaning-methodology.md: universe-aware completeness",39497,,retained in master,28076.0,0.0,not evaluated: variable domain is not confirmed,71.0839,80.0,,,,,
L-80,2,s05c_07,Audit global incomplete/malformed percentage; never delete a master column using an all-person denominator,"curso/05_preparacion_de_datos.md: profile, validate and document transformations; docs/cleaning-methodology.md: universe-aware completeness",39497,,retained in master,4131.0,0.0,numeric format checked; range/domain not confirmed,10.459,80.0,,,,,
L-80,2,s05c_08,Audit global incomplete/malformed percentage; never delete a master column using an all-person denominator,"curso/05_preparacion_de_datos.md: profile, validate and document transformations; docs/cleaning-methodology.md: universe-aware completeness",39497,,audit flag > threshold; retained in master,38693.0,0.0,not evaluated: variable domain is not confirmed,97.9644,80.0,,,,,
L-80,2,s05c_09a,Audit global incomplete/malformed percentage; never delete a master column using an all-person denominator,"curso/05_preparacion_de_datos.md: profile, validate and document transformations; docs/cleaning-methodology.md: universe-aware completeness",39497,,audit flag > threshold; retained in master,38690.0,0.0,numeric format checked; range/domain not confirmed,97.9568,80.0,,,,,
L-80,2,s05c_09b,Audit global incomplete/malformed percentage; never delete a master column using an all-person denominator,"curso/05_preparacion_de_datos.md: profile, validate and document transformations; docs/cleaning-methodology.md: universe-aware completeness",39497,,audit flag > threshold; retained in master,38741.0,0.0,numeric format checked; range/domain not confirmed,98.0859,80.0,,,,,
L-80,2,s05c_09e,Audit global incomplete/malformed percentage; never delete a master column using an all-person denominator,"curso/05_preparacion_de_datos.md: profile, validate and document transformations; docs/cleaning-methodology.md: universe-aware completeness",39497,,audit flag > threshold; retained in master,39490.0,0.0,not evaluated: variable domain is not confirmed,99.9823,80.0,,,,,
L-80,2,s05c_10,Audit global incomplete/malformed percentage; never delete a master column using an all-person denominator,"curso/05_preparacion_de_datos.md: profile, validate and document transformations; docs/cleaning-methodology.md: universe-aware completeness",39497,,audit flag > threshold; retained in master,38694.0,0.0,numeric format checked; range/domain not confirmed,97.9669,80.0,,,,,
L-80,2,estrato,Audit global incomplete/malformed percentage; never delete a master column using an all-person denominator,"curso/05_preparacion_de_datos.md: profile, validate and document transformations; docs/cleaning-methodology.md: universe-aware completeness",39497,,retained in master,0.0,0.0,not evaluated: variable domain is not confirmed,0.0,80.0,,,,,
L-80,2,upm,Audit global incomplete/malformed percentage; never delete a master column using an all-person denominator,"curso/05_preparacion_de_datos.md: profile, validate and document transformations; docs/cleaning-methodology.md: universe-aware completeness",39497,,retained in master,0.0,0.0,not evaluated: variable domain is not confirmed,0.0,80.0,,,,,
L-80,2,factor,Audit global incomplete/malformed percentage; never delete a master column using an all-person denominator,"curso/05_preparacion_de_datos.md: profile, validate and document transformations; docs/cleaning-methodology.md: universe-aware completeness",39497,,retained in master,0.0,0.0,numeric format checked; range/domain not confirmed,0.0,80.0,,,,,
L-80,2,cob_op,Audit global incomplete/malformed percentage; never delete a master column using an all-person denominator,"curso/05_preparacion_de_datos.md: profile, validate and document transformations; docs/cleaning-methodology.md: universe-aware completeness",39497,,retained in master,20018.0,0.0,not evaluated: variable domain is not confirmed,50.6823,80.0,,,,,
L-80,2,caeb_op,Audit global incomplete/malformed percentage; never delete a master column using an all-person denominator,"curso/05_preparacion_de_datos.md: profile, validate and document transformations; docs/cleaning-methodology.md: universe-aware completeness",39497,,retained in master,20018.0,0.0,not evaluated: variable domain is not confirmed,50.6823,80.0,,,,,
L-80,2,caeb_os,Audit global incomplete/malformed percentage; never delete a master column using an all-person denominator,"curso/05_preparacion_de_datos.md: profile, validate and document transformations; docs/cleaning-methodology.md: universe-aware completeness",39497,,audit flag > threshold; retained in master,38140.0,0.0,not evaluated: variable domain is not confirmed,96.5643,80.0,,,,,
L-80,2,pet,Audit global incomplete/malformed percentage; never delete a master column using an all-person denominator,"curso/05_preparacion_de_datos.md: profile, validate and document transformations; docs/cleaning-methodology.md: universe-aware completeness",39497,,retained in master,0.0,0.0,numeric format checked; range/domain not confirmed,0.0,80.0,,,,,
L-80,2,pea,Audit global incomplete/malformed percentage; never delete a master column using an all-person denominator,"curso/05_preparacion_de_datos.md: profile, validate and document transformations; docs/cleaning-methodology.md: universe-aware completeness",39497,,retained in master,4131.0,0.0,not evaluated: variable domain is not confirmed,10.459,80.0,,,,,
L-80,2,pei,Audit global incomplete/malformed percentage; never delete a master column using an all-person denominator,"curso/05_preparacion_de_datos.md: profile, validate and document transformations; docs/cleaning-methodology.md: universe-aware completeness",39497,,retained in master,4131.0,0.0,not evaluated: variable domain is not confirmed,10.459,80.0,,,,,
L-80,2,condact,Audit global incomplete/malformed percentage; never delete a master column using an all-person denominator,"curso/05_preparacion_de_datos.md: profile, validate and document transformations; docs/cleaning-methodology.md: universe-aware completeness",39497,,retained in master,4131.0,0.0,not evaluated: variable domain is not confirmed,10.459,80.0,,,,,
L-80,2,phrs,Audit global incomplete/malformed percentage; never delete a master column using an all-person denominator,"curso/05_preparacion_de_datos.md: profile, validate and document transformations; docs/cleaning-methodology.md: universe-aware completeness",39497,,retained in master,20019.0,0.0,numeric format checked; range/domain not confirmed,50.6849,80.0,,,,,
L-80,2,shrs,Audit global incomplete/malformed percentage; never delete a master column using an all-person denominator,"curso/05_preparacion_de_datos.md: profile, validate and document transformations; docs/cleaning-methodology.md: universe-aware completeness",39497,,audit flag > threshold; retained in master,38140.0,0.0,numeric format checked; range/domain not confirmed,96.5643,80.0,,,,,
L-80,2,tothrs,Audit global incomplete/malformed percentage; never delete a master column using an all-person denominator,"curso/05_preparacion_de_datos.md: profile, validate and document transformations; docs/cleaning-methodology.md: universe-aware completeness",39497,,retained in master,20020.0,0.0,numeric format checked; range/domain not confirmed,50.6874,80.0,,,,,
L-80,2,totper,Audit global incomplete/malformed percentage; never delete a master column using an all-person denominator,"curso/05_preparacion_de_datos.md: profile, validate and document transformations; docs/cleaning-methodology.md: universe-aware completeness",39497,,retained in master,20.0,0.0,numeric format checked; range/domain not confirmed,0.0506,80.0,,,,,
L-80,2,yprilab,Audit global incomplete/malformed percentage; never delete a master column using an all-person denominator,"curso/05_preparacion_de_datos.md: profile, validate and document transformations; docs/cleaning-methodology.md: universe-aware completeness",39497,,retained in master,22801.0,0.0,numeric format checked; range/domain not confirmed,57.7284,80.0,,,,,
L-80,2,yseclab,Audit global incomplete/malformed percentage; never delete a master column using an all-person denominator,"curso/05_preparacion_de_datos.md: profile, validate and document transformations; docs/cleaning-methodology.md: universe-aware completeness",39497,,audit flag > threshold; retained in master,38571.0,0.0,numeric format checked; range/domain not confirmed,97.6555,80.0,,,,,
L-80,2,ylab,Audit global incomplete/malformed percentage; never delete a master column using an all-person denominator,"curso/05_preparacion_de_datos.md: profile, validate and document transformations; docs/cleaning-methodology.md: universe-aware completeness",39497,,retained in master,22788.0,0.0,numeric format checked; range/domain not confirmed,57.6955,80.0,,,,,
L-80,2,ynolab,Audit global incomplete/malformed percentage; never delete a master column using an all-person denominator,"curso/05_preparacion_de_datos.md: profile, validate and document transformations; docs/cleaning-methodology.md: universe-aware completeness",39497,,retained in master,0.0,0.0,numeric format checked; range/domain not confirmed,0.0,80.0,,,,,
L-80,2,yper,Audit global incomplete/malformed percentage; never delete a master column using an all-person denominator,"curso/05_preparacion_de_datos.md: profile, validate and document transformations; docs/cleaning-methodology.md: universe-aware completeness",39497,,retained in master,0.0,0.0,numeric format checked; range/domain not confirmed,0.0,80.0,,,,,
L-80,2,yhog,Audit global incomplete/malformed percentage; never delete a master column using an all-person denominator,"curso/05_preparacion_de_datos.md: profile, validate and document transformations; docs/cleaning-methodology.md: universe-aware completeness",39497,,retained in master,20.0,0.0,numeric format checked; range/domain not confirmed,0.0506,80.0,,,,,
L-80,2,yhogpc,Audit global incomplete/malformed percentage; never delete a master column using an all-person denominator,"curso/05_preparacion_de_datos.md: profile, validate and document transformations; docs/cleaning-methodology.md: universe-aware completeness",39497,,retained in master,20.0,0.0,numeric format checked; range/domain not confirmed,0.0506,80.0,,,,,
L-80,2,z,Audit global incomplete/malformed percentage; never delete a master column using an all-person denominator,"curso/05_preparacion_de_datos.md: profile, validate and document transformations; docs/cleaning-methodology.md: universe-aware completeness",39497,,retained in master,0.0,0.0,numeric format checked; range/domain not confirmed,0.0,80.0,,,,,
L-80,2,zext,Audit global incomplete/malformed percentage; never delete a master column using an all-person denominator,"curso/05_preparacion_de_datos.md: profile, validate and document transformations; docs/cleaning-methodology.md: universe-aware completeness",39497,,retained in master,0.0,0.0,numeric format checked; range/domain not confirmed,0.0,80.0,,,,,
L-80,2,p0,Audit global incomplete/malformed percentage; never delete a master column using an all-person denominator,"curso/05_preparacion_de_datos.md: profile, validate and document transformations; docs/cleaning-methodology.md: universe-aware completeness",39497,,retained in master,20.0,0.0,numeric format checked; range/domain not confirmed,0.0506,80.0,,,,,
L-80,2,p1,Audit global incomplete/malformed percentage; never delete a master column using an all-person denominator,"curso/05_preparacion_de_datos.md: profile, validate and document transformations; docs/cleaning-methodology.md: universe-aware completeness",39497,,retained in master,20.0,0.0,numeric format checked; range/domain not confirmed,0.0506,80.0,,,,,
L-80,2,p2,Audit global incomplete/malformed percentage; never delete a master column using an all-person denominator,"curso/05_preparacion_de_datos.md: profile, validate and document transformations; docs/cleaning-methodology.md: universe-aware completeness",39497,,retained in master,20.0,0.0,numeric format checked; range/domain not confirmed,0.0506,80.0,,,,,
L-80,2,pext0,Audit global incomplete/malformed percentage; never delete a master column using an all-person denominator,"curso/05_preparacion_de_datos.md: profile, validate and document transformations; docs/cleaning-methodology.md: universe-aware completeness",39497,,retained in master,20.0,0.0,numeric format checked; range/domain not confirmed,0.0506,80.0,,,,,
L-80,2,pext1,Audit global incomplete/malformed percentage; never delete a master column using an all-person denominator,"curso/05_preparacion_de_datos.md: profile, validate and document transformations; docs/cleaning-methodology.md: universe-aware completeness",39497,,retained in master,20.0,0.0,numeric format checked; range/domain not confirmed,0.0506,80.0,,,,,
L-80,2,pext2,Audit global incomplete/malformed percentage; never delete a master column using an all-person denominator,"curso/05_preparacion_de_datos.md: profile, validate and document transformations; docs/cleaning-methodology.md: universe-aware completeness",39497,,retained in master,20.0,0.0,numeric format checked; range/domain not confirmed,0.0506,80.0,,,,,
L-80,2,tipohogar,Audit global incomplete/malformed percentage; never delete a master column using an all-person denominator,"curso/05_preparacion_de_datos.md: profile, validate and document transformations; docs/cleaning-methodology.md: universe-aware completeness",39497,,retained in master,0.0,0.0,not evaluated: variable domain is not confirmed,0.0,80.0,,,,,
L-80,2,cobersalud,Audit global incomplete/malformed percentage; never delete a master column using an all-person denominator,"curso/05_preparacion_de_datos.md: profile, validate and document transformations; docs/cleaning-methodology.md: universe-aware completeness",39497,,retained in master,0.0,0.0,not evaluated: variable domain is not confirmed,0.0,80.0,,,,,
L-80,2,hnv_ult_a,Audit global incomplete/malformed percentage; never delete a master column using an all-person denominator,"curso/05_preparacion_de_datos.md: profile, validate and document transformations; docs/cleaning-methodology.md: universe-aware completeness",39497,,retained in master,28169.0,0.0,numeric format checked; range/domain not confirmed,71.3193,80.0,,,,,
L-80,2,quienatenparto,Audit global incomplete/malformed percentage; never delete a master column using an all-person denominator,"curso/05_preparacion_de_datos.md: profile, validate and document transformations; docs/cleaning-methodology.md: universe-aware completeness",39497,,audit flag > threshold; retained in master,36786.0,0.0,not evaluated: variable domain is not confirmed,93.1362,80.0,,,,,
L-80,2,niv_ed,Audit global incomplete/malformed percentage; never delete a master column using an all-person denominator,"curso/05_preparacion_de_datos.md: profile, validate and document transformations; docs/cleaning-methodology.md: universe-aware completeness",39497,,retained in master,2143.0,0.0,not evaluated: variable domain is not confirmed,5.4257,80.0,,,,,
L-80,2,niv_ed_g,Audit global incomplete/malformed percentage; never delete a master column using an all-person denominator,"curso/05_preparacion_de_datos.md: profile, validate and document transformations; docs/cleaning-methodology.md: universe-aware completeness",39497,,retained in master,2143.0,0.0,not evaluated: variable domain is not confirmed,5.4257,80.0,,,,,
L-80,2,cmasi,Audit global incomplete/malformed percentage; never delete a master column using an all-person denominator,"curso/05_preparacion_de_datos.md: profile, validate and document transformations; docs/cleaning-methodology.md: universe-aware completeness",39497,,retained in master,2143.0,0.0,not evaluated: variable domain is not confirmed,5.4257,80.0,,,,,
L-80,2,educ_prev,Audit global incomplete/malformed percentage; never delete a master column using an all-person denominator,"curso/05_preparacion_de_datos.md: profile, validate and document transformations; docs/cleaning-methodology.md: universe-aware completeness",39497,,audit flag > threshold; retained in master,37200.0,0.0,numeric format checked; range/domain not confirmed,94.1844,80.0,,,,,
L-80,2,aestudio,Audit global incomplete/malformed percentage; never delete a master column using an all-person denominator,"curso/05_preparacion_de_datos.md: profile, validate and document transformations; docs/cleaning-methodology.md: universe-aware completeness",39497,,retained in master,2143.0,0.0,numeric format checked; range/domain not confirmed,5.4257,80.0,,,,,
L-06,2,"folio,nro",Audit exact duplicate rows and candidate person-key duplicates; never delete or select a row automatically,"curso/05_preparacion_de_datos.md: duplicate exactos requieren identidad y conservación justificada; (folio,nro) como clave candidata",39497,,no duplicates found; retained all rows,,,,,,0.0,0.0,0.0,0.0,0.0
