column,display_name,description,section,universe,definition_status,processing_action,before_rows,after_rows,before_valid_non_missing_candidates,after_valid_non_missing_candidates,before_missing_pct_of_rows,after_missing_pct_of_rows,before_empty_count,after_empty_count,before_missing_count,after_missing_count,before_malformed_count,after_malformed_count,before_malformed_pct_of_rows,after_malformed_pct_of_rows,before_malformed_check_status,after_malformed_check_status,before_incomplete_or_malformed_count,after_incomplete_or_malformed_count,before_incomplete_or_malformed_pct,after_incomplete_or_malformed_pct,before_drop_threshold_pct,after_drop_threshold_pct,before_processing_action,after_processing_action,before_whitespace_only_count,after_whitespace_only_count,before_literal_missing_token_count,after_literal_missing_token_count,before_exact_zero_count,after_exact_zero_count,before_distinct_non_missing,after_distinct_non_missing,before_distinct_ratio,after_distinct_ratio,before_observed_type,after_observed_type,before_semantic_type,after_semantic_type,before_quality_alert,after_quality_alert,before_definition_status,after_definition_status,before_numeric_valid_count,after_numeric_valid_count,before_minimum,after_minimum,before_maximum,after_maximum,before_mean,after_mean,before_std,after_std,before_q1,after_q1,before_median,after_median,before_q3,after_q3,before_iqr,after_iqr,before_outlier_method,after_outlier_method,before_outlier_status,after_outlier_status,before_outlier_count,after_outlier_count,before_outlier_pct_valid,after_outlier_pct_valid,before_lower_fence,after_lower_fence,before_upper_fence,after_upper_fence,before_sensitive,after_sensitive,numeric_outlier_count_change,decision
folio,Id hogar anonimizado (folio),Id hogar anonimizado,"Variables geográficas, de diseño o derivadas",Viviendas seleccionadas en la muestra.,"Etiqueta y metadatos importados del DDI oficial INE EH2025, archivo F27",Retain in master; profile and review documented format/domain and outlier alerts,39497,39497,39497,39497,0.0,0.0,0,0,0,0,0,0,0.0,0.0,not evaluated: variable domain is not confirmed,not evaluated: variable domain is not confirmed,0,0,0.0,0.0,80.0,80.0,Retain in master; profile and review documented format/domain and outlier alerts,Retain in master; profile and review documented format/domain and outlier alerts,0,0,0,0,0,0,12718,12718,0.321999,0.321999,text/categorical or mixed,text/categorical or mixed,Identificador / diseño muestral,Identificador / diseño muestral,Sin alerta heurística de cardinalidad.,Sin alerta heurística de cardinalidad.,"Etiqueta y metadatos importados del DDI oficial INE EH2025, archivo F27","Etiqueta y metadatos importados del DDI oficial INE EH2025, archivo F27",0,0,,,,,,,,,,,,,,,,,No aplicable: no es magnitud numérica confirmada,No aplicable: no es magnitud numérica confirmada,revisar códigos/categorías con el diccionario,revisar códigos/categorías con el diccionario,0,0,,,,,,,True,True,0,"Retener en el maestro; revisar perfil, universo, semántica y alertas"
area,Urbana Rural (area),Urbana Rural,"Variables geográficas, de diseño o derivadas",Área urbana y rural,"Etiqueta y metadatos importados del DDI oficial INE EH2025, archivo F27",Retain in master; profile and review documented format/domain and outlier alerts,39497,39497,39497,39497,0.0,0.0,0,0,0,0,0,0,0.0,0.0,domain confirmed by local dictionary,domain confirmed by local dictionary,0,0,0.0,0.0,80.0,80.0,Retain in master; profile and review documented format/domain and outlier alerts,Retain in master; profile and review documented format/domain and outlier alerts,0,0,0,0,0,0,2,2,5.1e-05,5.1e-05,numeric-like candidate; no numeric summary until semantics are confirmed,numeric-like candidate; no numeric summary until semantics are confirmed,Categórica o codificada según metadatos INE,Categórica o codificada según metadatos INE,Sin alerta heurística de cardinalidad.,Sin alerta heurística de cardinalidad.,"Etiqueta y metadatos importados del DDI oficial INE EH2025, archivo F27","Etiqueta y metadatos importados del DDI oficial INE EH2025, archivo F27",0,0,,,,,,,,,,,,,,,,,No aplicable: no es magnitud numérica confirmada,No aplicable: no es magnitud numérica confirmada,revisar códigos/categorías con el diccionario,revisar códigos/categorías con el diccionario,0,0,,,,,,,False,False,0,"Retener en el maestro; revisar perfil, universo, semántica y alertas"
depto,Departamento (depto),Departamento,"Variables geográficas, de diseño o derivadas",Total de departamentos establecidos en el país.,"Etiqueta y metadatos importados del DDI oficial INE EH2025, archivo F27",Retain in master; profile and review documented format/domain and outlier alerts,39497,39497,39497,39497,0.0,0.0,0,0,0,0,0,0,0.0,0.0,domain confirmed by local dictionary,domain confirmed by local dictionary,0,0,0.0,0.0,80.0,80.0,Retain in master; profile and review documented format/domain and outlier alerts,Retain in master; profile and review documented format/domain and outlier alerts,0,0,0,0,0,0,9,9,0.000228,0.000228,numeric-like candidate; no numeric summary until semantics are confirmed,numeric-like candidate; no numeric summary until semantics are confirmed,Categórica o codificada según metadatos INE,Categórica o codificada según metadatos INE,Sin alerta heurística de cardinalidad.,Sin alerta heurística de cardinalidad.,"Etiqueta y metadatos importados del DDI oficial INE EH2025, archivo F27","Etiqueta y metadatos importados del DDI oficial INE EH2025, archivo F27",0,0,,,,,,,,,,,,,,,,,No aplicable: no es magnitud numérica confirmada,No aplicable: no es magnitud numérica confirmada,revisar códigos/categorías con el diccionario,revisar códigos/categorías con el diccionario,0,0,,,,,,,False,False,0,"Retener en el maestro; revisar perfil, universo, semántica y alertas"
nro,Número de persona (nro),Número de persona,"Variables geográficas, de diseño o derivadas",Todos los miembros del hogar,"Etiqueta y metadatos importados del DDI oficial INE EH2025, archivo F27",Retain in master; profile and review documented format/domain and outlier alerts,39497,39497,39497,39497,0.0,0.0,0,0,0,0,0,0,0.0,0.0,not evaluated: variable domain is not confirmed,not evaluated: variable domain is not confirmed,0,0,0.0,0.0,80.0,80.0,Retain in master; profile and review documented format/domain and outlier alerts,Retain in master; profile and review documented format/domain and outlier alerts,0,0,0,0,0,0,15,15,0.00038,0.00038,text/categorical or mixed,text/categorical or mixed,Identificador / diseño muestral,Identificador / diseño muestral,Sin alerta heurística de cardinalidad.,Sin alerta heurística de cardinalidad.,"Etiqueta y metadatos importados del DDI oficial INE EH2025, archivo F27","Etiqueta y metadatos importados del DDI oficial INE EH2025, archivo F27",0,0,,,,,,,,,,,,,,,,,No aplicable: no es magnitud numérica confirmada,No aplicable: no es magnitud numérica confirmada,revisar códigos/categorías con el diccionario,revisar códigos/categorías con el diccionario,0,0,,,,,,,False,False,0,"Retener en el maestro; revisar perfil, universo, semántica y alertas"
s01a_02,¿Es hombre o mujer? (s01a_02),¿Es hombre o mujer?,Sección 1: Características generales del hogar y sus miembros,Todos los miembros del hogar,"Etiqueta y metadatos importados del DDI oficial INE EH2025, archivo F27",Retain in master; profile and review documented format/domain and outlier alerts,39497,39497,39497,39497,0.0,0.0,0,0,0,0,0,0,0.0,0.0,not evaluated: variable domain is not confirmed,not evaluated: variable domain is not confirmed,0,0,0.0,0.0,80.0,80.0,Retain in master; profile and review documented format/domain and outlier alerts,Retain in master; profile and review documented format/domain and outlier alerts,0,0,0,0,0,0,2,2,5.1e-05,5.1e-05,numeric-like candidate; no numeric summary until semantics are confirmed,numeric-like candidate; no numeric summary until semantics are confirmed,Categórica o codificada según metadatos INE,Categórica o codificada según metadatos INE,Sin alerta heurística de cardinalidad.,Sin alerta heurística de cardinalidad.,"Etiqueta y metadatos importados del DDI oficial INE EH2025, archivo F27","Etiqueta y metadatos importados del DDI oficial INE EH2025, archivo F27",0,0,,,,,,,,,,,,,,,,,No aplicable: no es magnitud numérica confirmada,No aplicable: no es magnitud numérica confirmada,revisar códigos/categorías con el diccionario,revisar códigos/categorías con el diccionario,0,0,,,,,,,False,False,0,"Retener en el maestro; revisar perfil, universo, semántica y alertas"
s01a_03,¿Cuántos años cumplidos tiene? (s01a_03),¿Cuántos años cumplidos tiene?,Sección 1: Características generales del hogar y sus miembros,Todos los miembros del hogar,"Etiqueta y metadatos importados del DDI oficial INE EH2025, archivo F27",Retain in master; profile and review documented format/domain and outlier alerts,39497,39497,39497,39497,0.0,0.0,0,0,0,0,0,0,0.0,0.0,numeric format checked; range/domain not confirmed,numeric format checked; range/domain not confirmed,0,0,0.0,0.0,80.0,80.0,Retain in master; profile and review documented format/domain and outlier alerts,Retain in master; profile and review documented format/domain and outlier alerts,0,0,0,0,501,501,99,99,0.002507,0.002507,numeric-like; semantic quantitative type provisionally documented,numeric-like; semantic quantitative type provisionally documented,Cuantitativa discreta/derivada según etiqueta INE,Cuantitativa discreta/derivada según etiqueta INE,Sin alerta heurística de cardinalidad.,Sin alerta heurística de cardinalidad.,"Etiqueta y metadatos importados del DDI oficial INE EH2025, archivo F27","Etiqueta y metadatos importados del DDI oficial INE EH2025, archivo F27",39497,39497,0.0,0.0,98.0,98.0,31.997898574575284,31.997898574575284,21.30190810419158,21.30190810419158,14.0,14.0,29.0,29.0,47.0,47.0,33.0,33.0,IQR exploratorio × 1.5,IQR exploratorio × 1.5,alerta estadística; requiere revisión semántica,alerta estadística; requiere revisión semántica,12,12,0.0303820543332405,0.0303820543332405,-35.5,-35.5,96.5,96.5,False,False,0,"Retener en el maestro; revisar perfil, universo, semántica y alertas"
s01a_04a,¿Cuál es la fecha de su nacimiento? Día (s01a_04a),¿Cuál es la fecha de su nacimiento? Día,Sección 1: Características generales del hogar y sus miembros,Todos los miembros del hogar,"Etiqueta y metadatos importados del DDI oficial INE EH2025, archivo F27",Retain in master; profile and review documented format/domain and outlier alerts,39497,39497,39497,39497,0.0,0.0,0,0,0,0,0,0,0.0,0.0,numeric format checked; range/domain not confirmed,numeric format checked; range/domain not confirmed,0,0,0.0,0.0,80.0,80.0,Retain in master; profile and review documented format/domain and outlier alerts,Retain in master; profile and review documented format/domain and outlier alerts,0,0,0,0,0,0,31,31,0.000785,0.000785,numeric-like; semantic quantitative type provisionally documented,numeric-like; semantic quantitative type provisionally documented,Cuantitativa discreta/derivada según etiqueta INE,Cuantitativa discreta/derivada según etiqueta INE,Sin alerta heurística de cardinalidad.,Sin alerta heurística de cardinalidad.,"Etiqueta y metadatos importados del DDI oficial INE EH2025, archivo F27","Etiqueta y metadatos importados del DDI oficial INE EH2025, archivo F27",39497,39497,1.0,1.0,31.0,31.0,15.38970048358103,15.38970048358103,8.685555425786166,8.685555425786166,8.0,8.0,15.0,15.0,23.0,23.0,15.0,15.0,IQR exploratorio × 1.5,IQR exploratorio × 1.5,alerta estadística; requiere revisión semántica,alerta estadística; requiere revisión semántica,0,0,0.0,0.0,-14.5,-14.5,45.5,45.5,False,False,0,"Retener en el maestro; revisar perfil, universo, semántica y alertas"
s01a_04b,¿Cuál es la fecha de su nacimiento? Mes (s01a_04b),¿Cuál es la fecha de su nacimiento? Mes,Sección 1: Características generales del hogar y sus miembros,Todos los miembros del hogar,"Etiqueta y metadatos importados del DDI oficial INE EH2025, archivo F27",Retain in master; profile and review documented format/domain and outlier alerts,39497,39497,39497,39497,0.0,0.0,0,0,0,0,0,0,0.0,0.0,numeric format checked; range/domain not confirmed,numeric format checked; range/domain not confirmed,0,0,0.0,0.0,80.0,80.0,Retain in master; profile and review documented format/domain and outlier alerts,Retain in master; profile and review documented format/domain and outlier alerts,0,0,0,0,0,0,12,12,0.000304,0.000304,numeric-like; semantic quantitative type provisionally documented,numeric-like; semantic quantitative type provisionally documented,Cuantitativa discreta/derivada según etiqueta INE,Cuantitativa discreta/derivada según etiqueta INE,Sin alerta heurística de cardinalidad.,Sin alerta heurística de cardinalidad.,"Etiqueta y metadatos importados del DDI oficial INE EH2025, archivo F27","Etiqueta y metadatos importados del DDI oficial INE EH2025, archivo F27",39497,39497,1.0,1.0,12.0,12.0,6.529863027571714,6.529863027571714,3.382324820442418,3.382324820442418,4.0,4.0,7.0,7.0,9.0,9.0,5.0,5.0,IQR exploratorio × 1.5,IQR exploratorio × 1.5,alerta estadística; requiere revisión semántica,alerta estadística; requiere revisión semántica,0,0,0.0,0.0,-3.5,-3.5,16.5,16.5,False,False,0,"Retener en el maestro; revisar perfil, universo, semántica y alertas"
s01a_04c,¿Cuál es la fecha de su nacimiento? Año (s01a_04c),¿Cuál es la fecha de su nacimiento? Año,Sección 1: Características generales del hogar y sus miembros,Todos los miembros del hogar,"Etiqueta y metadatos importados del DDI oficial INE EH2025, archivo F27",Retain in master; profile and review documented format/domain and outlier alerts,39497,39497,39497,39497,0.0,0.0,0,0,0,0,0,0,0.0,0.0,numeric format checked; range/domain not confirmed,numeric format checked; range/domain not confirmed,0,0,0.0,0.0,80.0,80.0,Retain in master; profile and review documented format/domain and outlier alerts,Retain in master; profile and review documented format/domain and outlier alerts,0,0,0,0,0,0,99,99,0.002507,0.002507,numeric-like; semantic quantitative type provisionally documented,numeric-like; semantic quantitative type provisionally documented,Cuantitativa discreta/derivada según etiqueta INE,Cuantitativa discreta/derivada según etiqueta INE,Sin alerta heurística de cardinalidad.,Sin alerta heurística de cardinalidad.,"Etiqueta y metadatos importados del DDI oficial INE EH2025, archivo F27","Etiqueta y metadatos importados del DDI oficial INE EH2025, archivo F27",39497,39497,1926.0,1926.0,2024.0,2024.0,1991.9180190900574,1991.9180190900574,21.29993480390819,21.29993480390819,1977.0,1977.0,1995.0,1995.0,2010.0,2010.0,33.0,33.0,IQR exploratorio × 1.5,IQR exploratorio × 1.5,alerta estadística; requiere revisión semántica,alerta estadística; requiere revisión semántica,12,12,0.0303820543332405,0.0303820543332405,1927.5,1927.5,2059.5,2059.5,False,False,0,"Retener en el maestro; revisar perfil, universo, semántica y alertas"
s01a_05,¿Qué parentesco tiene (...) con la Jefa o Jefe del hogar? (s01a_05),¿Qué parentesco tiene (...) con la Jefa o Jefe del hogar?,Sección 1: Características generales del hogar y sus miembros,Todos los miembros del hogar,"Etiqueta y metadatos importados del DDI oficial INE EH2025, archivo F27",Retain in master; profile and review documented format/domain and outlier alerts,39497,39497,39497,39497,0.0,0.0,0,0,0,0,0,0,0.0,0.0,not evaluated: variable domain is not confirmed,not evaluated: variable domain is not confirmed,0,0,0.0,0.0,80.0,80.0,Retain in master; profile and review documented format/domain and outlier alerts,Retain in master; profile and review documented format/domain and outlier alerts,0,0,0,0,0,0,14,14,0.000354,0.000354,numeric-like candidate; no numeric summary until semantics are confirmed,numeric-like candidate; no numeric summary until semantics are confirmed,Categórica o codificada según metadatos INE,Categórica o codificada según metadatos INE,Sin alerta heurística de cardinalidad.,Sin alerta heurística de cardinalidad.,"Etiqueta y metadatos importados del DDI oficial INE EH2025, archivo F27","Etiqueta y metadatos importados del DDI oficial INE EH2025, archivo F27",0,0,,,,,,,,,,,,,,,,,No aplicable: no es magnitud numérica confirmada,No aplicable: no es magnitud numérica confirmada,revisar códigos/categorías con el diccionario,revisar códigos/categorías con el diccionario,0,0,,,,,,,False,False,0,"Retener en el maestro; revisar perfil, universo, semántica y alertas"
s01a_05a,Su esposa/o compañera/o (s01a_05a),Su esposa/o compañera/o,Sección 1: Características generales del hogar y sus miembros,Todos los miembros del hogar,"Etiqueta y metadatos importados del DDI oficial INE EH2025, archivo F27",Retain in master; profile and review documented format/domain and outlier alerts,39497,39497,31515,31515,20.2091,20.2091,0,0,7982,7982,0,0,0.0,0.0,not evaluated: variable domain is not confirmed,not evaluated: variable domain is not confirmed,7982,7982,20.2091,20.2091,80.0,80.0,Retain in master; profile and review documented format/domain and outlier alerts,Retain in master; profile and review documented format/domain and outlier alerts,0,0,7982,7982,16585,16585,12,12,0.000381,0.000381,numeric-like candidate; no numeric summary until semantics are confirmed,numeric-like candidate; no numeric summary until semantics are confirmed,Categórica o codificada según metadatos INE,Categórica o codificada según metadatos INE,Sin alerta heurística de cardinalidad.,Sin alerta heurística de cardinalidad.,"Etiqueta y metadatos importados del DDI oficial INE EH2025, archivo F27","Etiqueta y metadatos importados del DDI oficial INE EH2025, archivo F27",0,0,,,,,,,,,,,,,,,,,No aplicable: no es magnitud numérica confirmada,No aplicable: no es magnitud numérica confirmada,revisar códigos/categorías con el diccionario,revisar códigos/categorías con el diccionario,0,0,,,,,,,False,False,0,"Retener en el maestro; revisar perfil, universo, semántica y alertas"
s01a_05b,Su padre/ padrastro (s01a_05b),Su padre/ padrastro,Sección 1: Características generales del hogar y sus miembros,Todos los miembros del hogar,"Etiqueta y metadatos importados del DDI oficial INE EH2025, archivo F27",Retain in master; profile and review documented format/domain and outlier alerts,39497,39497,39497,39497,0.0,0.0,0,0,0,0,0,0,0.0,0.0,not evaluated: variable domain is not confirmed,not evaluated: variable domain is not confirmed,0,0,0.0,0.0,80.0,80.0,Retain in master; profile and review documented format/domain and outlier alerts,Retain in master; profile and review documented format/domain and outlier alerts,0,0,0,0,26129,26129,11,11,0.000279,0.000279,numeric-like candidate; no numeric summary until semantics are confirmed,numeric-like candidate; no numeric summary until semantics are confirmed,Categórica o codificada según metadatos INE,Categórica o codificada según metadatos INE,Sin alerta heurística de cardinalidad.,Sin alerta heurística de cardinalidad.,"Etiqueta y metadatos importados del DDI oficial INE EH2025, archivo F27","Etiqueta y metadatos importados del DDI oficial INE EH2025, archivo F27",0,0,,,,,,,,,,,,,,,,,No aplicable: no es magnitud numérica confirmada,No aplicable: no es magnitud numérica confirmada,revisar códigos/categorías con el diccionario,revisar códigos/categorías con el diccionario,0,0,,,,,,,False,False,0,"Retener en el maestro; revisar perfil, universo, semántica y alertas"
s01a_05c,Su madre/ madrastra (s01a_05c),Su madre/ madrastra,Sección 1: Características generales del hogar y sus miembros,Todos los miembros del hogar,"Etiqueta y metadatos importados del DDI oficial INE EH2025, archivo F27",Retain in master; profile and review documented format/domain and outlier alerts,39497,39497,39497,39497,0.0,0.0,0,0,0,0,0,0,0.0,0.0,not evaluated: variable domain is not confirmed,not evaluated: variable domain is not confirmed,0,0,0.0,0.0,80.0,80.0,Retain in master; profile and review documented format/domain and outlier alerts,Retain in master; profile and review documented format/domain and outlier alerts,0,0,0,0,22312,22312,13,13,0.000329,0.000329,numeric-like candidate; no numeric summary until semantics are confirmed,numeric-like candidate; no numeric summary until semantics are confirmed,Categórica o codificada según metadatos INE,Categórica o codificada según metadatos INE,Sin alerta heurística de cardinalidad.,Sin alerta heurística de cardinalidad.,"Etiqueta y metadatos importados del DDI oficial INE EH2025, archivo F27","Etiqueta y metadatos importados del DDI oficial INE EH2025, archivo F27",0,0,,,,,,,,,,,,,,,,,No aplicable: no es magnitud numérica confirmada,No aplicable: no es magnitud numérica confirmada,revisar códigos/categorías con el diccionario,revisar códigos/categorías con el diccionario,0,0,,,,,,,False,False,0,"Retener en el maestro; revisar perfil, universo, semántica y alertas"
s01a_06,En la presente gestión 2025 ¿Principalmente qué persona dedicó más horas al cuidado de (…)? (s01a_06),En la presente gestión 2025 ¿Principalmente qué persona dedicó más horas al cuidado de (…)?,Sección 1: Características generales del hogar y sus miembros,Personas menores de 6 años o de 60 años o más de edad.,"Etiqueta y metadatos importados del DDI oficial INE EH2025, archivo F27",Retain in master; profile and review documented format/domain and outlier alerts,39497,39497,8600,8600,78.2262,78.2262,0,0,30897,30897,0,0,0.0,0.0,numeric format checked; range/domain not confirmed,numeric format checked; range/domain not confirmed,30897,30897,78.2262,78.2262,80.0,80.0,Retain in master; profile and review documented format/domain and outlier alerts,Retain in master; profile and review documented format/domain and outlier alerts,0,0,30897,30897,0,0,16,16,0.00186,0.00186,numeric-like; semantic quantitative type provisionally documented,numeric-like; semantic quantitative type provisionally documented,Cuantitativa discreta/derivada según etiqueta INE,Cuantitativa discreta/derivada según etiqueta INE,Sin alerta heurística de cardinalidad.,Sin alerta heurística de cardinalidad.,"Etiqueta y metadatos importados del DDI oficial INE EH2025, archivo F27","Etiqueta y metadatos importados del DDI oficial INE EH2025, archivo F27",8600,8600,1.0,1.0,25.0,25.0,10.167093023255815,10.167093023255815,11.000876849919676,11.000876849919676,2.0,2.0,2.0,2.0,25.0,25.0,23.0,23.0,IQR exploratorio × 1.5,IQR exploratorio × 1.5,alerta estadística; requiere revisión semántica,alerta estadística; requiere revisión semántica,0,0,0.0,0.0,-32.5,-32.5,59.5,59.5,False,False,0,"Retener en el maestro; revisar perfil, universo, semántica y alertas"
s01a_07_1,¿Qué idiomas habla? según el mayor uso: 1° (s01a_07_1),¿Qué idiomas habla? según el mayor uso: 1°,Sección 1: Características generales del hogar y sus miembros,Todos los miembros del hogar,"Etiqueta y metadatos importados del DDI oficial INE EH2025, archivo F27",Retain in master; profile and review documented format/domain and outlier alerts,39497,39497,39497,39497,0.0,0.0,0,0,0,0,0,0,0.0,0.0,not evaluated: variable domain is not confirmed,not evaluated: variable domain is not confirmed,0,0,0.0,0.0,80.0,80.0,Retain in master; profile and review documented format/domain and outlier alerts,Retain in master; profile and review documented format/domain and outlier alerts,0,0,0,0,0,0,16,16,0.000405,0.000405,numeric-like candidate; no numeric summary until semantics are confirmed,numeric-like candidate; no numeric summary until semantics are confirmed,Categórica o codificada según metadatos INE,Categórica o codificada según metadatos INE,Sin alerta heurística de cardinalidad.,Sin alerta heurística de cardinalidad.,"Etiqueta y metadatos importados del DDI oficial INE EH2025, archivo F27","Etiqueta y metadatos importados del DDI oficial INE EH2025, archivo F27",0,0,,,,,,,,,,,,,,,,,No aplicable: no es magnitud numérica confirmada,No aplicable: no es magnitud numérica confirmada,revisar códigos/categorías con el diccionario,revisar códigos/categorías con el diccionario,0,0,,,,,,,False,False,0,"Retener en el maestro; revisar perfil, universo, semántica y alertas"
s01a_07_2,¿Qué idiomas habla? según el mayor uso: 2° (s01a_07_2),¿Qué idiomas habla? según el mayor uso: 2°,Sección 1: Características generales del hogar y sus miembros,Todos los miembros del hogar,"Etiqueta y metadatos importados del DDI oficial INE EH2025, archivo F27",Retain in master; profile and review documented format/domain and outlier alerts,39497,39497,10645,10645,73.0486,73.0486,0,0,28852,28852,0,0,0.0,0.0,not evaluated: variable domain is not confirmed,not evaluated: variable domain is not confirmed,28852,28852,73.0486,73.0486,80.0,80.0,Retain in master; profile and review documented format/domain and outlier alerts,Retain in master; profile and review documented format/domain and outlier alerts,0,0,28852,28852,0,0,21,21,0.001973,0.001973,numeric-like candidate; no numeric summary until semantics are confirmed,numeric-like candidate; no numeric summary until semantics are confirmed,Categórica o codificada según metadatos INE,Categórica o codificada según metadatos INE,Sin alerta heurística de cardinalidad.,Sin alerta heurística de cardinalidad.,"Etiqueta y metadatos importados del DDI oficial INE EH2025, archivo F27","Etiqueta y metadatos importados del DDI oficial INE EH2025, archivo F27",0,0,,,,,,,,,,,,,,,,,No aplicable: no es magnitud numérica confirmada,No aplicable: no es magnitud numérica confirmada,revisar códigos/categorías con el diccionario,revisar códigos/categorías con el diccionario,0,0,,,,,,,False,False,0,"Retener en el maestro; revisar perfil, universo, semántica y alertas"
s01a_07_3,¿Qué idiomas habla? según el mayor uso: 3° (s01a_07_3),¿Qué idiomas habla? según el mayor uso: 3°,Sección 1: Características generales del hogar y sus miembros,Todos los miembros del hogar,"Etiqueta y metadatos importados del DDI oficial INE EH2025, archivo F27","RETAIN IN MASTER; >80% global absence is an audit flag, not a deletion rule",39497,39497,543,543,98.6252,98.6252,0,0,38954,38954,0,0,0.0,0.0,not evaluated: variable domain is not confirmed,not evaluated: variable domain is not confirmed,38954,38954,98.6252,98.6252,80.0,80.0,"RETAIN IN MASTER; >80% global absence is an audit flag, not a deletion rule","RETAIN IN MASTER; >80% global absence is an audit flag, not a deletion rule",0,0,38954,38954,0,0,18,18,0.033149,0.033149,numeric-like candidate; no numeric summary until semantics are confirmed,numeric-like candidate; no numeric summary until semantics are confirmed,Categórica o codificada según metadatos INE,Categórica o codificada según metadatos INE,Sin alerta heurística de cardinalidad.,Sin alerta heurística de cardinalidad.,"Etiqueta y metadatos importados del DDI oficial INE EH2025, archivo F27","Etiqueta y metadatos importados del DDI oficial INE EH2025, archivo F27",0,0,,,,,,,,,,,,,,,,,No aplicable: no es magnitud numérica confirmada,No aplicable: no es magnitud numérica confirmada,revisar códigos/categorías con el diccionario,revisar códigos/categorías con el diccionario,0,0,,,,,,,False,False,0,"Retener en el maestro; revisar perfil, universo, semántica y alertas"
s01a_08,¿Cuál es el primer idioma o lengua en el que aprendió a hablar en su niñez? (s01a_08),¿Cuál es el primer idioma o lengua en el que aprendió a hablar en su niñez?,Sección 1: Características generales del hogar y sus miembros,Todos los miembros del hogar,"Etiqueta y metadatos importados del DDI oficial INE EH2025, archivo F27",Retain in master; profile and review documented format/domain and outlier alerts,39497,39497,38027,38027,3.7218,3.7218,0,0,1470,1470,0,0,0.0,0.0,not evaluated: variable domain is not confirmed,not evaluated: variable domain is not confirmed,1470,1470,3.7218,3.7218,80.0,80.0,Retain in master; profile and review documented format/domain and outlier alerts,Retain in master; profile and review documented format/domain and outlier alerts,0,0,1470,1470,0,0,22,22,0.000579,0.000579,numeric-like candidate; no numeric summary until semantics are confirmed,numeric-like candidate; no numeric summary until semantics are confirmed,Categórica o codificada según metadatos INE,Categórica o codificada según metadatos INE,Sin alerta heurística de cardinalidad.,Sin alerta heurística de cardinalidad.,"Etiqueta y metadatos importados del DDI oficial INE EH2025, archivo F27","Etiqueta y metadatos importados del DDI oficial INE EH2025, archivo F27",0,0,,,,,,,,,,,,,,,,,No aplicable: no es magnitud numérica confirmada,No aplicable: no es magnitud numérica confirmada,revisar códigos/categorías con el diccionario,revisar códigos/categorías con el diccionario,0,0,,,,,,,False,False,0,"Retener en el maestro; revisar perfil, universo, semántica y alertas"
s01a_09,¿Se autoidentifica con alguna nación pueblo indígena originario campesino o afroboliviano? (s01a_09),¿Se autoidentifica con alguna nación pueblo indígena originario campesino o afroboliviano?,Sección 1: Características generales del hogar y sus miembros,Todos los miembros del hogar,"Etiqueta y metadatos importados del DDI oficial INE EH2025, archivo F27",Retain in master; profile and review documented format/domain and outlier alerts,39497,39497,39497,39497,0.0,0.0,0,0,0,0,0,0,0.0,0.0,numeric format checked; range/domain not confirmed,numeric format checked; range/domain not confirmed,0,0,0.0,0.0,80.0,80.0,Retain in master; profile and review documented format/domain and outlier alerts,Retain in master; profile and review documented format/domain and outlier alerts,0,0,0,0,0,0,2,2,5.1e-05,5.1e-05,numeric-like; semantic quantitative type provisionally documented,numeric-like; semantic quantitative type provisionally documented,Cuantitativa monetaria según etiqueta INE,Cuantitativa monetaria según etiqueta INE,Sin alerta heurística de cardinalidad.,Sin alerta heurística de cardinalidad.,"Etiqueta y metadatos importados del DDI oficial INE EH2025, archivo F27","Etiqueta y metadatos importados del DDI oficial INE EH2025, archivo F27",39497,39497,1.0,1.0,2.0,2.0,1.769602754639593,1.769602754639593,0.42109244129570134,0.42109244129570134,2.0,2.0,2.0,2.0,2.0,2.0,0.0,0.0,IQR exploratorio × 1.5,IQR exploratorio × 1.5,IQR cero; alertas no clasificadas automáticamente,IQR cero; alertas no clasificadas automáticamente,0,0,,,,,,,False,False,0,"Retener en el maestro; revisar perfil, universo, semántica y alertas"
s01a_09npioc,¿Con Cúal? (s01a_09npioc),¿Con Cúal?,Sección 1: Características generales del hogar y sus miembros,Todos los miembros del hogar,"Etiqueta y metadatos importados del DDI oficial INE EH2025, archivo F27",Retain in master; profile and review documented format/domain and outlier alerts,39497,39497,9100,9100,76.9603,76.9603,0,0,30397,30397,0,0,0.0,0.0,not evaluated: variable domain is not confirmed,not evaluated: variable domain is not confirmed,30397,30397,76.9603,76.9603,80.0,80.0,Retain in master; profile and review documented format/domain and outlier alerts,Retain in master; profile and review documented format/domain and outlier alerts,0,0,30397,30397,0,0,36,36,0.003956,0.003956,numeric-like candidate; no numeric summary until semantics are confirmed,numeric-like candidate; no numeric summary until semantics are confirmed,Categórica o codificada según metadatos INE,Categórica o codificada según metadatos INE,REVISAR: 36 valores distintos en una variable categórica; cotejar códigos y alineación con el cuestionario.,REVISAR: 36 valores distintos en una variable categórica; cotejar códigos y alineación con el cuestionario.,"Etiqueta y metadatos importados del DDI oficial INE EH2025, archivo F27","Etiqueta y metadatos importados del DDI oficial INE EH2025, archivo F27",0,0,,,,,,,,,,,,,,,,,No aplicable: no es magnitud numérica confirmada,No aplicable: no es magnitud numérica confirmada,revisar códigos/categorías con el diccionario,revisar códigos/categorías con el diccionario,0,0,,,,,,,False,False,0,"Retener en el maestro; revisar perfil, universo, semántica y alertas"
s01a_10,¿Cuál es su estado civil o conyugal actual? (s01a_10),¿Cuál es su estado civil o conyugal actual?,Sección 1: Características generales del hogar y sus miembros,Personas de 12 años o más,"Etiqueta y metadatos importados del DDI oficial INE EH2025, archivo F27",Retain in master; profile and review documented format/domain and outlier alerts,39497,39497,31515,31515,20.2091,20.2091,0,0,7982,7982,0,0,0.0,0.0,not evaluated: variable domain is not confirmed,not evaluated: variable domain is not confirmed,7982,7982,20.2091,20.2091,80.0,80.0,Retain in master; profile and review documented format/domain and outlier alerts,Retain in master; profile and review documented format/domain and outlier alerts,0,0,7982,7982,0,0,6,6,0.00019,0.00019,numeric-like candidate; no numeric summary until semantics are confirmed,numeric-like candidate; no numeric summary until semantics are confirmed,Categórica o codificada según metadatos INE,Categórica o codificada según metadatos INE,Sin alerta heurística de cardinalidad.,Sin alerta heurística de cardinalidad.,"Etiqueta y metadatos importados del DDI oficial INE EH2025, archivo F27","Etiqueta y metadatos importados del DDI oficial INE EH2025, archivo F27",0,0,,,,,,,,,,,,,,,,,No aplicable: no es magnitud numérica confirmada,No aplicable: no es magnitud numérica confirmada,revisar códigos/categorías con el diccionario,revisar códigos/categorías con el diccionario,0,0,,,,,,,False,False,0,"Retener en el maestro; revisar perfil, universo, semántica y alertas"
s01b_11a,¿Dónde vivía hace 5 años (2020)? (s01b_11a),¿Dónde vivía hace 5 años (2020)?,Sección 1: Características generales del hogar y sus miembros,Todos los miembros del hogar,"Etiqueta y metadatos importados del DDI oficial INE EH2025, archivo F27",Retain in master; profile and review documented format/domain and outlier alerts,39497,39497,39497,39497,0.0,0.0,0,0,0,0,0,0,0.0,0.0,numeric format checked; range/domain not confirmed,numeric format checked; range/domain not confirmed,0,0,0.0,0.0,80.0,80.0,Retain in master; profile and review documented format/domain and outlier alerts,Retain in master; profile and review documented format/domain and outlier alerts,0,0,0,0,0,0,4,4,0.000101,0.000101,numeric-like; semantic quantitative type provisionally documented,numeric-like; semantic quantitative type provisionally documented,Cuantitativa discreta/derivada según etiqueta INE,Cuantitativa discreta/derivada según etiqueta INE,Sin alerta heurística de cardinalidad.,Sin alerta heurística de cardinalidad.,"Etiqueta y metadatos importados del DDI oficial INE EH2025, archivo F27","Etiqueta y metadatos importados del DDI oficial INE EH2025, archivo F27",39497,39497,1.0,1.0,4.0,4.0,1.2592095602197635,1.2592095602197635,0.7886328546815942,0.7886328546815942,1.0,1.0,1.0,1.0,1.0,1.0,0.0,0.0,IQR exploratorio × 1.5,IQR exploratorio × 1.5,IQR cero; alertas no clasificadas automáticamente,IQR cero; alertas no clasificadas automáticamente,0,0,,,,,,,False,False,0,"Retener en el maestro; revisar perfil, universo, semántica y alertas"
s01b_11b,Especifique el Departamento dónde vivía hace 5 años (2020)? (s01b_11b),Especifique el Departamento dónde vivía hace 5 años (2020)?,Sección 1: Características generales del hogar y sus miembros,Todos los miembros del hogar,"Etiqueta y metadatos importados del DDI oficial INE EH2025, archivo F27","RETAIN IN MASTER; >80% global absence is an audit flag, not a deletion rule",39497,39497,1598,1598,95.9541,95.9541,37899,37899,37899,37899,0,0,0.0,0.0,not evaluated: variable domain is not confirmed,not evaluated: variable domain is not confirmed,37899,37899,95.9541,95.9541,80.0,80.0,"RETAIN IN MASTER; >80% global absence is an audit flag, not a deletion rule","RETAIN IN MASTER; >80% global absence is an audit flag, not a deletion rule",0,0,0,0,0,0,9,9,0.005632,0.005632,numeric-like candidate; no numeric summary until semantics are confirmed,numeric-like candidate; no numeric summary until semantics are confirmed,Categórica o codificada según metadatos INE,Categórica o codificada según metadatos INE,Sin alerta heurística de cardinalidad.,Sin alerta heurística de cardinalidad.,"Etiqueta y metadatos importados del DDI oficial INE EH2025, archivo F27","Etiqueta y metadatos importados del DDI oficial INE EH2025, archivo F27",0,0,,,,,,,,,,,,,,,,,No aplicable: no es magnitud numérica confirmada,No aplicable: no es magnitud numérica confirmada,revisar códigos/categorías con el diccionario,revisar códigos/categorías con el diccionario,0,0,,,,,,,False,False,0,"Retener en el maestro; revisar perfil, universo, semántica y alertas"
s01b_11c,Especifique la Provincia dónde vivía hace 5 años (2020)? (s01b_11c),Especifique la Provincia dónde vivía hace 5 años (2020)?,Sección 1: Características generales del hogar y sus miembros,Todos los miembros del hogar,"Etiqueta y metadatos importados del DDI oficial INE EH2025, archivo F27","RETAIN IN MASTER; >80% global absence is an audit flag, not a deletion rule",39497,39497,1598,1598,95.9541,95.9541,37899,37899,37899,37899,0,0,0.0,0.0,not evaluated: variable domain is not confirmed,not evaluated: variable domain is not confirmed,37899,37899,95.9541,95.9541,80.0,80.0,"RETAIN IN MASTER; >80% global absence is an audit flag, not a deletion rule","RETAIN IN MASTER; >80% global absence is an audit flag, not a deletion rule",0,0,0,0,0,0,93,93,0.058198,0.058198,numeric-like candidate; no numeric summary until semantics are confirmed,numeric-like candidate; no numeric summary until semantics are confirmed,Categórica o codificada según metadatos INE,Categórica o codificada según metadatos INE,REVISAR: 93 valores distintos en una variable categórica; cotejar códigos y alineación con el cuestionario.,REVISAR: 93 valores distintos en una variable categórica; cotejar códigos y alineación con el cuestionario.,"Etiqueta y metadatos importados del DDI oficial INE EH2025, archivo F27","Etiqueta y metadatos importados del DDI oficial INE EH2025, archivo F27",0,0,,,,,,,,,,,,,,,,,No aplicable: no es magnitud numérica confirmada,No aplicable: no es magnitud numérica confirmada,revisar códigos/categorías con el diccionario,revisar códigos/categorías con el diccionario,0,0,,,,,,,False,False,0,"Retener en el maestro; revisar perfil, universo, semántica y alertas"
s01b_11d,Especifique el Municipio dónde vivía hace 5 años (2020)? (s01b_11d),Especifique el Municipio dónde vivía hace 5 años (2020)?,Sección 1: Características generales del hogar y sus miembros,Todos los miembros del hogar,"Etiqueta y metadatos importados del DDI oficial INE EH2025, archivo F27","RETAIN IN MASTER; >80% global absence is an audit flag, not a deletion rule",39497,39497,1598,1598,95.9541,95.9541,37899,37899,37899,37899,0,0,0.0,0.0,not evaluated: variable domain is not confirmed,not evaluated: variable domain is not confirmed,37899,37899,95.9541,95.9541,80.0,80.0,"RETAIN IN MASTER; >80% global absence is an audit flag, not a deletion rule","RETAIN IN MASTER; >80% global absence is an audit flag, not a deletion rule",0,0,0,0,0,0,180,180,0.112641,0.112641,numeric-like candidate; no numeric summary until semantics are confirmed,numeric-like candidate; no numeric summary until semantics are confirmed,Categórica o codificada según metadatos INE,Categórica o codificada según metadatos INE,REVISAR: 180 valores distintos en una variable categórica; cotejar códigos y alineación con el cuestionario.,REVISAR: 180 valores distintos en una variable categórica; cotejar códigos y alineación con el cuestionario.,"Etiqueta y metadatos importados del DDI oficial INE EH2025, archivo F27","Etiqueta y metadatos importados del DDI oficial INE EH2025, archivo F27",0,0,,,,,,,,,,,,,,,,,No aplicable: no es magnitud numérica confirmada,No aplicable: no es magnitud numérica confirmada,revisar códigos/categorías con el diccionario,revisar códigos/categorías con el diccionario,0,0,,,,,,,False,False,0,"Retener en el maestro; revisar perfil, universo, semántica y alertas"
s01b_11e,Especifique el País dónde vivía hace 5 años (2020)? (s01b_11e),Especifique el País dónde vivía hace 5 años (2020)?,Sección 1: Características generales del hogar y sus miembros,Todos los miembros del hogar,"Etiqueta y metadatos importados del DDI oficial INE EH2025, archivo F27","RETAIN IN MASTER; >80% global absence is an audit flag, not a deletion rule",39497,39497,150,150,99.6202,99.6202,39347,39347,39347,39347,0,0,0.0,0.0,not evaluated: variable domain is not confirmed,not evaluated: variable domain is not confirmed,39347,39347,99.6202,99.6202,80.0,80.0,"RETAIN IN MASTER; >80% global absence is an audit flag, not a deletion rule","RETAIN IN MASTER; >80% global absence is an audit flag, not a deletion rule",0,0,0,0,0,0,12,12,0.08,0.08,numeric-like candidate; no numeric summary until semantics are confirmed,numeric-like candidate; no numeric summary until semantics are confirmed,Categórica o codificada según metadatos INE,Categórica o codificada según metadatos INE,Sin alerta heurística de cardinalidad.,Sin alerta heurística de cardinalidad.,"Etiqueta y metadatos importados del DDI oficial INE EH2025, archivo F27","Etiqueta y metadatos importados del DDI oficial INE EH2025, archivo F27",0,0,,,,,,,,,,,,,,,,,No aplicable: no es magnitud numérica confirmada,No aplicable: no es magnitud numérica confirmada,revisar códigos/categorías con el diccionario,revisar códigos/categorías con el diccionario,0,0,,,,,,,False,False,0,"Retener en el maestro; revisar perfil, universo, semántica y alertas"
s01b_12,¿Cuál fue la razón por la que dejó ese lugar? (s01b_12),¿Cuál fue la razón por la que dejó ese lugar?,Sección 1: Características generales del hogar y sus miembros,Todos los miembros del hogar,"Etiqueta y metadatos importados del DDI oficial INE EH2025, archivo F27","RETAIN IN MASTER; >80% global absence is an audit flag, not a deletion rule",39497,39497,1748,1748,95.5743,95.5743,0,0,37749,37749,0,0,0.0,0.0,not evaluated: variable domain is not confirmed,not evaluated: variable domain is not confirmed,37749,37749,95.5743,95.5743,80.0,80.0,"RETAIN IN MASTER; >80% global absence is an audit flag, not a deletion rule","RETAIN IN MASTER; >80% global absence is an audit flag, not a deletion rule",0,0,37749,37749,0,0,6,6,0.003432,0.003432,numeric-like candidate; no numeric summary until semantics are confirmed,numeric-like candidate; no numeric summary until semantics are confirmed,Categórica o codificada según metadatos INE,Categórica o codificada según metadatos INE,Sin alerta heurística de cardinalidad.,Sin alerta heurística de cardinalidad.,"Etiqueta y metadatos importados del DDI oficial INE EH2025, archivo F27","Etiqueta y metadatos importados del DDI oficial INE EH2025, archivo F27",0,0,,,,,,,,,,,,,,,,,No aplicable: no es magnitud numérica confirmada,No aplicable: no es magnitud numérica confirmada,revisar códigos/categorías con el diccionario,revisar códigos/categorías con el diccionario,0,0,,,,,,,False,False,0,"Retener en el maestro; revisar perfil, universo, semántica y alertas"
s01b_12e,¿Cuál fue la razón por la que dejó ese lugar? Otra razón (Especifique) (s01b_12e),¿Cuál fue la razón por la que dejó ese lugar? Otra razón (Especifique),Sección 1: Características generales del hogar y sus miembros,Todos los miembros del hogar,"Etiqueta y metadatos importados del DDI oficial INE EH2025, archivo F27","RETAIN IN MASTER; >80% global absence is an audit flag, not a deletion rule",39497,39497,18,18,99.9544,99.9544,39479,39479,39479,39479,0,0,0.0,0.0,not evaluated: variable domain is not confirmed,not evaluated: variable domain is not confirmed,39479,39479,99.9544,99.9544,80.0,80.0,"RETAIN IN MASTER; >80% global absence is an audit flag, not a deletion rule","RETAIN IN MASTER; >80% global absence is an audit flag, not a deletion rule",0,0,0,0,0,0,17,17,0.944444,0.944444,text/categorical or mixed,text/categorical or mixed,Texto; revisar si es respuesta abierta o categoría textual,Texto; revisar si es respuesta abierta o categoría textual,Sin alerta heurística de cardinalidad.,Sin alerta heurística de cardinalidad.,"Etiqueta y metadatos importados del DDI oficial INE EH2025, archivo F27","Etiqueta y metadatos importados del DDI oficial INE EH2025, archivo F27",0,0,,,,,,,,,,,,,,,,,No aplicable: no es magnitud numérica confirmada,No aplicable: no es magnitud numérica confirmada,revisar códigos/categorías con el diccionario,revisar códigos/categorías con el diccionario,0,0,,,,,,,False,False,0,"Retener en el maestro; revisar perfil, universo, semántica y alertas"
s01b_13a,¿Desde qué año y mes vive aquí? Año (s01b_13a),¿Desde qué año y mes vive aquí? Año,Sección 1: Características generales del hogar y sus miembros,Todos los miembros del hogar,"Etiqueta y metadatos importados del DDI oficial INE EH2025, archivo F27","RETAIN IN MASTER; >80% global absence is an audit flag, not a deletion rule",39497,39497,1748,1748,95.5743,95.5743,0,0,37749,37749,0,0,0.0,0.0,numeric format checked; range/domain not confirmed,numeric format checked; range/domain not confirmed,37749,37749,95.5743,95.5743,80.0,80.0,"RETAIN IN MASTER; >80% global absence is an audit flag, not a deletion rule","RETAIN IN MASTER; >80% global absence is an audit flag, not a deletion rule",0,0,37749,37749,0,0,6,6,0.003432,0.003432,numeric-like; semantic quantitative type provisionally documented,numeric-like; semantic quantitative type provisionally documented,Cuantitativa discreta/derivada según etiqueta INE,Cuantitativa discreta/derivada según etiqueta INE,Sin alerta heurística de cardinalidad.,Sin alerta heurística de cardinalidad.,"Etiqueta y metadatos importados del DDI oficial INE EH2025, archivo F27","Etiqueta y metadatos importados del DDI oficial INE EH2025, archivo F27",1748,1748,2019.0,2019.0,2024.0,2024.0,2021.9393592677345,2021.9393592677345,1.4770854364572426,1.4770854364572426,2021.0,2021.0,2022.0,2022.0,2023.0,2023.0,2.0,2.0,IQR exploratorio × 1.5,IQR exploratorio × 1.5,alerta estadística; requiere revisión semántica,alerta estadística; requiere revisión semántica,0,0,0.0,0.0,2018.0,2018.0,2026.0,2026.0,False,False,0,"Retener en el maestro; revisar perfil, universo, semántica y alertas"
s01b_13b,¿Desde qué año y mes vive aquí? Mes (s01b_13b),¿Desde qué año y mes vive aquí? Mes,Sección 1: Características generales del hogar y sus miembros,Todos los miembros del hogar,"Etiqueta y metadatos importados del DDI oficial INE EH2025, archivo F27","RETAIN IN MASTER; >80% global absence is an audit flag, not a deletion rule",39497,39497,1748,1748,95.5743,95.5743,0,0,37749,37749,0,0,0.0,0.0,numeric format checked; range/domain not confirmed,numeric format checked; range/domain not confirmed,37749,37749,95.5743,95.5743,80.0,80.0,"RETAIN IN MASTER; >80% global absence is an audit flag, not a deletion rule","RETAIN IN MASTER; >80% global absence is an audit flag, not a deletion rule",0,0,37749,37749,0,0,12,12,0.006865,0.006865,numeric-like; semantic quantitative type provisionally documented,numeric-like; semantic quantitative type provisionally documented,Cuantitativa discreta/derivada según etiqueta INE,Cuantitativa discreta/derivada según etiqueta INE,Sin alerta heurística de cardinalidad.,Sin alerta heurística de cardinalidad.,"Etiqueta y metadatos importados del DDI oficial INE EH2025, archivo F27","Etiqueta y metadatos importados del DDI oficial INE EH2025, archivo F27",1748,1748,1.0,1.0,12.0,12.0,5.197368421052632,5.197368421052632,3.8635060266321615,3.8635060266321615,2.0,2.0,4.0,4.0,9.0,9.0,7.0,7.0,IQR exploratorio × 1.5,IQR exploratorio × 1.5,alerta estadística; requiere revisión semántica,alerta estadística; requiere revisión semántica,0,0,0.0,0.0,-8.5,-8.5,19.5,19.5,False,False,0,"Retener en el maestro; revisar perfil, universo, semántica y alertas"
s02a_01a,¿Está (...) registrada/o o afiliada/o a: 1° (s02a_01a),¿Está (...) registrada/o o afiliada/o a: 1°,Sección 2: Salud,Todos los miembros del hogar,"Etiqueta y metadatos importados del DDI oficial INE EH2025, archivo F27",Retain in master; profile and review documented format/domain and outlier alerts,39497,39497,39497,39497,0.0,0.0,0,0,0,0,0,0,0.0,0.0,not evaluated: variable domain is not confirmed,not evaluated: variable domain is not confirmed,0,0,0.0,0.0,80.0,80.0,Retain in master; profile and review documented format/domain and outlier alerts,Retain in master; profile and review documented format/domain and outlier alerts,0,0,0,0,0,0,5,5,0.000127,0.000127,numeric-like candidate; no numeric summary until semantics are confirmed,numeric-like candidate; no numeric summary until semantics are confirmed,Categórica o codificada según metadatos INE,Categórica o codificada según metadatos INE,Sin alerta heurística de cardinalidad.,Sin alerta heurística de cardinalidad.,"Etiqueta y metadatos importados del DDI oficial INE EH2025, archivo F27","Etiqueta y metadatos importados del DDI oficial INE EH2025, archivo F27",0,0,,,,,,,,,,,,,,,,,No aplicable: no es magnitud numérica confirmada,No aplicable: no es magnitud numérica confirmada,revisar códigos/categorías con el diccionario,revisar códigos/categorías con el diccionario,0,0,,,,,,,True,True,0,"Retener en el maestro; revisar perfil, universo, semántica y alertas"
s02a_01b,¿Está (...) registrada/o o afiliada/o a: 2° (s02a_01b),¿Está (...) registrada/o o afiliada/o a: 2°,Sección 2: Salud,Todos los miembros del hogar,"Etiqueta y metadatos importados del DDI oficial INE EH2025, archivo F27","RETAIN IN MASTER; >80% global absence is an audit flag, not a deletion rule",39497,39497,74,74,99.8126,99.8126,0,0,39423,39423,0,0,0.0,0.0,not evaluated: variable domain is not confirmed,not evaluated: variable domain is not confirmed,39423,39423,99.8126,99.8126,80.0,80.0,"RETAIN IN MASTER; >80% global absence is an audit flag, not a deletion rule","RETAIN IN MASTER; >80% global absence is an audit flag, not a deletion rule",0,0,39423,39423,0,0,3,3,0.040541,0.040541,numeric-like candidate; no numeric summary until semantics are confirmed,numeric-like candidate; no numeric summary until semantics are confirmed,Categórica o codificada según metadatos INE,Categórica o codificada según metadatos INE,Sin alerta heurística de cardinalidad.,Sin alerta heurística de cardinalidad.,"Etiqueta y metadatos importados del DDI oficial INE EH2025, archivo F27","Etiqueta y metadatos importados del DDI oficial INE EH2025, archivo F27",0,0,,,,,,,,,,,,,,,,,No aplicable: no es magnitud numérica confirmada,No aplicable: no es magnitud numérica confirmada,revisar códigos/categorías con el diccionario,revisar códigos/categorías con el diccionario,0,0,,,,,,,True,True,0,"Retener en el maestro; revisar perfil, universo, semántica y alertas"
s02a_01e,¿Está (...) registrada/o o afiliada/o a: Otro (Especifique) (s02a_01e),¿Está (...) registrada/o o afiliada/o a: Otro (Especifique),Sección 2: Salud,Todos los miembros del hogar,"Etiqueta y metadatos importados del DDI oficial INE EH2025, archivo F27","RETAIN IN MASTER; >80% global absence is an audit flag, not a deletion rule",39497,39497,2,2,99.9949,99.9949,39495,39495,39495,39495,0,0,0.0,0.0,not evaluated: variable domain is not confirmed,not evaluated: variable domain is not confirmed,39495,39495,99.9949,99.9949,80.0,80.0,"RETAIN IN MASTER; >80% global absence is an audit flag, not a deletion rule","RETAIN IN MASTER; >80% global absence is an audit flag, not a deletion rule",0,0,0,0,0,0,1,1,0.5,0.5,text/categorical or mixed,text/categorical or mixed,Texto; revisar si es respuesta abierta o categoría textual,Texto; revisar si es respuesta abierta o categoría textual,Sin alerta heurística de cardinalidad.,Sin alerta heurística de cardinalidad.,"Etiqueta y metadatos importados del DDI oficial INE EH2025, archivo F27","Etiqueta y metadatos importados del DDI oficial INE EH2025, archivo F27",0,0,,,,,,,,,,,,,,,,,No aplicable: no es magnitud numérica confirmada,No aplicable: no es magnitud numérica confirmada,revisar códigos/categorías con el diccionario,revisar códigos/categorías con el diccionario,0,0,,,,,,,True,True,0,"Retener en el maestro; revisar perfil, universo, semántica y alertas"
s02a_02a,A. puesto/centro/hospital de salud público? (s02a_02a),A. puesto/centro/hospital de salud público?,Sección 2: Salud,Todos los miembros del hogar,"Etiqueta y metadatos importados del DDI oficial INE EH2025, archivo F27",Retain in master; profile and review documented format/domain and outlier alerts,39497,39497,39497,39497,0.0,0.0,0,0,0,0,0,0,0.0,0.0,not evaluated: variable domain is not confirmed,not evaluated: variable domain is not confirmed,0,0,0.0,0.0,80.0,80.0,Retain in master; profile and review documented format/domain and outlier alerts,Retain in master; profile and review documented format/domain and outlier alerts,0,0,0,0,0,0,2,2,5.1e-05,5.1e-05,numeric-like candidate; no numeric summary until semantics are confirmed,numeric-like candidate; no numeric summary until semantics are confirmed,Categórica o codificada según metadatos INE,Categórica o codificada según metadatos INE,Sin alerta heurística de cardinalidad.,Sin alerta heurística de cardinalidad.,"Etiqueta y metadatos importados del DDI oficial INE EH2025, archivo F27","Etiqueta y metadatos importados del DDI oficial INE EH2025, archivo F27",0,0,,,,,,,,,,,,,,,,,No aplicable: no es magnitud numérica confirmada,No aplicable: no es magnitud numérica confirmada,revisar códigos/categorías con el diccionario,revisar códigos/categorías con el diccionario,0,0,,,,,,,True,True,0,"Retener en el maestro; revisar perfil, universo, semántica y alertas"
s02a_02b,B. cajas de salud (Caja Nacional de Salud/Caja de la Banca Privada/Caja Petrolera/ Banca Estatal/COSSMIL/Seguro Universitario u otras Cajas)? (s02a_02b),B. cajas de salud (Caja Nacional de Salud/Caja de la Banca Privada/Caja Petrolera/ Banca Estatal/COSSMIL/Seguro Universitario u otras Cajas)?,Sección 2: Salud,Todos los miembros del hogar,"Etiqueta y metadatos importados del DDI oficial INE EH2025, archivo F27",Retain in master; profile and review documented format/domain and outlier alerts,39497,39497,39497,39497,0.0,0.0,0,0,0,0,0,0,0.0,0.0,not evaluated: variable domain is not confirmed,not evaluated: variable domain is not confirmed,0,0,0.0,0.0,80.0,80.0,Retain in master; profile and review documented format/domain and outlier alerts,Retain in master; profile and review documented format/domain and outlier alerts,0,0,0,0,0,0,2,2,5.1e-05,5.1e-05,numeric-like candidate; no numeric summary until semantics are confirmed,numeric-like candidate; no numeric summary until semantics are confirmed,Categórica o codificada según metadatos INE,Categórica o codificada según metadatos INE,Sin alerta heurística de cardinalidad.,Sin alerta heurística de cardinalidad.,"Etiqueta y metadatos importados del DDI oficial INE EH2025, archivo F27","Etiqueta y metadatos importados del DDI oficial INE EH2025, archivo F27",0,0,,,,,,,,,,,,,,,,,No aplicable: no es magnitud numérica confirmada,No aplicable: no es magnitud numérica confirmada,revisar códigos/categorías con el diccionario,revisar códigos/categorías con el diccionario,0,0,,,,,,,True,True,0,"Retener en el maestro; revisar perfil, universo, semántica y alertas"
s02a_02c,C. consultorio/clínica/hospital de salud privados? (s02a_02c),C. consultorio/clínica/hospital de salud privados?,Sección 2: Salud,Todos los miembros del hogar,"Etiqueta y metadatos importados del DDI oficial INE EH2025, archivo F27",Retain in master; profile and review documented format/domain and outlier alerts,39497,39497,39497,39497,0.0,0.0,0,0,0,0,0,0,0.0,0.0,not evaluated: variable domain is not confirmed,not evaluated: variable domain is not confirmed,0,0,0.0,0.0,80.0,80.0,Retain in master; profile and review documented format/domain and outlier alerts,Retain in master; profile and review documented format/domain and outlier alerts,0,0,0,0,0,0,2,2,5.1e-05,5.1e-05,numeric-like candidate; no numeric summary until semantics are confirmed,numeric-like candidate; no numeric summary until semantics are confirmed,Categórica o codificada según metadatos INE,Categórica o codificada según metadatos INE,Sin alerta heurística de cardinalidad.,Sin alerta heurística de cardinalidad.,"Etiqueta y metadatos importados del DDI oficial INE EH2025, archivo F27","Etiqueta y metadatos importados del DDI oficial INE EH2025, archivo F27",0,0,,,,,,,,,,,,,,,,,No aplicable: no es magnitud numérica confirmada,No aplicable: no es magnitud numérica confirmada,revisar códigos/categorías con el diccionario,revisar códigos/categorías con el diccionario,0,0,,,,,,,True,True,0,"Retener en el maestro; revisar perfil, universo, semántica y alertas"
s02a_02d,D. atención médica en domicilio? (s02a_02d),D. atención médica en domicilio?,Sección 2: Salud,Todos los miembros del hogar,"Etiqueta y metadatos importados del DDI oficial INE EH2025, archivo F27",Retain in master; profile and review documented format/domain and outlier alerts,39497,39497,39497,39497,0.0,0.0,0,0,0,0,0,0,0.0,0.0,not evaluated: variable domain is not confirmed,not evaluated: variable domain is not confirmed,0,0,0.0,0.0,80.0,80.0,Retain in master; profile and review documented format/domain and outlier alerts,Retain in master; profile and review documented format/domain and outlier alerts,0,0,0,0,0,0,2,2,5.1e-05,5.1e-05,numeric-like candidate; no numeric summary until semantics are confirmed,numeric-like candidate; no numeric summary until semantics are confirmed,Categórica o codificada según metadatos INE,Categórica o codificada según metadatos INE,Sin alerta heurística de cardinalidad.,Sin alerta heurística de cardinalidad.,"Etiqueta y metadatos importados del DDI oficial INE EH2025, archivo F27","Etiqueta y metadatos importados del DDI oficial INE EH2025, archivo F27",0,0,,,,,,,,,,,,,,,,,No aplicable: no es magnitud numérica confirmada,No aplicable: no es magnitud numérica confirmada,revisar códigos/categorías con el diccionario,revisar códigos/categorías con el diccionario,0,0,,,,,,,True,True,0,"Retener en el maestro; revisar perfil, universo, semántica y alertas"
s02a_02e,E. servicios de medicina tradicional ancestral? (s02a_02e),E. servicios de medicina tradicional ancestral?,Sección 2: Salud,Todos los miembros del hogar,"Etiqueta y metadatos importados del DDI oficial INE EH2025, archivo F27",Retain in master; profile and review documented format/domain and outlier alerts,39497,39497,39497,39497,0.0,0.0,0,0,0,0,0,0,0.0,0.0,not evaluated: variable domain is not confirmed,not evaluated: variable domain is not confirmed,0,0,0.0,0.0,80.0,80.0,Retain in master; profile and review documented format/domain and outlier alerts,Retain in master; profile and review documented format/domain and outlier alerts,0,0,0,0,0,0,2,2,5.1e-05,5.1e-05,numeric-like candidate; no numeric summary until semantics are confirmed,numeric-like candidate; no numeric summary until semantics are confirmed,Categórica o codificada según metadatos INE,Categórica o codificada según metadatos INE,Sin alerta heurística de cardinalidad.,Sin alerta heurística de cardinalidad.,"Etiqueta y metadatos importados del DDI oficial INE EH2025, archivo F27","Etiqueta y metadatos importados del DDI oficial INE EH2025, archivo F27",0,0,,,,,,,,,,,,,,,,,No aplicable: no es magnitud numérica confirmada,No aplicable: no es magnitud numérica confirmada,revisar códigos/categorías con el diccionario,revisar códigos/categorías con el diccionario,0,0,,,,,,,True,True,0,"Retener en el maestro; revisar perfil, universo, semántica y alertas"
s02a_02f,F. soluciones caseras? (s02a_02f),F. soluciones caseras?,Sección 2: Salud,Todos los miembros del hogar,"Etiqueta y metadatos importados del DDI oficial INE EH2025, archivo F27",Retain in master; profile and review documented format/domain and outlier alerts,39497,39497,39497,39497,0.0,0.0,0,0,0,0,0,0,0.0,0.0,not evaluated: variable domain is not confirmed,not evaluated: variable domain is not confirmed,0,0,0.0,0.0,80.0,80.0,Retain in master; profile and review documented format/domain and outlier alerts,Retain in master; profile and review documented format/domain and outlier alerts,0,0,0,0,0,0,2,2,5.1e-05,5.1e-05,numeric-like candidate; no numeric summary until semantics are confirmed,numeric-like candidate; no numeric summary until semantics are confirmed,Categórica o codificada según metadatos INE,Categórica o codificada según metadatos INE,Sin alerta heurística de cardinalidad.,Sin alerta heurística de cardinalidad.,"Etiqueta y metadatos importados del DDI oficial INE EH2025, archivo F27","Etiqueta y metadatos importados del DDI oficial INE EH2025, archivo F27",0,0,,,,,,,,,,,,,,,,,No aplicable: no es magnitud numérica confirmada,No aplicable: no es magnitud numérica confirmada,revisar códigos/categorías con el diccionario,revisar códigos/categorías con el diccionario,0,0,,,,,,,True,True,0,"Retener en el maestro; revisar perfil, universo, semántica y alertas"
s02a_02g,G. farmacia sin receta médica (automedicación)? (s02a_02g),G. farmacia sin receta médica (automedicación)?,Sección 2: Salud,Todos los miembros del hogar,"Etiqueta y metadatos importados del DDI oficial INE EH2025, archivo F27",Retain in master; profile and review documented format/domain and outlier alerts,39497,39497,39497,39497,0.0,0.0,0,0,0,0,0,0,0.0,0.0,not evaluated: variable domain is not confirmed,not evaluated: variable domain is not confirmed,0,0,0.0,0.0,80.0,80.0,Retain in master; profile and review documented format/domain and outlier alerts,Retain in master; profile and review documented format/domain and outlier alerts,0,0,0,0,0,0,2,2,5.1e-05,5.1e-05,numeric-like candidate; no numeric summary until semantics are confirmed,numeric-like candidate; no numeric summary until semantics are confirmed,Categórica o codificada según metadatos INE,Categórica o codificada según metadatos INE,Sin alerta heurística de cardinalidad.,Sin alerta heurística de cardinalidad.,"Etiqueta y metadatos importados del DDI oficial INE EH2025, archivo F27","Etiqueta y metadatos importados del DDI oficial INE EH2025, archivo F27",0,0,,,,,,,,,,,,,,,,,No aplicable: no es magnitud numérica confirmada,No aplicable: no es magnitud numérica confirmada,revisar códigos/categorías con el diccionario,revisar códigos/categorías con el diccionario,0,0,,,,,,,True,True,0,"Retener en el maestro; revisar perfil, universo, semántica y alertas"
s02a_02h,H. otro? (especifique) (s02a_02h),H. otro? (especifique),Sección 2: Salud,Todos los miembros del hogar,"Etiqueta y metadatos importados del DDI oficial INE EH2025, archivo F27",Retain in master; profile and review documented format/domain and outlier alerts,39497,39497,39497,39497,0.0,0.0,0,0,0,0,0,0,0.0,0.0,not evaluated: variable domain is not confirmed,not evaluated: variable domain is not confirmed,0,0,0.0,0.0,80.0,80.0,Retain in master; profile and review documented format/domain and outlier alerts,Retain in master; profile and review documented format/domain and outlier alerts,0,0,0,0,0,0,2,2,5.1e-05,5.1e-05,numeric-like candidate; no numeric summary until semantics are confirmed,numeric-like candidate; no numeric summary until semantics are confirmed,Categórica o codificada según metadatos INE,Categórica o codificada según metadatos INE,Sin alerta heurística de cardinalidad.,Sin alerta heurística de cardinalidad.,"Etiqueta y metadatos importados del DDI oficial INE EH2025, archivo F27","Etiqueta y metadatos importados del DDI oficial INE EH2025, archivo F27",0,0,,,,,,,,,,,,,,,,,No aplicable: no es magnitud numérica confirmada,No aplicable: no es magnitud numérica confirmada,revisar códigos/categorías con el diccionario,revisar códigos/categorías con el diccionario,0,0,,,,,,,True,True,0,"Retener en el maestro; revisar perfil, universo, semántica y alertas"
s02a_02he,"En los últimos 12 meses, por problemas de salud, ¿acudió o se atendió en… H. otro? (especifique) (s02a_02he)","En los últimos 12 meses, por problemas de salud, ¿acudió o se atendió en… H. otro? (especifique)",Sección 2: Salud,Todos los miembros del hogar,"Etiqueta y metadatos importados del DDI oficial INE EH2025, archivo F27","RETAIN IN MASTER; >80% global absence is an audit flag, not a deletion rule",39497,39497,6,6,99.9848,99.9848,39491,39491,39491,39491,0,0,0.0,0.0,not evaluated: variable domain is not confirmed,not evaluated: variable domain is not confirmed,39491,39491,99.9848,99.9848,80.0,80.0,"RETAIN IN MASTER; >80% global absence is an audit flag, not a deletion rule","RETAIN IN MASTER; >80% global absence is an audit flag, not a deletion rule",0,0,0,0,0,0,4,4,0.666667,0.666667,text/categorical or mixed,text/categorical or mixed,Texto; revisar si es respuesta abierta o categoría textual,Texto; revisar si es respuesta abierta o categoría textual,Sin alerta heurística de cardinalidad.,Sin alerta heurística de cardinalidad.,"Etiqueta y metadatos importados del DDI oficial INE EH2025, archivo F27","Etiqueta y metadatos importados del DDI oficial INE EH2025, archivo F27",0,0,,,,,,,,,,,,,,,,,No aplicable: no es magnitud numérica confirmada,No aplicable: no es magnitud numérica confirmada,revisar códigos/categorías con el diccionario,revisar códigos/categorías con el diccionario,0,0,,,,,,,True,True,0,"Retener en el maestro; revisar perfil, universo, semántica y alertas"
s02a_03a,"En los últimos 12 meses, ¿cuánto tuvo que pagar el hogar por los cuidados de salud de (…) por concepto de: A. Servicios médicos por consulta externa: (s02a_03a)","En los últimos 12 meses, ¿cuánto tuvo que pagar el hogar por los cuidados de salud de (…) por concepto de: A. Servicios médicos por consulta externa:",Sección 2: Salud,Todos los miembros del hogar,"Etiqueta y metadatos importados del DDI oficial INE EH2025, archivo F27",Retain in master; profile and review documented format/domain and outlier alerts,39497,39497,39497,39497,0.0,0.0,0,0,0,0,0,0,0.0,0.0,numeric format checked; range/domain not confirmed,numeric format checked; range/domain not confirmed,0,0,0.0,0.0,80.0,80.0,Retain in master; profile and review documented format/domain and outlier alerts,Retain in master; profile and review documented format/domain and outlier alerts,0,0,0,0,33021,33021,156,156,0.00395,0.00395,numeric-like; semantic quantitative type provisionally documented,numeric-like; semantic quantitative type provisionally documented,Cuantitativa discreta/derivada según etiqueta INE,Cuantitativa discreta/derivada según etiqueta INE,Sin alerta heurística de cardinalidad.,Sin alerta heurística de cardinalidad.,"Etiqueta y metadatos importados del DDI oficial INE EH2025, archivo F27","Etiqueta y metadatos importados del DDI oficial INE EH2025, archivo F27",39497,39497,0.0,0.0,50000.0,50000.0,85.32777172949844,85.32777172949844,618.1572534399586,618.1572534399586,0.0,0.0,0.0,0.0,0.0,0.0,0.0,0.0,IQR exploratorio × 1.5,IQR exploratorio × 1.5,IQR cero; alertas no clasificadas automáticamente,IQR cero; alertas no clasificadas automáticamente,0,0,,,,,,,True,True,0,"Retener en el maestro; revisar perfil, universo, semántica y alertas"
s02a_03b,"En los últimos 12 meses, ¿cuánto tuvo que pagar el hogar por los cuidados de salud de (…) por concepto de: B. Aparatos: (s02a_03b)","En los últimos 12 meses, ¿cuánto tuvo que pagar el hogar por los cuidados de salud de (…) por concepto de: B. Aparatos:",Sección 2: Salud,Todos los miembros del hogar,"Etiqueta y metadatos importados del DDI oficial INE EH2025, archivo F27",Retain in master; profile and review documented format/domain and outlier alerts,39497,39497,39497,39497,0.0,0.0,0,0,0,0,0,0,0.0,0.0,numeric format checked; range/domain not confirmed,numeric format checked; range/domain not confirmed,0,0,0.0,0.0,80.0,80.0,Retain in master; profile and review documented format/domain and outlier alerts,Retain in master; profile and review documented format/domain and outlier alerts,0,0,0,0,38133,38133,119,119,0.003013,0.003013,numeric-like; semantic quantitative type provisionally documented,numeric-like; semantic quantitative type provisionally documented,Cuantitativa discreta/derivada según etiqueta INE,Cuantitativa discreta/derivada según etiqueta INE,Sin alerta heurística de cardinalidad.,Sin alerta heurística de cardinalidad.,"Etiqueta y metadatos importados del DDI oficial INE EH2025, archivo F27","Etiqueta y metadatos importados del DDI oficial INE EH2025, archivo F27",39497,39497,0.0,0.0,100000.0,100000.0,43.870293946375675,43.870293946375675,786.9007166150597,786.9007166150597,0.0,0.0,0.0,0.0,0.0,0.0,0.0,0.0,IQR exploratorio × 1.5,IQR exploratorio × 1.5,IQR cero; alertas no clasificadas automáticamente,IQR cero; alertas no clasificadas automáticamente,0,0,,,,,,,True,True,0,"Retener en el maestro; revisar perfil, universo, semántica y alertas"
s02a_03c,"En los últimos 12 meses, ¿cuánto tuvo que pagar el hogar por los cuidados de salud de (…) por concepto de: C. Internación hospitalaria: (s02a_03c)","En los últimos 12 meses, ¿cuánto tuvo que pagar el hogar por los cuidados de salud de (…) por concepto de: C. Internación hospitalaria:",Sección 2: Salud,Todos los miembros del hogar,"Etiqueta y metadatos importados del DDI oficial INE EH2025, archivo F27",Retain in master; profile and review documented format/domain and outlier alerts,39497,39497,39497,39497,0.0,0.0,0,0,0,0,0,0,0.0,0.0,numeric format checked; range/domain not confirmed,numeric format checked; range/domain not confirmed,0,0,0.0,0.0,80.0,80.0,Retain in master; profile and review documented format/domain and outlier alerts,Retain in master; profile and review documented format/domain and outlier alerts,0,0,0,0,38937,38937,95,95,0.002405,0.002405,numeric-like; semantic quantitative type provisionally documented,numeric-like; semantic quantitative type provisionally documented,Cuantitativa discreta/derivada según etiqueta INE,Cuantitativa discreta/derivada según etiqueta INE,Sin alerta heurística de cardinalidad.,Sin alerta heurística de cardinalidad.,"Etiqueta y metadatos importados del DDI oficial INE EH2025, archivo F27","Etiqueta y metadatos importados del DDI oficial INE EH2025, archivo F27",39497,39497,0.0,0.0,50000.0,50000.0,74.10790692964022,74.10790692964022,1055.1373280496084,1055.1373280496084,0.0,0.0,0.0,0.0,0.0,0.0,0.0,0.0,IQR exploratorio × 1.5,IQR exploratorio × 1.5,IQR cero; alertas no clasificadas automáticamente,IQR cero; alertas no clasificadas automáticamente,0,0,,,,,,,True,True,0,"Retener en el maestro; revisar perfil, universo, semántica y alertas"
s02a_03d,"En los últimos 12 meses, ¿cuánto tuvo que pagar el hogar por los cuidados de salud de (…) por concepto de: D. Exámenes o servicio de ambulancia: (s02a_03d)","En los últimos 12 meses, ¿cuánto tuvo que pagar el hogar por los cuidados de salud de (…) por concepto de: D. Exámenes o servicio de ambulancia:",Sección 2: Salud,Todos los miembros del hogar,"Etiqueta y metadatos importados del DDI oficial INE EH2025, archivo F27",Retain in master; profile and review documented format/domain and outlier alerts,39497,39497,39497,39497,0.0,0.0,0,0,0,0,0,0,0.0,0.0,numeric format checked; range/domain not confirmed,numeric format checked; range/domain not confirmed,0,0,0.0,0.0,80.0,80.0,Retain in master; profile and review documented format/domain and outlier alerts,Retain in master; profile and review documented format/domain and outlier alerts,0,0,0,0,37560,37560,123,123,0.003114,0.003114,numeric-like; semantic quantitative type provisionally documented,numeric-like; semantic quantitative type provisionally documented,Cuantitativa discreta/derivada según etiqueta INE,Cuantitativa discreta/derivada según etiqueta INE,Sin alerta heurística de cardinalidad.,Sin alerta heurística de cardinalidad.,"Etiqueta y metadatos importados del DDI oficial INE EH2025, archivo F27","Etiqueta y metadatos importados del DDI oficial INE EH2025, archivo F27",39497,39497,0.0,0.0,96000.0,96000.0,36.39549839228296,36.39549839228296,563.4279593225334,563.4279593225334,0.0,0.0,0.0,0.0,0.0,0.0,0.0,0.0,IQR exploratorio × 1.5,IQR exploratorio × 1.5,IQR cero; alertas no clasificadas automáticamente,IQR cero; alertas no clasificadas automáticamente,0,0,,,,,,,True,True,0,"Retener en el maestro; revisar perfil, universo, semántica y alertas"
s02a_03e,"En los últimos 12 meses, ¿cuánto tuvo que pagar el hogar por los cuidados de salud de (…) por concepto de: E. Medicinas: (s02a_03e)","En los últimos 12 meses, ¿cuánto tuvo que pagar el hogar por los cuidados de salud de (…) por concepto de: E. Medicinas:",Sección 2: Salud,Todos los miembros del hogar,"Etiqueta y metadatos importados del DDI oficial INE EH2025, archivo F27",Retain in master; profile and review documented format/domain and outlier alerts,39497,39497,39497,39497,0.0,0.0,0,0,0,0,0,0,0.0,0.0,numeric format checked; range/domain not confirmed,numeric format checked; range/domain not confirmed,0,0,0.0,0.0,80.0,80.0,Retain in master; profile and review documented format/domain and outlier alerts,Retain in master; profile and review documented format/domain and outlier alerts,0,0,0,0,7567,7567,345,345,0.008735,0.008735,numeric-like; semantic quantitative type provisionally documented,numeric-like; semantic quantitative type provisionally documented,Cuantitativa discreta/derivada según etiqueta INE,Cuantitativa discreta/derivada según etiqueta INE,Sin alerta heurística de cardinalidad.,Sin alerta heurística de cardinalidad.,"Etiqueta y metadatos importados del DDI oficial INE EH2025, archivo F27","Etiqueta y metadatos importados del DDI oficial INE EH2025, archivo F27",39497,39497,0.0,0.0,84000.0,84000.0,233.22176367825404,233.22176367825404,874.691598108151,874.691598108151,20.0,20.0,80.0,80.0,200.0,200.0,180.0,180.0,IQR exploratorio × 1.5,IQR exploratorio × 1.5,alerta estadística; requiere revisión semántica,alerta estadística; requiere revisión semántica,4407,4407,11.157809453882575,11.157809453882575,-250.0,-250.0,470.0,470.0,True,True,0,"Retener en el maestro; revisar perfil, universo, semántica y alertas"
s02a_04a,"¿Tiene (…) dificultad permanente para… A. ver, incluso cuando usa lentes? (s02a_04a)","¿Tiene (…) dificultad permanente para… A. ver, incluso cuando usa lentes?",Sección 2: Salud,Todos los miembros del hogar,"Etiqueta y metadatos importados del DDI oficial INE EH2025, archivo F27",Retain in master; profile and review documented format/domain and outlier alerts,39497,39497,39497,39497,0.0,0.0,0,0,0,0,0,0,0.0,0.0,not evaluated: variable domain is not confirmed,not evaluated: variable domain is not confirmed,0,0,0.0,0.0,80.0,80.0,Retain in master; profile and review documented format/domain and outlier alerts,Retain in master; profile and review documented format/domain and outlier alerts,0,0,0,0,0,0,4,4,0.000101,0.000101,numeric-like candidate; no numeric summary until semantics are confirmed,numeric-like candidate; no numeric summary until semantics are confirmed,Categórica o codificada según metadatos INE,Categórica o codificada según metadatos INE,Sin alerta heurística de cardinalidad.,Sin alerta heurística de cardinalidad.,"Etiqueta y metadatos importados del DDI oficial INE EH2025, archivo F27","Etiqueta y metadatos importados del DDI oficial INE EH2025, archivo F27",0,0,,,,,,,,,,,,,,,,,No aplicable: no es magnitud numérica confirmada,No aplicable: no es magnitud numérica confirmada,revisar códigos/categorías con el diccionario,revisar códigos/categorías con el diccionario,0,0,,,,,,,True,True,0,"Retener en el maestro; revisar perfil, universo, semántica y alertas"
s02a_04b,"¿Tiene (…) dificultad permanente para… B. oír, incluso cuando usa audífonos? (s02a_04b)","¿Tiene (…) dificultad permanente para… B. oír, incluso cuando usa audífonos?",Sección 2: Salud,Todos los miembros del hogar,"Etiqueta y metadatos importados del DDI oficial INE EH2025, archivo F27",Retain in master; profile and review documented format/domain and outlier alerts,39497,39497,39497,39497,0.0,0.0,0,0,0,0,0,0,0.0,0.0,not evaluated: variable domain is not confirmed,not evaluated: variable domain is not confirmed,0,0,0.0,0.0,80.0,80.0,Retain in master; profile and review documented format/domain and outlier alerts,Retain in master; profile and review documented format/domain and outlier alerts,0,0,0,0,0,0,4,4,0.000101,0.000101,numeric-like candidate; no numeric summary until semantics are confirmed,numeric-like candidate; no numeric summary until semantics are confirmed,Categórica o codificada según metadatos INE,Categórica o codificada según metadatos INE,Sin alerta heurística de cardinalidad.,Sin alerta heurística de cardinalidad.,"Etiqueta y metadatos importados del DDI oficial INE EH2025, archivo F27","Etiqueta y metadatos importados del DDI oficial INE EH2025, archivo F27",0,0,,,,,,,,,,,,,,,,,No aplicable: no es magnitud numérica confirmada,No aplicable: no es magnitud numérica confirmada,revisar códigos/categorías con el diccionario,revisar códigos/categorías con el diccionario,0,0,,,,,,,True,True,0,"Retener en el maestro; revisar perfil, universo, semántica y alertas"
s02a_04c,"¿Tiene (…) dificultad permanente para… C. caminar, subir gradas, usar brazos o manos? (s02a_04c)","¿Tiene (…) dificultad permanente para… C. caminar, subir gradas, usar brazos o manos?",Sección 2: Salud,Todos los miembros del hogar,"Etiqueta y metadatos importados del DDI oficial INE EH2025, archivo F27",Retain in master; profile and review documented format/domain and outlier alerts,39497,39497,39497,39497,0.0,0.0,0,0,0,0,0,0,0.0,0.0,numeric format checked; range/domain not confirmed,numeric format checked; range/domain not confirmed,0,0,0.0,0.0,80.0,80.0,Retain in master; profile and review documented format/domain and outlier alerts,Retain in master; profile and review documented format/domain and outlier alerts,0,0,0,0,0,0,4,4,0.000101,0.000101,numeric-like; semantic quantitative type provisionally documented,numeric-like; semantic quantitative type provisionally documented,Cuantitativa discreta/derivada según etiqueta INE,Cuantitativa discreta/derivada según etiqueta INE,Sin alerta heurística de cardinalidad.,Sin alerta heurística de cardinalidad.,"Etiqueta y metadatos importados del DDI oficial INE EH2025, archivo F27","Etiqueta y metadatos importados del DDI oficial INE EH2025, archivo F27",39497,39497,1.0,1.0,4.0,4.0,1.0492189280198496,1.0492189280198496,0.2554013631276412,0.2554013631276412,1.0,1.0,1.0,1.0,1.0,1.0,0.0,0.0,IQR exploratorio × 1.5,IQR exploratorio × 1.5,IQR cero; alertas no clasificadas automáticamente,IQR cero; alertas no clasificadas automáticamente,0,0,,,,,,,True,True,0,"Retener en el maestro; revisar perfil, universo, semántica y alertas"
s02a_04d,"¿Tiene (…) dificultad permanente para… D. Comunicarse, aprender, concentrarse o razonar? (s02a_04d)","¿Tiene (…) dificultad permanente para… D. Comunicarse, aprender, concentrarse o razonar?",Sección 2: Salud,Todos los miembros del hogar,"Etiqueta y metadatos importados del DDI oficial INE EH2025, archivo F27",Retain in master; profile and review documented format/domain and outlier alerts,39497,39497,39497,39497,0.0,0.0,0,0,0,0,0,0,0.0,0.0,not evaluated: variable domain is not confirmed,not evaluated: variable domain is not confirmed,0,0,0.0,0.0,80.0,80.0,Retain in master; profile and review documented format/domain and outlier alerts,Retain in master; profile and review documented format/domain and outlier alerts,0,0,0,0,0,0,4,4,0.000101,0.000101,numeric-like candidate; no numeric summary until semantics are confirmed,numeric-like candidate; no numeric summary until semantics are confirmed,Categórica o codificada según metadatos INE,Categórica o codificada según metadatos INE,Sin alerta heurística de cardinalidad.,Sin alerta heurística de cardinalidad.,"Etiqueta y metadatos importados del DDI oficial INE EH2025, archivo F27","Etiqueta y metadatos importados del DDI oficial INE EH2025, archivo F27",0,0,,,,,,,,,,,,,,,,,No aplicable: no es magnitud numérica confirmada,No aplicable: no es magnitud numérica confirmada,revisar códigos/categorías con el diccionario,revisar códigos/categorías con el diccionario,0,0,,,,,,,True,True,0,"Retener en el maestro; revisar perfil, universo, semántica y alertas"
s02a_05,¿(…) fue registrada(o) en el Sistema de información del Programa de Registro Único Nacional de Personas con Discapacidad (SIPRUNPCD) del Ministerio de Salud y Deportes o en el Sistema de Control de Afiliados (SICOA) del Instituto Boliviano de la Ceguera? (s02a_05),¿(…) fue registrada(o) en el Sistema de información del Programa de Registro Único Nacional de Personas con Discapacidad (SIPRUNPCD) del Ministerio de Salud y Deportes o en el Sistema de Control de Afiliados (SICOA) del Instituto Boliviano de la Ceguera?,Sección 2: Salud,Todos los miembros del hogar,"Etiqueta y metadatos importados del DDI oficial INE EH2025, archivo F27","RETAIN IN MASTER; >80% global absence is an audit flag, not a deletion rule",39497,39497,4064,4064,89.7106,89.7106,0,0,35433,35433,0,0,0.0,0.0,numeric format checked; range/domain not confirmed,numeric format checked; range/domain not confirmed,35433,35433,89.7106,89.7106,80.0,80.0,"RETAIN IN MASTER; >80% global absence is an audit flag, not a deletion rule","RETAIN IN MASTER; >80% global absence is an audit flag, not a deletion rule",0,0,35433,35433,0,0,4,4,0.000984,0.000984,numeric-like; semantic quantitative type provisionally documented,numeric-like; semantic quantitative type provisionally documented,Cuantitativa monetaria según etiqueta INE,Cuantitativa monetaria según etiqueta INE,Sin alerta heurística de cardinalidad.,Sin alerta heurística de cardinalidad.,"Etiqueta y metadatos importados del DDI oficial INE EH2025, archivo F27","Etiqueta y metadatos importados del DDI oficial INE EH2025, archivo F27",4064,4064,1.0,1.0,4.0,4.0,3.8518700787401574,3.8518700787401574,0.6370359980110183,0.6370359980110183,4.0,4.0,4.0,4.0,4.0,4.0,0.0,0.0,IQR exploratorio × 1.5,IQR exploratorio × 1.5,IQR cero; alertas no clasificadas automáticamente,IQR cero; alertas no clasificadas automáticamente,0,0,,,,,,,True,True,0,"Retener en el maestro; revisar perfil, universo, semántica y alertas"
s02b_06,¿Está o estuvo alguna vez embarazada? (s02b_06),¿Está o estuvo alguna vez embarazada?,Sección 2: Salud,Mujeres entre 13 y 50 años,"Etiqueta y metadatos importados del DDI oficial INE EH2025, archivo F27",Retain in master; profile and review documented format/domain and outlier alerts,39497,39497,11328,11328,71.3193,71.3193,0,0,28169,28169,0,0,0.0,0.0,not evaluated: variable domain is not confirmed,not evaluated: variable domain is not confirmed,28169,28169,71.3193,71.3193,80.0,80.0,Retain in master; profile and review documented format/domain and outlier alerts,Retain in master; profile and review documented format/domain and outlier alerts,0,0,28169,28169,0,0,3,3,0.000265,0.000265,numeric-like candidate; no numeric summary until semantics are confirmed,numeric-like candidate; no numeric summary until semantics are confirmed,Categórica o codificada según metadatos INE,Categórica o codificada según metadatos INE,Sin alerta heurística de cardinalidad.,Sin alerta heurística de cardinalidad.,"Etiqueta y metadatos importados del DDI oficial INE EH2025, archivo F27","Etiqueta y metadatos importados del DDI oficial INE EH2025, archivo F27",0,0,,,,,,,,,,,,,,,,,No aplicable: no es magnitud numérica confirmada,No aplicable: no es magnitud numérica confirmada,revisar códigos/categorías con el diccionario,revisar códigos/categorías con el diccionario,0,0,,,,,,,True,True,0,"Retener en el maestro; revisar perfil, universo, semántica y alertas"
s02b_06b,¿Está o estuvo alguna vez embarazada? ¿Cuántas veces? (incluyendo el actual embarazo) (s02b_06b),¿Está o estuvo alguna vez embarazada? ¿Cuántas veces? (incluyendo el actual embarazo),Sección 2: Salud,Mujeres entre 13 y 50 años,"Etiqueta y metadatos importados del DDI oficial INE EH2025, archivo F27","RETAIN IN MASTER; >80% global absence is an audit flag, not a deletion rule",39497,39497,6456,6456,83.6545,83.6545,0,0,33041,33041,0,0,0.0,0.0,numeric format checked; range/domain not confirmed,numeric format checked; range/domain not confirmed,33041,33041,83.6545,83.6545,80.0,80.0,"RETAIN IN MASTER; >80% global absence is an audit flag, not a deletion rule","RETAIN IN MASTER; >80% global absence is an audit flag, not a deletion rule",0,0,33041,33041,0,0,15,15,0.002323,0.002323,numeric-like; semantic quantitative type provisionally documented,numeric-like; semantic quantitative type provisionally documented,Cuantitativa discreta/derivada según etiqueta INE,Cuantitativa discreta/derivada según etiqueta INE,Sin alerta heurística de cardinalidad.,Sin alerta heurística de cardinalidad.,"Etiqueta y metadatos importados del DDI oficial INE EH2025, archivo F27","Etiqueta y metadatos importados del DDI oficial INE EH2025, archivo F27",6456,6456,1.0,1.0,15.0,15.0,2.62360594795539,2.62360594795539,1.6042817636903157,1.6042817636903157,1.0,1.0,2.0,2.0,3.0,3.0,2.0,2.0,IQR exploratorio × 1.5,IQR exploratorio × 1.5,alerta estadística; requiere revisión semántica,alerta estadística; requiere revisión semántica,186,186,2.8810408921933086,2.8810408921933086,-2.0,-2.0,6.0,6.0,True,True,0,"Retener en el maestro; revisar perfil, universo, semántica y alertas"
s02b_07,¿Cuántas hijas e hijos nacidos vivos ha tenido? (aunque después hayan muerto) (s02b_07),¿Cuántas hijas e hijos nacidos vivos ha tenido? (aunque después hayan muerto),Sección 2: Salud,Mujeres entre 13 y 50 años,"Etiqueta y metadatos importados del DDI oficial INE EH2025, archivo F27","RETAIN IN MASTER; >80% global absence is an audit flag, not a deletion rule",39497,39497,6456,6456,83.6545,83.6545,0,0,33041,33041,0,0,0.0,0.0,not evaluated: variable domain is not confirmed,not evaluated: variable domain is not confirmed,33041,33041,83.6545,83.6545,80.0,80.0,"RETAIN IN MASTER; >80% global absence is an audit flag, not a deletion rule","RETAIN IN MASTER; >80% global absence is an audit flag, not a deletion rule",0,0,33041,33041,117,117,15,15,0.002323,0.002323,numeric-like candidate; no numeric summary until semantics are confirmed,numeric-like candidate; no numeric summary until semantics are confirmed,Categórica o codificada según metadatos INE,Categórica o codificada según metadatos INE,Sin alerta heurística de cardinalidad.,Sin alerta heurística de cardinalidad.,"Etiqueta y metadatos importados del DDI oficial INE EH2025, archivo F27","Etiqueta y metadatos importados del DDI oficial INE EH2025, archivo F27",0,0,,,,,,,,,,,,,,,,,No aplicable: no es magnitud numérica confirmada,No aplicable: no es magnitud numérica confirmada,revisar códigos/categorías con el diccionario,revisar códigos/categorías con el diccionario,0,0,,,,,,,True,True,0,"Retener en el maestro; revisar perfil, universo, semántica y alertas"
s02b_08,De ellos ¿Cuántos están vivos actualmente? (s02b_08),De ellos ¿Cuántos están vivos actualmente?,Sección 2: Salud,Mujeres entre 13 y 50 años,"Etiqueta y metadatos importados del DDI oficial INE EH2025, archivo F27","RETAIN IN MASTER; >80% global absence is an audit flag, not a deletion rule",39497,39497,6339,6339,83.9507,83.9507,0,0,33158,33158,0,0,0.0,0.0,not evaluated: variable domain is not confirmed,not evaluated: variable domain is not confirmed,33158,33158,83.9507,83.9507,80.0,80.0,"RETAIN IN MASTER; >80% global absence is an audit flag, not a deletion rule","RETAIN IN MASTER; >80% global absence is an audit flag, not a deletion rule",0,0,33158,33158,14,14,13,13,0.002051,0.002051,numeric-like candidate; no numeric summary until semantics are confirmed,numeric-like candidate; no numeric summary until semantics are confirmed,Categórica o codificada según metadatos INE,Categórica o codificada según metadatos INE,Sin alerta heurística de cardinalidad.,Sin alerta heurística de cardinalidad.,"Etiqueta y metadatos importados del DDI oficial INE EH2025, archivo F27","Etiqueta y metadatos importados del DDI oficial INE EH2025, archivo F27",0,0,,,,,,,,,,,,,,,,,No aplicable: no es magnitud numérica confirmada,No aplicable: no es magnitud numérica confirmada,revisar códigos/categorías con el diccionario,revisar códigos/categorías con el diccionario,0,0,,,,,,,True,True,0,"Retener en el maestro; revisar perfil, universo, semántica y alertas"
s02b_09a,¿En qué mes y año nació su última hija o hijo nacido vivo? (aunque después haya muerto) Mes. (s02b_09a),¿En qué mes y año nació su última hija o hijo nacido vivo? (aunque después haya muerto) Mes.,Sección 2: Salud,Mujeres entre 13 y 50 años,"Etiqueta y metadatos importados del DDI oficial INE EH2025, archivo F27","RETAIN IN MASTER; >80% global absence is an audit flag, not a deletion rule",39497,39497,6339,6339,83.9507,83.9507,0,0,33158,33158,0,0,0.0,0.0,numeric format checked; range/domain not confirmed,numeric format checked; range/domain not confirmed,33158,33158,83.9507,83.9507,80.0,80.0,"RETAIN IN MASTER; >80% global absence is an audit flag, not a deletion rule","RETAIN IN MASTER; >80% global absence is an audit flag, not a deletion rule",0,0,33158,33158,0,0,12,12,0.001893,0.001893,numeric-like; semantic quantitative type provisionally documented,numeric-like; semantic quantitative type provisionally documented,Cuantitativa discreta/derivada según etiqueta INE,Cuantitativa discreta/derivada según etiqueta INE,Sin alerta heurística de cardinalidad.,Sin alerta heurística de cardinalidad.,"Etiqueta y metadatos importados del DDI oficial INE EH2025, archivo F27","Etiqueta y metadatos importados del DDI oficial INE EH2025, archivo F27",6339,6339,1.0,1.0,12.0,12.0,6.376715570279224,6.376715570279224,3.3936161184563445,3.3936161184563445,3.0,3.0,6.0,6.0,9.0,9.0,6.0,6.0,IQR exploratorio × 1.5,IQR exploratorio × 1.5,alerta estadística; requiere revisión semántica,alerta estadística; requiere revisión semántica,0,0,0.0,0.0,-6.0,-6.0,18.0,18.0,True,True,0,"Retener en el maestro; revisar perfil, universo, semántica y alertas"
s02b_09b,¿En qué mes y año nació su última hija o hijo nacido vivo? (aunque después haya muerto) Año. (s02b_09b),¿En qué mes y año nació su última hija o hijo nacido vivo? (aunque después haya muerto) Año.,Sección 2: Salud,Mujeres entre 13 y 50 años,"Etiqueta y metadatos importados del DDI oficial INE EH2025, archivo F27","RETAIN IN MASTER; >80% global absence is an audit flag, not a deletion rule",39497,39497,6339,6339,83.9507,83.9507,0,0,33158,33158,0,0,0.0,0.0,numeric format checked; range/domain not confirmed,numeric format checked; range/domain not confirmed,33158,33158,83.9507,83.9507,80.0,80.0,"RETAIN IN MASTER; >80% global absence is an audit flag, not a deletion rule","RETAIN IN MASTER; >80% global absence is an audit flag, not a deletion rule",0,0,33158,33158,0,0,37,37,0.005837,0.005837,numeric-like; semantic quantitative type provisionally documented,numeric-like; semantic quantitative type provisionally documented,Cuantitativa discreta/derivada según etiqueta INE,Cuantitativa discreta/derivada según etiqueta INE,Sin alerta heurística de cardinalidad.,Sin alerta heurística de cardinalidad.,"Etiqueta y metadatos importados del DDI oficial INE EH2025, archivo F27","Etiqueta y metadatos importados del DDI oficial INE EH2025, archivo F27",6339,6339,1981.0,1981.0,2024.0,2024.0,2015.994005363622,2015.994005363622,6.393849751319247,6.393849751319247,2012.0,2012.0,2017.0,2017.0,2021.0,2021.0,9.0,9.0,IQR exploratorio × 1.5,IQR exploratorio × 1.5,alerta estadística; requiere revisión semántica,alerta estadística; requiere revisión semántica,81,81,1.2778040700425934,1.2778040700425934,1998.5,1998.5,2034.5,2034.5,True,True,0,"Retener en el maestro; revisar perfil, universo, semántica y alertas"
s02b_10,¿Quién atendió su último parto? (s02b_10),¿Quién atendió su último parto?,Sección 2: Salud,Mujeres entre 13 y 50 años,"Etiqueta y metadatos importados del DDI oficial INE EH2025, archivo F27","RETAIN IN MASTER; >80% global absence is an audit flag, not a deletion rule",39497,39497,2711,2711,93.1362,93.1362,0,0,36786,36786,0,0,0.0,0.0,not evaluated: variable domain is not confirmed,not evaluated: variable domain is not confirmed,36786,36786,93.1362,93.1362,80.0,80.0,"RETAIN IN MASTER; >80% global absence is an audit flag, not a deletion rule","RETAIN IN MASTER; >80% global absence is an audit flag, not a deletion rule",0,0,36786,36786,0,0,8,8,0.002951,0.002951,numeric-like candidate; no numeric summary until semantics are confirmed,numeric-like candidate; no numeric summary until semantics are confirmed,Categórica o codificada según metadatos INE,Categórica o codificada según metadatos INE,Sin alerta heurística de cardinalidad.,Sin alerta heurística de cardinalidad.,"Etiqueta y metadatos importados del DDI oficial INE EH2025, archivo F27","Etiqueta y metadatos importados del DDI oficial INE EH2025, archivo F27",0,0,,,,,,,,,,,,,,,,,No aplicable: no es magnitud numérica confirmada,No aplicable: no es magnitud numérica confirmada,revisar códigos/categorías con el diccionario,revisar códigos/categorías con el diccionario,0,0,,,,,,,True,True,0,"Retener en el maestro; revisar perfil, universo, semántica y alertas"
s02b_10e,¿Quién atendió su último parto? (ESPECIFIQUE) (s02b_10e),¿Quién atendió su último parto? (ESPECIFIQUE),Sección 2: Salud,Mujeres entre 13 y 50 años,"Etiqueta y metadatos importados del DDI oficial INE EH2025, archivo F27","RETAIN IN MASTER; >80% global absence is an audit flag, not a deletion rule",39497,39497,2,2,99.9949,99.9949,39495,39495,39495,39495,0,0,0.0,0.0,not evaluated: variable domain is not confirmed,not evaluated: variable domain is not confirmed,39495,39495,99.9949,99.9949,80.0,80.0,"RETAIN IN MASTER; >80% global absence is an audit flag, not a deletion rule","RETAIN IN MASTER; >80% global absence is an audit flag, not a deletion rule",0,0,0,0,0,0,2,2,1.0,1.0,text/categorical or mixed,text/categorical or mixed,Texto; revisar si es respuesta abierta o categoría textual,Texto; revisar si es respuesta abierta o categoría textual,Sin alerta heurística de cardinalidad.,Sin alerta heurística de cardinalidad.,"Etiqueta y metadatos importados del DDI oficial INE EH2025, archivo F27","Etiqueta y metadatos importados del DDI oficial INE EH2025, archivo F27",0,0,,,,,,,,,,,,,,,,,No aplicable: no es magnitud numérica confirmada,No aplicable: no es magnitud numérica confirmada,revisar códigos/categorías con el diccionario,revisar códigos/categorías con el diccionario,0,0,,,,,,,True,True,0,"Retener en el maestro; revisar perfil, universo, semántica y alertas"
s02b_11,"En su último embarazo, ¿se ha inscrito al Bono Juana Azurduy (BJA)? (s02b_11)","En su último embarazo, ¿se ha inscrito al Bono Juana Azurduy (BJA)?",Sección 2: Salud,Mujeres entre 13 y 50 años,"Etiqueta y metadatos importados del DDI oficial INE EH2025, archivo F27","RETAIN IN MASTER; >80% global absence is an audit flag, not a deletion rule",39497,39497,6456,6456,83.6545,83.6545,0,0,33041,33041,0,0,0.0,0.0,not evaluated: variable domain is not confirmed,not evaluated: variable domain is not confirmed,33041,33041,83.6545,83.6545,80.0,80.0,"RETAIN IN MASTER; >80% global absence is an audit flag, not a deletion rule","RETAIN IN MASTER; >80% global absence is an audit flag, not a deletion rule",0,0,33041,33041,0,0,2,2,0.00031,0.00031,numeric-like candidate; no numeric summary until semantics are confirmed,numeric-like candidate; no numeric summary until semantics are confirmed,Categórica o codificada según metadatos INE,Categórica o codificada según metadatos INE,Sin alerta heurística de cardinalidad.,Sin alerta heurística de cardinalidad.,"Etiqueta y metadatos importados del DDI oficial INE EH2025, archivo F27","Etiqueta y metadatos importados del DDI oficial INE EH2025, archivo F27",0,0,,,,,,,,,,,,,,,,,No aplicable: no es magnitud numérica confirmada,No aplicable: no es magnitud numérica confirmada,revisar códigos/categorías con el diccionario,revisar códigos/categorías con el diccionario,0,0,,,,,,,True,True,0,"Retener en el maestro; revisar perfil, universo, semántica y alertas"
s02b_12a1,"En los últimos 12 meses, ¿cobró usted el Bono Juana Azurduy por: A. Controles prenatales realizados? (s02b_12a1)","En los últimos 12 meses, ¿cobró usted el Bono Juana Azurduy por: A. Controles prenatales realizados?",Sección 2: Salud,Mujeres entre 13 y 50 años,"Etiqueta y metadatos importados del DDI oficial INE EH2025, archivo F27","RETAIN IN MASTER; >80% global absence is an audit flag, not a deletion rule",39497,39497,3077,3077,92.2095,92.2095,0,0,36420,36420,0,0,0.0,0.0,numeric format checked; range/domain not confirmed,numeric format checked; range/domain not confirmed,36420,36420,92.2095,92.2095,80.0,80.0,"RETAIN IN MASTER; >80% global absence is an audit flag, not a deletion rule","RETAIN IN MASTER; >80% global absence is an audit flag, not a deletion rule",0,0,36420,36420,0,0,2,2,0.00065,0.00065,numeric-like; semantic quantitative type provisionally documented,numeric-like; semantic quantitative type provisionally documented,Cuantitativa discreta/derivada según etiqueta INE,Cuantitativa discreta/derivada según etiqueta INE,Sin alerta heurística de cardinalidad.,Sin alerta heurística de cardinalidad.,"Etiqueta y metadatos importados del DDI oficial INE EH2025, archivo F27","Etiqueta y metadatos importados del DDI oficial INE EH2025, archivo F27",3077,3077,1.0,1.0,2.0,2.0,1.8677283067923303,1.8677283067923303,0.3388409741201295,0.3388409741201295,2.0,2.0,2.0,2.0,2.0,2.0,0.0,0.0,IQR exploratorio × 1.5,IQR exploratorio × 1.5,IQR cero; alertas no clasificadas automáticamente,IQR cero; alertas no clasificadas automáticamente,0,0,,,,,,,True,True,0,"Retener en el maestro; revisar perfil, universo, semántica y alertas"
s02b_12a2,"En los últimos 12 meses, ¿cobró usted el Bono Juana Azurduy por: A. Controles prenatales realizados? Nº de Controles (s02b_12a2)","En los últimos 12 meses, ¿cobró usted el Bono Juana Azurduy por: A. Controles prenatales realizados? Nº de Controles",Sección 2: Salud,Mujeres entre 13 y 50 años,"Etiqueta y metadatos importados del DDI oficial INE EH2025, archivo F27","RETAIN IN MASTER; >80% global absence is an audit flag, not a deletion rule",39497,39497,407,407,98.9695,98.9695,0,0,39090,39090,0,0,0.0,0.0,numeric format checked; range/domain not confirmed,numeric format checked; range/domain not confirmed,39090,39090,98.9695,98.9695,80.0,80.0,"RETAIN IN MASTER; >80% global absence is an audit flag, not a deletion rule","RETAIN IN MASTER; >80% global absence is an audit flag, not a deletion rule",0,0,39090,39090,0,0,4,4,0.009828,0.009828,numeric-like; semantic quantitative type provisionally documented,numeric-like; semantic quantitative type provisionally documented,Cuantitativa discreta/derivada según etiqueta INE,Cuantitativa discreta/derivada según etiqueta INE,Sin alerta heurística de cardinalidad.,Sin alerta heurística de cardinalidad.,"Etiqueta y metadatos importados del DDI oficial INE EH2025, archivo F27","Etiqueta y metadatos importados del DDI oficial INE EH2025, archivo F27",407,407,1.0,1.0,4.0,4.0,3.0884520884520885,3.0884520884520885,1.115073309145096,1.115073309145096,2.0,2.0,4.0,4.0,4.0,4.0,2.0,2.0,IQR exploratorio × 1.5,IQR exploratorio × 1.5,alerta estadística; requiere revisión semántica,alerta estadística; requiere revisión semántica,0,0,0.0,0.0,-1.0,-1.0,7.0,7.0,True,True,0,"Retener en el maestro; revisar perfil, universo, semántica y alertas"
s02b_12b,"En los últimos 12 meses, ¿cobró usted el Bono Juana Azurduy por: B. El parto y primer control postparto? (s02b_12b)","En los últimos 12 meses, ¿cobró usted el Bono Juana Azurduy por: B. El parto y primer control postparto?",Sección 2: Salud,Mujeres entre 13 y 50 años,"Etiqueta y metadatos importados del DDI oficial INE EH2025, archivo F27","RETAIN IN MASTER; >80% global absence is an audit flag, not a deletion rule",39497,39497,3077,3077,92.2095,92.2095,0,0,36420,36420,0,0,0.0,0.0,numeric format checked; range/domain not confirmed,numeric format checked; range/domain not confirmed,36420,36420,92.2095,92.2095,80.0,80.0,"RETAIN IN MASTER; >80% global absence is an audit flag, not a deletion rule","RETAIN IN MASTER; >80% global absence is an audit flag, not a deletion rule",0,0,36420,36420,0,0,2,2,0.00065,0.00065,numeric-like; semantic quantitative type provisionally documented,numeric-like; semantic quantitative type provisionally documented,Cuantitativa discreta/derivada según etiqueta INE,Cuantitativa discreta/derivada según etiqueta INE,Sin alerta heurística de cardinalidad.,Sin alerta heurística de cardinalidad.,"Etiqueta y metadatos importados del DDI oficial INE EH2025, archivo F27","Etiqueta y metadatos importados del DDI oficial INE EH2025, archivo F27",3077,3077,1.0,1.0,2.0,2.0,1.9008774780630484,1.9008774780630484,0.29887502052926507,0.29887502052926507,2.0,2.0,2.0,2.0,2.0,2.0,0.0,0.0,IQR exploratorio × 1.5,IQR exploratorio × 1.5,IQR cero; alertas no clasificadas automáticamente,IQR cero; alertas no clasificadas automáticamente,0,0,,,,,,,True,True,0,"Retener en el maestro; revisar perfil, universo, semántica y alertas"
s02b_13,"En su último embarazo, ¿recibió el Subsidio Universal Prenatal por la Vida (Productos con valor de Bs 300)? (s02b_13)","En su último embarazo, ¿recibió el Subsidio Universal Prenatal por la Vida (Productos con valor de Bs 300)?",Sección 2: Salud,Mujeres entre 13 y 50 años,"Etiqueta y metadatos importados del DDI oficial INE EH2025, archivo F27","RETAIN IN MASTER; >80% global absence is an audit flag, not a deletion rule",39497,39497,3077,3077,92.2095,92.2095,0,0,36420,36420,0,0,0.0,0.0,not evaluated: variable domain is not confirmed,not evaluated: variable domain is not confirmed,36420,36420,92.2095,92.2095,80.0,80.0,"RETAIN IN MASTER; >80% global absence is an audit flag, not a deletion rule","RETAIN IN MASTER; >80% global absence is an audit flag, not a deletion rule",0,0,36420,36420,0,0,2,2,0.00065,0.00065,numeric-like candidate; no numeric summary until semantics are confirmed,numeric-like candidate; no numeric summary until semantics are confirmed,Categórica o codificada según metadatos INE,Categórica o codificada según metadatos INE,Sin alerta heurística de cardinalidad.,Sin alerta heurística de cardinalidad.,"Etiqueta y metadatos importados del DDI oficial INE EH2025, archivo F27","Etiqueta y metadatos importados del DDI oficial INE EH2025, archivo F27",0,0,,,,,,,,,,,,,,,,,No aplicable: no es magnitud numérica confirmada,No aplicable: no es magnitud numérica confirmada,revisar códigos/categorías con el diccionario,revisar códigos/categorías con el diccionario,0,0,,,,,,,True,True,0,"Retener en el maestro; revisar perfil, universo, semántica y alertas"
s02b_14,"En los últimos 12 meses, ¿recibió el Subsidio Universal Prenatal por la Vida (Productos con valor de Bs 300)? (s02b_14)","En los últimos 12 meses, ¿recibió el Subsidio Universal Prenatal por la Vida (Productos con valor de Bs 300)?",Sección 2: Salud,Mujeres entre 13 y 50 años,"Etiqueta y metadatos importados del DDI oficial INE EH2025, archivo F27","RETAIN IN MASTER; >80% global absence is an audit flag, not a deletion rule",39497,39497,2077,2077,94.7414,94.7414,0,0,37420,37420,0,0,0.0,0.0,numeric format checked; range/domain not confirmed,numeric format checked; range/domain not confirmed,37420,37420,94.7414,94.7414,80.0,80.0,"RETAIN IN MASTER; >80% global absence is an audit flag, not a deletion rule","RETAIN IN MASTER; >80% global absence is an audit flag, not a deletion rule",0,0,37420,37420,0,0,2,2,0.000963,0.000963,numeric-like; semantic quantitative type provisionally documented,numeric-like; semantic quantitative type provisionally documented,Cuantitativa discreta/derivada según etiqueta INE,Cuantitativa discreta/derivada según etiqueta INE,Sin alerta heurística de cardinalidad.,Sin alerta heurística de cardinalidad.,"Etiqueta y metadatos importados del DDI oficial INE EH2025, archivo F27","Etiqueta y metadatos importados del DDI oficial INE EH2025, archivo F27",2077,2077,1.0,1.0,2.0,2.0,1.816080885893115,1.816080885893115,0.387511512919387,0.387511512919387,2.0,2.0,2.0,2.0,2.0,2.0,0.0,0.0,IQR exploratorio × 1.5,IQR exploratorio × 1.5,IQR cero; alertas no clasificadas automáticamente,IQR cero; alertas no clasificadas automáticamente,0,0,,,,,,,True,True,0,"Retener en el maestro; revisar perfil, universo, semántica y alertas"
s02b_14a,"En los últimos 12 meses, ¿recibió el Subsidio Universal Prenatal por la Vida (Productos con valor de Bs 300)? ¿Cuántos meses? (s02b_14a)","En los últimos 12 meses, ¿recibió el Subsidio Universal Prenatal por la Vida (Productos con valor de Bs 300)? ¿Cuántos meses?",Sección 2: Salud,Mujeres entre 13 y 50 años,"Etiqueta y metadatos importados del DDI oficial INE EH2025, archivo F27","RETAIN IN MASTER; >80% global absence is an audit flag, not a deletion rule",39497,39497,382,382,99.0328,99.0328,0,0,39115,39115,0,0,0.0,0.0,numeric format checked; range/domain not confirmed,numeric format checked; range/domain not confirmed,39115,39115,99.0328,99.0328,80.0,80.0,"RETAIN IN MASTER; >80% global absence is an audit flag, not a deletion rule","RETAIN IN MASTER; >80% global absence is an audit flag, not a deletion rule",0,0,39115,39115,0,0,4,4,0.010471,0.010471,numeric-like; semantic quantitative type provisionally documented,numeric-like; semantic quantitative type provisionally documented,Cuantitativa discreta/derivada según etiqueta INE,Cuantitativa discreta/derivada según etiqueta INE,Sin alerta heurística de cardinalidad.,Sin alerta heurística de cardinalidad.,"Etiqueta y metadatos importados del DDI oficial INE EH2025, archivo F27","Etiqueta y metadatos importados del DDI oficial INE EH2025, archivo F27",382,382,1.0,1.0,4.0,4.0,3.136125654450262,3.136125654450262,1.0782038456275087,1.0782038456275087,2.0,2.0,4.0,4.0,4.0,4.0,2.0,2.0,IQR exploratorio × 1.5,IQR exploratorio × 1.5,alerta estadística; requiere revisión semántica,alerta estadística; requiere revisión semántica,0,0,0.0,0.0,-1.0,-1.0,7.0,7.0,True,True,0,"Retener en el maestro; revisar perfil, universo, semántica y alertas"
s02c_15,"Durante este año, ¿(…) asiste o asistió a algún centro infantil que no sea pre kinder ni kinder? (s02c_15)","Durante este año, ¿(…) asiste o asistió a algún centro infantil que no sea pre kinder ni kinder?",Sección 2: Salud,Menores de 6 años,"Etiqueta y metadatos importados del DDI oficial INE EH2025, archivo F27","RETAIN IN MASTER; >80% global absence is an audit flag, not a deletion rule",39497,39497,3434,3434,91.3057,91.3057,0,0,36063,36063,0,0,0.0,0.0,numeric format checked; range/domain not confirmed,numeric format checked; range/domain not confirmed,36063,36063,91.3057,91.3057,80.0,80.0,"RETAIN IN MASTER; >80% global absence is an audit flag, not a deletion rule","RETAIN IN MASTER; >80% global absence is an audit flag, not a deletion rule",0,0,36063,36063,0,0,3,3,0.000874,0.000874,numeric-like; semantic quantitative type provisionally documented,numeric-like; semantic quantitative type provisionally documented,Cuantitativa discreta/derivada según etiqueta INE,Cuantitativa discreta/derivada según etiqueta INE,Sin alerta heurística de cardinalidad.,Sin alerta heurística de cardinalidad.,"Etiqueta y metadatos importados del DDI oficial INE EH2025, archivo F27","Etiqueta y metadatos importados del DDI oficial INE EH2025, archivo F27",3434,3434,1.0,1.0,3.0,3.0,2.8150844496214327,2.8150844496214327,0.5607770568756285,0.5607770568756285,3.0,3.0,3.0,3.0,3.0,3.0,0.0,0.0,IQR exploratorio × 1.5,IQR exploratorio × 1.5,IQR cero; alertas no clasificadas automáticamente,IQR cero; alertas no clasificadas automáticamente,0,0,,,,,,,True,True,0,"Retener en el maestro; revisar perfil, universo, semántica y alertas"
s02d_16,¿Alguna vez inscribieron a (…) al Bono Juana Azurduy? (s02d_16),¿Alguna vez inscribieron a (…) al Bono Juana Azurduy?,Sección 2: Salud,Menores de 5 años,"Etiqueta y metadatos importados del DDI oficial INE EH2025, archivo F27","RETAIN IN MASTER; >80% global absence is an audit flag, not a deletion rule",39497,39497,2781,2781,92.959,92.959,0,0,36716,36716,0,0,0.0,0.0,not evaluated: variable domain is not confirmed,not evaluated: variable domain is not confirmed,36716,36716,92.959,92.959,80.0,80.0,"RETAIN IN MASTER; >80% global absence is an audit flag, not a deletion rule","RETAIN IN MASTER; >80% global absence is an audit flag, not a deletion rule",0,0,36716,36716,0,0,2,2,0.000719,0.000719,numeric-like candidate; no numeric summary until semantics are confirmed,numeric-like candidate; no numeric summary until semantics are confirmed,Categórica o codificada según metadatos INE,Categórica o codificada según metadatos INE,Sin alerta heurística de cardinalidad.,Sin alerta heurística de cardinalidad.,"Etiqueta y metadatos importados del DDI oficial INE EH2025, archivo F27","Etiqueta y metadatos importados del DDI oficial INE EH2025, archivo F27",0,0,,,,,,,,,,,,,,,,,No aplicable: no es magnitud numérica confirmada,No aplicable: no es magnitud numérica confirmada,revisar códigos/categorías con el diccionario,revisar códigos/categorías con el diccionario,0,0,,,,,,,True,True,0,"Retener en el maestro; revisar perfil, universo, semántica y alertas"
s02d_17,"En los últimos 12 meses, ¿cobró usted el Bono Juana Azurduy por los controles integrales de salud de (…)? (s02d_17)","En los últimos 12 meses, ¿cobró usted el Bono Juana Azurduy por los controles integrales de salud de (…)?",Sección 2: Salud,Menores de 5 años,"Etiqueta y metadatos importados del DDI oficial INE EH2025, archivo F27","RETAIN IN MASTER; >80% global absence is an audit flag, not a deletion rule",39497,39497,1734,1734,95.6098,95.6098,0,0,37763,37763,0,0,0.0,0.0,numeric format checked; range/domain not confirmed,numeric format checked; range/domain not confirmed,37763,37763,95.6098,95.6098,80.0,80.0,"RETAIN IN MASTER; >80% global absence is an audit flag, not a deletion rule","RETAIN IN MASTER; >80% global absence is an audit flag, not a deletion rule",0,0,37763,37763,0,0,2,2,0.001153,0.001153,numeric-like; semantic quantitative type provisionally documented,numeric-like; semantic quantitative type provisionally documented,Cuantitativa discreta/derivada según etiqueta INE,Cuantitativa discreta/derivada según etiqueta INE,Sin alerta heurística de cardinalidad.,Sin alerta heurística de cardinalidad.,"Etiqueta y metadatos importados del DDI oficial INE EH2025, archivo F27","Etiqueta y metadatos importados del DDI oficial INE EH2025, archivo F27",1734,1734,1.0,1.0,2.0,2.0,1.604959630911188,1.604959630911188,0.4890003859719988,0.4890003859719988,1.0,1.0,2.0,2.0,2.0,2.0,1.0,1.0,IQR exploratorio × 1.5,IQR exploratorio × 1.5,alerta estadística; requiere revisión semántica,alerta estadística; requiere revisión semántica,0,0,0.0,0.0,-0.5,-0.5,3.5,3.5,True,True,0,"Retener en el maestro; revisar perfil, universo, semántica y alertas"
s02d_17a,"En los últimos 12 meses, ¿cobró usted el Bono Juana Azurduy por los controles integrales de salud de (…)? ¿Cuántos controles cobró? (s02d_17a)","En los últimos 12 meses, ¿cobró usted el Bono Juana Azurduy por los controles integrales de salud de (…)? ¿Cuántos controles cobró?",Sección 2: Salud,Menores de 5 años,"Etiqueta y metadatos importados del DDI oficial INE EH2025, archivo F27","RETAIN IN MASTER; >80% global absence is an audit flag, not a deletion rule",39497,39497,685,685,98.2657,98.2657,0,0,38812,38812,0,0,0.0,0.0,numeric format checked; range/domain not confirmed,numeric format checked; range/domain not confirmed,38812,38812,98.2657,98.2657,80.0,80.0,"RETAIN IN MASTER; >80% global absence is an audit flag, not a deletion rule","RETAIN IN MASTER; >80% global absence is an audit flag, not a deletion rule",0,0,38812,38812,0,0,6,6,0.008759,0.008759,numeric-like; semantic quantitative type provisionally documented,numeric-like; semantic quantitative type provisionally documented,Cuantitativa discreta/derivada según etiqueta INE,Cuantitativa discreta/derivada según etiqueta INE,Sin alerta heurística de cardinalidad.,Sin alerta heurística de cardinalidad.,"Etiqueta y metadatos importados del DDI oficial INE EH2025, archivo F27","Etiqueta y metadatos importados del DDI oficial INE EH2025, archivo F27",685,685,1.0,1.0,6.0,6.0,3.6452554744525547,3.6452554744525547,1.6171581276373634,1.6171581276373634,2.0,2.0,4.0,4.0,5.0,5.0,3.0,3.0,IQR exploratorio × 1.5,IQR exploratorio × 1.5,alerta estadística; requiere revisión semántica,alerta estadística; requiere revisión semántica,0,0,0.0,0.0,-2.5,-2.5,9.5,9.5,True,True,0,"Retener en el maestro; revisar perfil, universo, semántica y alertas"
s03a_01,¿Sabe leer y escribir? (s03a_01),¿Sabe leer y escribir?,Sección 3: Educación,Personas de 4 años o más de edad.,"Etiqueta y metadatos importados del DDI oficial INE EH2025, archivo F27",Retain in master; profile and review documented format/domain and outlier alerts,39497,39497,37354,37354,5.4257,5.4257,0,0,2143,2143,0,0,0.0,0.0,not evaluated: variable domain is not confirmed,not evaluated: variable domain is not confirmed,2143,2143,5.4257,5.4257,80.0,80.0,Retain in master; profile and review documented format/domain and outlier alerts,Retain in master; profile and review documented format/domain and outlier alerts,0,0,2143,2143,0,0,2,2,5.4e-05,5.4e-05,numeric-like candidate; no numeric summary until semantics are confirmed,numeric-like candidate; no numeric summary until semantics are confirmed,Categórica o codificada según metadatos INE,Categórica o codificada según metadatos INE,Sin alerta heurística de cardinalidad.,Sin alerta heurística de cardinalidad.,"Etiqueta y metadatos importados del DDI oficial INE EH2025, archivo F27","Etiqueta y metadatos importados del DDI oficial INE EH2025, archivo F27",0,0,,,,,,,,,,,,,,,,,No aplicable: no es magnitud numérica confirmada,No aplicable: no es magnitud numérica confirmada,revisar códigos/categorías con el diccionario,revisar códigos/categorías con el diccionario,0,0,,,,,,,False,False,0,"Retener en el maestro; revisar perfil, universo, semántica y alertas"
s03a_01a,"¿Es (…) capaz de sumar o multiplicar números, ya sea en papel o mentalmente? (s03a_01a)","¿Es (…) capaz de sumar o multiplicar números, ya sea en papel o mentalmente?",Sección 3: Educación,Personas de 4 años o más de edad.,"Etiqueta y metadatos importados del DDI oficial INE EH2025, archivo F27",Retain in master; profile and review documented format/domain and outlier alerts,39497,39497,37354,37354,5.4257,5.4257,0,0,2143,2143,0,0,0.0,0.0,not evaluated: variable domain is not confirmed,not evaluated: variable domain is not confirmed,2143,2143,5.4257,5.4257,80.0,80.0,Retain in master; profile and review documented format/domain and outlier alerts,Retain in master; profile and review documented format/domain and outlier alerts,0,0,2143,2143,0,0,2,2,5.4e-05,5.4e-05,numeric-like candidate; no numeric summary until semantics are confirmed,numeric-like candidate; no numeric summary until semantics are confirmed,Categórica o codificada según metadatos INE,Categórica o codificada según metadatos INE,Sin alerta heurística de cardinalidad.,Sin alerta heurística de cardinalidad.,"Etiqueta y metadatos importados del DDI oficial INE EH2025, archivo F27","Etiqueta y metadatos importados del DDI oficial INE EH2025, archivo F27",0,0,,,,,,,,,,,,,,,,,No aplicable: no es magnitud numérica confirmada,No aplicable: no es magnitud numérica confirmada,revisar códigos/categorías con el diccionario,revisar códigos/categorías con el diccionario,0,0,,,,,,,False,False,0,"Retener en el maestro; revisar perfil, universo, semántica y alertas"
s03a_02a,¿Cuál fue el NIVEL Y CURSO más alto de instrucción que aprobó? Nivel (s03a_02a),¿Cuál fue el NIVEL Y CURSO más alto de instrucción que aprobó? Nivel,Sección 3: Educación,Personas de 4 años o más de edad.,"Etiqueta y metadatos importados del DDI oficial INE EH2025, archivo F27",Retain in master; profile and review documented format/domain and outlier alerts,39497,39497,37354,37354,5.4257,5.4257,0,0,2143,2143,0,0,0.0,0.0,not evaluated: variable domain is not confirmed,not evaluated: variable domain is not confirmed,2143,2143,5.4257,5.4257,80.0,80.0,Retain in master; profile and review documented format/domain and outlier alerts,Retain in master; profile and review documented format/domain and outlier alerts,0,0,2143,2143,0,0,25,25,0.000669,0.000669,numeric-like candidate; no numeric summary until semantics are confirmed,numeric-like candidate; no numeric summary until semantics are confirmed,Categórica o codificada según metadatos INE,Categórica o codificada según metadatos INE,Sin alerta heurística de cardinalidad.,Sin alerta heurística de cardinalidad.,"Etiqueta y metadatos importados del DDI oficial INE EH2025, archivo F27","Etiqueta y metadatos importados del DDI oficial INE EH2025, archivo F27",0,0,,,,,,,,,,,,,,,,,No aplicable: no es magnitud numérica confirmada,No aplicable: no es magnitud numérica confirmada,revisar códigos/categorías con el diccionario,revisar códigos/categorías con el diccionario,0,0,,,,,,,False,False,0,"Retener en el maestro; revisar perfil, universo, semántica y alertas"
s03a_02c,¿Cuál fue el NIVEL Y CURSO más alto de instrucción que aprobó? Curso (s03a_02c),¿Cuál fue el NIVEL Y CURSO más alto de instrucción que aprobó? Curso,Sección 3: Educación,Personas de 4 años o más de edad.,"Etiqueta y metadatos importados del DDI oficial INE EH2025, archivo F27",Retain in master; profile and review documented format/domain and outlier alerts,39497,39497,37354,37354,5.4257,5.4257,0,0,2143,2143,0,0,0.0,0.0,not evaluated: variable domain is not confirmed,not evaluated: variable domain is not confirmed,2143,2143,5.4257,5.4257,80.0,80.0,Retain in master; profile and review documented format/domain and outlier alerts,Retain in master; profile and review documented format/domain and outlier alerts,0,0,2143,2143,1974,1974,11,11,0.000294,0.000294,numeric-like candidate; no numeric summary until semantics are confirmed,numeric-like candidate; no numeric summary until semantics are confirmed,Categórica o codificada según metadatos INE,Categórica o codificada según metadatos INE,Sin alerta heurística de cardinalidad.,Sin alerta heurística de cardinalidad.,"Etiqueta y metadatos importados del DDI oficial INE EH2025, archivo F27","Etiqueta y metadatos importados del DDI oficial INE EH2025, archivo F27",0,0,,,,,,,,,,,,,,,,,No aplicable: no es magnitud numérica confirmada,No aplicable: no es magnitud numérica confirmada,revisar códigos/categorías con el diccionario,revisar códigos/categorías con el diccionario,0,0,,,,,,,False,False,0,"Retener en el maestro; revisar perfil, universo, semántica y alertas"
s03a_03a,Para ingresar a ese nivel ¿Cuál fue el NIVEL Y CURSO anterior de educación que aprobó? Nivel (s03a_03a),Para ingresar a ese nivel ¿Cuál fue el NIVEL Y CURSO anterior de educación que aprobó? Nivel,Sección 3: Educación,Personas de 4 años o más de edad.,"Etiqueta y metadatos importados del DDI oficial INE EH2025, archivo F27","RETAIN IN MASTER; >80% global absence is an audit flag, not a deletion rule",39497,39497,2297,2297,94.1844,94.1844,0,0,37200,37200,0,0,0.0,0.0,not evaluated: variable domain is not confirmed,not evaluated: variable domain is not confirmed,37200,37200,94.1844,94.1844,80.0,80.0,"RETAIN IN MASTER; >80% global absence is an audit flag, not a deletion rule","RETAIN IN MASTER; >80% global absence is an audit flag, not a deletion rule",0,0,37200,37200,0,0,12,12,0.005224,0.005224,numeric-like candidate; no numeric summary until semantics are confirmed,numeric-like candidate; no numeric summary until semantics are confirmed,Categórica o codificada según metadatos INE,Categórica o codificada según metadatos INE,Sin alerta heurística de cardinalidad.,Sin alerta heurística de cardinalidad.,"Etiqueta y metadatos importados del DDI oficial INE EH2025, archivo F27","Etiqueta y metadatos importados del DDI oficial INE EH2025, archivo F27",0,0,,,,,,,,,,,,,,,,,No aplicable: no es magnitud numérica confirmada,No aplicable: no es magnitud numérica confirmada,revisar códigos/categorías con el diccionario,revisar códigos/categorías con el diccionario,0,0,,,,,,,False,False,0,"Retener en el maestro; revisar perfil, universo, semántica y alertas"
s03a_03c,Para ingresar a ese nivel ¿Cuál fue el NIVEL Y CURSO anterior de educación que aprobó? Curso (s03a_03c),Para ingresar a ese nivel ¿Cuál fue el NIVEL Y CURSO anterior de educación que aprobó? Curso,Sección 3: Educación,Personas de 4 años o más de edad,"Etiqueta y metadatos importados del DDI oficial INE EH2025, archivo F27","RETAIN IN MASTER; >80% global absence is an audit flag, not a deletion rule",39497,39497,2297,2297,94.1844,94.1844,0,0,37200,37200,0,0,0.0,0.0,not evaluated: variable domain is not confirmed,not evaluated: variable domain is not confirmed,37200,37200,94.1844,94.1844,80.0,80.0,"RETAIN IN MASTER; >80% global absence is an audit flag, not a deletion rule","RETAIN IN MASTER; >80% global absence is an audit flag, not a deletion rule",0,0,37200,37200,2,2,8,8,0.003483,0.003483,numeric-like candidate; no numeric summary until semantics are confirmed,numeric-like candidate; no numeric summary until semantics are confirmed,Categórica o codificada según metadatos INE,Categórica o codificada según metadatos INE,Sin alerta heurística de cardinalidad.,Sin alerta heurística de cardinalidad.,"Etiqueta y metadatos importados del DDI oficial INE EH2025, archivo F27","Etiqueta y metadatos importados del DDI oficial INE EH2025, archivo F27",0,0,,,,,,,,,,,,,,,,,No aplicable: no es magnitud numérica confirmada,No aplicable: no es magnitud numérica confirmada,revisar códigos/categorías con el diccionario,revisar códigos/categorías con el diccionario,0,0,,,,,,,False,False,0,"Retener en el maestro; revisar perfil, universo, semántica y alertas"
s03a_04,"Durante este año, ¿se inscribió o matriculó en algún curso o grado de educación escolar, alternativa, superior o postgrado? (s03a_04)","Durante este año, ¿se inscribió o matriculó en algún curso o grado de educación escolar, alternativa, superior o postgrado?",Sección 3: Educación,Personas de 4 años o más de edad.,"Etiqueta y metadatos importados del DDI oficial INE EH2025, archivo F27",Retain in master; profile and review documented format/domain and outlier alerts,39497,39497,37354,37354,5.4257,5.4257,0,0,2143,2143,0,0,0.0,0.0,numeric format checked; range/domain not confirmed,numeric format checked; range/domain not confirmed,2143,2143,5.4257,5.4257,80.0,80.0,Retain in master; profile and review documented format/domain and outlier alerts,Retain in master; profile and review documented format/domain and outlier alerts,0,0,2143,2143,0,0,2,2,5.4e-05,5.4e-05,numeric-like; semantic quantitative type provisionally documented,numeric-like; semantic quantitative type provisionally documented,Cuantitativa discreta/derivada según etiqueta INE,Cuantitativa discreta/derivada según etiqueta INE,Sin alerta heurística de cardinalidad.,Sin alerta heurística de cardinalidad.,"Etiqueta y metadatos importados del DDI oficial INE EH2025, archivo F27","Etiqueta y metadatos importados del DDI oficial INE EH2025, archivo F27",37354,37354,1.0,1.0,2.0,2.0,1.6295711302671736,1.6295711302671736,0.4829260457297529,0.4829260457297529,1.0,1.0,2.0,2.0,2.0,2.0,1.0,1.0,IQR exploratorio × 1.5,IQR exploratorio × 1.5,alerta estadística; requiere revisión semántica,alerta estadística; requiere revisión semántica,0,0,0.0,0.0,-0.5,-0.5,3.5,3.5,False,False,0,"Retener en el maestro; revisar perfil, universo, semántica y alertas"
s03a_05,¿Por qué razón no se inscribió/matriculó? (Indague la razón más importante) (s03a_05),¿Por qué razón no se inscribió/matriculó? (Indague la razón más importante),Sección 3: Educación,Personas de 4 años o más de edad,"Etiqueta y metadatos importados del DDI oficial INE EH2025, archivo F27",Retain in master; profile and review documented format/domain and outlier alerts,39497,39497,23517,23517,40.4588,40.4588,0,0,15980,15980,0,0,0.0,0.0,not evaluated: variable domain is not confirmed,not evaluated: variable domain is not confirmed,15980,15980,40.4588,40.4588,80.0,80.0,Retain in master; profile and review documented format/domain and outlier alerts,Retain in master; profile and review documented format/domain and outlier alerts,0,0,15980,15980,0,0,8,8,0.00034,0.00034,numeric-like candidate; no numeric summary until semantics are confirmed,numeric-like candidate; no numeric summary until semantics are confirmed,Categórica o codificada según metadatos INE,Categórica o codificada según metadatos INE,Sin alerta heurística de cardinalidad.,Sin alerta heurística de cardinalidad.,"Etiqueta y metadatos importados del DDI oficial INE EH2025, archivo F27","Etiqueta y metadatos importados del DDI oficial INE EH2025, archivo F27",0,0,,,,,,,,,,,,,,,,,No aplicable: no es magnitud numérica confirmada,No aplicable: no es magnitud numérica confirmada,revisar códigos/categorías con el diccionario,revisar códigos/categorías con el diccionario,0,0,,,,,,,False,False,0,"Retener en el maestro; revisar perfil, universo, semántica y alertas"
s03a_05e,¿Por qué razón no se inscribió/matriculó? (Indague la razón más importante) (Especifique) (s03a_05e),¿Por qué razón no se inscribió/matriculó? (Indague la razón más importante) (Especifique),Sección 3: Educación,Personas de 4 años o más de edad,"Etiqueta y metadatos importados del DDI oficial INE EH2025, archivo F27","RETAIN IN MASTER; >80% global absence is an audit flag, not a deletion rule",39497,39497,330,330,99.1645,99.1645,39167,39167,39167,39167,0,0,0.0,0.0,not evaluated: variable domain is not confirmed,not evaluated: variable domain is not confirmed,39167,39167,99.1645,99.1645,80.0,80.0,"RETAIN IN MASTER; >80% global absence is an audit flag, not a deletion rule","RETAIN IN MASTER; >80% global absence is an audit flag, not a deletion rule",0,0,0,0,0,0,201,201,0.609091,0.609091,text/categorical or mixed,text/categorical or mixed,Categórica o codificada según metadatos INE,Categórica o codificada según metadatos INE,REVISAR: 201 valores distintos en una variable categórica; cotejar códigos y alineación con el cuestionario.,REVISAR: 201 valores distintos en una variable categórica; cotejar códigos y alineación con el cuestionario.,"Etiqueta y metadatos importados del DDI oficial INE EH2025, archivo F27","Etiqueta y metadatos importados del DDI oficial INE EH2025, archivo F27",0,0,,,,,,,,,,,,,,,,,No aplicable: no es magnitud numérica confirmada,No aplicable: no es magnitud numérica confirmada,revisar códigos/categorías con el diccionario,revisar códigos/categorías con el diccionario,0,0,,,,,,,False,False,0,"Retener en el maestro; revisar perfil, universo, semántica y alertas"
s03a_06a,"¿A qué NIVEL Y CURSO de educación escolar, alternativa, superior o postgrado se inscribió/matriculó este año? Nivel (s03a_06a)","¿A qué NIVEL Y CURSO de educación escolar, alternativa, superior o postgrado se inscribió/matriculó este año? Nivel",Sección 3: Educación,Personas de 4 años o más de edad,"Etiqueta y metadatos importados del DDI oficial INE EH2025, archivo F27",Retain in master; profile and review documented format/domain and outlier alerts,39497,39497,13837,13837,64.967,64.967,0,0,25660,25660,0,0,0.0,0.0,numeric format checked; range/domain not confirmed,numeric format checked; range/domain not confirmed,25660,25660,64.967,64.967,80.0,80.0,Retain in master; profile and review documented format/domain and outlier alerts,Retain in master; profile and review documented format/domain and outlier alerts,0,0,25660,25660,0,0,15,15,0.001084,0.001084,numeric-like; semantic quantitative type provisionally documented,numeric-like; semantic quantitative type provisionally documented,Cuantitativa discreta/derivada según etiqueta INE,Cuantitativa discreta/derivada según etiqueta INE,Sin alerta heurística de cardinalidad.,Sin alerta heurística de cardinalidad.,"Etiqueta y metadatos importados del DDI oficial INE EH2025, archivo F27","Etiqueta y metadatos importados del DDI oficial INE EH2025, archivo F27",13837,13837,12.0,12.0,78.0,78.0,47.18768519187685,47.18768519187685,16.88776784885407,16.88776784885407,41.0,41.0,42.0,42.0,65.0,65.0,24.0,24.0,IQR exploratorio × 1.5,IQR exploratorio × 1.5,alerta estadística; requiere revisión semántica,alerta estadística; requiere revisión semántica,0,0,0.0,0.0,5.0,5.0,101.0,101.0,False,False,0,"Retener en el maestro; revisar perfil, universo, semántica y alertas"
s03a_06c,"¿A qué NIVEL Y CURSO de educación escolar, alternativa, superior o postgrado se inscribió/matriculó este año? Curso (s03a_06c)","¿A qué NIVEL Y CURSO de educación escolar, alternativa, superior o postgrado se inscribió/matriculó este año? Curso",Sección 3: Educación,Personas de 4 años o más de edad,"Etiqueta y metadatos importados del DDI oficial INE EH2025, archivo F27",Retain in master; profile and review documented format/domain and outlier alerts,39497,39497,13837,13837,64.967,64.967,0,0,25660,25660,0,0,0.0,0.0,numeric format checked; range/domain not confirmed,numeric format checked; range/domain not confirmed,25660,25660,64.967,64.967,80.0,80.0,Retain in master; profile and review documented format/domain and outlier alerts,Retain in master; profile and review documented format/domain and outlier alerts,0,0,25660,25660,26,26,9,9,0.00065,0.00065,numeric-like; semantic quantitative type provisionally documented,numeric-like; semantic quantitative type provisionally documented,Cuantitativa discreta/derivada según etiqueta INE,Cuantitativa discreta/derivada según etiqueta INE,Sin alerta heurística de cardinalidad.,Sin alerta heurística de cardinalidad.,"Etiqueta y metadatos importados del DDI oficial INE EH2025, archivo F27","Etiqueta y metadatos importados del DDI oficial INE EH2025, archivo F27",13837,13837,0.0,0.0,9.0,9.0,3.1204018212040183,3.1204018212040183,1.6815197631682965,1.6815197631682965,2.0,2.0,3.0,3.0,5.0,5.0,3.0,3.0,IQR exploratorio × 1.5,IQR exploratorio × 1.5,alerta estadística; requiere revisión semántica,alerta estadística; requiere revisión semántica,0,0,0.0,0.0,-2.5,-2.5,9.5,9.5,False,False,0,"Retener en el maestro; revisar perfil, universo, semántica y alertas"
s03a_07a,"En esta gestión, ¿recibió Desayuno/ Almuerzo o merienda escolar? (s03a_07a)","En esta gestión, ¿recibió Desayuno/ Almuerzo o merienda escolar?",Sección 3: Educación,Personas de 4 años o más de edad,"Etiqueta y metadatos importados del DDI oficial INE EH2025, archivo F27",Retain in master; profile and review documented format/domain and outlier alerts,39497,39497,10398,10398,73.6739,73.6739,0,0,29099,29099,0,0,0.0,0.0,not evaluated: variable domain is not confirmed,not evaluated: variable domain is not confirmed,29099,29099,73.6739,73.6739,80.0,80.0,Retain in master; profile and review documented format/domain and outlier alerts,Retain in master; profile and review documented format/domain and outlier alerts,0,0,29099,29099,0,0,2,2,0.000192,0.000192,numeric-like candidate; no numeric summary until semantics are confirmed,numeric-like candidate; no numeric summary until semantics are confirmed,Categórica o codificada según metadatos INE,Categórica o codificada según metadatos INE,Sin alerta heurística de cardinalidad.,Sin alerta heurística de cardinalidad.,"Etiqueta y metadatos importados del DDI oficial INE EH2025, archivo F27","Etiqueta y metadatos importados del DDI oficial INE EH2025, archivo F27",0,0,,,,,,,,,,,,,,,,,No aplicable: no es magnitud numérica confirmada,No aplicable: no es magnitud numérica confirmada,revisar códigos/categorías con el diccionario,revisar códigos/categorías con el diccionario,0,0,,,,,,,False,False,0,"Retener en el maestro; revisar perfil, universo, semántica y alertas"
s03a_07b,¿Cuantos meses aproximadamente? (s03a_07b),¿Cuantos meses aproximadamente?,Sección 3: Educación,Personas de 4 años o más de edad,"Etiqueta y metadatos importados del DDI oficial INE EH2025, archivo F27",Retain in master; profile and review documented format/domain and outlier alerts,39497,39497,8725,8725,77.9097,77.9097,0,0,30772,30772,0,0,0.0,0.0,numeric format checked; range/domain not confirmed,numeric format checked; range/domain not confirmed,30772,30772,77.9097,77.9097,80.0,80.0,Retain in master; profile and review documented format/domain and outlier alerts,Retain in master; profile and review documented format/domain and outlier alerts,0,0,30772,30772,0,0,10,10,0.001146,0.001146,numeric-like; semantic quantitative type provisionally documented,numeric-like; semantic quantitative type provisionally documented,Cuantitativa discreta/derivada según etiqueta INE,Cuantitativa discreta/derivada según etiqueta INE,Sin alerta heurística de cardinalidad.,Sin alerta heurística de cardinalidad.,"Etiqueta y metadatos importados del DDI oficial INE EH2025, archivo F27","Etiqueta y metadatos importados del DDI oficial INE EH2025, archivo F27",8725,8725,1.0,1.0,10.0,10.0,8.266704871060172,8.266704871060172,1.4720527236206908,1.4720527236206908,8.0,8.0,8.0,8.0,9.0,9.0,1.0,1.0,IQR exploratorio × 1.5,IQR exploratorio × 1.5,alerta estadística; requiere revisión semántica,alerta estadística; requiere revisión semántica,555,555,6.3610315186246424,6.3610315186246424,6.5,6.5,10.5,10.5,False,False,0,"Retener en el maestro; revisar perfil, universo, semántica y alertas"
s03a_08,¿Recibió el Bono Juancito Pinto el año pasado (2024)? (s03a_08),¿Recibió el Bono Juancito Pinto el año pasado (2024)?,Sección 3: Educación,Personas de 4 años o más de edad,"Etiqueta y metadatos importados del DDI oficial INE EH2025, archivo F27",Retain in master; profile and review documented format/domain and outlier alerts,39497,39497,10398,10398,73.6739,73.6739,0,0,29099,29099,0,0,0.0,0.0,numeric format checked; range/domain not confirmed,numeric format checked; range/domain not confirmed,29099,29099,73.6739,73.6739,80.0,80.0,Retain in master; profile and review documented format/domain and outlier alerts,Retain in master; profile and review documented format/domain and outlier alerts,0,0,29099,29099,0,0,2,2,0.000192,0.000192,numeric-like; semantic quantitative type provisionally documented,numeric-like; semantic quantitative type provisionally documented,Cuantitativa discreta/derivada según etiqueta INE,Cuantitativa discreta/derivada según etiqueta INE,Sin alerta heurística de cardinalidad.,Sin alerta heurística de cardinalidad.,"Etiqueta y metadatos importados del DDI oficial INE EH2025, archivo F27","Etiqueta y metadatos importados del DDI oficial INE EH2025, archivo F27",10398,10398,1.0,1.0,2.0,2.0,1.2396614733602616,1.2396614733602616,0.42689738594536,0.42689738594536,1.0,1.0,1.0,1.0,1.0,1.0,0.0,0.0,IQR exploratorio × 1.5,IQR exploratorio × 1.5,IQR cero; alertas no clasificadas automáticamente,IQR cero; alertas no clasificadas automáticamente,0,0,,,,,,,False,False,0,"Retener en el maestro; revisar perfil, universo, semántica y alertas"
s03a_09,El establecimiento en el que se matriculó esta gestión 2025 es: (s03a_09),El establecimiento en el que se matriculó esta gestión 2025 es:,Sección 3: Educación,Personas de 4 años o más de edad,"Etiqueta y metadatos importados del DDI oficial INE EH2025, archivo F27",Retain in master; profile and review documented format/domain and outlier alerts,39497,39497,13837,13837,64.967,64.967,0,0,25660,25660,0,0,0.0,0.0,not evaluated: variable domain is not confirmed,not evaluated: variable domain is not confirmed,25660,25660,64.967,64.967,80.0,80.0,Retain in master; profile and review documented format/domain and outlier alerts,Retain in master; profile and review documented format/domain and outlier alerts,0,0,25660,25660,0,0,2,2,0.000145,0.000145,numeric-like candidate; no numeric summary until semantics are confirmed,numeric-like candidate; no numeric summary until semantics are confirmed,Categórica o codificada según metadatos INE,Categórica o codificada según metadatos INE,Sin alerta heurística de cardinalidad.,Sin alerta heurística de cardinalidad.,"Etiqueta y metadatos importados del DDI oficial INE EH2025, archivo F27","Etiqueta y metadatos importados del DDI oficial INE EH2025, archivo F27",0,0,,,,,,,,,,,,,,,,,No aplicable: no es magnitud numérica confirmada,No aplicable: no es magnitud numérica confirmada,revisar códigos/categorías con el diccionario,revisar códigos/categorías con el diccionario,0,0,,,,,,,False,False,0,"Retener en el maestro; revisar perfil, universo, semántica y alertas"
s03b_10,"Actualmente, ¿(…) pasa clases en el nivel y curso al que se matriculó esta gestión 2025? (s03b_10)","Actualmente, ¿(…) pasa clases en el nivel y curso al que se matriculó esta gestión 2025?",Sección 3: Educación,Personas de 4 años o más de edad.,"Etiqueta y metadatos importados del DDI oficial INE EH2025, archivo F27",Retain in master; profile and review documented format/domain and outlier alerts,39497,39497,13837,13837,64.967,64.967,0,0,25660,25660,0,0,0.0,0.0,not evaluated: variable domain is not confirmed,not evaluated: variable domain is not confirmed,25660,25660,64.967,64.967,80.0,80.0,Retain in master; profile and review documented format/domain and outlier alerts,Retain in master; profile and review documented format/domain and outlier alerts,0,0,25660,25660,0,0,4,4,0.000289,0.000289,numeric-like candidate; no numeric summary until semantics are confirmed,numeric-like candidate; no numeric summary until semantics are confirmed,Categórica o codificada según metadatos INE,Categórica o codificada según metadatos INE,Sin alerta heurística de cardinalidad.,Sin alerta heurística de cardinalidad.,"Etiqueta y metadatos importados del DDI oficial INE EH2025, archivo F27","Etiqueta y metadatos importados del DDI oficial INE EH2025, archivo F27",0,0,,,,,,,,,,,,,,,,,No aplicable: no es magnitud numérica confirmada,No aplicable: no es magnitud numérica confirmada,revisar códigos/categorías con el diccionario,revisar códigos/categorías con el diccionario,0,0,,,,,,,False,False,0,"Retener en el maestro; revisar perfil, universo, semántica y alertas"
s03b_11,"¿Cuál es la principal razón por la que no pasa clases actualmente (ya sea presencial, semipresencial, a distancia o virtual)? (s03b_11)","¿Cuál es la principal razón por la que no pasa clases actualmente (ya sea presencial, semipresencial, a distancia o virtual)?",Sección 3: Educación,Personas de 4 años o más de edad,"Etiqueta y metadatos importados del DDI oficial INE EH2025, archivo F27","RETAIN IN MASTER; >80% global absence is an audit flag, not a deletion rule",39497,39497,2842,2842,92.8045,92.8045,0,0,36655,36655,0,0,0.0,0.0,not evaluated: variable domain is not confirmed,not evaluated: variable domain is not confirmed,36655,36655,92.8045,92.8045,80.0,80.0,"RETAIN IN MASTER; >80% global absence is an audit flag, not a deletion rule","RETAIN IN MASTER; >80% global absence is an audit flag, not a deletion rule",0,0,36655,36655,0,0,5,5,0.001759,0.001759,numeric-like candidate; no numeric summary until semantics are confirmed,numeric-like candidate; no numeric summary until semantics are confirmed,Categórica o codificada según metadatos INE,Categórica o codificada según metadatos INE,Sin alerta heurística de cardinalidad.,Sin alerta heurística de cardinalidad.,"Etiqueta y metadatos importados del DDI oficial INE EH2025, archivo F27","Etiqueta y metadatos importados del DDI oficial INE EH2025, archivo F27",0,0,,,,,,,,,,,,,,,,,No aplicable: no es magnitud numérica confirmada,No aplicable: no es magnitud numérica confirmada,revisar códigos/categorías con el diccionario,revisar códigos/categorías con el diccionario,0,0,,,,,,,False,False,0,"Retener en el maestro; revisar perfil, universo, semántica y alertas"
s03b_11e,"¿Cuál es la principal razón por la que no pasa clases actualmente (ya sea presencial, semipresencial, a distancia o virtual)? Otro (Especifique) (s03b_11e)","¿Cuál es la principal razón por la que no pasa clases actualmente (ya sea presencial, semipresencial, a distancia o virtual)? Otro (Especifique)",Sección 3: Educación,Personas de 4 años o más de edad,"Etiqueta y metadatos importados del DDI oficial INE EH2025, archivo F27","RETAIN IN MASTER; >80% global absence is an audit flag, not a deletion rule",39497,39497,37,37,99.9063,99.9063,39460,39460,39460,39460,0,0,0.0,0.0,not evaluated: variable domain is not confirmed,not evaluated: variable domain is not confirmed,39460,39460,99.9063,99.9063,80.0,80.0,"RETAIN IN MASTER; >80% global absence is an audit flag, not a deletion rule","RETAIN IN MASTER; >80% global absence is an audit flag, not a deletion rule",0,0,0,0,0,0,37,37,1.0,1.0,text/categorical or mixed,text/categorical or mixed,Categórica o codificada según metadatos INE,Categórica o codificada según metadatos INE,REVISAR: 37 valores distintos en una variable categórica; cotejar códigos y alineación con el cuestionario.,REVISAR: 37 valores distintos en una variable categórica; cotejar códigos y alineación con el cuestionario.,"Etiqueta y metadatos importados del DDI oficial INE EH2025, archivo F27","Etiqueta y metadatos importados del DDI oficial INE EH2025, archivo F27",0,0,,,,,,,,,,,,,,,,,No aplicable: no es magnitud numérica confirmada,No aplicable: no es magnitud numérica confirmada,revisar códigos/categorías con el diccionario,revisar códigos/categorías con el diccionario,0,0,,,,,,,False,False,0,"Retener en el maestro; revisar perfil, universo, semántica y alertas"
s03b_12,"Actualmente, ¿se encuentra en periodo de vacación, descanso pedagógico o receso? (s03b_12)","Actualmente, ¿se encuentra en periodo de vacación, descanso pedagógico o receso?",Sección 3: Educación,Personas de 4 años o más de edad,"Etiqueta y metadatos importados del DDI oficial INE EH2025, archivo F27","RETAIN IN MASTER; >80% global absence is an audit flag, not a deletion rule",39497,39497,40,40,99.8987,99.8987,0,0,39457,39457,0,0,0.0,0.0,not evaluated: variable domain is not confirmed,not evaluated: variable domain is not confirmed,39457,39457,99.8987,99.8987,80.0,80.0,"RETAIN IN MASTER; >80% global absence is an audit flag, not a deletion rule","RETAIN IN MASTER; >80% global absence is an audit flag, not a deletion rule",0,0,39457,39457,0,0,2,2,0.05,0.05,numeric-like candidate; no numeric summary until semantics are confirmed,numeric-like candidate; no numeric summary until semantics are confirmed,Categórica o codificada según metadatos INE,Categórica o codificada según metadatos INE,Sin alerta heurística de cardinalidad.,Sin alerta heurística de cardinalidad.,"Etiqueta y metadatos importados del DDI oficial INE EH2025, archivo F27","Etiqueta y metadatos importados del DDI oficial INE EH2025, archivo F27",0,0,,,,,,,,,,,,,,,,,No aplicable: no es magnitud numérica confirmada,No aplicable: no es magnitud numérica confirmada,revisar códigos/categorías con el diccionario,revisar códigos/categorías con el diccionario,0,0,,,,,,,False,False,0,"Retener en el maestro; revisar perfil, universo, semántica y alertas"
s03c_13,¿(....) dispone de teléfono celular para uso personal? (s03c_13),¿(....) dispone de teléfono celular para uso personal?,Sección 3: Educación,Personas de 5 años o más de edad,"Etiqueta y metadatos importados del DDI oficial INE EH2025, archivo F27",Retain in master; profile and review documented format/domain and outlier alerts,39497,39497,36717,36717,7.0385,7.0385,0,0,2780,2780,0,0,0.0,0.0,not evaluated: variable domain is not confirmed,not evaluated: variable domain is not confirmed,2780,2780,7.0385,7.0385,80.0,80.0,Retain in master; profile and review documented format/domain and outlier alerts,Retain in master; profile and review documented format/domain and outlier alerts,0,0,2780,2780,0,0,2,2,5.4e-05,5.4e-05,numeric-like candidate; no numeric summary until semantics are confirmed,numeric-like candidate; no numeric summary until semantics are confirmed,Categórica o codificada según metadatos INE,Categórica o codificada según metadatos INE,Sin alerta heurística de cardinalidad.,Sin alerta heurística de cardinalidad.,"Etiqueta y metadatos importados del DDI oficial INE EH2025, archivo F27","Etiqueta y metadatos importados del DDI oficial INE EH2025, archivo F27",0,0,,,,,,,,,,,,,,,,,No aplicable: no es magnitud numérica confirmada,No aplicable: no es magnitud numérica confirmada,revisar códigos/categorías con el diccionario,revisar códigos/categorías con el diccionario,0,0,,,,,,,False,False,0,"Retener en el maestro; revisar perfil, universo, semántica y alertas"
s03c_13a,¿El teléfono celular puede conectarse a Internet? (s03c_13a),¿El teléfono celular puede conectarse a Internet?,Sección 3: Educación,Personas de 5 años o más de edad.,"Etiqueta y metadatos importados del DDI oficial INE EH2025, archivo F27",Retain in master; profile and review documented format/domain and outlier alerts,39497,39497,27964,27964,29.1997,29.1997,0,0,11533,11533,0,0,0.0,0.0,not evaluated: variable domain is not confirmed,not evaluated: variable domain is not confirmed,11533,11533,29.1997,29.1997,80.0,80.0,Retain in master; profile and review documented format/domain and outlier alerts,Retain in master; profile and review documented format/domain and outlier alerts,0,0,11533,11533,0,0,3,3,0.000107,0.000107,numeric-like candidate; no numeric summary until semantics are confirmed,numeric-like candidate; no numeric summary until semantics are confirmed,Categórica o codificada según metadatos INE,Categórica o codificada según metadatos INE,Sin alerta heurística de cardinalidad.,Sin alerta heurística de cardinalidad.,"Etiqueta y metadatos importados del DDI oficial INE EH2025, archivo F27","Etiqueta y metadatos importados del DDI oficial INE EH2025, archivo F27",0,0,,,,,,,,,,,,,,,,,No aplicable: no es magnitud numérica confirmada,No aplicable: no es magnitud numérica confirmada,revisar códigos/categorías con el diccionario,revisar códigos/categorías con el diccionario,0,0,,,,,,,False,False,0,"Retener en el maestro; revisar perfil, universo, semántica y alertas"
s03c_14,"¿En los últimos 3 meses, (....) ha utilizado teléfono celular? (s03c_14)","¿En los últimos 3 meses, (....) ha utilizado teléfono celular?",Sección 3: Educación,Personas de 5 años o más de edad.,"Etiqueta y metadatos importados del DDI oficial INE EH2025, archivo F27",Retain in master; profile and review documented format/domain and outlier alerts,39497,39497,36717,36717,7.0385,7.0385,0,0,2780,2780,0,0,0.0,0.0,numeric format checked; range/domain not confirmed,numeric format checked; range/domain not confirmed,2780,2780,7.0385,7.0385,80.0,80.0,Retain in master; profile and review documented format/domain and outlier alerts,Retain in master; profile and review documented format/domain and outlier alerts,0,0,2780,2780,0,0,2,2,5.4e-05,5.4e-05,numeric-like; semantic quantitative type provisionally documented,numeric-like; semantic quantitative type provisionally documented,Cuantitativa discreta/derivada según etiqueta INE,Cuantitativa discreta/derivada según etiqueta INE,Sin alerta heurística de cardinalidad.,Sin alerta heurística de cardinalidad.,"Etiqueta y metadatos importados del DDI oficial INE EH2025, archivo F27","Etiqueta y metadatos importados del DDI oficial INE EH2025, archivo F27",36717,36717,1.0,1.0,2.0,2.0,1.1596808018084266,1.1596808018084266,0.36631475257927765,0.36631475257927765,1.0,1.0,1.0,1.0,1.0,1.0,0.0,0.0,IQR exploratorio × 1.5,IQR exploratorio × 1.5,IQR cero; alertas no clasificadas automáticamente,IQR cero; alertas no clasificadas automáticamente,0,0,,,,,,,False,False,0,"Retener en el maestro; revisar perfil, universo, semántica y alertas"
s03c_15a,"¿En los últimos 3 meses, (…) ha utilizado computadora de escritorio, laptop, tablet, en cualquier lugar? (s03c_15a)","¿En los últimos 3 meses, (…) ha utilizado computadora de escritorio, laptop, tablet, en cualquier lugar?",Sección 3: Educación,Personas de 5 años o más de edad.,"Etiqueta y metadatos importados del DDI oficial INE EH2025, archivo F27",Retain in master; profile and review documented format/domain and outlier alerts,39497,39497,36717,36717,7.0385,7.0385,0,0,2780,2780,0,0,0.0,0.0,numeric format checked; range/domain not confirmed,numeric format checked; range/domain not confirmed,2780,2780,7.0385,7.0385,80.0,80.0,Retain in master; profile and review documented format/domain and outlier alerts,Retain in master; profile and review documented format/domain and outlier alerts,0,0,2780,2780,0,0,2,2,5.4e-05,5.4e-05,numeric-like; semantic quantitative type provisionally documented,numeric-like; semantic quantitative type provisionally documented,Cuantitativa discreta/derivada según etiqueta INE,Cuantitativa discreta/derivada según etiqueta INE,Sin alerta heurística de cardinalidad.,Sin alerta heurística de cardinalidad.,"Etiqueta y metadatos importados del DDI oficial INE EH2025, archivo F27","Etiqueta y metadatos importados del DDI oficial INE EH2025, archivo F27",36717,36717,1.0,1.0,2.0,2.0,1.7053953209684887,1.7053953209684887,0.45587105866654504,0.45587105866654504,1.0,1.0,2.0,2.0,2.0,2.0,1.0,1.0,IQR exploratorio × 1.5,IQR exploratorio × 1.5,alerta estadística; requiere revisión semántica,alerta estadística; requiere revisión semántica,0,0,0.0,0.0,-0.5,-0.5,3.5,3.5,False,False,0,"Retener en el maestro; revisar perfil, universo, semántica y alertas"
s03c_15b,"¿En los últimos 3 meses, (…) ha utilizado computadora de escritorio, laptop, tablet, en cualquier lugar? ¿Con qué frecuencia? (s03c_15b)","¿En los últimos 3 meses, (…) ha utilizado computadora de escritorio, laptop, tablet, en cualquier lugar? ¿Con qué frecuencia?",Sección 3: Educación,Personas de 5 años o más de edad.,"Etiqueta y metadatos importados del DDI oficial INE EH2025, archivo F27",Retain in master; profile and review documented format/domain and outlier alerts,39497,39497,10817,10817,72.6131,72.6131,0,0,28680,28680,0,0,0.0,0.0,numeric format checked; range/domain not confirmed,numeric format checked; range/domain not confirmed,28680,28680,72.6131,72.6131,80.0,80.0,Retain in master; profile and review documented format/domain and outlier alerts,Retain in master; profile and review documented format/domain and outlier alerts,0,0,28680,28680,0,0,4,4,0.00037,0.00037,numeric-like; semantic quantitative type provisionally documented,numeric-like; semantic quantitative type provisionally documented,Cuantitativa discreta/derivada según etiqueta INE,Cuantitativa discreta/derivada según etiqueta INE,Sin alerta heurística de cardinalidad.,Sin alerta heurística de cardinalidad.,"Etiqueta y metadatos importados del DDI oficial INE EH2025, archivo F27","Etiqueta y metadatos importados del DDI oficial INE EH2025, archivo F27",10817,10817,1.0,1.0,4.0,4.0,1.5655911990385505,1.5655911990385505,0.6633718615733332,0.6633718615733332,1.0,1.0,1.0,1.0,2.0,2.0,1.0,1.0,IQR exploratorio × 1.5,IQR exploratorio × 1.5,alerta estadística; requiere revisión semántica,alerta estadística; requiere revisión semántica,30,30,0.2773412221503189,0.2773412221503189,-0.5,-0.5,3.5,3.5,False,False,0,"Retener en el maestro; revisar perfil, universo, semántica y alertas"
s03c_16a,"¿En los últimos 3 meses, (…) ha utilizado Internet en cualquier lugar? (s03c_16a)","¿En los últimos 3 meses, (…) ha utilizado Internet en cualquier lugar?",Sección 3: Educación,Personas de 5 años o más de edad.,"Etiqueta y metadatos importados del DDI oficial INE EH2025, archivo F27",Retain in master; profile and review documented format/domain and outlier alerts,39497,39497,36717,36717,7.0385,7.0385,0,0,2780,2780,0,0,0.0,0.0,numeric format checked; range/domain not confirmed,numeric format checked; range/domain not confirmed,2780,2780,7.0385,7.0385,80.0,80.0,Retain in master; profile and review documented format/domain and outlier alerts,Retain in master; profile and review documented format/domain and outlier alerts,0,0,2780,2780,0,0,2,2,5.4e-05,5.4e-05,numeric-like; semantic quantitative type provisionally documented,numeric-like; semantic quantitative type provisionally documented,Cuantitativa discreta/derivada según etiqueta INE,Cuantitativa discreta/derivada según etiqueta INE,Sin alerta heurística de cardinalidad.,Sin alerta heurística de cardinalidad.,"Etiqueta y metadatos importados del DDI oficial INE EH2025, archivo F27","Etiqueta y metadatos importados del DDI oficial INE EH2025, archivo F27",36717,36717,1.0,1.0,2.0,2.0,1.2687038701418962,1.2687038701418962,0.44329161086135105,0.44329161086135105,1.0,1.0,1.0,1.0,2.0,2.0,1.0,1.0,IQR exploratorio × 1.5,IQR exploratorio × 1.5,alerta estadística; requiere revisión semántica,alerta estadística; requiere revisión semántica,0,0,0.0,0.0,-0.5,-0.5,3.5,3.5,False,False,0,"Retener en el maestro; revisar perfil, universo, semántica y alertas"
s03c_16b,"¿En los últimos 3 meses, (…) ha utilizado Internet en cualquier lugar? ¿Con qué frecuencia? (s03c_16b)","¿En los últimos 3 meses, (…) ha utilizado Internet en cualquier lugar? ¿Con qué frecuencia?",Sección 3: Educación,Personas de 5 años o más de edad.,"Etiqueta y metadatos importados del DDI oficial INE EH2025, archivo F27",Retain in master; profile and review documented format/domain and outlier alerts,39497,39497,26851,26851,32.0176,32.0176,0,0,12646,12646,0,0,0.0,0.0,numeric format checked; range/domain not confirmed,numeric format checked; range/domain not confirmed,12646,12646,32.0176,32.0176,80.0,80.0,Retain in master; profile and review documented format/domain and outlier alerts,Retain in master; profile and review documented format/domain and outlier alerts,0,0,12646,12646,0,0,4,4,0.000149,0.000149,numeric-like; semantic quantitative type provisionally documented,numeric-like; semantic quantitative type provisionally documented,Cuantitativa discreta/derivada según etiqueta INE,Cuantitativa discreta/derivada según etiqueta INE,Sin alerta heurística de cardinalidad.,Sin alerta heurística de cardinalidad.,"Etiqueta y metadatos importados del DDI oficial INE EH2025, archivo F27","Etiqueta y metadatos importados del DDI oficial INE EH2025, archivo F27",26851,26851,1.0,1.0,4.0,4.0,1.2317976984097427,1.2317976984097427,0.4666649823764934,0.4666649823764934,1.0,1.0,1.0,1.0,1.0,1.0,0.0,0.0,IQR exploratorio × 1.5,IQR exploratorio × 1.5,IQR cero; alertas no clasificadas automáticamente,IQR cero; alertas no clasificadas automáticamente,0,0,,,,,,,False,False,0,"Retener en el maestro; revisar perfil, universo, semántica y alertas"
s03c_17aa,¿Dónde ha utilizado usted internet en los últimos 3 meses? 1° (s03c_17aa),¿Dónde ha utilizado usted internet en los últimos 3 meses? 1°,Sección 3: Educación,Personas de 5 años o más de edad.,"Etiqueta y metadatos importados del DDI oficial INE EH2025, archivo F27",Retain in master; profile and review documented format/domain and outlier alerts,39497,39497,26851,26851,32.0176,32.0176,0,0,12646,12646,0,0,0.0,0.0,numeric format checked; range/domain not confirmed,numeric format checked; range/domain not confirmed,12646,12646,32.0176,32.0176,80.0,80.0,Retain in master; profile and review documented format/domain and outlier alerts,Retain in master; profile and review documented format/domain and outlier alerts,0,0,12646,12646,0,0,7,7,0.000261,0.000261,numeric-like; semantic quantitative type provisionally documented,numeric-like; semantic quantitative type provisionally documented,Cuantitativa discreta/derivada según etiqueta INE,Cuantitativa discreta/derivada según etiqueta INE,Sin alerta heurística de cardinalidad.,Sin alerta heurística de cardinalidad.,"Etiqueta y metadatos importados del DDI oficial INE EH2025, archivo F27","Etiqueta y metadatos importados del DDI oficial INE EH2025, archivo F27",26851,26851,1.0,1.0,7.0,7.0,1.1439797400469256,1.1439797400469256,0.6339076390019682,0.6339076390019682,1.0,1.0,1.0,1.0,1.0,1.0,0.0,0.0,IQR exploratorio × 1.5,IQR exploratorio × 1.5,IQR cero; alertas no clasificadas automáticamente,IQR cero; alertas no clasificadas automáticamente,0,0,,,,,,,False,False,0,"Retener en el maestro; revisar perfil, universo, semántica y alertas"
s03c_17ab,¿Dónde ha utilizado usted internet en los últimos 3 meses? 2° (s03c_17ab),¿Dónde ha utilizado usted internet en los últimos 3 meses? 2°,Sección 3: Educación,Personas de 5 años o más de edad.,"Etiqueta y metadatos importados del DDI oficial INE EH2025, archivo F27",Retain in master; profile and review documented format/domain and outlier alerts,39497,39497,14605,14605,63.0225,63.0225,0,0,24892,24892,0,0,0.0,0.0,numeric format checked; range/domain not confirmed,numeric format checked; range/domain not confirmed,24892,24892,63.0225,63.0225,80.0,80.0,Retain in master; profile and review documented format/domain and outlier alerts,Retain in master; profile and review documented format/domain and outlier alerts,0,0,24892,24892,0,0,7,7,0.000479,0.000479,numeric-like; semantic quantitative type provisionally documented,numeric-like; semantic quantitative type provisionally documented,Cuantitativa discreta/derivada según etiqueta INE,Cuantitativa discreta/derivada según etiqueta INE,Sin alerta heurística de cardinalidad.,Sin alerta heurística de cardinalidad.,"Etiqueta y metadatos importados del DDI oficial INE EH2025, archivo F27","Etiqueta y metadatos importados del DDI oficial INE EH2025, archivo F27",14605,14605,1.0,1.0,7.0,7.0,2.304827114002054,2.304827114002054,0.8396872130462711,0.8396872130462711,2.0,2.0,2.0,2.0,3.0,3.0,1.0,1.0,IQR exploratorio × 1.5,IQR exploratorio × 1.5,alerta estadística; requiere revisión semántica,alerta estadística; requiere revisión semántica,308,308,2.108866826429305,2.108866826429305,0.5,0.5,4.5,4.5,False,False,0,"Retener en el maestro; revisar perfil, universo, semántica y alertas"
s03c_17e,¿Dónde ha utilizado usted internet en los últimos 3 meses? Especifique (s03c_17e),¿Dónde ha utilizado usted internet en los últimos 3 meses? Especifique,Sección 3: Educación,Personas de 5 años o más de edad.,"Etiqueta y metadatos importados del DDI oficial INE EH2025, archivo F27","RETAIN IN MASTER; >80% global absence is an audit flag, not a deletion rule",39497,39497,205,205,99.481,99.481,39292,39292,39292,39292,0,0,0.0,0.0,not evaluated: variable domain is not confirmed,not evaluated: variable domain is not confirmed,39292,39292,99.481,99.481,80.0,80.0,"RETAIN IN MASTER; >80% global absence is an audit flag, not a deletion rule","RETAIN IN MASTER; >80% global absence is an audit flag, not a deletion rule",0,0,0,0,0,0,97,97,0.473171,0.473171,text/categorical or mixed,text/categorical or mixed,Categórica o codificada según metadatos INE,Categórica o codificada según metadatos INE,REVISAR: 97 valores distintos en una variable categórica; cotejar códigos y alineación con el cuestionario.,REVISAR: 97 valores distintos en una variable categórica; cotejar códigos y alineación con el cuestionario.,"Etiqueta y metadatos importados del DDI oficial INE EH2025, archivo F27","Etiqueta y metadatos importados del DDI oficial INE EH2025, archivo F27",0,0,,,,,,,,,,,,,,,,,No aplicable: no es magnitud numérica confirmada,No aplicable: no es magnitud numérica confirmada,revisar códigos/categorías con el diccionario,revisar códigos/categorías con el diccionario,0,0,,,,,,,False,False,0,"Retener en el maestro; revisar perfil, universo, semántica y alertas"
s04a_01,"Durante la semana pasada, ¿trabajó al menos una hora? (s04a_01)","Durante la semana pasada, ¿trabajó al menos una hora?",Sección 4: Empleo,Personas de 7 años o más de edad,"Etiqueta y metadatos importados del DDI oficial INE EH2025, archivo F27",Retain in master; profile and review documented format/domain and outlier alerts,39497,39497,35366,35366,10.459,10.459,0,0,4131,4131,0,0,0.0,0.0,numeric format checked; range/domain not confirmed,numeric format checked; range/domain not confirmed,4131,4131,10.459,10.459,80.0,80.0,Retain in master; profile and review documented format/domain and outlier alerts,Retain in master; profile and review documented format/domain and outlier alerts,0,0,4131,4131,0,0,2,2,5.7e-05,5.7e-05,numeric-like; semantic quantitative type provisionally documented,numeric-like; semantic quantitative type provisionally documented,Cuantitativa discreta/derivada según etiqueta INE,Cuantitativa discreta/derivada según etiqueta INE,Sin alerta heurística de cardinalidad.,Sin alerta heurística de cardinalidad.,"Etiqueta y metadatos importados del DDI oficial INE EH2025, archivo F27","Etiqueta y metadatos importados del DDI oficial INE EH2025, archivo F27",35366,35366,1.0,1.0,2.0,2.0,1.4633829101396822,1.4633829101396822,0.4986644362221987,0.4986644362221987,1.0,1.0,1.0,1.0,2.0,2.0,1.0,1.0,IQR exploratorio × 1.5,IQR exploratorio × 1.5,alerta estadística; requiere revisión semántica,alerta estadística; requiere revisión semántica,0,0,0.0,0.0,-0.5,-0.5,3.5,3.5,True,True,0,"Retener en el maestro; revisar perfil, universo, semántica y alertas"
s04a_02,"Durante la semana pasada, dedicó al menos una hora a: (s04a_02)","Durante la semana pasada, dedicó al menos una hora a:",Sección 4: Empleo,Personas de 7 años o más de edad,"Etiqueta y metadatos importados del DDI oficial INE EH2025, archivo F27",Retain in master; profile and review documented format/domain and outlier alerts,39497,39497,16388,16388,58.5082,58.5082,0,0,23109,23109,0,0,0.0,0.0,numeric format checked; range/domain not confirmed,numeric format checked; range/domain not confirmed,23109,23109,58.5082,58.5082,80.0,80.0,Retain in master; profile and review documented format/domain and outlier alerts,Retain in master; profile and review documented format/domain and outlier alerts,0,0,23109,23109,0,0,9,9,0.000549,0.000549,numeric-like; semantic quantitative type provisionally documented,numeric-like; semantic quantitative type provisionally documented,Cuantitativa discreta/derivada según etiqueta INE,Cuantitativa discreta/derivada según etiqueta INE,Sin alerta heurística de cardinalidad.,Sin alerta heurística de cardinalidad.,"Etiqueta y metadatos importados del DDI oficial INE EH2025, archivo F27","Etiqueta y metadatos importados del DDI oficial INE EH2025, archivo F27",16388,16388,1.0,1.0,9.0,9.0,8.843971198437881,8.843971198437881,1.024685677683063,1.024685677683063,9.0,9.0,9.0,9.0,9.0,9.0,0.0,0.0,IQR exploratorio × 1.5,IQR exploratorio × 1.5,IQR cero; alertas no clasificadas automáticamente,IQR cero; alertas no clasificadas automáticamente,0,0,,,,,,,True,True,0,"Retener en el maestro; revisar perfil, universo, semántica y alertas"
s04a_02a,"Los cultivos agrícolas, cría de animales, caza, pesca o recolección son destinados: (s04a_02a)","Los cultivos agrícolas, cría de animales, caza, pesca o recolección son destinados:",Sección 4: Empleo,Personas de 7 años o más de edad,"Etiqueta y metadatos importados del DDI oficial INE EH2025, archivo F27","RETAIN IN MASTER; >80% global absence is an audit flag, not a deletion rule",39497,39497,221,221,99.4405,99.4405,0,0,39276,39276,0,0,0.0,0.0,not evaluated: variable domain is not confirmed,not evaluated: variable domain is not confirmed,39276,39276,99.4405,99.4405,80.0,80.0,"RETAIN IN MASTER; >80% global absence is an audit flag, not a deletion rule","RETAIN IN MASTER; >80% global absence is an audit flag, not a deletion rule",0,0,39276,39276,0,0,2,2,0.00905,0.00905,numeric-like candidate; no numeric summary until semantics are confirmed,numeric-like candidate; no numeric summary until semantics are confirmed,Categórica o codificada según metadatos INE,Categórica o codificada según metadatos INE,Sin alerta heurística de cardinalidad.,Sin alerta heurística de cardinalidad.,"Etiqueta y metadatos importados del DDI oficial INE EH2025, archivo F27","Etiqueta y metadatos importados del DDI oficial INE EH2025, archivo F27",0,0,,,,,,,,,,,,,,,,,No aplicable: no es magnitud numérica confirmada,No aplicable: no es magnitud numérica confirmada,revisar códigos/categorías con el diccionario,revisar códigos/categorías con el diccionario,0,0,,,,,,,True,True,0,"Retener en el maestro; revisar perfil, universo, semántica y alertas"
s04a_03,"La semana pasada, ¿tuvo algún empleo, negocio o empresa propia en la cual no trabajó por: (s04a_03)","La semana pasada, ¿tuvo algún empleo, negocio o empresa propia en la cual no trabajó por:",Sección 4: Empleo,Personas de 7 años o más de edad,"Etiqueta y metadatos importados del DDI oficial INE EH2025, archivo F27",Retain in master; profile and review documented format/domain and outlier alerts,39497,39497,15994,15994,59.5058,59.5058,0,0,23503,23503,0,0,0.0,0.0,not evaluated: variable domain is not confirmed,not evaluated: variable domain is not confirmed,23503,23503,59.5058,59.5058,80.0,80.0,Retain in master; profile and review documented format/domain and outlier alerts,Retain in master; profile and review documented format/domain and outlier alerts,0,0,23503,23503,0,0,9,9,0.000563,0.000563,numeric-like candidate; no numeric summary until semantics are confirmed,numeric-like candidate; no numeric summary until semantics are confirmed,Categórica o codificada según metadatos INE,Categórica o codificada según metadatos INE,Sin alerta heurística de cardinalidad.,Sin alerta heurística de cardinalidad.,"Etiqueta y metadatos importados del DDI oficial INE EH2025, archivo F27","Etiqueta y metadatos importados del DDI oficial INE EH2025, archivo F27",0,0,,,,,,,,,,,,,,,,,No aplicable: no es magnitud numérica confirmada,No aplicable: no es magnitud numérica confirmada,revisar códigos/categorías con el diccionario,revisar códigos/categorías con el diccionario,0,0,,,,,,,True,True,0,"Retener en el maestro; revisar perfil, universo, semántica y alertas"
s04a_04,"La semana pasada, ¿quería usted trabajar y estaba disponible para hacerlo? (s04a_04)","La semana pasada, ¿quería usted trabajar y estaba disponible para hacerlo?",Sección 4: Empleo,Personas de 7 años o más de edad,"Etiqueta y metadatos importados del DDI oficial INE EH2025, archivo F27",Retain in master; profile and review documented format/domain and outlier alerts,39497,39497,15887,15887,59.7767,59.7767,0,0,23610,23610,0,0,0.0,0.0,not evaluated: variable domain is not confirmed,not evaluated: variable domain is not confirmed,23610,23610,59.7767,59.7767,80.0,80.0,Retain in master; profile and review documented format/domain and outlier alerts,Retain in master; profile and review documented format/domain and outlier alerts,0,0,23610,23610,0,0,2,2,0.000126,0.000126,numeric-like candidate; no numeric summary until semantics are confirmed,numeric-like candidate; no numeric summary until semantics are confirmed,Categórica o codificada según metadatos INE,Categórica o codificada según metadatos INE,Sin alerta heurística de cardinalidad.,Sin alerta heurística de cardinalidad.,"Etiqueta y metadatos importados del DDI oficial INE EH2025, archivo F27","Etiqueta y metadatos importados del DDI oficial INE EH2025, archivo F27",0,0,,,,,,,,,,,,,,,,,No aplicable: no es magnitud numérica confirmada,No aplicable: no es magnitud numérica confirmada,revisar códigos/categorías con el diccionario,revisar códigos/categorías con el diccionario,0,0,,,,,,,True,True,0,"Retener en el maestro; revisar perfil, universo, semántica y alertas"
s04a_05,Durante las últimas cuatro semanas ¿buscó trabajo o hizo gestiones para establecer algún negocio propio? (s04a_05),Durante las últimas cuatro semanas ¿buscó trabajo o hizo gestiones para establecer algún negocio propio?,Sección 4: Empleo,Personas de 7 años o más de edad,"Etiqueta y metadatos importados del DDI oficial INE EH2025, archivo F27",Retain in master; profile and review documented format/domain and outlier alerts,39497,39497,15887,15887,59.7767,59.7767,0,0,23610,23610,0,0,0.0,0.0,not evaluated: variable domain is not confirmed,not evaluated: variable domain is not confirmed,23610,23610,59.7767,59.7767,80.0,80.0,Retain in master; profile and review documented format/domain and outlier alerts,Retain in master; profile and review documented format/domain and outlier alerts,0,0,23610,23610,0,0,2,2,0.000126,0.000126,numeric-like candidate; no numeric summary until semantics are confirmed,numeric-like candidate; no numeric summary until semantics are confirmed,Categórica o codificada según metadatos INE,Categórica o codificada según metadatos INE,Sin alerta heurística de cardinalidad.,Sin alerta heurística de cardinalidad.,"Etiqueta y metadatos importados del DDI oficial INE EH2025, archivo F27","Etiqueta y metadatos importados del DDI oficial INE EH2025, archivo F27",0,0,,,,,,,,,,,,,,,,,No aplicable: no es magnitud numérica confirmada,No aplicable: no es magnitud numérica confirmada,revisar códigos/categorías con el diccionario,revisar códigos/categorías con el diccionario,0,0,,,,,,,True,True,0,"Retener en el maestro; revisar perfil, universo, semántica y alertas"
s04a_06,Es usted: (s04a_06),Es usted:,Sección 4: Empleo,Personas de 7 años o más de edad,"Etiqueta y metadatos importados del DDI oficial INE EH2025, archivo F27",Retain in master; profile and review documented format/domain and outlier alerts,39497,39497,14773,14773,62.5972,62.5972,0,0,24724,24724,0,0,0.0,0.0,not evaluated: variable domain is not confirmed,not evaluated: variable domain is not confirmed,24724,24724,62.5972,62.5972,80.0,80.0,Retain in master; profile and review documented format/domain and outlier alerts,Retain in master; profile and review documented format/domain and outlier alerts,0,0,24724,24724,0,0,6,6,0.000406,0.000406,numeric-like candidate; no numeric summary until semantics are confirmed,numeric-like candidate; no numeric summary until semantics are confirmed,Categórica o codificada según metadatos INE,Categórica o codificada según metadatos INE,Sin alerta heurística de cardinalidad.,Sin alerta heurística de cardinalidad.,"Etiqueta y metadatos importados del DDI oficial INE EH2025, archivo F27","Etiqueta y metadatos importados del DDI oficial INE EH2025, archivo F27",0,0,,,,,,,,,,,,,,,,,No aplicable: no es magnitud numérica confirmada,No aplicable: no es magnitud numérica confirmada,revisar códigos/categorías con el diccionario,revisar códigos/categorías con el diccionario,0,0,,,,,,,True,True,0,"Retener en el maestro; revisar perfil, universo, semántica y alertas"
s04a_06e,Es usted: (Especifique) (s04a_06e),Es usted: (Especifique),Sección 4: Empleo,Personas de 7 años o más de edad,"Etiqueta y metadatos importados del DDI oficial INE EH2025, archivo F27","RETAIN IN MASTER; >80% global absence is an audit flag, not a deletion rule",39497,39497,65,65,99.8354,99.8354,39432,39432,39432,39432,0,0,0.0,0.0,not evaluated: variable domain is not confirmed,not evaluated: variable domain is not confirmed,39432,39432,99.8354,99.8354,80.0,80.0,"RETAIN IN MASTER; >80% global absence is an audit flag, not a deletion rule","RETAIN IN MASTER; >80% global absence is an audit flag, not a deletion rule",0,0,0,0,0,0,60,60,0.923077,0.923077,text/categorical or mixed,text/categorical or mixed,Texto; revisar si es respuesta abierta o categoría textual,Texto; revisar si es respuesta abierta o categoría textual,Sin alerta heurística de cardinalidad.,Sin alerta heurística de cardinalidad.,"Etiqueta y metadatos importados del DDI oficial INE EH2025, archivo F27","Etiqueta y metadatos importados del DDI oficial INE EH2025, archivo F27",0,0,,,,,,,,,,,,,,,,,No aplicable: no es magnitud numérica confirmada,No aplicable: no es magnitud numérica confirmada,revisar códigos/categorías con el diccionario,revisar códigos/categorías con el diccionario,0,0,,,,,,,True,True,0,"Retener en el maestro; revisar perfil, universo, semántica y alertas"
s04a_07,¿Por qué no buscó trabajo? (s04a_07),¿Por qué no buscó trabajo?,Sección 4: Empleo,Personas de 7 años o más de edad,"Etiqueta y metadatos importados del DDI oficial INE EH2025, archivo F27",Retain in master; profile and review documented format/domain and outlier alerts,39497,39497,14773,14773,62.5972,62.5972,0,0,24724,24724,0,0,0.0,0.0,not evaluated: variable domain is not confirmed,not evaluated: variable domain is not confirmed,24724,24724,62.5972,62.5972,80.0,80.0,Retain in master; profile and review documented format/domain and outlier alerts,Retain in master; profile and review documented format/domain and outlier alerts,0,0,24724,24724,0,0,9,9,0.000609,0.000609,numeric-like candidate; no numeric summary until semantics are confirmed,numeric-like candidate; no numeric summary until semantics are confirmed,Categórica o codificada según metadatos INE,Categórica o codificada según metadatos INE,Sin alerta heurística de cardinalidad.,Sin alerta heurística de cardinalidad.,"Etiqueta y metadatos importados del DDI oficial INE EH2025, archivo F27","Etiqueta y metadatos importados del DDI oficial INE EH2025, archivo F27",0,0,,,,,,,,,,,,,,,,,No aplicable: no es magnitud numérica confirmada,No aplicable: no es magnitud numérica confirmada,revisar códigos/categorías con el diccionario,revisar códigos/categorías con el diccionario,0,0,,,,,,,True,True,0,"Retener en el maestro; revisar perfil, universo, semántica y alertas"
s04a_07e,¿Por qué no buscó trabajo? Por otras causas (Especifique) (s04a_07e),¿Por qué no buscó trabajo? Por otras causas (Especifique),Sección 4: Empleo,Personas de 7 años o más de edad,"Etiqueta y metadatos importados del DDI oficial INE EH2025, archivo F27","RETAIN IN MASTER; >80% global absence is an audit flag, not a deletion rule",39497,39497,85,85,99.7848,99.7848,39412,39412,39412,39412,0,0,0.0,0.0,not evaluated: variable domain is not confirmed,not evaluated: variable domain is not confirmed,39412,39412,99.7848,99.7848,80.0,80.0,"RETAIN IN MASTER; >80% global absence is an audit flag, not a deletion rule","RETAIN IN MASTER; >80% global absence is an audit flag, not a deletion rule",0,0,0,0,0,0,80,80,0.941176,0.941176,text/categorical or mixed,text/categorical or mixed,Texto; revisar si es respuesta abierta o categoría textual,Texto; revisar si es respuesta abierta o categoría textual,Sin alerta heurística de cardinalidad.,Sin alerta heurística de cardinalidad.,"Etiqueta y metadatos importados del DDI oficial INE EH2025, archivo F27","Etiqueta y metadatos importados del DDI oficial INE EH2025, archivo F27",0,0,,,,,,,,,,,,,,,,,No aplicable: no es magnitud numérica confirmada,No aplicable: no es magnitud numérica confirmada,revisar códigos/categorías con el diccionario,revisar códigos/categorías con el diccionario,0,0,,,,,,,True,True,0,"Retener en el maestro; revisar perfil, universo, semántica y alertas"
s04a_08,¿Ha trabajado alguna vez anteriormente? (s04a_08),¿Ha trabajado alguna vez anteriormente?,Sección 4: Empleo,Personas de 7 años o más de edad,"Etiqueta y metadatos importados del DDI oficial INE EH2025, archivo F27",Retain in master; profile and review documented format/domain and outlier alerts,39497,39497,15887,15887,59.7767,59.7767,0,0,23610,23610,0,0,0.0,0.0,not evaluated: variable domain is not confirmed,not evaluated: variable domain is not confirmed,23610,23610,59.7767,59.7767,80.0,80.0,Retain in master; profile and review documented format/domain and outlier alerts,Retain in master; profile and review documented format/domain and outlier alerts,0,0,23610,23610,0,0,2,2,0.000126,0.000126,numeric-like candidate; no numeric summary until semantics are confirmed,numeric-like candidate; no numeric summary until semantics are confirmed,Categórica o codificada según metadatos INE,Categórica o codificada según metadatos INE,Sin alerta heurística de cardinalidad.,Sin alerta heurística de cardinalidad.,"Etiqueta y metadatos importados del DDI oficial INE EH2025, archivo F27","Etiqueta y metadatos importados del DDI oficial INE EH2025, archivo F27",0,0,,,,,,,,,,,,,,,,,No aplicable: no es magnitud numérica confirmada,No aplicable: no es magnitud numérica confirmada,revisar códigos/categorías con el diccionario,revisar códigos/categorías con el diccionario,0,0,,,,,,,True,True,0,"Retener en el maestro; revisar perfil, universo, semántica y alertas"
s04b_09a_cod,Códigos Clasificación de Ocupaciones de Bolivia 2024 (s04b_09a_cod),Códigos Clasificación de Ocupaciones de Bolivia 2024,Sección 4: Empleo,None,"Etiqueta y metadatos importados del DDI oficial INE EH2025, archivo F27",Retain in master; profile and review documented format/domain and outlier alerts,39497,39497,19479,19479,50.6823,50.6823,20018,20018,20018,20018,0,0,0.0,0.0,not evaluated: variable domain is not confirmed,not evaluated: variable domain is not confirmed,20018,20018,50.6823,50.6823,80.0,80.0,Retain in master; profile and review documented format/domain and outlier alerts,Retain in master; profile and review documented format/domain and outlier alerts,0,0,0,0,0,0,488,488,0.025053,0.025053,numeric-like candidate; no numeric summary until semantics are confirmed,numeric-like candidate; no numeric summary until semantics are confirmed,Categórica o codificada según metadatos INE,Categórica o codificada según metadatos INE,REVISAR: 488 valores distintos en una variable categórica; cotejar códigos y alineación con el cuestionario.,REVISAR: 488 valores distintos en una variable categórica; cotejar códigos y alineación con el cuestionario.,"Etiqueta y metadatos importados del DDI oficial INE EH2025, archivo F27","Etiqueta y metadatos importados del DDI oficial INE EH2025, archivo F27",0,0,,,,,,,,,,,,,,,,,No aplicable: no es magnitud numérica confirmada,No aplicable: no es magnitud numérica confirmada,revisar códigos/categorías con el diccionario,revisar códigos/categorías con el diccionario,0,0,,,,,,,True,True,0,"Retener en el maestro; revisar perfil, universo, semántica y alertas"
s04b_10a_cod,Códigos Clasificación de Actividades Económicas de Bolivia 2024 (s04b_10a_cod),Códigos Clasificación de Actividades Económicas de Bolivia 2024,Sección 4: Empleo,None,"Etiqueta y metadatos importados del DDI oficial INE EH2025, archivo F27",Retain in master; profile and review documented format/domain and outlier alerts,39497,39497,19479,19479,50.6823,50.6823,20018,20018,20018,20018,0,0,0.0,0.0,not evaluated: variable domain is not confirmed,not evaluated: variable domain is not confirmed,20018,20018,50.6823,50.6823,80.0,80.0,Retain in master; profile and review documented format/domain and outlier alerts,Retain in master; profile and review documented format/domain and outlier alerts,0,0,0,0,0,0,663,663,0.034037,0.034037,numeric-like candidate; no numeric summary until semantics are confirmed,numeric-like candidate; no numeric summary until semantics are confirmed,Categórica o codificada según metadatos INE,Categórica o codificada según metadatos INE,REVISAR: 663 valores distintos en una variable categórica; cotejar códigos y alineación con el cuestionario.,REVISAR: 663 valores distintos en una variable categórica; cotejar códigos y alineación con el cuestionario.,"Etiqueta y metadatos importados del DDI oficial INE EH2025, archivo F27","Etiqueta y metadatos importados del DDI oficial INE EH2025, archivo F27",0,0,,,,,,,,,,,,,,,,,No aplicable: no es magnitud numérica confirmada,No aplicable: no es magnitud numérica confirmada,revisar códigos/categorías con el diccionario,revisar códigos/categorías con el diccionario,0,0,,,,,,,True,True,0,"Retener en el maestro; revisar perfil, universo, semántica y alertas"
s04b_11aa,"¿Hace cuánto tiempo trabaja en esta empresa, institución, negocio o lugar? Tiempo (s04b_11aa)","¿Hace cuánto tiempo trabaja en esta empresa, institución, negocio o lugar? Tiempo",Sección 4: Empleo,Personas de 7 años o más de edad,"Etiqueta y metadatos importados del DDI oficial INE EH2025, archivo F27",Retain in master; profile and review documented format/domain and outlier alerts,39497,39497,19479,19479,50.6823,50.6823,0,0,20018,20018,0,0,0.0,0.0,not evaluated: variable domain is not confirmed,not evaluated: variable domain is not confirmed,20018,20018,50.6823,50.6823,80.0,80.0,Retain in master; profile and review documented format/domain and outlier alerts,Retain in master; profile and review documented format/domain and outlier alerts,0,0,20018,20018,0,0,70,70,0.003594,0.003594,numeric-like candidate; no numeric summary until semantics are confirmed,numeric-like candidate; no numeric summary until semantics are confirmed,Código numérico; semántica pendiente de confirmar,Código numérico; semántica pendiente de confirmar,Sin alerta heurística de cardinalidad.,Sin alerta heurística de cardinalidad.,"Etiqueta y metadatos importados del DDI oficial INE EH2025, archivo F27","Etiqueta y metadatos importados del DDI oficial INE EH2025, archivo F27",0,0,,,,,,,,,,,,,,,,,No aplicable: no es magnitud numérica confirmada,No aplicable: no es magnitud numérica confirmada,revisar códigos/categorías con el diccionario,revisar códigos/categorías con el diccionario,0,0,,,,,,,True,True,0,"Retener en el maestro; revisar perfil, universo, semántica y alertas"
s04b_11ab,"¿Hace cuánto tiempo trabaja en esta empresa, institución, negocio o lugar? Periodo (s04b_11ab)","¿Hace cuánto tiempo trabaja en esta empresa, institución, negocio o lugar? Periodo",Sección 4: Empleo,Personas de 7 años o más de edad,"Etiqueta y metadatos importados del DDI oficial INE EH2025, archivo F27",Retain in master; profile and review documented format/domain and outlier alerts,39497,39497,19479,19479,50.6823,50.6823,0,0,20018,20018,0,0,0.0,0.0,not evaluated: variable domain is not confirmed,not evaluated: variable domain is not confirmed,20018,20018,50.6823,50.6823,80.0,80.0,Retain in master; profile and review documented format/domain and outlier alerts,Retain in master; profile and review documented format/domain and outlier alerts,0,0,20018,20018,0,0,3,3,0.000154,0.000154,numeric-like candidate; no numeric summary until semantics are confirmed,numeric-like candidate; no numeric summary until semantics are confirmed,Categórica o codificada según metadatos INE,Categórica o codificada según metadatos INE,Sin alerta heurística de cardinalidad.,Sin alerta heurística de cardinalidad.,"Etiqueta y metadatos importados del DDI oficial INE EH2025, archivo F27","Etiqueta y metadatos importados del DDI oficial INE EH2025, archivo F27",0,0,,,,,,,,,,,,,,,,,No aplicable: no es magnitud numérica confirmada,No aplicable: no es magnitud numérica confirmada,revisar códigos/categorías con el diccionario,revisar códigos/categorías con el diccionario,0,0,,,,,,,True,True,0,"Retener en el maestro; revisar perfil, universo, semántica y alertas"
s04b_11ba,"¿Hace cuánto tiempo desempeña esta ocupación en esa empresa, institución, negocio o lugar? Tiempo (s04b_11ba)","¿Hace cuánto tiempo desempeña esta ocupación en esa empresa, institución, negocio o lugar? Tiempo",Sección 4: Empleo,Personas de 7 años o más de edad,"Etiqueta y metadatos importados del DDI oficial INE EH2025, archivo F27",Retain in master; profile and review documented format/domain and outlier alerts,39497,39497,19479,19479,50.6823,50.6823,0,0,20018,20018,0,0,0.0,0.0,not evaluated: variable domain is not confirmed,not evaluated: variable domain is not confirmed,20018,20018,50.6823,50.6823,80.0,80.0,Retain in master; profile and review documented format/domain and outlier alerts,Retain in master; profile and review documented format/domain and outlier alerts,0,0,20018,20018,0,0,64,64,0.003286,0.003286,numeric-like candidate; no numeric summary until semantics are confirmed,numeric-like candidate; no numeric summary until semantics are confirmed,Código numérico; semántica pendiente de confirmar,Código numérico; semántica pendiente de confirmar,Sin alerta heurística de cardinalidad.,Sin alerta heurística de cardinalidad.,"Etiqueta y metadatos importados del DDI oficial INE EH2025, archivo F27","Etiqueta y metadatos importados del DDI oficial INE EH2025, archivo F27",0,0,,,,,,,,,,,,,,,,,No aplicable: no es magnitud numérica confirmada,No aplicable: no es magnitud numérica confirmada,revisar códigos/categorías con el diccionario,revisar códigos/categorías con el diccionario,0,0,,,,,,,True,True,0,"Retener en el maestro; revisar perfil, universo, semántica y alertas"
s04b_11bb,"¿Hace cuánto tiempo desempeña esta ocupación en esa empresa, institución, negocio o lugar? Periodo (s04b_11bb)","¿Hace cuánto tiempo desempeña esta ocupación en esa empresa, institución, negocio o lugar? Periodo",Sección 4: Empleo,Personas de 7 años o más de edad,"Etiqueta y metadatos importados del DDI oficial INE EH2025, archivo F27",Retain in master; profile and review documented format/domain and outlier alerts,39497,39497,19479,19479,50.6823,50.6823,0,0,20018,20018,0,0,0.0,0.0,not evaluated: variable domain is not confirmed,not evaluated: variable domain is not confirmed,20018,20018,50.6823,50.6823,80.0,80.0,Retain in master; profile and review documented format/domain and outlier alerts,Retain in master; profile and review documented format/domain and outlier alerts,0,0,20018,20018,0,0,3,3,0.000154,0.000154,numeric-like candidate; no numeric summary until semantics are confirmed,numeric-like candidate; no numeric summary until semantics are confirmed,Categórica o codificada según metadatos INE,Categórica o codificada según metadatos INE,Sin alerta heurística de cardinalidad.,Sin alerta heurística de cardinalidad.,"Etiqueta y metadatos importados del DDI oficial INE EH2025, archivo F27","Etiqueta y metadatos importados del DDI oficial INE EH2025, archivo F27",0,0,,,,,,,,,,,,,,,,,No aplicable: no es magnitud numérica confirmada,No aplicable: no es magnitud numérica confirmada,revisar códigos/categorías con el diccionario,revisar códigos/categorías con el diccionario,0,0,,,,,,,True,True,0,"Retener en el maestro; revisar perfil, universo, semántica y alertas"
s04b_12,En esta ocupación usted trabaja como (s04b_12),En esta ocupación usted trabaja como,Sección 4: Empleo,Personas de 7 años o más de edad,"Etiqueta y metadatos importados del DDI oficial INE EH2025, archivo F27",Retain in master; profile and review documented format/domain and outlier alerts,39497,39497,19479,19479,50.6823,50.6823,0,0,20018,20018,0,0,0.0,0.0,not evaluated: variable domain is not confirmed,not evaluated: variable domain is not confirmed,20018,20018,50.6823,50.6823,80.0,80.0,Retain in master; profile and review documented format/domain and outlier alerts,Retain in master; profile and review documented format/domain and outlier alerts,0,0,20018,20018,0,0,8,8,0.000411,0.000411,numeric-like candidate; no numeric summary until semantics are confirmed,numeric-like candidate; no numeric summary until semantics are confirmed,Categórica o codificada según metadatos INE,Categórica o codificada según metadatos INE,Sin alerta heurística de cardinalidad.,Sin alerta heurística de cardinalidad.,"Etiqueta y metadatos importados del DDI oficial INE EH2025, archivo F27","Etiqueta y metadatos importados del DDI oficial INE EH2025, archivo F27",0,0,,,,,,,,,,,,,,,,,No aplicable: no es magnitud numérica confirmada,No aplicable: no es magnitud numérica confirmada,revisar códigos/categorías con el diccionario,revisar códigos/categorías con el diccionario,0,0,,,,,,,True,True,0,"Retener en el maestro; revisar perfil, universo, semántica y alertas"
s04b_13,"La administración de la empresa, institución, negocio o lugar donde trabaja es… (s04b_13)","La administración de la empresa, institución, negocio o lugar donde trabaja es…",Sección 4: Empleo,Personas de 7 años o más de edad,"Etiqueta y metadatos importados del DDI oficial INE EH2025, archivo F27","RETAIN IN MASTER; >80% global absence is an audit flag, not a deletion rule",39497,39497,7053,7053,82.1429,82.1429,0,0,32444,32444,0,0,0.0,0.0,not evaluated: variable domain is not confirmed,not evaluated: variable domain is not confirmed,32444,32444,82.1429,82.1429,80.0,80.0,"RETAIN IN MASTER; >80% global absence is an audit flag, not a deletion rule","RETAIN IN MASTER; >80% global absence is an audit flag, not a deletion rule",0,0,32444,32444,0,0,6,6,0.000851,0.000851,numeric-like candidate; no numeric summary until semantics are confirmed,numeric-like candidate; no numeric summary until semantics are confirmed,Categórica o codificada según metadatos INE,Categórica o codificada según metadatos INE,Sin alerta heurística de cardinalidad.,Sin alerta heurística de cardinalidad.,"Etiqueta y metadatos importados del DDI oficial INE EH2025, archivo F27","Etiqueta y metadatos importados del DDI oficial INE EH2025, archivo F27",0,0,,,,,,,,,,,,,,,,,No aplicable: no es magnitud numérica confirmada,No aplicable: no es magnitud numérica confirmada,revisar códigos/categorías con el diccionario,revisar códigos/categorías con el diccionario,0,0,,,,,,,True,True,0,"Retener en el maestro; revisar perfil, universo, semántica y alertas"
s04b_14,"¿Cuántas personas trabajan en la empresa, institución o lugar donde trabaja, incluido usted? (s04b_14)","¿Cuántas personas trabajan en la empresa, institución o lugar donde trabaja, incluido usted?",Sección 4: Empleo,Personas de 7 años o más de edad,"Etiqueta y metadatos importados del DDI oficial INE EH2025, archivo F27",Retain in master; profile and review documented format/domain and outlier alerts,39497,39497,19115,19115,51.6039,51.6039,0,0,20382,20382,0,0,0.0,0.0,not evaluated: variable domain is not confirmed,not evaluated: variable domain is not confirmed,20382,20382,51.6039,51.6039,80.0,80.0,Retain in master; profile and review documented format/domain and outlier alerts,Retain in master; profile and review documented format/domain and outlier alerts,0,0,20382,20382,0,0,129,129,0.006749,0.006749,numeric-like candidate; no numeric summary until semantics are confirmed,numeric-like candidate; no numeric summary until semantics are confirmed,Código numérico; semántica pendiente de confirmar,Código numérico; semántica pendiente de confirmar,Sin alerta heurística de cardinalidad.,Sin alerta heurística de cardinalidad.,"Etiqueta y metadatos importados del DDI oficial INE EH2025, archivo F27","Etiqueta y metadatos importados del DDI oficial INE EH2025, archivo F27",0,0,,,,,,,,,,,,,,,,,No aplicable: no es magnitud numérica confirmada,No aplicable: no es magnitud numérica confirmada,revisar códigos/categorías con el diccionario,revisar códigos/categorías con el diccionario,0,0,,,,,,,True,True,0,"Retener en el maestro; revisar perfil, universo, semántica y alertas"
s04b_15,¿Cuántos días a la semana trabaja regularmente en su ocupación? (s04b_15),¿Cuántos días a la semana trabaja regularmente en su ocupación?,Sección 4: Empleo,Personas de 7 años o más de edad,"Etiqueta y metadatos importados del DDI oficial INE EH2025, archivo F27",Retain in master; profile and review documented format/domain and outlier alerts,39497,39497,19479,19479,50.6823,50.6823,0,0,20018,20018,0,0,0.0,0.0,numeric format checked; range/domain not confirmed,numeric format checked; range/domain not confirmed,20018,20018,50.6823,50.6823,80.0,80.0,Retain in master; profile and review documented format/domain and outlier alerts,Retain in master; profile and review documented format/domain and outlier alerts,0,0,20018,20018,0,0,12,12,0.000616,0.000616,numeric-like; semantic quantitative type provisionally documented,numeric-like; semantic quantitative type provisionally documented,Cuantitativa discreta/derivada según etiqueta INE,Cuantitativa discreta/derivada según etiqueta INE,Sin alerta heurística de cardinalidad.,Sin alerta heurística de cardinalidad.,"Etiqueta y metadatos importados del DDI oficial INE EH2025, archivo F27","Etiqueta y metadatos importados del DDI oficial INE EH2025, archivo F27",19479,19479,1.0,1.0,7.0,7.0,5.339570819857282,5.339570819857282,1.3430130660180202,1.3430130660180202,5.0,5.0,6.0,6.0,6.0,6.0,1.0,1.0,IQR exploratorio × 1.5,IQR exploratorio × 1.5,alerta estadística; requiere revisión semántica,alerta estadística; requiere revisión semántica,2329,2329,11.956465937676471,11.956465937676471,3.5,3.5,7.5,7.5,True,True,0,"Retener en el maestro; revisar perfil, universo, semántica y alertas"
s04b_16aa,¿Cuántas horas en promedio trabaja al día en su ocupación? HORAS (s04b_16aa),¿Cuántas horas en promedio trabaja al día en su ocupación? HORAS,Sección 4: Empleo,Personas de 7 años o más de edad,"Etiqueta y metadatos importados del DDI oficial INE EH2025, archivo F27",Retain in master; profile and review documented format/domain and outlier alerts,39497,39497,19479,19479,50.6823,50.6823,0,0,20018,20018,0,0,0.0,0.0,numeric format checked; range/domain not confirmed,numeric format checked; range/domain not confirmed,20018,20018,50.6823,50.6823,80.0,80.0,Retain in master; profile and review documented format/domain and outlier alerts,Retain in master; profile and review documented format/domain and outlier alerts,0,0,20018,20018,0,0,20,20,0.001027,0.001027,numeric-like; semantic quantitative type provisionally documented,numeric-like; semantic quantitative type provisionally documented,Cuantitativa discreta/derivada según etiqueta INE,Cuantitativa discreta/derivada según etiqueta INE,Sin alerta heurística de cardinalidad.,Sin alerta heurística de cardinalidad.,"Etiqueta y metadatos importados del DDI oficial INE EH2025, archivo F27","Etiqueta y metadatos importados del DDI oficial INE EH2025, archivo F27",19479,19479,1.0,1.0,24.0,24.0,7.8935263617228815,7.8935263617228815,2.657070820512869,2.657070820512869,6.0,6.0,8.0,8.0,9.0,9.0,3.0,3.0,IQR exploratorio × 1.5,IQR exploratorio × 1.5,alerta estadística; requiere revisión semántica,alerta estadística; requiere revisión semántica,472,472,2.4231223368756094,2.4231223368756094,1.5,1.5,13.5,13.5,True,True,0,"Retener en el maestro; revisar perfil, universo, semántica y alertas"
s04b_16ab,¿Cuántas horas en promedio trabaja al día en su ocupación? MINUTOS (s04b_16ab),¿Cuántas horas en promedio trabaja al día en su ocupación? MINUTOS,Sección 4: Empleo,Personas de 7 años o más de edad,"Etiqueta y metadatos importados del DDI oficial INE EH2025, archivo F27",Retain in master; profile and review documented format/domain and outlier alerts,39497,39497,19479,19479,50.6823,50.6823,0,0,20018,20018,0,0,0.0,0.0,numeric format checked; range/domain not confirmed,numeric format checked; range/domain not confirmed,20018,20018,50.6823,50.6823,80.0,80.0,Retain in master; profile and review documented format/domain and outlier alerts,Retain in master; profile and review documented format/domain and outlier alerts,0,0,20018,20018,17675,17675,4,4,0.000205,0.000205,numeric-like; semantic quantitative type provisionally documented,numeric-like; semantic quantitative type provisionally documented,Cuantitativa discreta/derivada según etiqueta INE,Cuantitativa discreta/derivada según etiqueta INE,Sin alerta heurística de cardinalidad.,Sin alerta heurística de cardinalidad.,"Etiqueta y metadatos importados del DDI oficial INE EH2025, archivo F27","Etiqueta y metadatos importados del DDI oficial INE EH2025, archivo F27",19479,19479,0.0,0.0,45.0,45.0,2.525797012166949,2.525797012166949,8.679590452913096,8.679590452913096,0.0,0.0,0.0,0.0,0.0,0.0,0.0,0.0,IQR exploratorio × 1.5,IQR exploratorio × 1.5,IQR cero; alertas no clasificadas automáticamente,IQR cero; alertas no clasificadas automáticamente,0,0,,,,,,,True,True,0,"Retener en el maestro; revisar perfil, universo, semántica y alertas"
s04c_17a,"¿Cuánto es su salario líquido, excluyendo los descuentos de ley (AFP o Gestora, IVA)? Monto (Bs) (s04c_17a)","¿Cuánto es su salario líquido, excluyendo los descuentos de ley (AFP o Gestora, IVA)? Monto (Bs)",Sección 4: Empleo,Personas de 7 años o más de edad,"Etiqueta y metadatos importados del DDI oficial INE EH2025, archivo F27","RETAIN IN MASTER; >80% global absence is an audit flag, not a deletion rule",39497,39497,7366,7366,81.3505,81.3505,0,0,32131,32131,0,0,0.0,0.0,numeric format checked; range/domain not confirmed,numeric format checked; range/domain not confirmed,32131,32131,81.3505,81.3505,80.0,80.0,"RETAIN IN MASTER; >80% global absence is an audit flag, not a deletion rule","RETAIN IN MASTER; >80% global absence is an audit flag, not a deletion rule",0,0,32131,32131,0,0,593,593,0.080505,0.080505,numeric-like; semantic quantitative type provisionally documented,numeric-like; semantic quantitative type provisionally documented,Cuantitativa monetaria según etiqueta INE,Cuantitativa monetaria según etiqueta INE,Sin alerta heurística de cardinalidad.,Sin alerta heurística de cardinalidad.,"Etiqueta y metadatos importados del DDI oficial INE EH2025, archivo F27","Etiqueta y metadatos importados del DDI oficial INE EH2025, archivo F27",7366,7366,10.0,10.0,30000.0,30000.0,3035.606570730383,3035.606570730383,2529.4432301250113,2529.4432301250113,1500.0,1500.0,2500.0,2500.0,4000.0,4000.0,2500.0,2500.0,IQR exploratorio × 1.5,IQR exploratorio × 1.5,alerta estadística; requiere revisión semántica,alerta estadística; requiere revisión semántica,361,361,4.900896008688569,4.900896008688569,-2250.0,-2250.0,7750.0,7750.0,True,True,0,"Retener en el maestro; revisar perfil, universo, semántica y alertas"
s04c_17b,"¿Cuánto es su salario líquido, excluyendo los descuentos de ley (AFP o Gestora, IVA)? Frecuencia (s04c_17b)","¿Cuánto es su salario líquido, excluyendo los descuentos de ley (AFP o Gestora, IVA)? Frecuencia",Sección 4: Empleo,Personas de 7 años o más de edad,"Etiqueta y metadatos importados del DDI oficial INE EH2025, archivo F27","RETAIN IN MASTER; >80% global absence is an audit flag, not a deletion rule",39497,39497,7366,7366,81.3505,81.3505,0,0,32131,32131,0,0,0.0,0.0,not evaluated: variable domain is not confirmed,not evaluated: variable domain is not confirmed,32131,32131,81.3505,81.3505,80.0,80.0,"RETAIN IN MASTER; >80% global absence is an audit flag, not a deletion rule","RETAIN IN MASTER; >80% global absence is an audit flag, not a deletion rule",0,0,32131,32131,0,0,7,7,0.00095,0.00095,numeric-like candidate; no numeric summary until semantics are confirmed,numeric-like candidate; no numeric summary until semantics are confirmed,Categórica o codificada según metadatos INE,Categórica o codificada según metadatos INE,Sin alerta heurística de cardinalidad.,Sin alerta heurística de cardinalidad.,"Etiqueta y metadatos importados del DDI oficial INE EH2025, archivo F27","Etiqueta y metadatos importados del DDI oficial INE EH2025, archivo F27",0,0,,,,,,,,,,,,,,,,,No aplicable: no es magnitud numérica confirmada,No aplicable: no es magnitud numérica confirmada,revisar códigos/categorías con el diccionario,revisar códigos/categorías con el diccionario,0,0,,,,,,,True,True,0,"Retener en el maestro; revisar perfil, universo, semántica y alertas"
s04c_18a,"Durante los últimos doce meses, ¿recibió usted pagos por: A. Bono o prima de producción? (s04c_18a)","Durante los últimos doce meses, ¿recibió usted pagos por: A. Bono o prima de producción?",Sección 4: Empleo,Personas de 7 años o más de edad,"Etiqueta y metadatos importados del DDI oficial INE EH2025, archivo F27","RETAIN IN MASTER; >80% global absence is an audit flag, not a deletion rule",39497,39497,7369,7369,81.3429,81.3429,0,0,32128,32128,0,0,0.0,0.0,numeric format checked; range/domain not confirmed,numeric format checked; range/domain not confirmed,32128,32128,81.3429,81.3429,80.0,80.0,"RETAIN IN MASTER; >80% global absence is an audit flag, not a deletion rule","RETAIN IN MASTER; >80% global absence is an audit flag, not a deletion rule",0,0,32128,32128,6345,6345,177,177,0.02402,0.02402,numeric-like; semantic quantitative type provisionally documented,numeric-like; semantic quantitative type provisionally documented,Cuantitativa discreta/derivada según etiqueta INE,Cuantitativa discreta/derivada según etiqueta INE,Sin alerta heurística de cardinalidad.,Sin alerta heurística de cardinalidad.,"Etiqueta y metadatos importados del DDI oficial INE EH2025, archivo F27","Etiqueta y metadatos importados del DDI oficial INE EH2025, archivo F27",7369,7369,0.0,0.0,40000.0,40000.0,486.5980458678247,486.5980458678247,1655.3284535125117,1655.3284535125117,0.0,0.0,0.0,0.0,0.0,0.0,0.0,0.0,IQR exploratorio × 1.5,IQR exploratorio × 1.5,IQR cero; alertas no clasificadas automáticamente,IQR cero; alertas no clasificadas automáticamente,0,0,,,,,,,True,True,0,"Retener en el maestro; revisar perfil, universo, semántica y alertas"
s04c_18b,"Durante los últimos doce meses, ¿recibió usted pagos por: B. Aguinaldo? (s04c_18b)","Durante los últimos doce meses, ¿recibió usted pagos por: B. Aguinaldo?",Sección 4: Empleo,Personas de 7 años o más de edad,"Etiqueta y metadatos importados del DDI oficial INE EH2025, archivo F27","RETAIN IN MASTER; >80% global absence is an audit flag, not a deletion rule",39497,39497,7361,7361,81.3631,81.3631,0,0,32136,32136,0,0,0.0,0.0,numeric format checked; range/domain not confirmed,numeric format checked; range/domain not confirmed,32136,32136,81.3631,81.3631,80.0,80.0,"RETAIN IN MASTER; >80% global absence is an audit flag, not a deletion rule","RETAIN IN MASTER; >80% global absence is an audit flag, not a deletion rule",0,0,32136,32136,3912,3912,354,354,0.048091,0.048091,numeric-like; semantic quantitative type provisionally documented,numeric-like; semantic quantitative type provisionally documented,Cuantitativa discreta/derivada según etiqueta INE,Cuantitativa discreta/derivada según etiqueta INE,Sin alerta heurística de cardinalidad.,Sin alerta heurística de cardinalidad.,"Etiqueta y metadatos importados del DDI oficial INE EH2025, archivo F27","Etiqueta y metadatos importados del DDI oficial INE EH2025, archivo F27",7361,7361,0.0,0.0,65000.0,65000.0,2305.170900692841,2305.170900692841,3269.775855754633,3269.775855754633,0.0,0.0,0.0,0.0,4000.0,4000.0,4000.0,4000.0,IQR exploratorio × 1.5,IQR exploratorio × 1.5,alerta estadística; requiere revisión semántica,alerta estadística; requiere revisión semántica,171,171,2.323053932889553,2.323053932889553,-6000.0,-6000.0,10000.0,10000.0,True,True,0,"Retener en el maestro; revisar perfil, universo, semántica y alertas"
s04c_19aa,"Durante los últimos doce meses, ¿recibió usted pagos en efectivo por: A. Comisiones, destajo, propinas, bonos de transporte o refrigerio? Monto (Bs) (s04c_19aa)","Durante los últimos doce meses, ¿recibió usted pagos en efectivo por: A. Comisiones, destajo, propinas, bonos de transporte o refrigerio? Monto (Bs)",Sección 4: Empleo,Personas de 7 años o más de edad,"Etiqueta y metadatos importados del DDI oficial INE EH2025, archivo F27","RETAIN IN MASTER; >80% global absence is an audit flag, not a deletion rule",39497,39497,7368,7368,81.3454,81.3454,0,0,32129,32129,0,0,0.0,0.0,numeric format checked; range/domain not confirmed,numeric format checked; range/domain not confirmed,32129,32129,81.3454,81.3454,80.0,80.0,"RETAIN IN MASTER; >80% global absence is an audit flag, not a deletion rule","RETAIN IN MASTER; >80% global absence is an audit flag, not a deletion rule",0,0,32129,32129,6689,6689,101,101,0.013708,0.013708,numeric-like; semantic quantitative type provisionally documented,numeric-like; semantic quantitative type provisionally documented,Cuantitativa monetaria según etiqueta INE,Cuantitativa monetaria según etiqueta INE,Sin alerta heurística de cardinalidad.,Sin alerta heurística de cardinalidad.,"Etiqueta y metadatos importados del DDI oficial INE EH2025, archivo F27","Etiqueta y metadatos importados del DDI oficial INE EH2025, archivo F27",7368,7368,0.0,0.0,999999.0,999999.0,169.93716069489685,169.93716069489685,11653.335791495521,11653.335791495521,0.0,0.0,0.0,0.0,0.0,0.0,0.0,0.0,IQR exploratorio × 1.5,IQR exploratorio × 1.5,IQR cero; alertas no clasificadas automáticamente,IQR cero; alertas no clasificadas automáticamente,0,0,,,,,,,True,True,0,"Retener en el maestro; revisar perfil, universo, semántica y alertas"
s04c_19ab,"Durante los últimos doce meses, ¿recibió usted pagos en efectivo por: A. Comisiones, destajo, propinas, bonos de transporte o refrigerio? Frecuencia de pago: (s04c_19ab)","Durante los últimos doce meses, ¿recibió usted pagos en efectivo por: A. Comisiones, destajo, propinas, bonos de transporte o refrigerio? Frecuencia de pago:",Sección 4: Empleo,Personas de 7 años o más de edad,"Etiqueta y metadatos importados del DDI oficial INE EH2025, archivo F27","RETAIN IN MASTER; >80% global absence is an audit flag, not a deletion rule",39497,39497,679,679,98.2809,98.2809,0,0,38818,38818,0,0,0.0,0.0,numeric format checked; range/domain not confirmed,numeric format checked; range/domain not confirmed,38818,38818,98.2809,98.2809,80.0,80.0,"RETAIN IN MASTER; >80% global absence is an audit flag, not a deletion rule","RETAIN IN MASTER; >80% global absence is an audit flag, not a deletion rule",0,0,38818,38818,0,0,8,8,0.011782,0.011782,numeric-like; semantic quantitative type provisionally documented,numeric-like; semantic quantitative type provisionally documented,Cuantitativa discreta/derivada según etiqueta INE,Cuantitativa discreta/derivada según etiqueta INE,Sin alerta heurística de cardinalidad.,Sin alerta heurística de cardinalidad.,"Etiqueta y metadatos importados del DDI oficial INE EH2025, archivo F27","Etiqueta y metadatos importados del DDI oficial INE EH2025, archivo F27",679,679,1.0,1.0,8.0,8.0,3.04860088365243,3.04860088365243,1.6017119210189832,1.6017119210189832,1.0,1.0,4.0,4.0,4.0,4.0,3.0,3.0,IQR exploratorio × 1.5,IQR exploratorio × 1.5,alerta estadística; requiere revisión semántica,alerta estadística; requiere revisión semántica,0,0,0.0,0.0,-3.5,-3.5,8.5,8.5,True,True,0,"Retener en el maestro; revisar perfil, universo, semántica y alertas"
s04c_19ba,"Durante los últimos doce meses, ¿recibió usted pagos en efectivo por: B. Horas Extras? Monto (Bs) (s04c_19ba)","Durante los últimos doce meses, ¿recibió usted pagos en efectivo por: B. Horas Extras? Monto (Bs)",Sección 4: Empleo,Personas de 7 años o más de edad,"Etiqueta y metadatos importados del DDI oficial INE EH2025, archivo F27","RETAIN IN MASTER; >80% global absence is an audit flag, not a deletion rule",39497,39497,7369,7369,81.3429,81.3429,0,0,32128,32128,0,0,0.0,0.0,numeric format checked; range/domain not confirmed,numeric format checked; range/domain not confirmed,32128,32128,81.3429,81.3429,80.0,80.0,"RETAIN IN MASTER; >80% global absence is an audit flag, not a deletion rule","RETAIN IN MASTER; >80% global absence is an audit flag, not a deletion rule",0,0,32128,32128,7016,7016,65,65,0.008821,0.008821,numeric-like; semantic quantitative type provisionally documented,numeric-like; semantic quantitative type provisionally documented,Cuantitativa monetaria según etiqueta INE,Cuantitativa monetaria según etiqueta INE,Sin alerta heurística de cardinalidad.,Sin alerta heurística de cardinalidad.,"Etiqueta y metadatos importados del DDI oficial INE EH2025, archivo F27","Etiqueta y metadatos importados del DDI oficial INE EH2025, archivo F27",7369,7369,0.0,0.0,6000.0,6000.0,21.52978694531144,21.52978694531144,189.62172030684903,189.62172030684903,0.0,0.0,0.0,0.0,0.0,0.0,0.0,0.0,IQR exploratorio × 1.5,IQR exploratorio × 1.5,IQR cero; alertas no clasificadas automáticamente,IQR cero; alertas no clasificadas automáticamente,0,0,,,,,,,True,True,0,"Retener en el maestro; revisar perfil, universo, semántica y alertas"
s04c_19bb,"Durante los últimos doce meses, ¿recibió usted pagos en efectivo por: B. Horas Extras? Frecuencia de pago: (s04c_19bb)","Durante los últimos doce meses, ¿recibió usted pagos en efectivo por: B. Horas Extras? Frecuencia de pago:",Sección 4: Empleo,Personas de 7 años o más de edad,"Etiqueta y metadatos importados del DDI oficial INE EH2025, archivo F27","RETAIN IN MASTER; >80% global absence is an audit flag, not a deletion rule",39497,39497,353,353,99.1063,99.1063,0,0,39144,39144,0,0,0.0,0.0,numeric format checked; range/domain not confirmed,numeric format checked; range/domain not confirmed,39144,39144,99.1063,99.1063,80.0,80.0,"RETAIN IN MASTER; >80% global absence is an audit flag, not a deletion rule","RETAIN IN MASTER; >80% global absence is an audit flag, not a deletion rule",0,0,39144,39144,0,0,8,8,0.022663,0.022663,numeric-like; semantic quantitative type provisionally documented,numeric-like; semantic quantitative type provisionally documented,Cuantitativa discreta/derivada según etiqueta INE,Cuantitativa discreta/derivada según etiqueta INE,Sin alerta heurística de cardinalidad.,Sin alerta heurística de cardinalidad.,"Etiqueta y metadatos importados del DDI oficial INE EH2025, archivo F27","Etiqueta y metadatos importados del DDI oficial INE EH2025, archivo F27",353,353,1.0,1.0,8.0,8.0,3.453257790368272,3.453257790368272,1.743069681185743,1.743069681185743,2.0,2.0,4.0,4.0,4.0,4.0,2.0,2.0,IQR exploratorio × 1.5,IQR exploratorio × 1.5,alerta estadística; requiere revisión semántica,alerta estadística; requiere revisión semántica,20,20,5.6657223796034,5.6657223796034,-1.0,-1.0,7.0,7.0,True,True,0,"Retener en el maestro; revisar perfil, universo, semántica y alertas"
s04c_20a1,"Durante los últimos doce meses, ¿recibió usted: A. Subsidio prenatal o de lactancia (Cajas de Salud)? (s04c_20a1)","Durante los últimos doce meses, ¿recibió usted: A. Subsidio prenatal o de lactancia (Cajas de Salud)?",Sección 4: Empleo,Personas de 7 años o más de edad,"Etiqueta y metadatos importados del DDI oficial INE EH2025, archivo F27","RETAIN IN MASTER; >80% global absence is an audit flag, not a deletion rule",39497,39497,7370,7370,81.3404,81.3404,0,0,32127,32127,0,0,0.0,0.0,numeric format checked; range/domain not confirmed,numeric format checked; range/domain not confirmed,32127,32127,81.3404,81.3404,80.0,80.0,"RETAIN IN MASTER; >80% global absence is an audit flag, not a deletion rule","RETAIN IN MASTER; >80% global absence is an audit flag, not a deletion rule",0,0,32127,32127,0,0,2,2,0.000271,0.000271,numeric-like; semantic quantitative type provisionally documented,numeric-like; semantic quantitative type provisionally documented,Cuantitativa discreta/derivada según etiqueta INE,Cuantitativa discreta/derivada según etiqueta INE,Sin alerta heurística de cardinalidad.,Sin alerta heurística de cardinalidad.,"Etiqueta y metadatos importados del DDI oficial INE EH2025, archivo F27","Etiqueta y metadatos importados del DDI oficial INE EH2025, archivo F27",7370,7370,1.0,1.0,2.0,2.0,1.9833107191316146,1.9833107191316146,0.12811313660413895,0.12811313660413895,2.0,2.0,2.0,2.0,2.0,2.0,0.0,0.0,IQR exploratorio × 1.5,IQR exploratorio × 1.5,IQR cero; alertas no clasificadas automáticamente,IQR cero; alertas no clasificadas automáticamente,0,0,,,,,,,True,True,0,"Retener en el maestro; revisar perfil, universo, semántica y alertas"
s04c_20a2,"Durante los últimos doce meses, ¿recibió usted: A. Subsidio prenatal o de lactancia (Cajas de Salud)? NÚMERO DE MESES (s04c_20a2)","Durante los últimos doce meses, ¿recibió usted: A. Subsidio prenatal o de lactancia (Cajas de Salud)? NÚMERO DE MESES",Sección 4: Empleo,Personas de 7 años o más de edad,"Etiqueta y metadatos importados del DDI oficial INE EH2025, archivo F27","RETAIN IN MASTER; >80% global absence is an audit flag, not a deletion rule",39497,39497,123,123,99.6886,99.6886,0,0,39374,39374,0,0,0.0,0.0,numeric format checked; range/domain not confirmed,numeric format checked; range/domain not confirmed,39374,39374,99.6886,99.6886,80.0,80.0,"RETAIN IN MASTER; >80% global absence is an audit flag, not a deletion rule","RETAIN IN MASTER; >80% global absence is an audit flag, not a deletion rule",0,0,39374,39374,0,0,12,12,0.097561,0.097561,numeric-like; semantic quantitative type provisionally documented,numeric-like; semantic quantitative type provisionally documented,Cuantitativa discreta/derivada según etiqueta INE,Cuantitativa discreta/derivada según etiqueta INE,Sin alerta heurística de cardinalidad.,Sin alerta heurística de cardinalidad.,"Etiqueta y metadatos importados del DDI oficial INE EH2025, archivo F27","Etiqueta y metadatos importados del DDI oficial INE EH2025, archivo F27",123,123,1.0,1.0,12.0,12.0,6.487804878048781,6.487804878048781,3.1735739114524213,3.1735739114524213,4.0,4.0,6.0,6.0,9.0,9.0,5.0,5.0,IQR exploratorio × 1.5,IQR exploratorio × 1.5,alerta estadística; requiere revisión semántica,alerta estadística; requiere revisión semántica,0,0,0.0,0.0,-3.5,-3.5,16.5,16.5,True,True,0,"Retener en el maestro; revisar perfil, universo, semántica y alertas"
s04c_20b,"Durante los últimos doce meses, ¿recibió usted: B. Bono de natalidad? (s04c_20b)","Durante los últimos doce meses, ¿recibió usted: B. Bono de natalidad?",Sección 4: Empleo,Personas de 7 años o más de edad,"Etiqueta y metadatos importados del DDI oficial INE EH2025, archivo F27","RETAIN IN MASTER; >80% global absence is an audit flag, not a deletion rule",39497,39497,7370,7370,81.3404,81.3404,0,0,32127,32127,0,0,0.0,0.0,numeric format checked; range/domain not confirmed,numeric format checked; range/domain not confirmed,32127,32127,81.3404,81.3404,80.0,80.0,"RETAIN IN MASTER; >80% global absence is an audit flag, not a deletion rule","RETAIN IN MASTER; >80% global absence is an audit flag, not a deletion rule",0,0,32127,32127,0,0,2,2,0.000271,0.000271,numeric-like; semantic quantitative type provisionally documented,numeric-like; semantic quantitative type provisionally documented,Cuantitativa discreta/derivada según etiqueta INE,Cuantitativa discreta/derivada según etiqueta INE,Sin alerta heurística de cardinalidad.,Sin alerta heurística de cardinalidad.,"Etiqueta y metadatos importados del DDI oficial INE EH2025, archivo F27","Etiqueta y metadatos importados del DDI oficial INE EH2025, archivo F27",7370,7370,1.0,1.0,2.0,2.0,1.9852103120759836,1.9852103120759836,0.12071839290783658,0.12071839290783658,2.0,2.0,2.0,2.0,2.0,2.0,0.0,0.0,IQR exploratorio × 1.5,IQR exploratorio × 1.5,IQR cero; alertas no clasificadas automáticamente,IQR cero; alertas no clasificadas automáticamente,0,0,,,,,,,True,True,0,"Retener en el maestro; revisar perfil, universo, semántica y alertas"
s04c_20a_1,¿En su actual ocupación Ud. recibe o recibirá los siguientes beneficios: A. Vacaciones? (s04c_20a_1),¿En su actual ocupación Ud. recibe o recibirá los siguientes beneficios: A. Vacaciones?,Sección 4: Empleo,Personas de 7 años o más de edad,"Etiqueta y metadatos importados del DDI oficial INE EH2025, archivo F27","RETAIN IN MASTER; >80% global absence is an audit flag, not a deletion rule",39497,39497,7370,7370,81.3404,81.3404,0,0,32127,32127,0,0,0.0,0.0,not evaluated: variable domain is not confirmed,not evaluated: variable domain is not confirmed,32127,32127,81.3404,81.3404,80.0,80.0,"RETAIN IN MASTER; >80% global absence is an audit flag, not a deletion rule","RETAIN IN MASTER; >80% global absence is an audit flag, not a deletion rule",0,0,32127,32127,0,0,2,2,0.000271,0.000271,numeric-like candidate; no numeric summary until semantics are confirmed,numeric-like candidate; no numeric summary until semantics are confirmed,Categórica o codificada según metadatos INE,Categórica o codificada según metadatos INE,Sin alerta heurística de cardinalidad.,Sin alerta heurística de cardinalidad.,"Etiqueta y metadatos importados del DDI oficial INE EH2025, archivo F27","Etiqueta y metadatos importados del DDI oficial INE EH2025, archivo F27",0,0,,,,,,,,,,,,,,,,,No aplicable: no es magnitud numérica confirmada,No aplicable: no es magnitud numérica confirmada,revisar códigos/categorías con el diccionario,revisar códigos/categorías con el diccionario,0,0,,,,,,,True,True,0,"Retener en el maestro; revisar perfil, universo, semántica y alertas"
s04c_20a_2,¿En su actual ocupación Ud. recibe o recibirá los siguientes beneficios: B. Seguro de salud? (s04c_20a_2),¿En su actual ocupación Ud. recibe o recibirá los siguientes beneficios: B. Seguro de salud?,Sección 4: Empleo,Personas de 7 años o más de edad,"Etiqueta y metadatos importados del DDI oficial INE EH2025, archivo F27","RETAIN IN MASTER; >80% global absence is an audit flag, not a deletion rule",39497,39497,7370,7370,81.3404,81.3404,0,0,32127,32127,0,0,0.0,0.0,not evaluated: variable domain is not confirmed,not evaluated: variable domain is not confirmed,32127,32127,81.3404,81.3404,80.0,80.0,"RETAIN IN MASTER; >80% global absence is an audit flag, not a deletion rule","RETAIN IN MASTER; >80% global absence is an audit flag, not a deletion rule",0,0,32127,32127,0,0,2,2,0.000271,0.000271,numeric-like candidate; no numeric summary until semantics are confirmed,numeric-like candidate; no numeric summary until semantics are confirmed,Categórica o codificada según metadatos INE,Categórica o codificada según metadatos INE,Sin alerta heurística de cardinalidad.,Sin alerta heurística de cardinalidad.,"Etiqueta y metadatos importados del DDI oficial INE EH2025, archivo F27","Etiqueta y metadatos importados del DDI oficial INE EH2025, archivo F27",0,0,,,,,,,,,,,,,,,,,No aplicable: no es magnitud numérica confirmada,No aplicable: no es magnitud numérica confirmada,revisar códigos/categorías con el diccionario,revisar códigos/categorías con el diccionario,0,0,,,,,,,True,True,0,"Retener en el maestro; revisar perfil, universo, semántica y alertas"
s04c_21a,"Además de los ingresos recibidos en dinero por su trabajo, en los últimos doce meses ¿recibió, usted… A. Alimentos y bebidas para ser consumidos dentro o fuera del lugar de trabajo? (s04c_21a)","Además de los ingresos recibidos en dinero por su trabajo, en los últimos doce meses ¿recibió, usted… A. Alimentos y bebidas para ser consumidos dentro o fuera del lugar de trabajo?",Sección 4: Empleo,Personas de 7 años o más de edad,"Etiqueta y metadatos importados del DDI oficial INE EH2025, archivo F27","RETAIN IN MASTER; >80% global absence is an audit flag, not a deletion rule",39497,39497,7370,7370,81.3404,81.3404,0,0,32127,32127,0,0,0.0,0.0,numeric format checked; range/domain not confirmed,numeric format checked; range/domain not confirmed,32127,32127,81.3404,81.3404,80.0,80.0,"RETAIN IN MASTER; >80% global absence is an audit flag, not a deletion rule","RETAIN IN MASTER; >80% global absence is an audit flag, not a deletion rule",0,0,32127,32127,0,0,2,2,0.000271,0.000271,numeric-like; semantic quantitative type provisionally documented,numeric-like; semantic quantitative type provisionally documented,Cuantitativa monetaria según etiqueta INE,Cuantitativa monetaria según etiqueta INE,Sin alerta heurística de cardinalidad.,Sin alerta heurística de cardinalidad.,"Etiqueta y metadatos importados del DDI oficial INE EH2025, archivo F27","Etiqueta y metadatos importados del DDI oficial INE EH2025, archivo F27",7370,7370,1.0,1.0,2.0,2.0,1.799864314789688,1.799864314789688,0.4001288746650549,0.4001288746650549,2.0,2.0,2.0,2.0,2.0,2.0,0.0,0.0,IQR exploratorio × 1.5,IQR exploratorio × 1.5,IQR cero; alertas no clasificadas automáticamente,IQR cero; alertas no clasificadas automáticamente,0,0,,,,,,,True,True,0,"Retener en el maestro; revisar perfil, universo, semántica y alertas"
s04c_21a1,"Además de los ingresos recibidos en dinero por su trabajo, en los últimos doce meses ¿recibió, usted… A. Alimentos y bebidas para ser consumidos dentro o fuera del lugar de trabajo? ¿Con qué frecuencia? (s04c_21a1)","Además de los ingresos recibidos en dinero por su trabajo, en los últimos doce meses ¿recibió, usted… A. Alimentos y bebidas para ser consumidos dentro o fuera del lugar de trabajo? ¿Con qué frecuencia?",Sección 4: Empleo,Personas de 7 años o más de edad,"Etiqueta y metadatos importados del DDI oficial INE EH2025, archivo F27","RETAIN IN MASTER; >80% global absence is an audit flag, not a deletion rule",39497,39497,1475,1475,96.2655,96.2655,0,0,38022,38022,0,0,0.0,0.0,numeric format checked; range/domain not confirmed,numeric format checked; range/domain not confirmed,38022,38022,96.2655,96.2655,80.0,80.0,"RETAIN IN MASTER; >80% global absence is an audit flag, not a deletion rule","RETAIN IN MASTER; >80% global absence is an audit flag, not a deletion rule",0,0,38022,38022,0,0,8,8,0.005424,0.005424,numeric-like; semantic quantitative type provisionally documented,numeric-like; semantic quantitative type provisionally documented,Cuantitativa monetaria según etiqueta INE,Cuantitativa monetaria según etiqueta INE,Sin alerta heurística de cardinalidad.,Sin alerta heurística de cardinalidad.,"Etiqueta y metadatos importados del DDI oficial INE EH2025, archivo F27","Etiqueta y metadatos importados del DDI oficial INE EH2025, archivo F27",1475,1475,1.0,1.0,8.0,8.0,2.0284745762711864,2.0284745762711864,2.0440873577343166,2.0440873577343166,1.0,1.0,1.0,1.0,2.0,2.0,1.0,1.0,IQR exploratorio × 1.5,IQR exploratorio × 1.5,alerta estadística; requiere revisión semántica,alerta estadística; requiere revisión semántica,306,306,20.74576271186441,20.74576271186441,-0.5,-0.5,3.5,3.5,True,True,0,"Retener en el maestro; revisar perfil, universo, semántica y alertas"
s04c_21a2,"Además de los ingresos recibidos en dinero por su trabajo, en los últimos doce meses ¿recibió, usted… A. Alimentos y bebidas para ser consumidos dentro o fuera del lugar de trabajo? (Valorar en Bs) (s04c_21a2)","Además de los ingresos recibidos en dinero por su trabajo, en los últimos doce meses ¿recibió, usted… A. Alimentos y bebidas para ser consumidos dentro o fuera del lugar de trabajo? (Valorar en Bs)",Sección 4: Empleo,Personas de 7 años o más de edad,"Etiqueta y metadatos importados del DDI oficial INE EH2025, archivo F27","RETAIN IN MASTER; >80% global absence is an audit flag, not a deletion rule",39497,39497,1475,1475,96.2655,96.2655,0,0,38022,38022,0,0,0.0,0.0,numeric format checked; range/domain not confirmed,numeric format checked; range/domain not confirmed,38022,38022,96.2655,96.2655,80.0,80.0,"RETAIN IN MASTER; >80% global absence is an audit flag, not a deletion rule","RETAIN IN MASTER; >80% global absence is an audit flag, not a deletion rule",0,0,38022,38022,0,0,92,92,0.062373,0.062373,numeric-like; semantic quantitative type provisionally documented,numeric-like; semantic quantitative type provisionally documented,Cuantitativa monetaria según etiqueta INE,Cuantitativa monetaria según etiqueta INE,Sin alerta heurística de cardinalidad.,Sin alerta heurística de cardinalidad.,"Etiqueta y metadatos importados del DDI oficial INE EH2025, archivo F27","Etiqueta y metadatos importados del DDI oficial INE EH2025, archivo F27",1475,1475,2.0,2.0,4600.0,4600.0,146.3213559322034,146.3213559322034,368.399580345449,368.399580345449,15.0,15.0,20.0,20.0,50.0,50.0,35.0,35.0,IQR exploratorio × 1.5,IQR exploratorio × 1.5,alerta estadística; requiere revisión semántica,alerta estadística; requiere revisión semántica,278,278,18.847457627118644,18.847457627118644,-37.5,-37.5,102.5,102.5,True,True,0,"Retener en el maestro; revisar perfil, universo, semántica y alertas"
s04c_21b,"Además de los ingresos recibidos en dinero por su trabajo, en los últimos doce meses ¿recibió, usted… B. Transporte hacia y desde el lugar de su trabajo? (s04c_21b)","Además de los ingresos recibidos en dinero por su trabajo, en los últimos doce meses ¿recibió, usted… B. Transporte hacia y desde el lugar de su trabajo?",Sección 4: Empleo,Personas de 7 años o más de edad,"Etiqueta y metadatos importados del DDI oficial INE EH2025, archivo F27","RETAIN IN MASTER; >80% global absence is an audit flag, not a deletion rule",39497,39497,7370,7370,81.3404,81.3404,0,0,32127,32127,0,0,0.0,0.0,numeric format checked; range/domain not confirmed,numeric format checked; range/domain not confirmed,32127,32127,81.3404,81.3404,80.0,80.0,"RETAIN IN MASTER; >80% global absence is an audit flag, not a deletion rule","RETAIN IN MASTER; >80% global absence is an audit flag, not a deletion rule",0,0,32127,32127,0,0,2,2,0.000271,0.000271,numeric-like; semantic quantitative type provisionally documented,numeric-like; semantic quantitative type provisionally documented,Cuantitativa monetaria según etiqueta INE,Cuantitativa monetaria según etiqueta INE,Sin alerta heurística de cardinalidad.,Sin alerta heurística de cardinalidad.,"Etiqueta y metadatos importados del DDI oficial INE EH2025, archivo F27","Etiqueta y metadatos importados del DDI oficial INE EH2025, archivo F27",7370,7370,1.0,1.0,2.0,2.0,1.9675712347354137,1.9675712347354137,0.17714795635188033,0.17714795635188033,2.0,2.0,2.0,2.0,2.0,2.0,0.0,0.0,IQR exploratorio × 1.5,IQR exploratorio × 1.5,IQR cero; alertas no clasificadas automáticamente,IQR cero; alertas no clasificadas automáticamente,0,0,,,,,,,True,True,0,"Retener en el maestro; revisar perfil, universo, semántica y alertas"
s04c_21b1,"Además de los ingresos recibidos en dinero por su trabajo, en los últimos doce meses ¿recibió, usted… B. Transporte hacia y desde el lugar de su trabajo? ¿Con qué frecuencia? (s04c_21b1)","Además de los ingresos recibidos en dinero por su trabajo, en los últimos doce meses ¿recibió, usted… B. Transporte hacia y desde el lugar de su trabajo? ¿Con qué frecuencia?",Sección 4: Empleo,Personas de 7 años o más de edad,"Etiqueta y metadatos importados del DDI oficial INE EH2025, archivo F27","RETAIN IN MASTER; >80% global absence is an audit flag, not a deletion rule",39497,39497,239,239,99.3949,99.3949,0,0,39258,39258,0,0,0.0,0.0,numeric format checked; range/domain not confirmed,numeric format checked; range/domain not confirmed,39258,39258,99.3949,99.3949,80.0,80.0,"RETAIN IN MASTER; >80% global absence is an audit flag, not a deletion rule","RETAIN IN MASTER; >80% global absence is an audit flag, not a deletion rule",0,0,39258,39258,0,0,6,6,0.025105,0.025105,numeric-like; semantic quantitative type provisionally documented,numeric-like; semantic quantitative type provisionally documented,Cuantitativa monetaria según etiqueta INE,Cuantitativa monetaria según etiqueta INE,Sin alerta heurística de cardinalidad.,Sin alerta heurística de cardinalidad.,"Etiqueta y metadatos importados del DDI oficial INE EH2025, archivo F27","Etiqueta y metadatos importados del DDI oficial INE EH2025, archivo F27",239,239,1.0,1.0,8.0,8.0,1.711297071129707,1.711297071129707,1.2180013555551743,1.2180013555551743,1.0,1.0,1.0,1.0,2.0,2.0,1.0,1.0,IQR exploratorio × 1.5,IQR exploratorio × 1.5,alerta estadística; requiere revisión semántica,alerta estadística; requiere revisión semántica,42,42,17.573221757322173,17.573221757322173,-0.5,-0.5,3.5,3.5,True,True,0,"Retener en el maestro; revisar perfil, universo, semántica y alertas"
s04c_21b2,"Además de los ingresos recibidos en dinero por su trabajo, en los últimos doce meses ¿recibió, usted… B. Transporte hacia y desde el lugar de su trabajo? (Valorar en Bs) (s04c_21b2)","Además de los ingresos recibidos en dinero por su trabajo, en los últimos doce meses ¿recibió, usted… B. Transporte hacia y desde el lugar de su trabajo? (Valorar en Bs)",Sección 4: Empleo,Personas de 7 años o más de edad,"Etiqueta y metadatos importados del DDI oficial INE EH2025, archivo F27","RETAIN IN MASTER; >80% global absence is an audit flag, not a deletion rule",39497,39497,239,239,99.3949,99.3949,0,0,39258,39258,0,0,0.0,0.0,numeric format checked; range/domain not confirmed,numeric format checked; range/domain not confirmed,39258,39258,99.3949,99.3949,80.0,80.0,"RETAIN IN MASTER; >80% global absence is an audit flag, not a deletion rule","RETAIN IN MASTER; >80% global absence is an audit flag, not a deletion rule",0,0,39258,39258,0,0,42,42,0.175732,0.175732,numeric-like; semantic quantitative type provisionally documented,numeric-like; semantic quantitative type provisionally documented,Cuantitativa monetaria según etiqueta INE,Cuantitativa monetaria según etiqueta INE,Sin alerta heurística de cardinalidad.,Sin alerta heurística de cardinalidad.,"Etiqueta y metadatos importados del DDI oficial INE EH2025, archivo F27","Etiqueta y metadatos importados del DDI oficial INE EH2025, archivo F27",239,239,2.0,2.0,1100.0,1100.0,66.64016736401673,66.64016736401673,139.3296836024003,139.3296836024003,10.0,10.0,15.0,15.0,50.0,50.0,40.0,40.0,IQR exploratorio × 1.5,IQR exploratorio × 1.5,alerta estadística; requiere revisión semántica,alerta estadística; requiere revisión semántica,36,36,15.062761506276152,15.062761506276152,-50.0,-50.0,110.0,110.0,True,True,0,"Retener en el maestro; revisar perfil, universo, semántica y alertas"
s04c_21c,"Además de los ingresos recibidos en dinero por su trabajo, en los últimos doce meses ¿recibió, usted… C. Vestidos y calzados utilizados frecuentemente tanto dentro como fuera de su lugar de trabajo? (s04c_21c)","Además de los ingresos recibidos en dinero por su trabajo, en los últimos doce meses ¿recibió, usted… C. Vestidos y calzados utilizados frecuentemente tanto dentro como fuera de su lugar de trabajo?",Sección 4: Empleo,Personas de 7 años o más de edad,"Etiqueta y metadatos importados del DDI oficial INE EH2025, archivo F27","RETAIN IN MASTER; >80% global absence is an audit flag, not a deletion rule",39497,39497,7370,7370,81.3404,81.3404,0,0,32127,32127,0,0,0.0,0.0,numeric format checked; range/domain not confirmed,numeric format checked; range/domain not confirmed,32127,32127,81.3404,81.3404,80.0,80.0,"RETAIN IN MASTER; >80% global absence is an audit flag, not a deletion rule","RETAIN IN MASTER; >80% global absence is an audit flag, not a deletion rule",0,0,32127,32127,0,0,2,2,0.000271,0.000271,numeric-like; semantic quantitative type provisionally documented,numeric-like; semantic quantitative type provisionally documented,Cuantitativa monetaria según etiqueta INE,Cuantitativa monetaria según etiqueta INE,Sin alerta heurística de cardinalidad.,Sin alerta heurística de cardinalidad.,"Etiqueta y metadatos importados del DDI oficial INE EH2025, archivo F27","Etiqueta y metadatos importados del DDI oficial INE EH2025, archivo F27",7370,7370,1.0,1.0,2.0,2.0,1.8957937584803257,1.8957937584803257,0.30554863494205503,0.30554863494205503,2.0,2.0,2.0,2.0,2.0,2.0,0.0,0.0,IQR exploratorio × 1.5,IQR exploratorio × 1.5,IQR cero; alertas no clasificadas automáticamente,IQR cero; alertas no clasificadas automáticamente,0,0,,,,,,,True,True,0,"Retener en el maestro; revisar perfil, universo, semántica y alertas"
s04c_21c1,"Además de los ingresos recibidos en dinero por su trabajo, en los últimos doce meses ¿recibió, usted… C. Vestidos y calzados utilizados frecuentemente tanto dentro como fuera de su lugar de trabajo? ¿Con qué frecuencia? (s04c_21c1)","Además de los ingresos recibidos en dinero por su trabajo, en los últimos doce meses ¿recibió, usted… C. Vestidos y calzados utilizados frecuentemente tanto dentro como fuera de su lugar de trabajo? ¿Con qué frecuencia?",Sección 4: Empleo,Personas de 7 años o más de edad,"Etiqueta y metadatos importados del DDI oficial INE EH2025, archivo F27","RETAIN IN MASTER; >80% global absence is an audit flag, not a deletion rule",39497,39497,768,768,98.0555,98.0555,0,0,38729,38729,0,0,0.0,0.0,numeric format checked; range/domain not confirmed,numeric format checked; range/domain not confirmed,38729,38729,98.0555,98.0555,80.0,80.0,"RETAIN IN MASTER; >80% global absence is an audit flag, not a deletion rule","RETAIN IN MASTER; >80% global absence is an audit flag, not a deletion rule",0,0,38729,38729,0,0,5,5,0.00651,0.00651,numeric-like; semantic quantitative type provisionally documented,numeric-like; semantic quantitative type provisionally documented,Cuantitativa monetaria según etiqueta INE,Cuantitativa monetaria según etiqueta INE,Sin alerta heurística de cardinalidad.,Sin alerta heurística de cardinalidad.,"Etiqueta y metadatos importados del DDI oficial INE EH2025, archivo F27","Etiqueta y metadatos importados del DDI oficial INE EH2025, archivo F27",768,768,4.0,4.0,8.0,8.0,7.330729166666667,7.330729166666667,1.0625758914021788,1.0625758914021788,7.0,7.0,8.0,8.0,8.0,8.0,1.0,1.0,IQR exploratorio × 1.5,IQR exploratorio × 1.5,alerta estadística; requiere revisión semántica,alerta estadística; requiere revisión semántica,60,60,7.8125,7.8125,5.5,5.5,9.5,9.5,True,True,0,"Retener en el maestro; revisar perfil, universo, semántica y alertas"
s04c_21c2,"Además de los ingresos recibidos en dinero por su trabajo, en los últimos doce meses ¿recibió, usted… C. Vestidos y calzados utilizados frecuentemente tanto dentro como fuera de su lugar de trabajo? (Valorar en Bs) (s04c_21c2)","Además de los ingresos recibidos en dinero por su trabajo, en los últimos doce meses ¿recibió, usted… C. Vestidos y calzados utilizados frecuentemente tanto dentro como fuera de su lugar de trabajo? (Valorar en Bs)",Sección 4: Empleo,Personas de 7 años o más de edad,"Etiqueta y metadatos importados del DDI oficial INE EH2025, archivo F27","RETAIN IN MASTER; >80% global absence is an audit flag, not a deletion rule",39497,39497,768,768,98.0555,98.0555,0,0,38729,38729,0,0,0.0,0.0,numeric format checked; range/domain not confirmed,numeric format checked; range/domain not confirmed,38729,38729,98.0555,98.0555,80.0,80.0,"RETAIN IN MASTER; >80% global absence is an audit flag, not a deletion rule","RETAIN IN MASTER; >80% global absence is an audit flag, not a deletion rule",0,0,38729,38729,0,0,55,55,0.071615,0.071615,numeric-like; semantic quantitative type provisionally documented,numeric-like; semantic quantitative type provisionally documented,Cuantitativa monetaria según etiqueta INE,Cuantitativa monetaria según etiqueta INE,Sin alerta heurística de cardinalidad.,Sin alerta heurística de cardinalidad.,"Etiqueta y metadatos importados del DDI oficial INE EH2025, archivo F27","Etiqueta y metadatos importados del DDI oficial INE EH2025, archivo F27",768,768,20.0,20.0,3000.0,3000.0,337.20703125,337.20703125,325.80105687329177,325.80105687329177,150.0,150.0,250.0,250.0,400.0,400.0,250.0,250.0,IQR exploratorio × 1.5,IQR exploratorio × 1.5,alerta estadística; requiere revisión semántica,alerta estadística; requiere revisión semántica,72,72,9.375,9.375,-225.0,-225.0,775.0,775.0,True,True,0,"Retener en el maestro; revisar perfil, universo, semántica y alertas"
s04c_21d,"Además de los ingresos recibidos en dinero por su trabajo, en los últimos doce meses ¿recibió, usted… D. Vivienda o alojamiento que pueden ser utilizados por los miembros del hogar? (s04c_21d)","Además de los ingresos recibidos en dinero por su trabajo, en los últimos doce meses ¿recibió, usted… D. Vivienda o alojamiento que pueden ser utilizados por los miembros del hogar?",Sección 4: Empleo,Personas de 7 años o más de edad,"Etiqueta y metadatos importados del DDI oficial INE EH2025, archivo F27","RETAIN IN MASTER; >80% global absence is an audit flag, not a deletion rule",39497,39497,7370,7370,81.3404,81.3404,0,0,32127,32127,0,0,0.0,0.0,numeric format checked; range/domain not confirmed,numeric format checked; range/domain not confirmed,32127,32127,81.3404,81.3404,80.0,80.0,"RETAIN IN MASTER; >80% global absence is an audit flag, not a deletion rule","RETAIN IN MASTER; >80% global absence is an audit flag, not a deletion rule",0,0,32127,32127,0,0,2,2,0.000271,0.000271,numeric-like; semantic quantitative type provisionally documented,numeric-like; semantic quantitative type provisionally documented,Cuantitativa monetaria según etiqueta INE,Cuantitativa monetaria según etiqueta INE,Sin alerta heurística de cardinalidad.,Sin alerta heurística de cardinalidad.,"Etiqueta y metadatos importados del DDI oficial INE EH2025, archivo F27","Etiqueta y metadatos importados del DDI oficial INE EH2025, archivo F27",7370,7370,1.0,1.0,2.0,2.0,1.9580732700135686,1.9580732700135686,0.20043535207527788,0.20043535207527788,2.0,2.0,2.0,2.0,2.0,2.0,0.0,0.0,IQR exploratorio × 1.5,IQR exploratorio × 1.5,IQR cero; alertas no clasificadas automáticamente,IQR cero; alertas no clasificadas automáticamente,0,0,,,,,,,True,True,0,"Retener en el maestro; revisar perfil, universo, semántica y alertas"
s04c_21d1,"Además de los ingresos recibidos en dinero por su trabajo, en los últimos doce meses ¿recibió, usted...D. Vivienda o alojamiento que pueden ser utilizados por los miembros del hogar? ¿Con qué frecuencia? (s04c_21d1)","Además de los ingresos recibidos en dinero por su trabajo, en los últimos doce meses ¿recibió, usted...D. Vivienda o alojamiento que pueden ser utilizados por los miembros del hogar? ¿Con qué frecuencia?",Sección 4: Empleo,Personas de 7 años o más de edad,"Etiqueta y metadatos importados del DDI oficial INE EH2025, archivo F27","RETAIN IN MASTER; >80% global absence is an audit flag, not a deletion rule",39497,39497,309,309,99.2177,99.2177,0,0,39188,39188,0,0,0.0,0.0,numeric format checked; range/domain not confirmed,numeric format checked; range/domain not confirmed,39188,39188,99.2177,99.2177,80.0,80.0,"RETAIN IN MASTER; >80% global absence is an audit flag, not a deletion rule","RETAIN IN MASTER; >80% global absence is an audit flag, not a deletion rule",0,0,39188,39188,0,0,4,4,0.012945,0.012945,numeric-like; semantic quantitative type provisionally documented,numeric-like; semantic quantitative type provisionally documented,Cuantitativa monetaria según etiqueta INE,Cuantitativa monetaria según etiqueta INE,Sin alerta heurística de cardinalidad.,Sin alerta heurística de cardinalidad.,"Etiqueta y metadatos importados del DDI oficial INE EH2025, archivo F27","Etiqueta y metadatos importados del DDI oficial INE EH2025, archivo F27",309,309,1.0,1.0,8.0,8.0,4.763754045307444,4.763754045307444,1.59316116095153,1.59316116095153,4.0,4.0,4.0,4.0,4.0,4.0,0.0,0.0,IQR exploratorio × 1.5,IQR exploratorio × 1.5,IQR cero; alertas no clasificadas automáticamente,IQR cero; alertas no clasificadas automáticamente,0,0,,,,,,,True,True,0,"Retener en el maestro; revisar perfil, universo, semántica y alertas"
s04c_21d2,"Además de los ingresos recibidos en dinero por su trabajo, en los últimos doce meses ¿recibió, usted...D. Vivienda o alojamiento que pueden ser utilizados por los miembros del hogar? (Valorar en Bs) (s04c_21d2)","Además de los ingresos recibidos en dinero por su trabajo, en los últimos doce meses ¿recibió, usted...D. Vivienda o alojamiento que pueden ser utilizados por los miembros del hogar? (Valorar en Bs)",Sección 4: Empleo,Personas de 7 años o más de edad,"Etiqueta y metadatos importados del DDI oficial INE EH2025, archivo F27","RETAIN IN MASTER; >80% global absence is an audit flag, not a deletion rule",39497,39497,309,309,99.2177,99.2177,0,0,39188,39188,0,0,0.0,0.0,numeric format checked; range/domain not confirmed,numeric format checked; range/domain not confirmed,39188,39188,99.2177,99.2177,80.0,80.0,"RETAIN IN MASTER; >80% global absence is an audit flag, not a deletion rule","RETAIN IN MASTER; >80% global absence is an audit flag, not a deletion rule",0,0,39188,39188,0,0,36,36,0.116505,0.116505,numeric-like; semantic quantitative type provisionally documented,numeric-like; semantic quantitative type provisionally documented,Cuantitativa monetaria según etiqueta INE,Cuantitativa monetaria según etiqueta INE,Sin alerta heurística de cardinalidad.,Sin alerta heurística de cardinalidad.,"Etiqueta y metadatos importados del DDI oficial INE EH2025, archivo F27","Etiqueta y metadatos importados del DDI oficial INE EH2025, archivo F27",309,309,1.0,1.0,12000.0,12000.0,449.09708737864077,449.09708737864077,841.9724042416568,841.9724042416568,150.0,150.0,300.0,300.0,500.0,500.0,350.0,350.0,IQR exploratorio × 1.5,IQR exploratorio × 1.5,alerta estadística; requiere revisión semántica,alerta estadística; requiere revisión semántica,15,15,4.854368932038835,4.854368932038835,-375.0,-375.0,1025.0,1025.0,True,True,0,"Retener en el maestro; revisar perfil, universo, semántica y alertas"
s04c_21e,"Además de los ingresos recibidos en dinero por su trabajo, en los últimos doce meses ¿recibió, usted… E. Otros, como servicio de guardería, instalaciones deportivas y/o recreativas? (s04c_21e)","Además de los ingresos recibidos en dinero por su trabajo, en los últimos doce meses ¿recibió, usted… E. Otros, como servicio de guardería, instalaciones deportivas y/o recreativas?",Sección 4: Empleo,Personas de 7 años o más de edad,"Etiqueta y metadatos importados del DDI oficial INE EH2025, archivo F27","RETAIN IN MASTER; >80% global absence is an audit flag, not a deletion rule",39497,39497,7370,7370,81.3404,81.3404,0,0,32127,32127,0,0,0.0,0.0,numeric format checked; range/domain not confirmed,numeric format checked; range/domain not confirmed,32127,32127,81.3404,81.3404,80.0,80.0,"RETAIN IN MASTER; >80% global absence is an audit flag, not a deletion rule","RETAIN IN MASTER; >80% global absence is an audit flag, not a deletion rule",0,0,32127,32127,0,0,2,2,0.000271,0.000271,numeric-like; semantic quantitative type provisionally documented,numeric-like; semantic quantitative type provisionally documented,Cuantitativa monetaria según etiqueta INE,Cuantitativa monetaria según etiqueta INE,Sin alerta heurística de cardinalidad.,Sin alerta heurística de cardinalidad.,"Etiqueta y metadatos importados del DDI oficial INE EH2025, archivo F27","Etiqueta y metadatos importados del DDI oficial INE EH2025, archivo F27",7370,7370,1.0,1.0,2.0,2.0,1.997964721845319,1.997964721845319,0.04507118181278729,0.04507118181278729,2.0,2.0,2.0,2.0,2.0,2.0,0.0,0.0,IQR exploratorio × 1.5,IQR exploratorio × 1.5,IQR cero; alertas no clasificadas automáticamente,IQR cero; alertas no clasificadas automáticamente,0,0,,,,,,,True,True,0,"Retener en el maestro; revisar perfil, universo, semántica y alertas"
s04c_21e1,"Además de los ingresos recibidos en dinero por su trabajo, en los últimos doce meses ¿recibió, usted...E. Otros, como servicio de guardería, instalaciones deportivas y/o recreativas? ¿Con qué frecuencia? (s04c_21e1)","Además de los ingresos recibidos en dinero por su trabajo, en los últimos doce meses ¿recibió, usted...E. Otros, como servicio de guardería, instalaciones deportivas y/o recreativas? ¿Con qué frecuencia?",Sección 4: Empleo,Personas de 7 años o más de edad,"Etiqueta y metadatos importados del DDI oficial INE EH2025, archivo F27","RETAIN IN MASTER; >80% global absence is an audit flag, not a deletion rule",39497,39497,15,15,99.962,99.962,0,0,39482,39482,0,0,0.0,0.0,numeric format checked; range/domain not confirmed,numeric format checked; range/domain not confirmed,39482,39482,99.962,99.962,80.0,80.0,"RETAIN IN MASTER; >80% global absence is an audit flag, not a deletion rule","RETAIN IN MASTER; >80% global absence is an audit flag, not a deletion rule",0,0,39482,39482,0,0,5,5,0.333333,0.333333,numeric-like; semantic quantitative type provisionally documented,numeric-like; semantic quantitative type provisionally documented,Cuantitativa monetaria según etiqueta INE,Cuantitativa monetaria según etiqueta INE,Sin alerta heurística de cardinalidad.,Sin alerta heurística de cardinalidad.,"Etiqueta y metadatos importados del DDI oficial INE EH2025, archivo F27","Etiqueta y metadatos importados del DDI oficial INE EH2025, archivo F27",15,15,1.0,1.0,8.0,8.0,4.066666666666666,4.066666666666666,2.737743248596934,2.737743248596934,1.5,1.5,4.0,4.0,6.0,6.0,4.5,4.5,IQR exploratorio × 1.5,IQR exploratorio × 1.5,alerta estadística; requiere revisión semántica,alerta estadística; requiere revisión semántica,0,0,0.0,0.0,-5.25,-5.25,12.75,12.75,True,True,0,"Retener en el maestro; revisar perfil, universo, semántica y alertas"
s04c_21e2,"Además de los ingresos recibidos en dinero por su trabajo, en los últimos doce meses ¿recibió, usted...E. Otros, como servicio de guardería, instalaciones deportivas y/o recreativas? (Valorar en Bs) (s04c_21e2)","Además de los ingresos recibidos en dinero por su trabajo, en los últimos doce meses ¿recibió, usted...E. Otros, como servicio de guardería, instalaciones deportivas y/o recreativas? (Valorar en Bs)",Sección 4: Empleo,Personas de 7 años o más de edad,"Etiqueta y metadatos importados del DDI oficial INE EH2025, archivo F27","RETAIN IN MASTER; >80% global absence is an audit flag, not a deletion rule",39497,39497,15,15,99.962,99.962,0,0,39482,39482,0,0,0.0,0.0,numeric format checked; range/domain not confirmed,numeric format checked; range/domain not confirmed,39482,39482,99.962,99.962,80.0,80.0,"RETAIN IN MASTER; >80% global absence is an audit flag, not a deletion rule","RETAIN IN MASTER; >80% global absence is an audit flag, not a deletion rule",0,0,39482,39482,0,0,10,10,0.666667,0.666667,numeric-like; semantic quantitative type provisionally documented,numeric-like; semantic quantitative type provisionally documented,Cuantitativa monetaria según etiqueta INE,Cuantitativa monetaria según etiqueta INE,Sin alerta heurística de cardinalidad.,Sin alerta heurística de cardinalidad.,"Etiqueta y metadatos importados del DDI oficial INE EH2025, archivo F27","Etiqueta y metadatos importados del DDI oficial INE EH2025, archivo F27",15,15,15.0,15.0,500.0,500.0,121.33333333333333,121.33333333333333,147.5812931751111,147.5812931751111,20.0,20.0,60.0,60.0,150.0,150.0,130.0,130.0,IQR exploratorio × 1.5,IQR exploratorio × 1.5,alerta estadística; requiere revisión semántica,alerta estadística; requiere revisión semántica,2,2,13.333333333333334,13.333333333333334,-175.0,-175.0,345.0,345.0,True,True,0,"Retener en el maestro; revisar perfil, universo, semántica y alertas"
s04d_22a,¿Cuánto es su ingreso total en su ocupación principal? Monto (Bs) (s04d_22a),¿Cuánto es su ingreso total en su ocupación principal? Monto (Bs),Sección 4: Empleo,Personas de 7 años o más de edad,"Etiqueta y metadatos importados del DDI oficial INE EH2025, archivo F27",Retain in master; profile and review documented format/domain and outlier alerts,39497,39497,9423,9423,76.1425,76.1425,0,0,30074,30074,0,0,0.0,0.0,numeric format checked; range/domain not confirmed,numeric format checked; range/domain not confirmed,30074,30074,76.1425,76.1425,80.0,80.0,Retain in master; profile and review documented format/domain and outlier alerts,Retain in master; profile and review documented format/domain and outlier alerts,0,0,30074,30074,93,93,730,730,0.07747,0.07747,numeric-like; semantic quantitative type provisionally documented,numeric-like; semantic quantitative type provisionally documented,Cuantitativa monetaria según etiqueta INE,Cuantitativa monetaria según etiqueta INE,Sin alerta heurística de cardinalidad.,Sin alerta heurística de cardinalidad.,"Etiqueta y metadatos importados del DDI oficial INE EH2025, archivo F27","Etiqueta y metadatos importados del DDI oficial INE EH2025, archivo F27",9423,9423,0.0,0.0,835200.0,835200.0,5013.0978456967,5013.0978456967,18991.17843635245,18991.17843635245,250.0,250.0,1000.0,1000.0,4200.0,4200.0,3950.0,3950.0,IQR exploratorio × 1.5,IQR exploratorio × 1.5,alerta estadística; requiere revisión semántica,alerta estadística; requiere revisión semántica,951,951,10.092327284304362,10.092327284304362,-5675.0,-5675.0,10125.0,10125.0,True,True,0,"Retener en el maestro; revisar perfil, universo, semántica y alertas"
s04d_22b,¿Cuánto es su ingreso total en su ocupación principal? Frecuencia de ingreso: (s04d_22b),¿Cuánto es su ingreso total en su ocupación principal? Frecuencia de ingreso:,Sección 4: Empleo,Personas de 7 años o más de edad,"Etiqueta y metadatos importados del DDI oficial INE EH2025, archivo F27",Retain in master; profile and review documented format/domain and outlier alerts,39497,39497,9331,9331,76.3754,76.3754,0,0,30166,30166,0,0,0.0,0.0,numeric format checked; range/domain not confirmed,numeric format checked; range/domain not confirmed,30166,30166,76.3754,76.3754,80.0,80.0,Retain in master; profile and review documented format/domain and outlier alerts,Retain in master; profile and review documented format/domain and outlier alerts,0,0,30166,30166,0,0,8,8,0.000857,0.000857,numeric-like; semantic quantitative type provisionally documented,numeric-like; semantic quantitative type provisionally documented,Cuantitativa monetaria según etiqueta INE,Cuantitativa monetaria según etiqueta INE,Sin alerta heurística de cardinalidad.,Sin alerta heurística de cardinalidad.,"Etiqueta y metadatos importados del DDI oficial INE EH2025, archivo F27","Etiqueta y metadatos importados del DDI oficial INE EH2025, archivo F27",9331,9331,1.0,1.0,8.0,8.0,3.190011788661451,3.190011788661451,2.4481353032223363,2.4481353032223363,1.0,1.0,2.0,2.0,4.0,4.0,3.0,3.0,IQR exploratorio × 1.5,IQR exploratorio × 1.5,alerta estadística; requiere revisión semántica,alerta estadística; requiere revisión semántica,0,0,0.0,0.0,-3.5,-3.5,8.5,8.5,True,True,0,"Retener en el maestro; revisar perfil, universo, semántica y alertas"
s04d_23aa,"Del ingreso total declarado en la pregunta anterior, ¿cuánto utiliza o guarda para… A. Comprar materia prima, materiales o mercadería para su actividad o negocio? Monto (Bs) (s04d_23aa)","Del ingreso total declarado en la pregunta anterior, ¿cuánto utiliza o guarda para… A. Comprar materia prima, materiales o mercadería para su actividad o negocio? Monto (Bs)",Sección 4: Empleo,Personas de 7 años o más de edad,"Etiqueta y metadatos importados del DDI oficial INE EH2025, archivo F27",Retain in master; profile and review documented format/domain and outlier alerts,39497,39497,9327,9327,76.3855,76.3855,0,0,30170,30170,0,0,0.0,0.0,numeric format checked; range/domain not confirmed,numeric format checked; range/domain not confirmed,30170,30170,76.3855,76.3855,80.0,80.0,Retain in master; profile and review documented format/domain and outlier alerts,Retain in master; profile and review documented format/domain and outlier alerts,0,0,30170,30170,1541,1541,425,425,0.045567,0.045567,numeric-like; semantic quantitative type provisionally documented,numeric-like; semantic quantitative type provisionally documented,Cuantitativa monetaria según etiqueta INE,Cuantitativa monetaria según etiqueta INE,Sin alerta heurística de cardinalidad.,Sin alerta heurística de cardinalidad.,"Etiqueta y metadatos importados del DDI oficial INE EH2025, archivo F27","Etiqueta y metadatos importados del DDI oficial INE EH2025, archivo F27",9327,9327,0.0,0.0,821200.0,821200.0,1468.585718880669,1468.585718880669,11334.564801285007,11334.564801285007,40.0,40.0,200.0,200.0,882.5,882.5,842.5,842.5,IQR exploratorio × 1.5,IQR exploratorio × 1.5,alerta estadística; requiere revisión semántica,alerta estadística; requiere revisión semántica,1074,1074,11.51495657767771,11.51495657767771,-1223.75,-1223.75,2146.25,2146.25,True,True,0,"Retener en el maestro; revisar perfil, universo, semántica y alertas"
s04d_23ab,"Del ingreso total declarado en la pregunta anterior, ¿cuánto utiliza o guarda para… A. Comprar materia prima, materiales o mercadería para su actividad o negocio? Frecuencia de gasto: (s04d_23ab)","Del ingreso total declarado en la pregunta anterior, ¿cuánto utiliza o guarda para… A. Comprar materia prima, materiales o mercadería para su actividad o negocio? Frecuencia de gasto:",Sección 4: Empleo,Personas de 7 años o más de edad,"Etiqueta y metadatos importados del DDI oficial INE EH2025, archivo F27","RETAIN IN MASTER; >80% global absence is an audit flag, not a deletion rule",39497,39497,7786,7786,80.2871,80.2871,0,0,31711,31711,0,0,0.0,0.0,numeric format checked; range/domain not confirmed,numeric format checked; range/domain not confirmed,31711,31711,80.2871,80.2871,80.0,80.0,"RETAIN IN MASTER; >80% global absence is an audit flag, not a deletion rule","RETAIN IN MASTER; >80% global absence is an audit flag, not a deletion rule",0,0,31711,31711,0,0,8,8,0.001027,0.001027,numeric-like; semantic quantitative type provisionally documented,numeric-like; semantic quantitative type provisionally documented,Cuantitativa monetaria según etiqueta INE,Cuantitativa monetaria según etiqueta INE,Sin alerta heurística de cardinalidad.,Sin alerta heurística de cardinalidad.,"Etiqueta y metadatos importados del DDI oficial INE EH2025, archivo F27","Etiqueta y metadatos importados del DDI oficial INE EH2025, archivo F27",7786,7786,1.0,1.0,8.0,8.0,3.51528384279476,3.51528384279476,2.455478485974014,2.455478485974014,1.0,1.0,3.0,3.0,4.0,4.0,3.0,3.0,IQR exploratorio × 1.5,IQR exploratorio × 1.5,alerta estadística; requiere revisión semántica,alerta estadística; requiere revisión semántica,0,0,0.0,0.0,-3.5,-3.5,8.5,8.5,True,True,0,"Retener en el maestro; revisar perfil, universo, semántica y alertas"
s04d_23ba,"Del ingreso total declarado en la pregunta anterior, ¿cuánto utiliza o guarda para… B. Pagar por prestación de servicios a terceros para su actividad o negocio? Monto (Bs) (s04d_23ba)","Del ingreso total declarado en la pregunta anterior, ¿cuánto utiliza o guarda para… B. Pagar por prestación de servicios a terceros para su actividad o negocio? Monto (Bs)",Sección 4: Empleo,Personas de 7 años o más de edad,"Etiqueta y metadatos importados del DDI oficial INE EH2025, archivo F27",Retain in master; profile and review documented format/domain and outlier alerts,39497,39497,9327,9327,76.3855,76.3855,0,0,30170,30170,0,0,0.0,0.0,numeric format checked; range/domain not confirmed,numeric format checked; range/domain not confirmed,30170,30170,76.3855,76.3855,80.0,80.0,Retain in master; profile and review documented format/domain and outlier alerts,Retain in master; profile and review documented format/domain and outlier alerts,0,0,30170,30170,6885,6885,241,241,0.025839,0.025839,numeric-like; semantic quantitative type provisionally documented,numeric-like; semantic quantitative type provisionally documented,Cuantitativa monetaria según etiqueta INE,Cuantitativa monetaria según etiqueta INE,Sin alerta heurística de cardinalidad.,Sin alerta heurística de cardinalidad.,"Etiqueta y metadatos importados del DDI oficial INE EH2025, archivo F27","Etiqueta y metadatos importados del DDI oficial INE EH2025, archivo F27",9327,9327,0.0,0.0,170520.0,170520.0,263.2278331725099,263.2278331725099,2621.8831365108344,2621.8831365108344,0.0,0.0,0.0,0.0,10.0,10.0,10.0,10.0,IQR exploratorio × 1.5,IQR exploratorio × 1.5,alerta estadística; requiere revisión semántica,alerta estadística; requiere revisión semántica,2055,2055,22.03280797684143,22.03280797684143,-15.0,-15.0,25.0,25.0,True,True,0,"Retener en el maestro; revisar perfil, universo, semántica y alertas"
s04d_23bb,"Del ingreso total declarado en la pregunta anterior, ¿cuánto utiliza o guarda para… B. Pagar por prestación de servicios a terceros para su actividad o negocio? Frecuencia de gasto: (s04d_23bb)","Del ingreso total declarado en la pregunta anterior, ¿cuánto utiliza o guarda para… B. Pagar por prestación de servicios a terceros para su actividad o negocio? Frecuencia de gasto:",Sección 4: Empleo,Personas de 7 años o más de edad,"Etiqueta y metadatos importados del DDI oficial INE EH2025, archivo F27","RETAIN IN MASTER; >80% global absence is an audit flag, not a deletion rule",39497,39497,2442,2442,93.8173,93.8173,0,0,37055,37055,0,0,0.0,0.0,numeric format checked; range/domain not confirmed,numeric format checked; range/domain not confirmed,37055,37055,93.8173,93.8173,80.0,80.0,"RETAIN IN MASTER; >80% global absence is an audit flag, not a deletion rule","RETAIN IN MASTER; >80% global absence is an audit flag, not a deletion rule",0,0,37055,37055,0,0,8,8,0.003276,0.003276,numeric-like; semantic quantitative type provisionally documented,numeric-like; semantic quantitative type provisionally documented,Cuantitativa monetaria según etiqueta INE,Cuantitativa monetaria según etiqueta INE,Sin alerta heurística de cardinalidad.,Sin alerta heurística de cardinalidad.,"Etiqueta y metadatos importados del DDI oficial INE EH2025, archivo F27","Etiqueta y metadatos importados del DDI oficial INE EH2025, archivo F27",2442,2442,1.0,1.0,8.0,8.0,4.7133497133497135,4.7133497133497135,2.5628794359896445,2.5628794359896445,2.0,2.0,4.0,4.0,8.0,8.0,6.0,6.0,IQR exploratorio × 1.5,IQR exploratorio × 1.5,alerta estadística; requiere revisión semántica,alerta estadística; requiere revisión semántica,0,0,0.0,0.0,-7.0,-7.0,17.0,17.0,True,True,0,"Retener en el maestro; revisar perfil, universo, semántica y alertas"
s04d_23ca,"Del ingreso total declarado en la pregunta anterior, ¿cuánto utiliza o guarda para… C. Pagar sueldos, salarios, bonos, gratificaciones, horas extras, Gestora(AFP) a sus empleados? Monto (Bs) (s04d_23ca)","Del ingreso total declarado en la pregunta anterior, ¿cuánto utiliza o guarda para… C. Pagar sueldos, salarios, bonos, gratificaciones, horas extras, Gestora(AFP) a sus empleados? Monto (Bs)",Sección 4: Empleo,Personas de 7 años o más de edad,"Etiqueta y metadatos importados del DDI oficial INE EH2025, archivo F27",Retain in master; profile and review documented format/domain and outlier alerts,39497,39497,9327,9327,76.3855,76.3855,0,0,30170,30170,0,0,0.0,0.0,numeric format checked; range/domain not confirmed,numeric format checked; range/domain not confirmed,30170,30170,76.3855,76.3855,80.0,80.0,Retain in master; profile and review documented format/domain and outlier alerts,Retain in master; profile and review documented format/domain and outlier alerts,0,0,30170,30170,8609,8609,148,148,0.015868,0.015868,numeric-like; semantic quantitative type provisionally documented,numeric-like; semantic quantitative type provisionally documented,Cuantitativa monetaria según etiqueta INE,Cuantitativa monetaria según etiqueta INE,Sin alerta heurística de cardinalidad.,Sin alerta heurística de cardinalidad.,"Etiqueta y metadatos importados del DDI oficial INE EH2025, archivo F27","Etiqueta y metadatos importados del DDI oficial INE EH2025, archivo F27",9327,9327,0.0,0.0,155520.0,155520.0,229.99142275115256,229.99142275115256,2607.2617642838736,2607.2617642838736,0.0,0.0,0.0,0.0,0.0,0.0,0.0,0.0,IQR exploratorio × 1.5,IQR exploratorio × 1.5,IQR cero; alertas no clasificadas automáticamente,IQR cero; alertas no clasificadas automáticamente,0,0,,,,,,,True,True,0,"Retener en el maestro; revisar perfil, universo, semántica y alertas"
s04d_23cb,"Del ingreso total declarado en la pregunta anterior, ¿cuánto utiliza o guarda para… C. Pagar sueldos, salarios, bonos, gratificaciones, horas extras, Gestora(AFP) a sus empleados? Frecuencia de gasto: (s04d_23cb)","Del ingreso total declarado en la pregunta anterior, ¿cuánto utiliza o guarda para… C. Pagar sueldos, salarios, bonos, gratificaciones, horas extras, Gestora(AFP) a sus empleados? Frecuencia de gasto:",Sección 4: Empleo,Personas de 7 años o más de edad,"Etiqueta y metadatos importados del DDI oficial INE EH2025, archivo F27","RETAIN IN MASTER; >80% global absence is an audit flag, not a deletion rule",39497,39497,719,719,98.1796,98.1796,0,0,38778,38778,0,0,0.0,0.0,numeric format checked; range/domain not confirmed,numeric format checked; range/domain not confirmed,38778,38778,98.1796,98.1796,80.0,80.0,"RETAIN IN MASTER; >80% global absence is an audit flag, not a deletion rule","RETAIN IN MASTER; >80% global absence is an audit flag, not a deletion rule",0,0,38778,38778,0,0,8,8,0.011127,0.011127,numeric-like; semantic quantitative type provisionally documented,numeric-like; semantic quantitative type provisionally documented,Cuantitativa monetaria según etiqueta INE,Cuantitativa monetaria según etiqueta INE,Sin alerta heurística de cardinalidad.,Sin alerta heurística de cardinalidad.,"Etiqueta y metadatos importados del DDI oficial INE EH2025, archivo F27","Etiqueta y metadatos importados del DDI oficial INE EH2025, archivo F27",719,719,1.0,1.0,8.0,8.0,3.43115438108484,3.43115438108484,1.9023303923913264,1.9023303923913264,2.0,2.0,4.0,4.0,4.0,4.0,2.0,2.0,IQR exploratorio × 1.5,IQR exploratorio × 1.5,alerta estadística; requiere revisión semántica,alerta estadística; requiere revisión semántica,46,46,6.397774687065369,6.397774687065369,-1.0,-1.0,7.0,7.0,True,True,0,"Retener en el maestro; revisar perfil, universo, semántica y alertas"
s04d_23da,"Del ingreso total declarado en la pregunta anterior, ¿cuánto utiliza o guarda para… D. Pagar alquiler del local/vehiculo que dispone para su actividad o negocio? Monto (Bs) (s04d_23da)","Del ingreso total declarado en la pregunta anterior, ¿cuánto utiliza o guarda para… D. Pagar alquiler del local/vehiculo que dispone para su actividad o negocio? Monto (Bs)",Sección 4: Empleo,Personas de 7 años o más de edad,"Etiqueta y metadatos importados del DDI oficial INE EH2025, archivo F27",Retain in master; profile and review documented format/domain and outlier alerts,39497,39497,9324,9324,76.3931,76.3931,0,0,30173,30173,0,0,0.0,0.0,numeric format checked; range/domain not confirmed,numeric format checked; range/domain not confirmed,30173,30173,76.3931,76.3931,80.0,80.0,Retain in master; profile and review documented format/domain and outlier alerts,Retain in master; profile and review documented format/domain and outlier alerts,0,0,30173,30173,7617,7617,146,146,0.015659,0.015659,numeric-like; semantic quantitative type provisionally documented,numeric-like; semantic quantitative type provisionally documented,Cuantitativa monetaria según etiqueta INE,Cuantitativa monetaria según etiqueta INE,Sin alerta heurística de cardinalidad.,Sin alerta heurística de cardinalidad.,"Etiqueta y metadatos importados del DDI oficial INE EH2025, archivo F27","Etiqueta y metadatos importados del DDI oficial INE EH2025, archivo F27",9324,9324,0.0,0.0,30000.0,30000.0,149.23830973830974,149.23830973830974,704.269944801935,704.269944801935,0.0,0.0,0.0,0.0,0.0,0.0,0.0,0.0,IQR exploratorio × 1.5,IQR exploratorio × 1.5,IQR cero; alertas no clasificadas automáticamente,IQR cero; alertas no clasificadas automáticamente,0,0,,,,,,,True,True,0,"Retener en el maestro; revisar perfil, universo, semántica y alertas"
s04d_23db,"Del ingreso total declarado en la pregunta anterior, ¿cuánto utiliza o guarda para… D. Pagar alquiler del local/vehiculo que dispone para su actividad o negocio? Frecuencia de gasto: (s04d_23db)","Del ingreso total declarado en la pregunta anterior, ¿cuánto utiliza o guarda para… D. Pagar alquiler del local/vehiculo que dispone para su actividad o negocio? Frecuencia de gasto:",Sección 4: Empleo,Personas de 7 años o más de edad,"Etiqueta y metadatos importados del DDI oficial INE EH2025, archivo F27","RETAIN IN MASTER; >80% global absence is an audit flag, not a deletion rule",39497,39497,1708,1708,95.6756,95.6756,0,0,37789,37789,0,0,0.0,0.0,numeric format checked; range/domain not confirmed,numeric format checked; range/domain not confirmed,37789,37789,95.6756,95.6756,80.0,80.0,"RETAIN IN MASTER; >80% global absence is an audit flag, not a deletion rule","RETAIN IN MASTER; >80% global absence is an audit flag, not a deletion rule",0,0,37789,37789,0,0,8,8,0.004684,0.004684,numeric-like; semantic quantitative type provisionally documented,numeric-like; semantic quantitative type provisionally documented,Cuantitativa monetaria según etiqueta INE,Cuantitativa monetaria según etiqueta INE,Sin alerta heurística de cardinalidad.,Sin alerta heurística de cardinalidad.,"Etiqueta y metadatos importados del DDI oficial INE EH2025, archivo F27","Etiqueta y metadatos importados del DDI oficial INE EH2025, archivo F27",1708,1708,1.0,1.0,8.0,8.0,4.015807962529274,4.015807962529274,1.968791835554677,1.968791835554677,4.0,4.0,4.0,4.0,4.0,4.0,0.0,0.0,IQR exploratorio × 1.5,IQR exploratorio × 1.5,IQR cero; alertas no clasificadas automáticamente,IQR cero; alertas no clasificadas automáticamente,0,0,,,,,,,True,True,0,"Retener en el maestro; revisar perfil, universo, semántica y alertas"
s04d_23ea,"Del ingreso total declarado en la pregunta anterior, ¿cuánto utiliza o guarda para… E. Pagar servicios de agua, luz, gas, teléfono o internet que usa para la actividad o negocio? Monto (Bs) (s04d_23ea)","Del ingreso total declarado en la pregunta anterior, ¿cuánto utiliza o guarda para… E. Pagar servicios de agua, luz, gas, teléfono o internet que usa para la actividad o negocio? Monto (Bs)",Sección 4: Empleo,Personas de 7 años o más de edad,"Etiqueta y metadatos importados del DDI oficial INE EH2025, archivo F27",Retain in master; profile and review documented format/domain and outlier alerts,39497,39497,9326,9326,76.3881,76.3881,0,0,30171,30171,0,0,0.0,0.0,numeric format checked; range/domain not confirmed,numeric format checked; range/domain not confirmed,30171,30171,76.3881,76.3881,80.0,80.0,Retain in master; profile and review documented format/domain and outlier alerts,Retain in master; profile and review documented format/domain and outlier alerts,0,0,30171,30171,5961,5961,156,156,0.016727,0.016727,numeric-like; semantic quantitative type provisionally documented,numeric-like; semantic quantitative type provisionally documented,Cuantitativa monetaria según etiqueta INE,Cuantitativa monetaria según etiqueta INE,Sin alerta heurística de cardinalidad.,Sin alerta heurística de cardinalidad.,"Etiqueta y metadatos importados del DDI oficial INE EH2025, archivo F27","Etiqueta y metadatos importados del DDI oficial INE EH2025, archivo F27",9326,9326,0.0,0.0,7000.0,7000.0,54.22646365001072,54.22646365001072,212.84135836194721,212.84135836194721,0.0,0.0,0.0,0.0,40.0,40.0,40.0,40.0,IQR exploratorio × 1.5,IQR exploratorio × 1.5,alerta estadística; requiere revisión semántica,alerta estadística; requiere revisión semántica,1098,1098,11.773536349989278,11.773536349989278,-60.0,-60.0,100.0,100.0,True,True,0,"Retener en el maestro; revisar perfil, universo, semántica y alertas"
s04d_23eb,"Del ingreso total declarado en la pregunta anterior, ¿cuánto utiliza o guarda para… E. Pagar servicios de agua, luz, gas, teléfono o internet que usa para la actividad o negocio? Frecuencia de gasto: (s04d_23eb)","Del ingreso total declarado en la pregunta anterior, ¿cuánto utiliza o guarda para… E. Pagar servicios de agua, luz, gas, teléfono o internet que usa para la actividad o negocio? Frecuencia de gasto:",Sección 4: Empleo,Personas de 7 años o más de edad,"Etiqueta y metadatos importados del DDI oficial INE EH2025, archivo F27","RETAIN IN MASTER; >80% global absence is an audit flag, not a deletion rule",39497,39497,3367,3367,91.4753,91.4753,0,0,36130,36130,0,0,0.0,0.0,numeric format checked; range/domain not confirmed,numeric format checked; range/domain not confirmed,36130,36130,91.4753,91.4753,80.0,80.0,"RETAIN IN MASTER; >80% global absence is an audit flag, not a deletion rule","RETAIN IN MASTER; >80% global absence is an audit flag, not a deletion rule",0,0,36130,36130,0,0,8,8,0.002376,0.002376,numeric-like; semantic quantitative type provisionally documented,numeric-like; semantic quantitative type provisionally documented,Cuantitativa monetaria según etiqueta INE,Cuantitativa monetaria según etiqueta INE,Sin alerta heurística de cardinalidad.,Sin alerta heurística de cardinalidad.,"Etiqueta y metadatos importados del DDI oficial INE EH2025, archivo F27","Etiqueta y metadatos importados del DDI oficial INE EH2025, archivo F27",3367,3367,1.0,1.0,8.0,8.0,3.7145827145827144,3.7145827145827144,1.2727681628676075,1.2727681628676075,4.0,4.0,4.0,4.0,4.0,4.0,0.0,0.0,IQR exploratorio × 1.5,IQR exploratorio × 1.5,IQR cero; alertas no clasificadas automáticamente,IQR cero; alertas no clasificadas automáticamente,0,0,,,,,,,True,True,0,"Retener en el maestro; revisar perfil, universo, semántica y alertas"
s04d_23fa,"Del ingreso total declarado en la pregunta anterior, ¿cuánto utiliza o guarda para… F. Pagar cuotas regulares por concepto de microcrédito/crédito para su actividad o negocio? Monto (Bs) (s04d_23fa)","Del ingreso total declarado en la pregunta anterior, ¿cuánto utiliza o guarda para… F. Pagar cuotas regulares por concepto de microcrédito/crédito para su actividad o negocio? Monto (Bs)",Sección 4: Empleo,Personas de 7 años o más de edad,"Etiqueta y metadatos importados del DDI oficial INE EH2025, archivo F27",Retain in master; profile and review documented format/domain and outlier alerts,39497,39497,9328,9328,76.383,76.383,0,0,30169,30169,0,0,0.0,0.0,numeric format checked; range/domain not confirmed,numeric format checked; range/domain not confirmed,30169,30169,76.383,76.383,80.0,80.0,Retain in master; profile and review documented format/domain and outlier alerts,Retain in master; profile and review documented format/domain and outlier alerts,0,0,30169,30169,8922,8922,122,122,0.013079,0.013079,numeric-like; semantic quantitative type provisionally documented,numeric-like; semantic quantitative type provisionally documented,Cuantitativa monetaria según etiqueta INE,Cuantitativa monetaria según etiqueta INE,Sin alerta heurística de cardinalidad.,Sin alerta heurística de cardinalidad.,"Etiqueta y metadatos importados del DDI oficial INE EH2025, archivo F27","Etiqueta y metadatos importados del DDI oficial INE EH2025, archivo F27",9328,9328,0.0,0.0,73000.0,73000.0,105.63861492281303,105.63861492281303,1138.6821340190513,1138.6821340190513,0.0,0.0,0.0,0.0,0.0,0.0,0.0,0.0,IQR exploratorio × 1.5,IQR exploratorio × 1.5,IQR cero; alertas no clasificadas automáticamente,IQR cero; alertas no clasificadas automáticamente,0,0,,,,,,,True,True,0,"Retener en el maestro; revisar perfil, universo, semántica y alertas"
s04d_23fb,"Del ingreso total declarado en la pregunta anterior, ¿cuánto utiliza o guarda para… F. Pagar cuotas regulares por concepto de microcrédito/crédito para su actividad o negocio? Frecuencia de gasto: (s04d_23fb)","Del ingreso total declarado en la pregunta anterior, ¿cuánto utiliza o guarda para… F. Pagar cuotas regulares por concepto de microcrédito/crédito para su actividad o negocio? Frecuencia de gasto:",Sección 4: Empleo,Personas de 7 años o más de edad,"Etiqueta y metadatos importados del DDI oficial INE EH2025, archivo F27","RETAIN IN MASTER; >80% global absence is an audit flag, not a deletion rule",39497,39497,406,406,98.9721,98.9721,0,0,39091,39091,0,0,0.0,0.0,numeric format checked; range/domain not confirmed,numeric format checked; range/domain not confirmed,39091,39091,98.9721,98.9721,80.0,80.0,"RETAIN IN MASTER; >80% global absence is an audit flag, not a deletion rule","RETAIN IN MASTER; >80% global absence is an audit flag, not a deletion rule",0,0,39091,39091,0,0,8,8,0.019704,0.019704,numeric-like; semantic quantitative type provisionally documented,numeric-like; semantic quantitative type provisionally documented,Cuantitativa monetaria según etiqueta INE,Cuantitativa monetaria según etiqueta INE,Sin alerta heurística de cardinalidad.,Sin alerta heurística de cardinalidad.,"Etiqueta y metadatos importados del DDI oficial INE EH2025, archivo F27","Etiqueta y metadatos importados del DDI oficial INE EH2025, archivo F27",406,406,1.0,1.0,8.0,8.0,3.9901477832512313,3.9901477832512313,1.4939884402456622,1.4939884402456622,4.0,4.0,4.0,4.0,4.0,4.0,0.0,0.0,IQR exploratorio × 1.5,IQR exploratorio × 1.5,IQR cero; alertas no clasificadas automáticamente,IQR cero; alertas no clasificadas automáticamente,0,0,,,,,,,True,True,0,"Retener en el maestro; revisar perfil, universo, semántica y alertas"
s04d_23ga,"Del ingreso total declarado en la pregunta anterior, ¿cuánto utiliza o guarda para… G. Pagar impuestos, sentajes? Monto (Bs) (s04d_23ga)","Del ingreso total declarado en la pregunta anterior, ¿cuánto utiliza o guarda para… G. Pagar impuestos, sentajes? Monto (Bs)",Sección 4: Empleo,Personas de 7 años o más de edad,"Etiqueta y metadatos importados del DDI oficial INE EH2025, archivo F27",Retain in master; profile and review documented format/domain and outlier alerts,39497,39497,9326,9326,76.3881,76.3881,0,0,30171,30171,0,0,0.0,0.0,numeric format checked; range/domain not confirmed,numeric format checked; range/domain not confirmed,30171,30171,76.3881,76.3881,80.0,80.0,Retain in master; profile and review documented format/domain and outlier alerts,Retain in master; profile and review documented format/domain and outlier alerts,0,0,30171,30171,7447,7447,195,195,0.020909,0.020909,numeric-like; semantic quantitative type provisionally documented,numeric-like; semantic quantitative type provisionally documented,Cuantitativa monetaria según etiqueta INE,Cuantitativa monetaria según etiqueta INE,Sin alerta heurística de cardinalidad.,Sin alerta heurística de cardinalidad.,"Etiqueta y metadatos importados del DDI oficial INE EH2025, archivo F27","Etiqueta y metadatos importados del DDI oficial INE EH2025, archivo F27",9326,9326,0.0,0.0,20000.0,20000.0,72.09993566373579,72.09993566373579,519.0789213922832,519.0789213922832,0.0,0.0,0.0,0.0,0.0,0.0,0.0,0.0,IQR exploratorio × 1.5,IQR exploratorio × 1.5,IQR cero; alertas no clasificadas automáticamente,IQR cero; alertas no clasificadas automáticamente,0,0,,,,,,,True,True,0,"Retener en el maestro; revisar perfil, universo, semántica y alertas"
s04d_23gb,"Del ingreso total declarado en la pregunta anterior, ¿cuánto utiliza o guarda para… G. Pagar impuestos, sentajes? Frecuencia de gasto: (s04d_23gb)","Del ingreso total declarado en la pregunta anterior, ¿cuánto utiliza o guarda para… G. Pagar impuestos, sentajes? Frecuencia de gasto:",Sección 4: Empleo,Personas de 7 años o más de edad,"Etiqueta y metadatos importados del DDI oficial INE EH2025, archivo F27","RETAIN IN MASTER; >80% global absence is an audit flag, not a deletion rule",39497,39497,1880,1880,95.2401,95.2401,0,0,37617,37617,0,0,0.0,0.0,numeric format checked; range/domain not confirmed,numeric format checked; range/domain not confirmed,37617,37617,95.2401,95.2401,80.0,80.0,"RETAIN IN MASTER; >80% global absence is an audit flag, not a deletion rule","RETAIN IN MASTER; >80% global absence is an audit flag, not a deletion rule",0,0,37617,37617,0,0,8,8,0.004255,0.004255,numeric-like; semantic quantitative type provisionally documented,numeric-like; semantic quantitative type provisionally documented,Cuantitativa monetaria según etiqueta INE,Cuantitativa monetaria según etiqueta INE,Sin alerta heurística de cardinalidad.,Sin alerta heurística de cardinalidad.,"Etiqueta y metadatos importados del DDI oficial INE EH2025, archivo F27","Etiqueta y metadatos importados del DDI oficial INE EH2025, archivo F27",1880,1880,1.0,1.0,8.0,8.0,5.386170212765958,5.386170212765958,2.8024964566114634,2.8024964566114634,4.0,4.0,7.0,7.0,8.0,8.0,4.0,4.0,IQR exploratorio × 1.5,IQR exploratorio × 1.5,alerta estadística; requiere revisión semántica,alerta estadística; requiere revisión semántica,0,0,0.0,0.0,-2.0,-2.0,14.0,14.0,True,True,0,"Retener en el maestro; revisar perfil, universo, semántica y alertas"
s04d_23ha,"Del ingreso total declarado en la pregunta anterior, ¿cuánto utiliza o guarda para… H. Pagar cuotas a sindicatos, gremios, asociaciones? Monto (Bs) (s04d_23ha)","Del ingreso total declarado en la pregunta anterior, ¿cuánto utiliza o guarda para… H. Pagar cuotas a sindicatos, gremios, asociaciones? Monto (Bs)",Sección 4: Empleo,Personas de 7 años o más de edad,"Etiqueta y metadatos importados del DDI oficial INE EH2025, archivo F27",Retain in master; profile and review documented format/domain and outlier alerts,39497,39497,9328,9328,76.383,76.383,0,0,30169,30169,0,0,0.0,0.0,numeric format checked; range/domain not confirmed,numeric format checked; range/domain not confirmed,30169,30169,76.383,76.383,80.0,80.0,Retain in master; profile and review documented format/domain and outlier alerts,Retain in master; profile and review documented format/domain and outlier alerts,0,0,30169,30169,7919,7919,102,102,0.010935,0.010935,numeric-like; semantic quantitative type provisionally documented,numeric-like; semantic quantitative type provisionally documented,Cuantitativa monetaria según etiqueta INE,Cuantitativa monetaria según etiqueta INE,Sin alerta heurística de cardinalidad.,Sin alerta heurística de cardinalidad.,"Etiqueta y metadatos importados del DDI oficial INE EH2025, archivo F27","Etiqueta y metadatos importados del DDI oficial INE EH2025, archivo F27",9328,9328,0.0,0.0,6000.0,6000.0,13.442216981132075,13.442216981132075,100.09782545151248,100.09782545151248,0.0,0.0,0.0,0.0,0.0,0.0,0.0,0.0,IQR exploratorio × 1.5,IQR exploratorio × 1.5,IQR cero; alertas no clasificadas automáticamente,IQR cero; alertas no clasificadas automáticamente,0,0,,,,,,,True,True,0,"Retener en el maestro; revisar perfil, universo, semántica y alertas"
s04d_23hb,"Del ingreso total declarado en la pregunta anterior, ¿cuánto utiliza o guarda para… H. Pagar cuotas a sindicatos, gremios, asociaciones? Frecuencia de gasto: (s04d_23hb)","Del ingreso total declarado en la pregunta anterior, ¿cuánto utiliza o guarda para… H. Pagar cuotas a sindicatos, gremios, asociaciones? Frecuencia de gasto:",Sección 4: Empleo,Personas de 7 años o más de edad,"Etiqueta y metadatos importados del DDI oficial INE EH2025, archivo F27","RETAIN IN MASTER; >80% global absence is an audit flag, not a deletion rule",39497,39497,1409,1409,96.4326,96.4326,0,0,38088,38088,0,0,0.0,0.0,numeric format checked; range/domain not confirmed,numeric format checked; range/domain not confirmed,38088,38088,96.4326,96.4326,80.0,80.0,"RETAIN IN MASTER; >80% global absence is an audit flag, not a deletion rule","RETAIN IN MASTER; >80% global absence is an audit flag, not a deletion rule",0,0,38088,38088,0,0,8,8,0.005678,0.005678,numeric-like; semantic quantitative type provisionally documented,numeric-like; semantic quantitative type provisionally documented,Cuantitativa monetaria según etiqueta INE,Cuantitativa monetaria según etiqueta INE,Sin alerta heurística de cardinalidad.,Sin alerta heurística de cardinalidad.,"Etiqueta y metadatos importados del DDI oficial INE EH2025, archivo F27","Etiqueta y metadatos importados del DDI oficial INE EH2025, archivo F27",1409,1409,1.0,1.0,8.0,8.0,4.604684173172463,4.604684173172463,2.394775487148502,2.394775487148502,4.0,4.0,4.0,4.0,7.0,7.0,3.0,3.0,IQR exploratorio × 1.5,IQR exploratorio × 1.5,alerta estadística; requiere revisión semántica,alerta estadística; requiere revisión semántica,0,0,0.0,0.0,-0.5,-0.5,11.5,11.5,True,True,0,"Retener en el maestro; revisar perfil, universo, semántica y alertas"
s04d_24a,"Una vez descontadas todas sus obligaciones (sueldos, salarios, compra de material, mercadería, etc.), ¿cuánto le queda para uso del hogar? Monto (Bs) (s04d_24a)","Una vez descontadas todas sus obligaciones (sueldos, salarios, compra de material, mercadería, etc.), ¿cuánto le queda para uso del hogar? Monto (Bs)",Sección 4: Empleo,Personas de 7 años o más de edad,"Etiqueta y metadatos importados del DDI oficial INE EH2025, archivo F27",Retain in master; profile and review documented format/domain and outlier alerts,39497,39497,9426,9426,76.1349,76.1349,0,0,30071,30071,0,0,0.0,0.0,numeric format checked; range/domain not confirmed,numeric format checked; range/domain not confirmed,30071,30071,76.1349,76.1349,80.0,80.0,Retain in master; profile and review documented format/domain and outlier alerts,Retain in master; profile and review documented format/domain and outlier alerts,0,0,30071,30071,98,98,1856,1856,0.196902,0.196902,numeric-like; semantic quantitative type provisionally documented,numeric-like; semantic quantitative type provisionally documented,Cuantitativa monetaria según etiqueta INE,Cuantitativa monetaria según etiqueta INE,Sin alerta heurística de cardinalidad.,Sin alerta heurística de cardinalidad.,"Etiqueta y metadatos importados del DDI oficial INE EH2025, archivo F27","Etiqueta y metadatos importados del DDI oficial INE EH2025, archivo F27",9426,9426,0.0,0.0,403180.0,403180.0,2951.3019308296202,2951.3019308296202,9300.761710015684,9300.761710015684,144.0,144.0,610.0,610.0,2650.0,2650.0,2506.0,2506.0,IQR exploratorio × 1.5,IQR exploratorio × 1.5,alerta estadística; requiere revisión semántica,alerta estadística; requiere revisión semántica,998,998,10.587736049225546,10.587736049225546,-3615.0,-3615.0,6409.0,6409.0,True,True,0,"Retener en el maestro; revisar perfil, universo, semántica y alertas"
s04d_24b,"Una vez descontadas todas sus obligaciones (sueldos, salarios, compra de material, mercadería, etc.), ¿cuánto le queda para uso del hogar? Frecuencia de ingreso: (s04d_24b)","Una vez descontadas todas sus obligaciones (sueldos, salarios, compra de material, mercadería, etc.), ¿cuánto le queda para uso del hogar? Frecuencia de ingreso:",Sección 4: Empleo,Personas de 7 años o más de edad,"Etiqueta y metadatos importados del DDI oficial INE EH2025, archivo F27",Retain in master; profile and review documented format/domain and outlier alerts,39497,39497,9328,9328,76.383,76.383,0,0,30169,30169,0,0,0.0,0.0,numeric format checked; range/domain not confirmed,numeric format checked; range/domain not confirmed,30169,30169,76.383,76.383,80.0,80.0,Retain in master; profile and review documented format/domain and outlier alerts,Retain in master; profile and review documented format/domain and outlier alerts,0,0,30169,30169,0,0,8,8,0.000858,0.000858,numeric-like; semantic quantitative type provisionally documented,numeric-like; semantic quantitative type provisionally documented,Cuantitativa monetaria según etiqueta INE,Cuantitativa monetaria según etiqueta INE,Sin alerta heurística de cardinalidad.,Sin alerta heurística de cardinalidad.,"Etiqueta y metadatos importados del DDI oficial INE EH2025, archivo F27","Etiqueta y metadatos importados del DDI oficial INE EH2025, archivo F27",9328,9328,1.0,1.0,8.0,8.0,3.196076329331046,3.196076329331046,2.44546778407042,2.44546778407042,1.0,1.0,2.0,2.0,4.0,4.0,3.0,3.0,IQR exploratorio × 1.5,IQR exploratorio × 1.5,alerta estadística; requiere revisión semántica,alerta estadística; requiere revisión semántica,0,0,0.0,0.0,-3.5,-3.5,8.5,8.5,True,True,0,"Retener en el maestro; revisar perfil, universo, semántica y alertas"
s04d_24ba,"En esta ocupación, de su producción agricola, crianza de animales o sus productos derivados, ¿destinó una parte para alimentación/consumo de su hogar?: (s04d_24ba)","En esta ocupación, de su producción agricola, crianza de animales o sus productos derivados, ¿destinó una parte para alimentación/consumo de su hogar?:",Sección 4: Empleo,Personas de 7 años o más de edad,"Etiqueta y metadatos importados del DDI oficial INE EH2025, archivo F27","RETAIN IN MASTER; >80% global absence is an audit flag, not a deletion rule",39497,39497,2203,2203,94.4224,94.4224,0,0,37294,37294,0,0,0.0,0.0,not evaluated: variable domain is not confirmed,not evaluated: variable domain is not confirmed,37294,37294,94.4224,94.4224,80.0,80.0,"RETAIN IN MASTER; >80% global absence is an audit flag, not a deletion rule","RETAIN IN MASTER; >80% global absence is an audit flag, not a deletion rule",0,0,37294,37294,0,0,2,2,0.000908,0.000908,numeric-like candidate; no numeric summary until semantics are confirmed,numeric-like candidate; no numeric summary until semantics are confirmed,Categórica o codificada según metadatos INE,Categórica o codificada según metadatos INE,Sin alerta heurística de cardinalidad.,Sin alerta heurística de cardinalidad.,"Etiqueta y metadatos importados del DDI oficial INE EH2025, archivo F27","Etiqueta y metadatos importados del DDI oficial INE EH2025, archivo F27",0,0,,,,,,,,,,,,,,,,,No aplicable: no es magnitud numérica confirmada,No aplicable: no es magnitud numérica confirmada,revisar códigos/categorías con el diccionario,revisar códigos/categorías con el diccionario,0,0,,,,,,,True,True,0,"Retener en el maestro; revisar perfil, universo, semántica y alertas"
s04d_24bb,"En esta ocupación, de su producción agricola, crianza de animales o sus productos derivados, ¿destinó una parte para alimentación/consumo de su hogar? Frecuencia (s04d_24bb)","En esta ocupación, de su producción agricola, crianza de animales o sus productos derivados, ¿destinó una parte para alimentación/consumo de su hogar? Frecuencia",Sección 4: Empleo,Personas de 7 años o más de edad,"Etiqueta y metadatos importados del DDI oficial INE EH2025, archivo F27","RETAIN IN MASTER; >80% global absence is an audit flag, not a deletion rule",39497,39497,1873,1873,95.2579,95.2579,0,0,37624,37624,0,0,0.0,0.0,not evaluated: variable domain is not confirmed,not evaluated: variable domain is not confirmed,37624,37624,95.2579,95.2579,80.0,80.0,"RETAIN IN MASTER; >80% global absence is an audit flag, not a deletion rule","RETAIN IN MASTER; >80% global absence is an audit flag, not a deletion rule",0,0,37624,37624,0,0,8,8,0.004271,0.004271,numeric-like candidate; no numeric summary until semantics are confirmed,numeric-like candidate; no numeric summary until semantics are confirmed,Categórica o codificada según metadatos INE,Categórica o codificada según metadatos INE,Sin alerta heurística de cardinalidad.,Sin alerta heurística de cardinalidad.,"Etiqueta y metadatos importados del DDI oficial INE EH2025, archivo F27","Etiqueta y metadatos importados del DDI oficial INE EH2025, archivo F27",0,0,,,,,,,,,,,,,,,,,No aplicable: no es magnitud numérica confirmada,No aplicable: no es magnitud numérica confirmada,revisar códigos/categorías con el diccionario,revisar códigos/categorías con el diccionario,0,0,,,,,,,True,True,0,"Retener en el maestro; revisar perfil, universo, semántica y alertas"
s04d_24bc,"En esta ocupación, de su producción agricola, crianza de animales o sus productos derivados, ¿destinó una parte para alimentación/consumo de su hogar? Monto(Bs) (s04d_24bc)","En esta ocupación, de su producción agricola, crianza de animales o sus productos derivados, ¿destinó una parte para alimentación/consumo de su hogar? Monto(Bs)",Sección 4: Empleo,Personas de 7 años o más de edad,"Etiqueta y metadatos importados del DDI oficial INE EH2025, archivo F27","RETAIN IN MASTER; >80% global absence is an audit flag, not a deletion rule",39497,39497,1873,1873,95.2579,95.2579,0,0,37624,37624,0,0,0.0,0.0,numeric format checked; range/domain not confirmed,numeric format checked; range/domain not confirmed,37624,37624,95.2579,95.2579,80.0,80.0,"RETAIN IN MASTER; >80% global absence is an audit flag, not a deletion rule","RETAIN IN MASTER; >80% global absence is an audit flag, not a deletion rule",0,0,37624,37624,0,0,260,260,0.138815,0.138815,numeric-like; semantic quantitative type provisionally documented,numeric-like; semantic quantitative type provisionally documented,Cuantitativa monetaria según etiqueta INE,Cuantitativa monetaria según etiqueta INE,Sin alerta heurística de cardinalidad.,Sin alerta heurística de cardinalidad.,"Etiqueta y metadatos importados del DDI oficial INE EH2025, archivo F27","Etiqueta y metadatos importados del DDI oficial INE EH2025, archivo F27",1873,1873,2.0,2.0,60000.0,60000.0,966.550987720235,966.550987720235,2164.0496423072223,2164.0496423072223,100.0,100.0,400.0,400.0,1000.0,1000.0,900.0,900.0,IQR exploratorio × 1.5,IQR exploratorio × 1.5,alerta estadística; requiere revisión semántica,alerta estadística; requiere revisión semántica,194,194,10.357714895888947,10.357714895888947,-1250.0,-1250.0,2350.0,2350.0,True,True,0,"Retener en el maestro; revisar perfil, universo, semántica y alertas"
s04e_25,"Además de la actividad mencionada anteriormente, ¿realizó otro trabajo durante la semana pasada? (s04e_25)","Además de la actividad mencionada anteriormente, ¿realizó otro trabajo durante la semana pasada?",Sección 4: Empleo,Personas de 7 años o más de edad,"Etiqueta y metadatos importados del DDI oficial INE EH2025, archivo F27",Retain in master; profile and review documented format/domain and outlier alerts,39497,39497,19479,19479,50.6823,50.6823,0,0,20018,20018,0,0,0.0,0.0,not evaluated: variable domain is not confirmed,not evaluated: variable domain is not confirmed,20018,20018,50.6823,50.6823,80.0,80.0,Retain in master; profile and review documented format/domain and outlier alerts,Retain in master; profile and review documented format/domain and outlier alerts,0,0,20018,20018,0,0,2,2,0.000103,0.000103,numeric-like candidate; no numeric summary until semantics are confirmed,numeric-like candidate; no numeric summary until semantics are confirmed,Categórica o codificada según metadatos INE,Categórica o codificada según metadatos INE,Sin alerta heurística de cardinalidad.,Sin alerta heurística de cardinalidad.,"Etiqueta y metadatos importados del DDI oficial INE EH2025, archivo F27","Etiqueta y metadatos importados del DDI oficial INE EH2025, archivo F27",0,0,,,,,,,,,,,,,,,,,No aplicable: no es magnitud numérica confirmada,No aplicable: no es magnitud numérica confirmada,revisar códigos/categorías con el diccionario,revisar códigos/categorías con el diccionario,0,0,,,,,,,True,True,0,"Retener en el maestro; revisar perfil, universo, semántica y alertas"
s04e_26_cod,Códigos Clasificación de Actividades Económicas de Bolivia 2024 (s04e_26_cod),Códigos Clasificación de Actividades Económicas de Bolivia 2024,Sección 4: Empleo,None,"Etiqueta y metadatos importados del DDI oficial INE EH2025, archivo F27","RETAIN IN MASTER; >80% global absence is an audit flag, not a deletion rule",39497,39497,1357,1357,96.5643,96.5643,38140,38140,38140,38140,0,0,0.0,0.0,not evaluated: variable domain is not confirmed,not evaluated: variable domain is not confirmed,38140,38140,96.5643,96.5643,80.0,80.0,"RETAIN IN MASTER; >80% global absence is an audit flag, not a deletion rule","RETAIN IN MASTER; >80% global absence is an audit flag, not a deletion rule",0,0,0,0,0,0,218,218,0.160648,0.160648,numeric-like candidate; no numeric summary until semantics are confirmed,numeric-like candidate; no numeric summary until semantics are confirmed,Categórica o codificada según metadatos INE,Categórica o codificada según metadatos INE,REVISAR: 218 valores distintos en una variable categórica; cotejar códigos y alineación con el cuestionario.,REVISAR: 218 valores distintos en una variable categórica; cotejar códigos y alineación con el cuestionario.,"Etiqueta y metadatos importados del DDI oficial INE EH2025, archivo F27","Etiqueta y metadatos importados del DDI oficial INE EH2025, archivo F27",0,0,,,,,,,,,,,,,,,,,No aplicable: no es magnitud numérica confirmada,No aplicable: no es magnitud numérica confirmada,revisar códigos/categorías con el diccionario,revisar códigos/categorías con el diccionario,0,0,,,,,,,True,True,0,"Retener en el maestro; revisar perfil, universo, semántica y alertas"
s04e_27,En esta otra ocupación usted trabaja como: (s04e_27),En esta otra ocupación usted trabaja como:,Sección 4: Empleo,Personas de 7 años o más de edad,"Etiqueta y metadatos importados del DDI oficial INE EH2025, archivo F27","RETAIN IN MASTER; >80% global absence is an audit flag, not a deletion rule",39497,39497,1357,1357,96.5643,96.5643,0,0,38140,38140,0,0,0.0,0.0,not evaluated: variable domain is not confirmed,not evaluated: variable domain is not confirmed,38140,38140,96.5643,96.5643,80.0,80.0,"RETAIN IN MASTER; >80% global absence is an audit flag, not a deletion rule","RETAIN IN MASTER; >80% global absence is an audit flag, not a deletion rule",0,0,38140,38140,0,0,7,7,0.005158,0.005158,numeric-like candidate; no numeric summary until semantics are confirmed,numeric-like candidate; no numeric summary until semantics are confirmed,Categórica o codificada según metadatos INE,Categórica o codificada según metadatos INE,Sin alerta heurística de cardinalidad.,Sin alerta heurística de cardinalidad.,"Etiqueta y metadatos importados del DDI oficial INE EH2025, archivo F27","Etiqueta y metadatos importados del DDI oficial INE EH2025, archivo F27",0,0,,,,,,,,,,,,,,,,,No aplicable: no es magnitud numérica confirmada,No aplicable: no es magnitud numérica confirmada,revisar códigos/categorías con el diccionario,revisar códigos/categorías con el diccionario,0,0,,,,,,,True,True,0,"Retener en el maestro; revisar perfil, universo, semántica y alertas"
s04e_28,"La administración de la empresa, institución, negocio o lugar donde trabaja en esta otra ocupación es… (s04e_28)","La administración de la empresa, institución, negocio o lugar donde trabaja en esta otra ocupación es…",Sección 4: Empleo,Personas de 7 años o más de edad,"Etiqueta y metadatos importados del DDI oficial INE EH2025, archivo F27","RETAIN IN MASTER; >80% global absence is an audit flag, not a deletion rule",39497,39497,137,137,99.6531,99.6531,0,0,39360,39360,0,0,0.0,0.0,not evaluated: variable domain is not confirmed,not evaluated: variable domain is not confirmed,39360,39360,99.6531,99.6531,80.0,80.0,"RETAIN IN MASTER; >80% global absence is an audit flag, not a deletion rule","RETAIN IN MASTER; >80% global absence is an audit flag, not a deletion rule",0,0,39360,39360,0,0,4,4,0.029197,0.029197,numeric-like candidate; no numeric summary until semantics are confirmed,numeric-like candidate; no numeric summary until semantics are confirmed,Categórica o codificada según metadatos INE,Categórica o codificada según metadatos INE,Sin alerta heurística de cardinalidad.,Sin alerta heurística de cardinalidad.,"Etiqueta y metadatos importados del DDI oficial INE EH2025, archivo F27","Etiqueta y metadatos importados del DDI oficial INE EH2025, archivo F27",0,0,,,,,,,,,,,,,,,,,No aplicable: no es magnitud numérica confirmada,No aplicable: no es magnitud numérica confirmada,revisar códigos/categorías con el diccionario,revisar códigos/categorías con el diccionario,0,0,,,,,,,True,True,0,"Retener en el maestro; revisar perfil, universo, semántica y alertas"
s04e_29,¿Cuántos días a la semana trabaja regularmente en esta otra ocupación? (s04e_29),¿Cuántos días a la semana trabaja regularmente en esta otra ocupación?,Sección 4: Empleo,Personas de 7 años o más de edad,"Etiqueta y metadatos importados del DDI oficial INE EH2025, archivo F27","RETAIN IN MASTER; >80% global absence is an audit flag, not a deletion rule",39497,39497,1357,1357,96.5643,96.5643,0,0,38140,38140,0,0,0.0,0.0,numeric format checked; range/domain not confirmed,numeric format checked; range/domain not confirmed,38140,38140,96.5643,96.5643,80.0,80.0,"RETAIN IN MASTER; >80% global absence is an audit flag, not a deletion rule","RETAIN IN MASTER; >80% global absence is an audit flag, not a deletion rule",0,0,38140,38140,0,0,10,10,0.007369,0.007369,numeric-like; semantic quantitative type provisionally documented,numeric-like; semantic quantitative type provisionally documented,Cuantitativa discreta/derivada según etiqueta INE,Cuantitativa discreta/derivada según etiqueta INE,Sin alerta heurística de cardinalidad.,Sin alerta heurística de cardinalidad.,"Etiqueta y metadatos importados del DDI oficial INE EH2025, archivo F27","Etiqueta y metadatos importados del DDI oficial INE EH2025, archivo F27",1357,1357,1.0,1.0,7.0,7.0,3.441783345615328,3.441783345615328,1.8792652341494798,1.8792652341494798,2.0,2.0,3.0,3.0,5.0,5.0,3.0,3.0,IQR exploratorio × 1.5,IQR exploratorio × 1.5,alerta estadística; requiere revisión semántica,alerta estadística; requiere revisión semántica,0,0,0.0,0.0,-2.5,-2.5,9.5,9.5,True,True,0,"Retener en el maestro; revisar perfil, universo, semántica y alertas"
s04e_30a,¿Cuántas horas en promedio trabaja al día en esta otra ocupación? HORAS (s04e_30a),¿Cuántas horas en promedio trabaja al día en esta otra ocupación? HORAS,Sección 4: Empleo,Personas de 7 años o más de edad,"Etiqueta y metadatos importados del DDI oficial INE EH2025, archivo F27","RETAIN IN MASTER; >80% global absence is an audit flag, not a deletion rule",39497,39497,1357,1357,96.5643,96.5643,0,0,38140,38140,0,0,0.0,0.0,numeric format checked; range/domain not confirmed,numeric format checked; range/domain not confirmed,38140,38140,96.5643,96.5643,80.0,80.0,"RETAIN IN MASTER; >80% global absence is an audit flag, not a deletion rule","RETAIN IN MASTER; >80% global absence is an audit flag, not a deletion rule",0,0,38140,38140,0,0,14,14,0.010317,0.010317,numeric-like; semantic quantitative type provisionally documented,numeric-like; semantic quantitative type provisionally documented,Cuantitativa discreta/derivada según etiqueta INE,Cuantitativa discreta/derivada según etiqueta INE,Sin alerta heurística de cardinalidad.,Sin alerta heurística de cardinalidad.,"Etiqueta y metadatos importados del DDI oficial INE EH2025, archivo F27","Etiqueta y metadatos importados del DDI oficial INE EH2025, archivo F27",1357,1357,1.0,1.0,15.0,15.0,5.090641120117907,5.090641120117907,2.476415471142114,2.476415471142114,3.0,3.0,5.0,5.0,7.0,7.0,4.0,4.0,IQR exploratorio × 1.5,IQR exploratorio × 1.5,alerta estadística; requiere revisión semántica,alerta estadística; requiere revisión semántica,5,5,0.36845983787767134,0.36845983787767134,-3.0,-3.0,13.0,13.0,True,True,0,"Retener en el maestro; revisar perfil, universo, semántica y alertas"
s04e_30b,¿Cuántas horas en promedio trabaja al día en esta otra ocupación? MINUTOS (s04e_30b),¿Cuántas horas en promedio trabaja al día en esta otra ocupación? MINUTOS,Sección 4: Empleo,Personas de 7 años o más de edad,"Etiqueta y metadatos importados del DDI oficial INE EH2025, archivo F27","RETAIN IN MASTER; >80% global absence is an audit flag, not a deletion rule",39497,39497,1357,1357,96.5643,96.5643,0,0,38140,38140,0,0,0.0,0.0,numeric format checked; range/domain not confirmed,numeric format checked; range/domain not confirmed,38140,38140,96.5643,96.5643,80.0,80.0,"RETAIN IN MASTER; >80% global absence is an audit flag, not a deletion rule","RETAIN IN MASTER; >80% global absence is an audit flag, not a deletion rule",0,0,38140,38140,1186,1186,4,4,0.002948,0.002948,numeric-like; semantic quantitative type provisionally documented,numeric-like; semantic quantitative type provisionally documented,Cuantitativa discreta/derivada según etiqueta INE,Cuantitativa discreta/derivada según etiqueta INE,Sin alerta heurística de cardinalidad.,Sin alerta heurística de cardinalidad.,"Etiqueta y metadatos importados del DDI oficial INE EH2025, archivo F27","Etiqueta y metadatos importados del DDI oficial INE EH2025, archivo F27",1357,1357,0.0,0.0,45.0,45.0,3.2166543846720708,3.2166543846720708,9.294204097261552,9.294204097261552,0.0,0.0,0.0,0.0,0.0,0.0,0.0,0.0,IQR exploratorio × 1.5,IQR exploratorio × 1.5,IQR cero; alertas no clasificadas automáticamente,IQR cero; alertas no clasificadas automáticamente,0,0,,,,,,,True,True,0,"Retener en el maestro; revisar perfil, universo, semántica y alertas"
s04f_31a,"¿Cuánto es su salario líquido en ésta otra ocupación, excluyendo los descuentos de ley (AFP o Gestora, IVA)? (s04f_31a)","¿Cuánto es su salario líquido en ésta otra ocupación, excluyendo los descuentos de ley (AFP o Gestora, IVA)?",Sección 4: Empleo,Personas de 7 años o más de edad,"Etiqueta y metadatos importados del DDI oficial INE EH2025, archivo F27","RETAIN IN MASTER; >80% global absence is an audit flag, not a deletion rule",39497,39497,133,133,99.6633,99.6633,0,0,39364,39364,0,0,0.0,0.0,not evaluated: variable domain is not confirmed,not evaluated: variable domain is not confirmed,39364,39364,99.6633,99.6633,80.0,80.0,"RETAIN IN MASTER; >80% global absence is an audit flag, not a deletion rule","RETAIN IN MASTER; >80% global absence is an audit flag, not a deletion rule",0,0,39364,39364,0,0,43,43,0.323308,0.323308,numeric-like candidate; no numeric summary until semantics are confirmed,numeric-like candidate; no numeric summary until semantics are confirmed,Código numérico; semántica pendiente de confirmar,Código numérico; semántica pendiente de confirmar,Sin alerta heurística de cardinalidad.,Sin alerta heurística de cardinalidad.,"Etiqueta y metadatos importados del DDI oficial INE EH2025, archivo F27","Etiqueta y metadatos importados del DDI oficial INE EH2025, archivo F27",0,0,,,,,,,,,,,,,,,,,No aplicable: no es magnitud numérica confirmada,No aplicable: no es magnitud numérica confirmada,revisar códigos/categorías con el diccionario,revisar códigos/categorías con el diccionario,0,0,,,,,,,True,True,0,"Retener en el maestro; revisar perfil, universo, semántica y alertas"
s04f_31b,"¿Cuánto es su salario líquido en ésta otra ocupación, excluyendo los descuentos de ley (AFP o Gestora, IVA)? Frecuencia de ingreso: (s04f_31b)","¿Cuánto es su salario líquido en ésta otra ocupación, excluyendo los descuentos de ley (AFP o Gestora, IVA)? Frecuencia de ingreso:",Sección 4: Empleo,Personas de 7 años o más de edad,"Etiqueta y metadatos importados del DDI oficial INE EH2025, archivo F27","RETAIN IN MASTER; >80% global absence is an audit flag, not a deletion rule",39497,39497,133,133,99.6633,99.6633,0,0,39364,39364,0,0,0.0,0.0,numeric format checked; range/domain not confirmed,numeric format checked; range/domain not confirmed,39364,39364,99.6633,99.6633,80.0,80.0,"RETAIN IN MASTER; >80% global absence is an audit flag, not a deletion rule","RETAIN IN MASTER; >80% global absence is an audit flag, not a deletion rule",0,0,39364,39364,0,0,6,6,0.045113,0.045113,numeric-like; semantic quantitative type provisionally documented,numeric-like; semantic quantitative type provisionally documented,Cuantitativa monetaria según etiqueta INE,Cuantitativa monetaria según etiqueta INE,Sin alerta heurística de cardinalidad.,Sin alerta heurística de cardinalidad.,"Etiqueta y metadatos importados del DDI oficial INE EH2025, archivo F27","Etiqueta y metadatos importados del DDI oficial INE EH2025, archivo F27",133,133,1.0,1.0,8.0,8.0,2.9022556390977443,2.9022556390977443,1.5465732484888794,1.5465732484888794,1.0,1.0,4.0,4.0,4.0,4.0,3.0,3.0,IQR exploratorio × 1.5,IQR exploratorio × 1.5,alerta estadística; requiere revisión semántica,alerta estadística; requiere revisión semántica,0,0,0.0,0.0,-3.5,-3.5,8.5,8.5,True,True,0,"Retener en el maestro; revisar perfil, universo, semántica y alertas"
s04f_32a,"Durante los últimos doce meses, ha recibido: A. ¿Pago por horas extras, bonos laborales o prima de producción, aguinaldo? (s04f_32a)","Durante los últimos doce meses, ha recibido: A. ¿Pago por horas extras, bonos laborales o prima de producción, aguinaldo?",Sección 4: Empleo,Personas de 7 años o más de edad,"Etiqueta y metadatos importados del DDI oficial INE EH2025, archivo F27","RETAIN IN MASTER; >80% global absence is an audit flag, not a deletion rule",39497,39497,133,133,99.6633,99.6633,0,0,39364,39364,0,0,0.0,0.0,numeric format checked; range/domain not confirmed,numeric format checked; range/domain not confirmed,39364,39364,99.6633,99.6633,80.0,80.0,"RETAIN IN MASTER; >80% global absence is an audit flag, not a deletion rule","RETAIN IN MASTER; >80% global absence is an audit flag, not a deletion rule",0,0,39364,39364,0,0,2,2,0.015038,0.015038,numeric-like; semantic quantitative type provisionally documented,numeric-like; semantic quantitative type provisionally documented,Cuantitativa discreta/derivada según etiqueta INE,Cuantitativa discreta/derivada según etiqueta INE,Sin alerta heurística de cardinalidad.,Sin alerta heurística de cardinalidad.,"Etiqueta y metadatos importados del DDI oficial INE EH2025, archivo F27","Etiqueta y metadatos importados del DDI oficial INE EH2025, archivo F27",133,133,1.0,1.0,2.0,2.0,1.9774436090225564,1.9774436090225564,0.14904572277588302,0.14904572277588302,2.0,2.0,2.0,2.0,2.0,2.0,0.0,0.0,IQR exploratorio × 1.5,IQR exploratorio × 1.5,IQR cero; alertas no clasificadas automáticamente,IQR cero; alertas no clasificadas automáticamente,0,0,,,,,,,True,True,0,"Retener en el maestro; revisar perfil, universo, semántica y alertas"
s04f_32a1,"Durante los últimos doce meses, ha recibido: A. ¿Pago por horas extras, bonos laborales o prima de producción, aguinaldo? Monto (Bs) (s04f_32a1)","Durante los últimos doce meses, ha recibido: A. ¿Pago por horas extras, bonos laborales o prima de producción, aguinaldo? Monto (Bs)",Sección 4: Empleo,Personas de 7 años o más de edad,"Etiqueta y metadatos importados del DDI oficial INE EH2025, archivo F27","RETAIN IN MASTER; >80% global absence is an audit flag, not a deletion rule",39497,39497,3,3,99.9924,99.9924,0,0,39494,39494,0,0,0.0,0.0,numeric format checked; range/domain not confirmed,numeric format checked; range/domain not confirmed,39494,39494,99.9924,99.9924,80.0,80.0,"RETAIN IN MASTER; >80% global absence is an audit flag, not a deletion rule","RETAIN IN MASTER; >80% global absence is an audit flag, not a deletion rule",0,0,39494,39494,0,0,3,3,1.0,1.0,text/categorical or mixed,text/categorical or mixed,Cuantitativa monetaria según etiqueta INE,Cuantitativa monetaria según etiqueta INE,Sin alerta heurística de cardinalidad.,Sin alerta heurística de cardinalidad.,"Etiqueta y metadatos importados del DDI oficial INE EH2025, archivo F27","Etiqueta y metadatos importados del DDI oficial INE EH2025, archivo F27",0,0,,,,,,,,,,,,,,,,,No aplicable: no es magnitud numérica confirmada,No aplicable: no es magnitud numérica confirmada,revisar códigos/categorías con el diccionario,revisar códigos/categorías con el diccionario,0,0,,,,,,,True,True,0,"Retener en el maestro; revisar perfil, universo, semántica y alertas"
s04f_32b,"Durante los últimos doce meses, ha recibido: B. ¿Alimentos, transporte, vestimenta? (INGRESOS EN ESPECIE-VALORAR) (s04f_32b)","Durante los últimos doce meses, ha recibido: B. ¿Alimentos, transporte, vestimenta? (INGRESOS EN ESPECIE-VALORAR)",Sección 4: Empleo,Personas de 7 años o más de edad,"Etiqueta y metadatos importados del DDI oficial INE EH2025, archivo F27","RETAIN IN MASTER; >80% global absence is an audit flag, not a deletion rule",39497,39497,133,133,99.6633,99.6633,0,0,39364,39364,0,0,0.0,0.0,numeric format checked; range/domain not confirmed,numeric format checked; range/domain not confirmed,39364,39364,99.6633,99.6633,80.0,80.0,"RETAIN IN MASTER; >80% global absence is an audit flag, not a deletion rule","RETAIN IN MASTER; >80% global absence is an audit flag, not a deletion rule",0,0,39364,39364,0,0,2,2,0.015038,0.015038,numeric-like; semantic quantitative type provisionally documented,numeric-like; semantic quantitative type provisionally documented,Cuantitativa monetaria según etiqueta INE,Cuantitativa monetaria según etiqueta INE,Sin alerta heurística de cardinalidad.,Sin alerta heurística de cardinalidad.,"Etiqueta y metadatos importados del DDI oficial INE EH2025, archivo F27","Etiqueta y metadatos importados del DDI oficial INE EH2025, archivo F27",133,133,1.0,1.0,2.0,2.0,1.9022556390977443,1.9022556390977443,0.29809144555176603,0.29809144555176603,2.0,2.0,2.0,2.0,2.0,2.0,0.0,0.0,IQR exploratorio × 1.5,IQR exploratorio × 1.5,IQR cero; alertas no clasificadas automáticamente,IQR cero; alertas no clasificadas automáticamente,0,0,,,,,,,True,True,0,"Retener en el maestro; revisar perfil, universo, semántica y alertas"
s04f_32b1,"Durante los últimos doce meses, ha recibido: B. ¿Alimentos, transporte, vestimenta? (INGRESOS EN ESPECIE-VALORAR) Monto (Bs) (s04f_32b1)","Durante los últimos doce meses, ha recibido: B. ¿Alimentos, transporte, vestimenta? (INGRESOS EN ESPECIE-VALORAR) Monto (Bs)",Sección 4: Empleo,Personas de 7 años o más de edad,"Etiqueta y metadatos importados del DDI oficial INE EH2025, archivo F27","RETAIN IN MASTER; >80% global absence is an audit flag, not a deletion rule",39497,39497,13,13,99.9671,99.9671,0,0,39484,39484,0,0,0.0,0.0,numeric format checked; range/domain not confirmed,numeric format checked; range/domain not confirmed,39484,39484,99.9671,99.9671,80.0,80.0,"RETAIN IN MASTER; >80% global absence is an audit flag, not a deletion rule","RETAIN IN MASTER; >80% global absence is an audit flag, not a deletion rule",0,0,39484,39484,0,0,8,8,0.615385,0.615385,numeric-like; semantic quantitative type provisionally documented,numeric-like; semantic quantitative type provisionally documented,Cuantitativa monetaria según etiqueta INE,Cuantitativa monetaria según etiqueta INE,Sin alerta heurística de cardinalidad.,Sin alerta heurística de cardinalidad.,"Etiqueta y metadatos importados del DDI oficial INE EH2025, archivo F27","Etiqueta y metadatos importados del DDI oficial INE EH2025, archivo F27",13,13,2.0,2.0,1000.0,1000.0,104.61538461538461,104.61538461538461,270.61982511188967,270.61982511188967,20.0,20.0,20.0,20.0,30.0,30.0,10.0,10.0,IQR exploratorio × 1.5,IQR exploratorio × 1.5,alerta estadística; requiere revisión semántica,alerta estadística; requiere revisión semántica,4,4,30.76923076923077,30.76923076923077,5.0,5.0,45.0,45.0,True,True,0,"Retener en el maestro; revisar perfil, universo, semántica y alertas"
s04f_32c,"Durante los últimos doce meses, ha recibido: C. ¿Vivienda, alojamiento, otros? (s04f_32c)","Durante los últimos doce meses, ha recibido: C. ¿Vivienda, alojamiento, otros?",Sección 4: Empleo,Personas de 7 años o más de edad,"Etiqueta y metadatos importados del DDI oficial INE EH2025, archivo F27","RETAIN IN MASTER; >80% global absence is an audit flag, not a deletion rule",39497,39497,133,133,99.6633,99.6633,0,0,39364,39364,0,0,0.0,0.0,numeric format checked; range/domain not confirmed,numeric format checked; range/domain not confirmed,39364,39364,99.6633,99.6633,80.0,80.0,"RETAIN IN MASTER; >80% global absence is an audit flag, not a deletion rule","RETAIN IN MASTER; >80% global absence is an audit flag, not a deletion rule",0,0,39364,39364,0,0,2,2,0.015038,0.015038,numeric-like; semantic quantitative type provisionally documented,numeric-like; semantic quantitative type provisionally documented,Cuantitativa discreta/derivada según etiqueta INE,Cuantitativa discreta/derivada según etiqueta INE,Sin alerta heurística de cardinalidad.,Sin alerta heurística de cardinalidad.,"Etiqueta y metadatos importados del DDI oficial INE EH2025, archivo F27","Etiqueta y metadatos importados del DDI oficial INE EH2025, archivo F27",133,133,1.0,1.0,2.0,2.0,1.9699248120300752,1.9699248120300752,0.17143996316672594,0.17143996316672594,2.0,2.0,2.0,2.0,2.0,2.0,0.0,0.0,IQR exploratorio × 1.5,IQR exploratorio × 1.5,IQR cero; alertas no clasificadas automáticamente,IQR cero; alertas no clasificadas automáticamente,0,0,,,,,,,True,True,0,"Retener en el maestro; revisar perfil, universo, semántica y alertas"
s04f_32c1,"Durante los últimos doce meses, ha recibido: C. ¿Vivienda, alojamiento, otros? Monto (Bs) (s04f_32c1)","Durante los últimos doce meses, ha recibido: C. ¿Vivienda, alojamiento, otros? Monto (Bs)",Sección 4: Empleo,Personas de 7 años o más de edad,"Etiqueta y metadatos importados del DDI oficial INE EH2025, archivo F27","RETAIN IN MASTER; >80% global absence is an audit flag, not a deletion rule",39497,39497,4,4,99.9899,99.9899,0,0,39493,39493,0,0,0.0,0.0,numeric format checked; range/domain not confirmed,numeric format checked; range/domain not confirmed,39493,39493,99.9899,99.9899,80.0,80.0,"RETAIN IN MASTER; >80% global absence is an audit flag, not a deletion rule","RETAIN IN MASTER; >80% global absence is an audit flag, not a deletion rule",0,0,39493,39493,0,0,4,4,1.0,1.0,text/categorical or mixed,text/categorical or mixed,Cuantitativa monetaria según etiqueta INE,Cuantitativa monetaria según etiqueta INE,Sin alerta heurística de cardinalidad.,Sin alerta heurística de cardinalidad.,"Etiqueta y metadatos importados del DDI oficial INE EH2025, archivo F27","Etiqueta y metadatos importados del DDI oficial INE EH2025, archivo F27",0,0,,,,,,,,,,,,,,,,,No aplicable: no es magnitud numérica confirmada,No aplicable: no es magnitud numérica confirmada,revisar códigos/categorías con el diccionario,revisar códigos/categorías con el diccionario,0,0,,,,,,,True,True,0,"Retener en el maestro; revisar perfil, universo, semántica y alertas"
s04f_33a,¿Cuánto es su ingreso total en ésta otra ocupación? Monto (Bs) (s04f_33a),¿Cuánto es su ingreso total en ésta otra ocupación? Monto (Bs),Sección 4: Empleo,Personas de 7 años o más de edad,"Etiqueta y metadatos importados del DDI oficial INE EH2025, archivo F27","RETAIN IN MASTER; >80% global absence is an audit flag, not a deletion rule",39497,39497,883,883,97.7644,97.7644,0,0,38614,38614,0,0,0.0,0.0,numeric format checked; range/domain not confirmed,numeric format checked; range/domain not confirmed,38614,38614,97.7644,97.7644,80.0,80.0,"RETAIN IN MASTER; >80% global absence is an audit flag, not a deletion rule","RETAIN IN MASTER; >80% global absence is an audit flag, not a deletion rule",0,0,38614,38614,86,86,136,136,0.15402,0.15402,numeric-like; semantic quantitative type provisionally documented,numeric-like; semantic quantitative type provisionally documented,Cuantitativa monetaria según etiqueta INE,Cuantitativa monetaria según etiqueta INE,Sin alerta heurística de cardinalidad.,Sin alerta heurística de cardinalidad.,"Etiqueta y metadatos importados del DDI oficial INE EH2025, archivo F27","Etiqueta y metadatos importados del DDI oficial INE EH2025, archivo F27",883,883,0.0,0.0,340000.0,340000.0,2565.643261608154,2565.643261608154,12378.43990544749,12378.43990544749,100.0,100.0,400.0,400.0,2000.0,2000.0,1900.0,1900.0,IQR exploratorio × 1.5,IQR exploratorio × 1.5,alerta estadística; requiere revisión semántica,alerta estadística; requiere revisión semántica,116,116,13.137032842582105,13.137032842582105,-2750.0,-2750.0,4850.0,4850.0,True,True,0,"Retener en el maestro; revisar perfil, universo, semántica y alertas"
s04f_33b,¿Cuánto es su ingreso total en ésta otra ocupación? Frecuencia de ingreso: (s04f_33b),¿Cuánto es su ingreso total en ésta otra ocupación? Frecuencia de ingreso:,Sección 4: Empleo,Personas de 7 años o más de edad,"Etiqueta y metadatos importados del DDI oficial INE EH2025, archivo F27","RETAIN IN MASTER; >80% global absence is an audit flag, not a deletion rule",39497,39497,797,797,97.9821,97.9821,0,0,38700,38700,0,0,0.0,0.0,numeric format checked; range/domain not confirmed,numeric format checked; range/domain not confirmed,38700,38700,97.9821,97.9821,80.0,80.0,"RETAIN IN MASTER; >80% global absence is an audit flag, not a deletion rule","RETAIN IN MASTER; >80% global absence is an audit flag, not a deletion rule",0,0,38700,38700,0,0,8,8,0.010038,0.010038,numeric-like; semantic quantitative type provisionally documented,numeric-like; semantic quantitative type provisionally documented,Cuantitativa monetaria según etiqueta INE,Cuantitativa monetaria según etiqueta INE,Sin alerta heurística de cardinalidad.,Sin alerta heurística de cardinalidad.,"Etiqueta y metadatos importados del DDI oficial INE EH2025, archivo F27","Etiqueta y metadatos importados del DDI oficial INE EH2025, archivo F27",797,797,1.0,1.0,8.0,8.0,3.808030112923463,3.808030112923463,2.7767946813924973,2.7767946813924973,1.0,1.0,3.0,3.0,7.0,7.0,6.0,6.0,IQR exploratorio × 1.5,IQR exploratorio × 1.5,alerta estadística; requiere revisión semántica,alerta estadística; requiere revisión semántica,0,0,0.0,0.0,-8.0,-8.0,16.0,16.0,True,True,0,"Retener en el maestro; revisar perfil, universo, semántica y alertas"
s04f_34a,"Una vez pagadas todas sus obligaciones (sueldos, salarios, compra de materiales, etc.), ¿cuánto le queda para uso del hogar? Monto (Bs) (s04f_34a)","Una vez pagadas todas sus obligaciones (sueldos, salarios, compra de materiales, etc.), ¿cuánto le queda para uso del hogar? Monto (Bs)",Sección 4: Empleo,Personas de 7 años o más de edad,"Etiqueta y metadatos importados del DDI oficial INE EH2025, archivo F27","RETAIN IN MASTER; >80% global absence is an audit flag, not a deletion rule",39497,39497,882,882,97.7669,97.7669,0,0,38615,38615,0,0,0.0,0.0,numeric format checked; range/domain not confirmed,numeric format checked; range/domain not confirmed,38615,38615,97.7669,97.7669,80.0,80.0,"RETAIN IN MASTER; >80% global absence is an audit flag, not a deletion rule","RETAIN IN MASTER; >80% global absence is an audit flag, not a deletion rule",0,0,38615,38615,90,90,150,150,0.170068,0.170068,numeric-like; semantic quantitative type provisionally documented,numeric-like; semantic quantitative type provisionally documented,Cuantitativa monetaria según etiqueta INE,Cuantitativa monetaria según etiqueta INE,Sin alerta heurística de cardinalidad.,Sin alerta heurística de cardinalidad.,"Etiqueta y metadatos importados del DDI oficial INE EH2025, archivo F27","Etiqueta y metadatos importados del DDI oficial INE EH2025, archivo F27",882,882,0.0,0.0,105000.0,105000.0,1555.1213151927439,1555.1213151927439,4633.788415851792,4633.788415851792,80.0,80.0,250.0,250.0,1500.0,1500.0,1420.0,1420.0,IQR exploratorio × 1.5,IQR exploratorio × 1.5,alerta estadística; requiere revisión semántica,alerta estadística; requiere revisión semántica,104,104,11.791383219954648,11.791383219954648,-2050.0,-2050.0,3630.0,3630.0,True,True,0,"Retener en el maestro; revisar perfil, universo, semántica y alertas"
s04f_34b,"Una vez pagadas todas sus obligaciones (sueldos, salarios, compra de materiales, etc.), ¿cuánto le queda para uso del hogar? Frecuencia de ingreso: (s04f_34b)","Una vez pagadas todas sus obligaciones (sueldos, salarios, compra de materiales, etc.), ¿cuánto le queda para uso del hogar? Frecuencia de ingreso:",Sección 4: Empleo,Personas de 7 años o más de edad,"Etiqueta y metadatos importados del DDI oficial INE EH2025, archivo F27","RETAIN IN MASTER; >80% global absence is an audit flag, not a deletion rule",39497,39497,797,797,97.9821,97.9821,0,0,38700,38700,0,0,0.0,0.0,numeric format checked; range/domain not confirmed,numeric format checked; range/domain not confirmed,38700,38700,97.9821,97.9821,80.0,80.0,"RETAIN IN MASTER; >80% global absence is an audit flag, not a deletion rule","RETAIN IN MASTER; >80% global absence is an audit flag, not a deletion rule",0,0,38700,38700,0,0,8,8,0.010038,0.010038,numeric-like; semantic quantitative type provisionally documented,numeric-like; semantic quantitative type provisionally documented,Cuantitativa monetaria según etiqueta INE,Cuantitativa monetaria según etiqueta INE,Sin alerta heurística de cardinalidad.,Sin alerta heurística de cardinalidad.,"Etiqueta y metadatos importados del DDI oficial INE EH2025, archivo F27","Etiqueta y metadatos importados del DDI oficial INE EH2025, archivo F27",797,797,1.0,1.0,8.0,8.0,3.8155583437892093,3.8155583437892093,2.7827282888054046,2.7827282888054046,1.0,1.0,3.0,3.0,7.0,7.0,6.0,6.0,IQR exploratorio × 1.5,IQR exploratorio × 1.5,alerta estadística; requiere revisión semántica,alerta estadística; requiere revisión semántica,0,0,0.0,0.0,-8.0,-8.0,16.0,16.0,True,True,0,"Retener en el maestro; revisar perfil, universo, semántica y alertas"
s04f_34ba,"En esta otra ocupación, de su producción agrícola, crianza de animales o sus productos derivados, ¿destinó una parte para alimentación/consumo de su hogar? (s04f_34ba)","En esta otra ocupación, de su producción agrícola, crianza de animales o sus productos derivados, ¿destinó una parte para alimentación/consumo de su hogar?",Sección 4: Empleo,Personas de 7 años o más de edad,"Etiqueta y metadatos importados del DDI oficial INE EH2025, archivo F27","RETAIN IN MASTER; >80% global absence is an audit flag, not a deletion rule",39497,39497,349,349,99.1164,99.1164,0,0,39148,39148,0,0,0.0,0.0,not evaluated: variable domain is not confirmed,not evaluated: variable domain is not confirmed,39148,39148,99.1164,99.1164,80.0,80.0,"RETAIN IN MASTER; >80% global absence is an audit flag, not a deletion rule","RETAIN IN MASTER; >80% global absence is an audit flag, not a deletion rule",0,0,39148,39148,0,0,2,2,0.005731,0.005731,numeric-like candidate; no numeric summary until semantics are confirmed,numeric-like candidate; no numeric summary until semantics are confirmed,Categórica o codificada según metadatos INE,Categórica o codificada según metadatos INE,Sin alerta heurística de cardinalidad.,Sin alerta heurística de cardinalidad.,"Etiqueta y metadatos importados del DDI oficial INE EH2025, archivo F27","Etiqueta y metadatos importados del DDI oficial INE EH2025, archivo F27",0,0,,,,,,,,,,,,,,,,,No aplicable: no es magnitud numérica confirmada,No aplicable: no es magnitud numérica confirmada,revisar códigos/categorías con el diccionario,revisar códigos/categorías con el diccionario,0,0,,,,,,,True,True,0,"Retener en el maestro; revisar perfil, universo, semántica y alertas"
s04f_34bb,"En esta otra ocupación, de su producción agrícola, crianza de animales o sus productos derivados, ¿destinó una parte para alimentación/consumo de su hogar? Frecuencia (s04f_34bb)","En esta otra ocupación, de su producción agrícola, crianza de animales o sus productos derivados, ¿destinó una parte para alimentación/consumo de su hogar? Frecuencia",Sección 4: Empleo,Personas de 7 años o más de edad,"Etiqueta y metadatos importados del DDI oficial INE EH2025, archivo F27","RETAIN IN MASTER; >80% global absence is an audit flag, not a deletion rule",39497,39497,296,296,99.2506,99.2506,0,0,39201,39201,0,0,0.0,0.0,not evaluated: variable domain is not confirmed,not evaluated: variable domain is not confirmed,39201,39201,99.2506,99.2506,80.0,80.0,"RETAIN IN MASTER; >80% global absence is an audit flag, not a deletion rule","RETAIN IN MASTER; >80% global absence is an audit flag, not a deletion rule",0,0,39201,39201,0,0,8,8,0.027027,0.027027,numeric-like candidate; no numeric summary until semantics are confirmed,numeric-like candidate; no numeric summary until semantics are confirmed,Categórica o codificada según metadatos INE,Categórica o codificada según metadatos INE,Sin alerta heurística de cardinalidad.,Sin alerta heurística de cardinalidad.,"Etiqueta y metadatos importados del DDI oficial INE EH2025, archivo F27","Etiqueta y metadatos importados del DDI oficial INE EH2025, archivo F27",0,0,,,,,,,,,,,,,,,,,No aplicable: no es magnitud numérica confirmada,No aplicable: no es magnitud numérica confirmada,revisar códigos/categorías con el diccionario,revisar códigos/categorías con el diccionario,0,0,,,,,,,True,True,0,"Retener en el maestro; revisar perfil, universo, semántica y alertas"
s04f_34bc,"En esta otra ocupación, de su producción agrícola, crianza de animales o sus productos derivados, ¿destinó una parte para alimentación/consumo de su hogar? Monto(Bs) (s04f_34bc)","En esta otra ocupación, de su producción agrícola, crianza de animales o sus productos derivados, ¿destinó una parte para alimentación/consumo de su hogar? Monto(Bs)",Sección 4: Empleo,Personas de 7 años o más de edad,"Etiqueta y metadatos importados del DDI oficial INE EH2025, archivo F27","RETAIN IN MASTER; >80% global absence is an audit flag, not a deletion rule",39497,39497,296,296,99.2506,99.2506,0,0,39201,39201,0,0,0.0,0.0,numeric format checked; range/domain not confirmed,numeric format checked; range/domain not confirmed,39201,39201,99.2506,99.2506,80.0,80.0,"RETAIN IN MASTER; >80% global absence is an audit flag, not a deletion rule","RETAIN IN MASTER; >80% global absence is an audit flag, not a deletion rule",0,0,39201,39201,0,0,94,94,0.317568,0.317568,numeric-like; semantic quantitative type provisionally documented,numeric-like; semantic quantitative type provisionally documented,Cuantitativa monetaria según etiqueta INE,Cuantitativa monetaria según etiqueta INE,Sin alerta heurística de cardinalidad.,Sin alerta heurística de cardinalidad.,"Etiqueta y metadatos importados del DDI oficial INE EH2025, archivo F27","Etiqueta y metadatos importados del DDI oficial INE EH2025, archivo F27",296,296,3.0,3.0,11000.0,11000.0,854.4121621621622,854.4121621621622,1521.9069635880119,1521.9069635880119,40.0,40.0,300.0,300.0,1000.0,1000.0,960.0,960.0,IQR exploratorio × 1.5,IQR exploratorio × 1.5,alerta estadística; requiere revisión semántica,alerta estadística; requiere revisión semántica,25,25,8.445945945945946,8.445945945945946,-1400.0,-1400.0,2440.0,2440.0,True,True,0,"Retener en el maestro; revisar perfil, universo, semántica y alertas"
s04f_35,¿Está usted afiliada(o) a la Gestora (AFP)? (s04f_35),¿Está usted afiliada(o) a la Gestora (AFP)?,Sección 4: Empleo,Personas de 7 años o más de edad,"Etiqueta y metadatos importados del DDI oficial INE EH2025, archivo F27",Retain in master; profile and review documented format/domain and outlier alerts,39497,39497,35366,35366,10.459,10.459,0,0,4131,4131,0,0,0.0,0.0,not evaluated: variable domain is not confirmed,not evaluated: variable domain is not confirmed,4131,4131,10.459,10.459,80.0,80.0,Retain in master; profile and review documented format/domain and outlier alerts,Retain in master; profile and review documented format/domain and outlier alerts,0,0,4131,4131,0,0,2,2,5.7e-05,5.7e-05,numeric-like candidate; no numeric summary until semantics are confirmed,numeric-like candidate; no numeric summary until semantics are confirmed,Categórica o codificada según metadatos INE,Categórica o codificada según metadatos INE,Sin alerta heurística de cardinalidad.,Sin alerta heurística de cardinalidad.,"Etiqueta y metadatos importados del DDI oficial INE EH2025, archivo F27","Etiqueta y metadatos importados del DDI oficial INE EH2025, archivo F27",0,0,,,,,,,,,,,,,,,,,No aplicable: no es magnitud numérica confirmada,No aplicable: no es magnitud numérica confirmada,revisar códigos/categorías con el diccionario,revisar códigos/categorías con el diccionario,0,0,,,,,,,True,True,0,"Retener en el maestro; revisar perfil, universo, semántica y alertas"
s04f_36,"Actualmente, ¿está usted aportando a la Gestora? (s04f_36)","Actualmente, ¿está usted aportando a la Gestora?",Sección 4: Empleo,Personas de 7 años o más de edad,"Etiqueta y metadatos importados del DDI oficial INE EH2025, archivo F27","RETAIN IN MASTER; >80% global absence is an audit flag, not a deletion rule",39497,39497,5544,5544,85.9635,85.9635,0,0,33953,33953,0,0,0.0,0.0,not evaluated: variable domain is not confirmed,not evaluated: variable domain is not confirmed,33953,33953,85.9635,85.9635,80.0,80.0,"RETAIN IN MASTER; >80% global absence is an audit flag, not a deletion rule","RETAIN IN MASTER; >80% global absence is an audit flag, not a deletion rule",0,0,33953,33953,0,0,2,2,0.000361,0.000361,numeric-like candidate; no numeric summary until semantics are confirmed,numeric-like candidate; no numeric summary until semantics are confirmed,Categórica o codificada según metadatos INE,Categórica o codificada según metadatos INE,Sin alerta heurística de cardinalidad.,Sin alerta heurística de cardinalidad.,"Etiqueta y metadatos importados del DDI oficial INE EH2025, archivo F27","Etiqueta y metadatos importados del DDI oficial INE EH2025, archivo F27",0,0,,,,,,,,,,,,,,,,,No aplicable: no es magnitud numérica confirmada,No aplicable: no es magnitud numérica confirmada,revisar códigos/categorías con el diccionario,revisar códigos/categorías con el diccionario,0,0,,,,,,,True,True,0,"Retener en el maestro; revisar perfil, universo, semántica y alertas"
s05a_01a,Recibe usted ingresos (rentas) mensuales por: A. ¿Jubilación (vejez)? Excluya el monto de la Renta Dignidad (s05a_01a),Recibe usted ingresos (rentas) mensuales por: A. ¿Jubilación (vejez)? Excluya el monto de la Renta Dignidad,Sección 5: Ingresos no laborales del hogar,Personas de 40 años o más de edad,"Etiqueta y metadatos importados del DDI oficial INE EH2025, archivo F27",Retain in master; profile and review documented format/domain and outlier alerts,39497,39497,13821,13821,65.0075,65.0075,0,0,25676,25676,0,0,0.0,0.0,numeric format checked; range/domain not confirmed,numeric format checked; range/domain not confirmed,25676,25676,65.0075,65.0075,80.0,80.0,Retain in master; profile and review documented format/domain and outlier alerts,Retain in master; profile and review documented format/domain and outlier alerts,0,0,25676,25676,12820,12820,139,139,0.010057,0.010057,numeric-like; semantic quantitative type provisionally documented,numeric-like; semantic quantitative type provisionally documented,Cuantitativa monetaria según etiqueta INE,Cuantitativa monetaria según etiqueta INE,Sin alerta heurística de cardinalidad.,Sin alerta heurística de cardinalidad.,"Etiqueta y metadatos importados del DDI oficial INE EH2025, archivo F27","Etiqueta y metadatos importados del DDI oficial INE EH2025, archivo F27",13821,13821,0.0,0.0,16000.0,16000.0,215.58874176977065,215.58874176977065,893.9573271578328,893.9573271578328,0.0,0.0,0.0,0.0,0.0,0.0,0.0,0.0,IQR exploratorio × 1.5,IQR exploratorio × 1.5,IQR cero; alertas no clasificadas automáticamente,IQR cero; alertas no clasificadas automáticamente,0,0,,,,,,,True,True,0,"Retener en el maestro; revisar perfil, universo, semántica y alertas"
s05a_01b,Recibe usted ingresos (rentas) mensuales por: B. ¿Benemérito? Excluye el monto de la Renta Dignidad (s05a_01b),Recibe usted ingresos (rentas) mensuales por: B. ¿Benemérito? Excluye el monto de la Renta Dignidad,Sección 5: Ingresos no laborales del hogar,Personas de 60 años o más de edad,"Etiqueta y metadatos importados del DDI oficial INE EH2025, archivo F27","RETAIN IN MASTER; >80% global absence is an audit flag, not a deletion rule",39497,39497,5168,5168,86.9155,86.9155,0,0,34329,34329,0,0,0.0,0.0,numeric format checked; range/domain not confirmed,numeric format checked; range/domain not confirmed,34329,34329,86.9155,86.9155,80.0,80.0,"RETAIN IN MASTER; >80% global absence is an audit flag, not a deletion rule","RETAIN IN MASTER; >80% global absence is an audit flag, not a deletion rule",0,0,34329,34329,5166,5166,3,3,0.00058,0.00058,numeric-like; semantic quantitative type provisionally documented,numeric-like; semantic quantitative type provisionally documented,Cuantitativa monetaria según etiqueta INE,Cuantitativa monetaria según etiqueta INE,Sin alerta heurística de cardinalidad.,Sin alerta heurística de cardinalidad.,"Etiqueta y metadatos importados del DDI oficial INE EH2025, archivo F27","Etiqueta y metadatos importados del DDI oficial INE EH2025, archivo F27",5168,5168,0.0,0.0,350.0,350.0,0.12577399380804954,0.12577399380804954,6.411751459953222,6.411751459953222,0.0,0.0,0.0,0.0,0.0,0.0,0.0,0.0,IQR exploratorio × 1.5,IQR exploratorio × 1.5,IQR cero; alertas no clasificadas automáticamente,IQR cero; alertas no clasificadas automáticamente,0,0,,,,,,,True,True,0,"Retener en el maestro; revisar perfil, universo, semántica y alertas"
s05a_01c,Recibe usted ingresos (rentas) mensuales por: C. ¿Invalidez? (s05a_01c),Recibe usted ingresos (rentas) mensuales por: C. ¿Invalidez?,Sección 5: Ingresos no laborales del hogar,Personas de 14 años o más de edad,"Etiqueta y metadatos importados del DDI oficial INE EH2025, archivo F27",Retain in master; profile and review documented format/domain and outlier alerts,39497,39497,29942,29942,24.1917,24.1917,0,0,9555,9555,0,0,0.0,0.0,numeric format checked; range/domain not confirmed,numeric format checked; range/domain not confirmed,9555,9555,24.1917,24.1917,80.0,80.0,Retain in master; profile and review documented format/domain and outlier alerts,Retain in master; profile and review documented format/domain and outlier alerts,0,0,9555,9555,29909,29909,13,13,0.000434,0.000434,numeric-like; semantic quantitative type provisionally documented,numeric-like; semantic quantitative type provisionally documented,Cuantitativa monetaria según etiqueta INE,Cuantitativa monetaria según etiqueta INE,Sin alerta heurística de cardinalidad.,Sin alerta heurística de cardinalidad.,"Etiqueta y metadatos importados del DDI oficial INE EH2025, archivo F27","Etiqueta y metadatos importados del DDI oficial INE EH2025, archivo F27",29942,29942,0.0,0.0,7000.0,7000.0,0.9780241800814908,0.9780241800814908,53.36892411053858,53.36892411053858,0.0,0.0,0.0,0.0,0.0,0.0,0.0,0.0,IQR exploratorio × 1.5,IQR exploratorio × 1.5,IQR cero; alertas no clasificadas automáticamente,IQR cero; alertas no clasificadas automáticamente,0,0,,,,,,,True,True,0,"Retener en el maestro; revisar perfil, universo, semántica y alertas"
s05a_01d,"Recibe usted ingresos (rentas) mensuales por: D. ¿Viudez, orfandad? (s05a_01d)","Recibe usted ingresos (rentas) mensuales por: D. ¿Viudez, orfandad?",Sección 5: Ingresos no laborales del hogar,Personas de 7 años o más de edad,"Etiqueta y metadatos importados del DDI oficial INE EH2025, archivo F27",Retain in master; profile and review documented format/domain and outlier alerts,39497,39497,35357,35357,10.4818,10.4818,0,0,4140,4140,0,0,0.0,0.0,numeric format checked; range/domain not confirmed,numeric format checked; range/domain not confirmed,4140,4140,10.4818,10.4818,80.0,80.0,Retain in master; profile and review documented format/domain and outlier alerts,Retain in master; profile and review documented format/domain and outlier alerts,0,0,4140,4140,35189,35189,56,56,0.001584,0.001584,numeric-like; semantic quantitative type provisionally documented,numeric-like; semantic quantitative type provisionally documented,Cuantitativa monetaria según etiqueta INE,Cuantitativa monetaria según etiqueta INE,Sin alerta heurística de cardinalidad.,Sin alerta heurística de cardinalidad.,"Etiqueta y metadatos importados del DDI oficial INE EH2025, archivo F27","Etiqueta y metadatos importados del DDI oficial INE EH2025, archivo F27",35357,35357,0.0,0.0,5200.0,5200.0,10.507367706536188,10.507367706536188,172.55106946315655,172.55106946315655,0.0,0.0,0.0,0.0,0.0,0.0,0.0,0.0,IQR exploratorio × 1.5,IQR exploratorio × 1.5,IQR cero; alertas no clasificadas automáticamente,IQR cero; alertas no clasificadas automáticamente,0,0,,,,,,,True,True,0,"Retener en el maestro; revisar perfil, universo, semántica y alertas"
s05a_01e,Recibe usted ingresos (rentas) mensuales por: E. ¿Renta Dignidad? (s05a_01e),Recibe usted ingresos (rentas) mensuales por: E. ¿Renta Dignidad?,Sección 5: Ingresos no laborales del hogar,Personas de 7 años o más de edad,"Etiqueta y metadatos importados del DDI oficial INE EH2025, archivo F27","RETAIN IN MASTER; >80% global absence is an audit flag, not a deletion rule",39497,39497,5166,5166,86.9205,86.9205,0,0,34331,34331,0,0,0.0,0.0,numeric format checked; range/domain not confirmed,numeric format checked; range/domain not confirmed,34331,34331,86.9205,86.9205,80.0,80.0,"RETAIN IN MASTER; >80% global absence is an audit flag, not a deletion rule","RETAIN IN MASTER; >80% global absence is an audit flag, not a deletion rule",0,0,34331,34331,0,0,2,2,0.000387,0.000387,numeric-like; semantic quantitative type provisionally documented,numeric-like; semantic quantitative type provisionally documented,Cuantitativa monetaria según etiqueta INE,Cuantitativa monetaria según etiqueta INE,Sin alerta heurística de cardinalidad.,Sin alerta heurística de cardinalidad.,"Etiqueta y metadatos importados del DDI oficial INE EH2025, archivo F27","Etiqueta y metadatos importados del DDI oficial INE EH2025, archivo F27",5166,5166,1.0,1.0,2.0,2.0,1.0607820363917926,1.0607820363917926,0.23895320298834372,0.23895320298834372,1.0,1.0,1.0,1.0,1.0,1.0,0.0,0.0,IQR exploratorio × 1.5,IQR exploratorio × 1.5,IQR cero; alertas no clasificadas automáticamente,IQR cero; alertas no clasificadas automáticamente,0,0,,,,,,,True,True,0,"Retener en el maestro; revisar perfil, universo, semántica y alertas"
s05a_01e0,Recibe usted ingresos (rentas) mensuales por: E. ¿Renta Dignidad? Monto (Bs) (s05a_01e0),Recibe usted ingresos (rentas) mensuales por: E. ¿Renta Dignidad? Monto (Bs),Sección 5: Ingresos no laborales del hogar,Personas de 7 años o más de edad,"Etiqueta y metadatos importados del DDI oficial INE EH2025, archivo F27","RETAIN IN MASTER; >80% global absence is an audit flag, not a deletion rule",39497,39497,4852,4852,87.7155,87.7155,0,0,34645,34645,0,0,0.0,0.0,numeric format checked; range/domain not confirmed,numeric format checked; range/domain not confirmed,34645,34645,87.7155,87.7155,80.0,80.0,"RETAIN IN MASTER; >80% global absence is an audit flag, not a deletion rule","RETAIN IN MASTER; >80% global absence is an audit flag, not a deletion rule",0,0,34645,34645,0,0,2,2,0.000412,0.000412,numeric-like; semantic quantitative type provisionally documented,numeric-like; semantic quantitative type provisionally documented,Cuantitativa monetaria según etiqueta INE,Cuantitativa monetaria según etiqueta INE,Sin alerta heurística de cardinalidad.,Sin alerta heurística de cardinalidad.,"Etiqueta y metadatos importados del DDI oficial INE EH2025, archivo F27","Etiqueta y metadatos importados del DDI oficial INE EH2025, archivo F27",4852,4852,300.0,300.0,350.0,350.0,340.01442704039573,340.01442704039573,19.991231793214062,19.991231793214062,350.0,350.0,350.0,350.0,350.0,350.0,0.0,0.0,IQR exploratorio × 1.5,IQR exploratorio × 1.5,IQR cero; alertas no clasificadas automáticamente,IQR cero; alertas no clasificadas automáticamente,0,0,,,,,,,True,True,0,"Retener en el maestro; revisar perfil, universo, semántica y alertas"
s05a_01f,Recibe usted ingresos (rentas) mensuales por: F. ¿Aguinaldo de la Renta Dignidad? (ULTIMOS DOCE MESES) (s05a_01f),Recibe usted ingresos (rentas) mensuales por: F. ¿Aguinaldo de la Renta Dignidad? (ULTIMOS DOCE MESES),Sección 5: Ingresos no laborales del hogar,Personas de 7 años o más de edad,"Etiqueta y metadatos importados del DDI oficial INE EH2025, archivo F27","RETAIN IN MASTER; >80% global absence is an audit flag, not a deletion rule",39497,39497,4852,4852,87.7155,87.7155,0,0,34645,34645,0,0,0.0,0.0,numeric format checked; range/domain not confirmed,numeric format checked; range/domain not confirmed,34645,34645,87.7155,87.7155,80.0,80.0,"RETAIN IN MASTER; >80% global absence is an audit flag, not a deletion rule","RETAIN IN MASTER; >80% global absence is an audit flag, not a deletion rule",0,0,34645,34645,0,0,2,2,0.000412,0.000412,numeric-like; semantic quantitative type provisionally documented,numeric-like; semantic quantitative type provisionally documented,Cuantitativa monetaria según etiqueta INE,Cuantitativa monetaria según etiqueta INE,Sin alerta heurística de cardinalidad.,Sin alerta heurística de cardinalidad.,"Etiqueta y metadatos importados del DDI oficial INE EH2025, archivo F27","Etiqueta y metadatos importados del DDI oficial INE EH2025, archivo F27",4852,4852,1.0,1.0,2.0,2.0,1.0519373454245673,1.0519373454245673,0.221923428303306,0.221923428303306,1.0,1.0,1.0,1.0,1.0,1.0,0.0,0.0,IQR exploratorio × 1.5,IQR exploratorio × 1.5,IQR cero; alertas no clasificadas automáticamente,IQR cero; alertas no clasificadas automáticamente,0,0,,,,,,,True,True,0,"Retener en el maestro; revisar perfil, universo, semántica y alertas"
s05a_02a,"Además de los ingresos mencionados, recibe usted ingresos (rentas) mensuales por: A. ¿Intereses? (por depósitos bancarios, préstamos, etc.) MONTO (s05a_02a)","Además de los ingresos mencionados, recibe usted ingresos (rentas) mensuales por: A. ¿Intereses? (por depósitos bancarios, préstamos, etc.) MONTO",Sección 5: Ingresos no laborales del hogar,Personas de18 años o más de edad,"Etiqueta y metadatos importados del DDI oficial INE EH2025, archivo F27",Retain in master; profile and review documented format/domain and outlier alerts,39497,39497,26870,26870,31.9695,31.9695,0,0,12627,12627,0,0,0.0,0.0,numeric format checked; range/domain not confirmed,numeric format checked; range/domain not confirmed,12627,12627,31.9695,31.9695,80.0,80.0,Retain in master; profile and review documented format/domain and outlier alerts,Retain in master; profile and review documented format/domain and outlier alerts,0,0,12627,12627,26686,26686,39,39,0.001451,0.001451,numeric-like; semantic quantitative type provisionally documented,numeric-like; semantic quantitative type provisionally documented,Cuantitativa monetaria según etiqueta INE,Cuantitativa monetaria según etiqueta INE,Sin alerta heurística de cardinalidad.,Sin alerta heurística de cardinalidad.,"Etiqueta y metadatos importados del DDI oficial INE EH2025, archivo F27","Etiqueta y metadatos importados del DDI oficial INE EH2025, archivo F27",26870,26870,0.0,0.0,10000.0,10000.0,4.097804242649795,4.097804242649795,92.05523316047461,92.05523316047461,0.0,0.0,0.0,0.0,0.0,0.0,0.0,0.0,IQR exploratorio × 1.5,IQR exploratorio × 1.5,IQR cero; alertas no clasificadas automáticamente,IQR cero; alertas no clasificadas automáticamente,0,0,,,,,,,True,True,0,"Retener en el maestro; revisar perfil, universo, semántica y alertas"
s05a_02b,"Además de los ingresos mencionados, recibe usted ingresos (rentas) mensuales por: B. ¿Alquiler de propiedades inmuebles casas, etc.? MONTO (s05a_02b)","Además de los ingresos mencionados, recibe usted ingresos (rentas) mensuales por: B. ¿Alquiler de propiedades inmuebles casas, etc.? MONTO",Sección 5: Ingresos no laborales del hogar,Personas de18 años o más de edad,"Etiqueta y metadatos importados del DDI oficial INE EH2025, archivo F27",Retain in master; profile and review documented format/domain and outlier alerts,39497,39497,26870,26870,31.9695,31.9695,0,0,12627,12627,0,0,0.0,0.0,numeric format checked; range/domain not confirmed,numeric format checked; range/domain not confirmed,12627,12627,31.9695,31.9695,80.0,80.0,Retain in master; profile and review documented format/domain and outlier alerts,Retain in master; profile and review documented format/domain and outlier alerts,0,0,12627,12627,26153,26153,68,68,0.002531,0.002531,numeric-like; semantic quantitative type provisionally documented,numeric-like; semantic quantitative type provisionally documented,Cuantitativa monetaria según etiqueta INE,Cuantitativa monetaria según etiqueta INE,Sin alerta heurística de cardinalidad.,Sin alerta heurística de cardinalidad.,"Etiqueta y metadatos importados del DDI oficial INE EH2025, archivo F27","Etiqueta y metadatos importados del DDI oficial INE EH2025, archivo F27",26870,26870,0.0,0.0,21000.0,21000.0,44.06873836992929,44.06873836992929,415.6090780159737,415.6090780159737,0.0,0.0,0.0,0.0,0.0,0.0,0.0,0.0,IQR exploratorio × 1.5,IQR exploratorio × 1.5,IQR cero; alertas no clasificadas automáticamente,IQR cero; alertas no clasificadas automáticamente,0,0,,,,,,,True,True,0,"Retener en el maestro; revisar perfil, universo, semántica y alertas"
s05a_02c,"Además de los ingresos mencionados, recibe usted ingresos (rentas) mensuales por: C. ¿Otras rentas? MONTO (s05a_02c)","Además de los ingresos mencionados, recibe usted ingresos (rentas) mensuales por: C. ¿Otras rentas? MONTO",Sección 5: Ingresos no laborales del hogar,Personas de18 años o más de edad,"Etiqueta y metadatos importados del DDI oficial INE EH2025, archivo F27",Retain in master; profile and review documented format/domain and outlier alerts,39497,39497,26870,26870,31.9695,31.9695,0,0,12627,12627,0,0,0.0,0.0,numeric format checked; range/domain not confirmed,numeric format checked; range/domain not confirmed,12627,12627,31.9695,31.9695,80.0,80.0,Retain in master; profile and review documented format/domain and outlier alerts,Retain in master; profile and review documented format/domain and outlier alerts,0,0,12627,12627,26834,26834,20,20,0.000744,0.000744,numeric-like; semantic quantitative type provisionally documented,numeric-like; semantic quantitative type provisionally documented,Cuantitativa monetaria según etiqueta INE,Cuantitativa monetaria según etiqueta INE,Sin alerta heurística de cardinalidad.,Sin alerta heurística de cardinalidad.,"Etiqueta y metadatos importados del DDI oficial INE EH2025, archivo F27","Etiqueta y metadatos importados del DDI oficial INE EH2025, archivo F27",26870,26870,0.0,0.0,6000.0,6000.0,2.39136583550428,2.39136583550428,85.1415436304739,85.1415436304739,0.0,0.0,0.0,0.0,0.0,0.0,0.0,0.0,IQR exploratorio × 1.5,IQR exploratorio × 1.5,IQR cero; alertas no clasificadas automáticamente,IQR cero; alertas no clasificadas automáticamente,0,0,,,,,,,True,True,0,"Retener en el maestro; revisar perfil, universo, semántica y alertas"
s05a_02ce,"Además de los ingresos mencionados, recibe usted ingresos (rentas) mensuales por: Otras rentas (Especifique) (s05a_02ce)","Además de los ingresos mencionados, recibe usted ingresos (rentas) mensuales por: Otras rentas (Especifique)",Sección 5: Ingresos no laborales del hogar,Personas de18 años o más de edad,"Etiqueta y metadatos importados del DDI oficial INE EH2025, archivo F27","RETAIN IN MASTER; >80% global absence is an audit flag, not a deletion rule",39497,39497,36,36,99.9089,99.9089,39461,39461,39461,39461,0,0,0.0,0.0,not evaluated: variable domain is not confirmed,not evaluated: variable domain is not confirmed,39461,39461,99.9089,99.9089,80.0,80.0,"RETAIN IN MASTER; >80% global absence is an audit flag, not a deletion rule","RETAIN IN MASTER; >80% global absence is an audit flag, not a deletion rule",0,0,0,0,0,0,35,35,0.972222,0.972222,text/categorical or mixed,text/categorical or mixed,Texto; revisar si es respuesta abierta o categoría textual,Texto; revisar si es respuesta abierta o categoría textual,Sin alerta heurística de cardinalidad.,Sin alerta heurística de cardinalidad.,"Etiqueta y metadatos importados del DDI oficial INE EH2025, archivo F27","Etiqueta y metadatos importados del DDI oficial INE EH2025, archivo F27",0,0,,,,,,,,,,,,,,,,,No aplicable: no es magnitud numérica confirmada,No aplicable: no es magnitud numérica confirmada,revisar códigos/categorías con el diccionario,revisar códigos/categorías con el diccionario,0,0,,,,,,,True,True,0,"Retener en el maestro; revisar perfil, universo, semántica y alertas"
s05a_03a,"Durante los últimos doce meses, ¿recibió usted: (en montos anuales) A. Alquileres de propiedades agrícolas? (s05a_03a)","Durante los últimos doce meses, ¿recibió usted: (en montos anuales) A. Alquileres de propiedades agrícolas?",Sección 5: Ingresos no laborales del hogar,Personas de18 años o más de edad,"Etiqueta y metadatos importados del DDI oficial INE EH2025, archivo F27",Retain in master; profile and review documented format/domain and outlier alerts,39497,39497,26870,26870,31.9695,31.9695,0,0,12627,12627,0,0,0.0,0.0,numeric format checked; range/domain not confirmed,numeric format checked; range/domain not confirmed,12627,12627,31.9695,31.9695,80.0,80.0,Retain in master; profile and review documented format/domain and outlier alerts,Retain in master; profile and review documented format/domain and outlier alerts,0,0,12627,12627,26800,26800,32,32,0.001191,0.001191,numeric-like; semantic quantitative type provisionally documented,numeric-like; semantic quantitative type provisionally documented,Cuantitativa monetaria según etiqueta INE,Cuantitativa monetaria según etiqueta INE,Sin alerta heurística de cardinalidad.,Sin alerta heurística de cardinalidad.,"Etiqueta y metadatos importados del DDI oficial INE EH2025, archivo F27","Etiqueta y metadatos importados del DDI oficial INE EH2025, archivo F27",26870,26870,0.0,0.0,170520.0,170520.0,15.746929661332342,15.746929661332342,1103.800922697666,1103.800922697666,0.0,0.0,0.0,0.0,0.0,0.0,0.0,0.0,IQR exploratorio × 1.5,IQR exploratorio × 1.5,IQR cero; alertas no clasificadas automáticamente,IQR cero; alertas no clasificadas automáticamente,0,0,,,,,,,True,True,0,"Retener en el maestro; revisar perfil, universo, semántica y alertas"
s05a_03b,"Durante los últimos doce meses, ¿recibió usted: (en montos anuales) B. Dividendos, utilidades empresariales o retiros de sociedades? (s05a_03b)","Durante los últimos doce meses, ¿recibió usted: (en montos anuales) B. Dividendos, utilidades empresariales o retiros de sociedades?",Sección 5: Ingresos no laborales del hogar,Personas de18 años o más de edad,"Etiqueta y metadatos importados del DDI oficial INE EH2025, archivo F27",Retain in master; profile and review documented format/domain and outlier alerts,39497,39497,26870,26870,31.9695,31.9695,0,0,12627,12627,0,0,0.0,0.0,numeric format checked; range/domain not confirmed,numeric format checked; range/domain not confirmed,12627,12627,31.9695,31.9695,80.0,80.0,Retain in master; profile and review documented format/domain and outlier alerts,Retain in master; profile and review documented format/domain and outlier alerts,0,0,12627,12627,26850,26850,16,16,0.000595,0.000595,numeric-like; semantic quantitative type provisionally documented,numeric-like; semantic quantitative type provisionally documented,Cuantitativa monetaria según etiqueta INE,Cuantitativa monetaria según etiqueta INE,Sin alerta heurística de cardinalidad.,Sin alerta heurística de cardinalidad.,"Etiqueta y metadatos importados del DDI oficial INE EH2025, archivo F27","Etiqueta y metadatos importados del DDI oficial INE EH2025, archivo F27",26870,26870,0.0,0.0,50000.0,50000.0,5.980647562337179,5.980647562337179,437.8804911137271,437.8804911137271,0.0,0.0,0.0,0.0,0.0,0.0,0.0,0.0,IQR exploratorio × 1.5,IQR exploratorio × 1.5,IQR cero; alertas no clasificadas automáticamente,IQR cero; alertas no clasificadas automáticamente,0,0,,,,,,,True,True,0,"Retener en el maestro; revisar perfil, universo, semántica y alertas"
s05a_03c,"Durante los últimos doce meses, ¿recibió usted: (en montos anuales) C. Alquiler de maquinaria y/o equipo? (s05a_03c)","Durante los últimos doce meses, ¿recibió usted: (en montos anuales) C. Alquiler de maquinaria y/o equipo?",Sección 5: Ingresos no laborales del hogar,Personas de18 años o más de edad,"Etiqueta y metadatos importados del DDI oficial INE EH2025, archivo F27",Retain in master; profile and review documented format/domain and outlier alerts,39497,39497,26870,26870,31.9695,31.9695,0,0,12627,12627,0,0,0.0,0.0,numeric format checked; range/domain not confirmed,numeric format checked; range/domain not confirmed,12627,12627,31.9695,31.9695,80.0,80.0,Retain in master; profile and review documented format/domain and outlier alerts,Retain in master; profile and review documented format/domain and outlier alerts,0,0,12627,12627,26835,26835,28,28,0.001042,0.001042,numeric-like; semantic quantitative type provisionally documented,numeric-like; semantic quantitative type provisionally documented,Cuantitativa monetaria según etiqueta INE,Cuantitativa monetaria según etiqueta INE,Sin alerta heurística de cardinalidad.,Sin alerta heurística de cardinalidad.,"Etiqueta y metadatos importados del DDI oficial INE EH2025, archivo F27","Etiqueta y metadatos importados del DDI oficial INE EH2025, archivo F27",26870,26870,0.0,0.0,35000.0,35000.0,5.805731298846297,5.805731298846297,316.36630119172366,316.36630119172366,0.0,0.0,0.0,0.0,0.0,0.0,0.0,0.0,IQR exploratorio × 1.5,IQR exploratorio × 1.5,IQR cero; alertas no clasificadas automáticamente,IQR cero; alertas no clasificadas automáticamente,0,0,,,,,,,True,True,0,"Retener en el maestro; revisar perfil, universo, semántica y alertas"
s05a_04a,"Además de los ingresos mencionados anteriormente, durante los últimos doce meses, ¿recibió, usted… A. Indemnización por dejar algún trabajo? (s05a_04a)","Además de los ingresos mencionados anteriormente, durante los últimos doce meses, ¿recibió, usted… A. Indemnización por dejar algún trabajo?",Sección 5: Ingresos no laborales del hogar,Personas de 14 años o más de edad,"Etiqueta y metadatos importados del DDI oficial INE EH2025, archivo F27",Retain in master; profile and review documented format/domain and outlier alerts,39497,39497,29954,29954,24.1613,24.1613,0,0,9543,9543,0,0,0.0,0.0,numeric format checked; range/domain not confirmed,numeric format checked; range/domain not confirmed,9543,9543,24.1613,24.1613,80.0,80.0,Retain in master; profile and review documented format/domain and outlier alerts,Retain in master; profile and review documented format/domain and outlier alerts,0,0,9543,9543,29915,29915,30,30,0.001002,0.001002,numeric-like; semantic quantitative type provisionally documented,numeric-like; semantic quantitative type provisionally documented,Cuantitativa monetaria según etiqueta INE,Cuantitativa monetaria según etiqueta INE,Sin alerta heurística de cardinalidad.,Sin alerta heurística de cardinalidad.,"Etiqueta y metadatos importados del DDI oficial INE EH2025, archivo F27","Etiqueta y metadatos importados del DDI oficial INE EH2025, archivo F27",29954,29954,0.0,0.0,100000.0,100000.0,22.22741537023436,22.22741537023436,940.8550326146448,940.8550326146448,0.0,0.0,0.0,0.0,0.0,0.0,0.0,0.0,IQR exploratorio × 1.5,IQR exploratorio × 1.5,IQR cero; alertas no clasificadas automáticamente,IQR cero; alertas no clasificadas automáticamente,0,0,,,,,,,True,True,0,"Retener en el maestro; revisar perfil, universo, semántica y alertas"
s05a_04b,"Además de los ingresos mencionados anteriormente, durante los últimos doce meses, ¿recibió, usted… B. Indemnización de Seguros? (s05a_04b)","Además de los ingresos mencionados anteriormente, durante los últimos doce meses, ¿recibió, usted… B. Indemnización de Seguros?",Sección 5: Ingresos no laborales del hogar,Personas de 7 años o más de edad,"Etiqueta y metadatos importados del DDI oficial INE EH2025, archivo F27",Retain in master; profile and review documented format/domain and outlier alerts,39497,39497,35366,35366,10.459,10.459,0,0,4131,4131,0,0,0.0,0.0,numeric format checked; range/domain not confirmed,numeric format checked; range/domain not confirmed,4131,4131,10.459,10.459,80.0,80.0,Retain in master; profile and review documented format/domain and outlier alerts,Retain in master; profile and review documented format/domain and outlier alerts,0,0,4131,4131,35360,35360,7,7,0.000198,0.000198,numeric-like; semantic quantitative type provisionally documented,numeric-like; semantic quantitative type provisionally documented,Cuantitativa monetaria según etiqueta INE,Cuantitativa monetaria según etiqueta INE,Sin alerta heurística de cardinalidad.,Sin alerta heurística de cardinalidad.,"Etiqueta y metadatos importados del DDI oficial INE EH2025, archivo F27","Etiqueta y metadatos importados del DDI oficial INE EH2025, archivo F27",35366,35366,0.0,0.0,6000.0,6000.0,0.2716733585929989,0.2716733585929989,33.571283401192524,33.571283401192524,0.0,0.0,0.0,0.0,0.0,0.0,0.0,0.0,IQR exploratorio × 1.5,IQR exploratorio × 1.5,IQR cero; alertas no clasificadas automáticamente,IQR cero; alertas no clasificadas automáticamente,0,0,,,,,,,True,True,0,"Retener en el maestro; revisar perfil, universo, semántica y alertas"
s05a_04c,"Además de los ingresos mencionados anteriormente, durante los últimos doce meses, ¿recibió, usted… C. Ingresos por anticrético de propiedades inmuebles, casas, etc.? (s05a_04c)","Además de los ingresos mencionados anteriormente, durante los últimos doce meses, ¿recibió, usted… C. Ingresos por anticrético de propiedades inmuebles, casas, etc.?",Sección 5: Ingresos no laborales del hogar,Personas de 18 años o más de edad,"Etiqueta y metadatos importados del DDI oficial INE EH2025, archivo F27",Retain in master; profile and review documented format/domain and outlier alerts,39497,39497,26873,26873,31.9619,31.9619,0,0,12624,12624,0,0,0.0,0.0,numeric format checked; range/domain not confirmed,numeric format checked; range/domain not confirmed,12624,12624,31.9619,31.9619,80.0,80.0,Retain in master; profile and review documented format/domain and outlier alerts,Retain in master; profile and review documented format/domain and outlier alerts,0,0,12624,12624,26842,26842,28,28,0.001042,0.001042,numeric-like; semantic quantitative type provisionally documented,numeric-like; semantic quantitative type provisionally documented,Cuantitativa monetaria según etiqueta INE,Cuantitativa monetaria según etiqueta INE,Sin alerta heurística de cardinalidad.,Sin alerta heurística de cardinalidad.,"Etiqueta y metadatos importados del DDI oficial INE EH2025, archivo F27","Etiqueta y metadatos importados del DDI oficial INE EH2025, archivo F27",26873,26873,0.0,0.0,525000.0,525000.0,52.50958210843598,52.50958210843598,3743.3143476756522,3743.3143476756522,0.0,0.0,0.0,0.0,0.0,0.0,0.0,0.0,IQR exploratorio × 1.5,IQR exploratorio × 1.5,IQR cero; alertas no clasificadas automáticamente,IQR cero; alertas no clasificadas automáticamente,0,0,,,,,,,True,True,0,"Retener en el maestro; revisar perfil, universo, semántica y alertas"
s05a_04d,"Además de los ingresos mencionados anteriormente, durante los últimos doce meses, ¿recibió, usted… D. Otros ingresos extraordinarios (ej. Becas de estudio, derechos de autor, marcas y patentes)? (s05a_04d)","Además de los ingresos mencionados anteriormente, durante los últimos doce meses, ¿recibió, usted… D. Otros ingresos extraordinarios (ej. Becas de estudio, derechos de autor, marcas y patentes)?",Sección 5: Ingresos no laborales del hogar,Personas de 7 años o más de edad,"Etiqueta y metadatos importados del DDI oficial INE EH2025, archivo F27",Retain in master; profile and review documented format/domain and outlier alerts,39497,39497,35366,35366,10.459,10.459,0,0,4131,4131,0,0,0.0,0.0,numeric format checked; range/domain not confirmed,numeric format checked; range/domain not confirmed,4131,4131,10.459,10.459,80.0,80.0,Retain in master; profile and review documented format/domain and outlier alerts,Retain in master; profile and review documented format/domain and outlier alerts,0,0,4131,4131,35325,35325,23,23,0.00065,0.00065,numeric-like; semantic quantitative type provisionally documented,numeric-like; semantic quantitative type provisionally documented,Cuantitativa monetaria según etiqueta INE,Cuantitativa monetaria según etiqueta INE,Sin alerta heurística de cardinalidad.,Sin alerta heurística de cardinalidad.,"Etiqueta y metadatos importados del DDI oficial INE EH2025, archivo F27","Etiqueta y metadatos importados del DDI oficial INE EH2025, archivo F27",35366,35366,0.0,0.0,30000.0,30000.0,2.568992817960753,2.568992817960753,172.23576336941397,172.23576336941397,0.0,0.0,0.0,0.0,0.0,0.0,0.0,0.0,IQR exploratorio × 1.5,IQR exploratorio × 1.5,IQR cero; alertas no clasificadas automáticamente,IQR cero; alertas no clasificadas automáticamente,0,0,,,,,,,True,True,0,"Retener en el maestro; revisar perfil, universo, semántica y alertas"
s05b_05aa,"En los últimos doce meses, ¿recibió usted… A. Asistencia familiar por divorcio o separación? Monto (Bs) (s05b_05aa)","En los últimos doce meses, ¿recibió usted… A. Asistencia familiar por divorcio o separación? Monto (Bs)",Sección 5: Ingresos no laborales del hogar,Todos los miembros del hogar,"Etiqueta y metadatos importados del DDI oficial INE EH2025, archivo F27",Retain in master; profile and review documented format/domain and outlier alerts,39497,39497,39473,39473,0.0608,0.0608,0,0,24,24,0,0,0.0,0.0,numeric format checked; range/domain not confirmed,numeric format checked; range/domain not confirmed,24,24,0.0608,0.0608,80.0,80.0,Retain in master; profile and review documented format/domain and outlier alerts,Retain in master; profile and review documented format/domain and outlier alerts,0,0,24,24,38338,38338,59,59,0.001495,0.001495,numeric-like; semantic quantitative type provisionally documented,numeric-like; semantic quantitative type provisionally documented,Cuantitativa monetaria según etiqueta INE,Cuantitativa monetaria según etiqueta INE,Sin alerta heurística de cardinalidad.,Sin alerta heurística de cardinalidad.,"Etiqueta y metadatos importados del DDI oficial INE EH2025, archivo F27","Etiqueta y metadatos importados del DDI oficial INE EH2025, archivo F27",39473,39473,0.0,0.0,5000.0,5000.0,16.545461454665215,16.545461454665215,118.89682000368103,118.89682000368103,0.0,0.0,0.0,0.0,0.0,0.0,0.0,0.0,IQR exploratorio × 1.5,IQR exploratorio × 1.5,IQR cero; alertas no clasificadas automáticamente,IQR cero; alertas no clasificadas automáticamente,0,0,,,,,,,True,True,0,"Retener en el maestro; revisar perfil, universo, semántica y alertas"
s05b_05ab,"En los últimos doce meses, ¿recibió usted… A. Asistencia familiar por divorcio o separación? Frecuencia (s05b_05ab)","En los últimos doce meses, ¿recibió usted… A. Asistencia familiar por divorcio o separación? Frecuencia",Sección 5: Ingresos no laborales del hogar,Todos los miembros del hogar,"Etiqueta y metadatos importados del DDI oficial INE EH2025, archivo F27","RETAIN IN MASTER; >80% global absence is an audit flag, not a deletion rule",39497,39497,1135,1135,97.1264,97.1264,0,0,38362,38362,0,0,0.0,0.0,numeric format checked; range/domain not confirmed,numeric format checked; range/domain not confirmed,38362,38362,97.1264,97.1264,80.0,80.0,"RETAIN IN MASTER; >80% global absence is an audit flag, not a deletion rule","RETAIN IN MASTER; >80% global absence is an audit flag, not a deletion rule",0,0,38362,38362,0,0,7,7,0.006167,0.006167,numeric-like; semantic quantitative type provisionally documented,numeric-like; semantic quantitative type provisionally documented,Cuantitativa discreta/derivada según etiqueta INE,Cuantitativa discreta/derivada según etiqueta INE,Sin alerta heurística de cardinalidad.,Sin alerta heurística de cardinalidad.,"Etiqueta y metadatos importados del DDI oficial INE EH2025, archivo F27","Etiqueta y metadatos importados del DDI oficial INE EH2025, archivo F27",1135,1135,2.0,2.0,8.0,8.0,4.022907488986784,4.022907488986784,0.5172546622448749,0.5172546622448749,4.0,4.0,4.0,4.0,4.0,4.0,0.0,0.0,IQR exploratorio × 1.5,IQR exploratorio × 1.5,IQR cero; alertas no clasificadas automáticamente,IQR cero; alertas no clasificadas automáticamente,0,0,,,,,,,True,True,0,"Retener en el maestro; revisar perfil, universo, semántica y alertas"
s05b_05ba,"En los últimos doce meses, ¿recibió usted… B. Dinero de otras personas que residen en este u otro lugar del país?(Excluye ONG's, ISFLH, Juntas Vecinales,etc.) Monto (Bs) (s05b_05ba)","En los últimos doce meses, ¿recibió usted… B. Dinero de otras personas que residen en este u otro lugar del país?(Excluye ONG's, ISFLH, Juntas Vecinales,etc.) Monto (Bs)",Sección 5: Ingresos no laborales del hogar,Todos los miembros del hogar,"Etiqueta y metadatos importados del DDI oficial INE EH2025, archivo F27",Retain in master; profile and review documented format/domain and outlier alerts,39497,39497,39470,39470,0.0684,0.0684,0,0,27,27,0,0,0.0,0.0,numeric format checked; range/domain not confirmed,numeric format checked; range/domain not confirmed,27,27,0.0684,0.0684,80.0,80.0,Retain in master; profile and review documented format/domain and outlier alerts,Retain in master; profile and review documented format/domain and outlier alerts,0,0,27,27,37719,37719,63,63,0.001596,0.001596,numeric-like; semantic quantitative type provisionally documented,numeric-like; semantic quantitative type provisionally documented,Cuantitativa monetaria según etiqueta INE,Cuantitativa monetaria según etiqueta INE,Sin alerta heurística de cardinalidad.,Sin alerta heurística de cardinalidad.,"Etiqueta y metadatos importados del DDI oficial INE EH2025, archivo F27","Etiqueta y metadatos importados del DDI oficial INE EH2025, archivo F27",39470,39470,0.0,0.0,13500.0,13500.0,32.24608563465924,32.24608563465924,249.43047082357944,249.43047082357944,0.0,0.0,0.0,0.0,0.0,0.0,0.0,0.0,IQR exploratorio × 1.5,IQR exploratorio × 1.5,IQR cero; alertas no clasificadas automáticamente,IQR cero; alertas no clasificadas automáticamente,0,0,,,,,,,True,True,0,"Retener en el maestro; revisar perfil, universo, semántica y alertas"
s05b_05bb,"En los últimos doce meses, ¿recibió usted… B. Dinero de otras personas que residen en este u otro lugar del país?(Excluye ONG's, ISFLH, Juntas Vecinales,etc.) Frecuencia (s05b_05bb)","En los últimos doce meses, ¿recibió usted… B. Dinero de otras personas que residen en este u otro lugar del país?(Excluye ONG's, ISFLH, Juntas Vecinales,etc.) Frecuencia",Sección 5: Ingresos no laborales del hogar,Todos los miembros del hogar,"Etiqueta y metadatos importados del DDI oficial INE EH2025, archivo F27","RETAIN IN MASTER; >80% global absence is an audit flag, not a deletion rule",39497,39497,1751,1751,95.5668,95.5668,0,0,37746,37746,0,0,0.0,0.0,numeric format checked; range/domain not confirmed,numeric format checked; range/domain not confirmed,37746,37746,95.5668,95.5668,80.0,80.0,"RETAIN IN MASTER; >80% global absence is an audit flag, not a deletion rule","RETAIN IN MASTER; >80% global absence is an audit flag, not a deletion rule",0,0,37746,37746,0,0,7,7,0.003998,0.003998,numeric-like; semantic quantitative type provisionally documented,numeric-like; semantic quantitative type provisionally documented,Cuantitativa discreta/derivada según etiqueta INE,Cuantitativa discreta/derivada según etiqueta INE,Sin alerta heurística de cardinalidad.,Sin alerta heurística de cardinalidad.,"Etiqueta y metadatos importados del DDI oficial INE EH2025, archivo F27","Etiqueta y metadatos importados del DDI oficial INE EH2025, archivo F27",1751,1751,2.0,2.0,8.0,8.0,4.693889206167904,4.693889206167904,1.6198632419358294,1.6198632419358294,4.0,4.0,4.0,4.0,5.0,5.0,1.0,1.0,IQR exploratorio × 1.5,IQR exploratorio × 1.5,alerta estadística; requiere revisión semántica,alerta estadística; requiere revisión semántica,419,419,23.92918332381496,23.92918332381496,2.5,2.5,6.5,6.5,True,True,0,"Retener en el maestro; revisar perfil, universo, semántica y alertas"
s05b_05ca,"En los últimos doce meses, ¿recibió usted… C. Alimentos o regalos de otras personas que residen en este u otro lugar del país? (VALORAR EN BS)(Excluye ONG's, ISFLH, Juntas Vecinales,etc.) Monto (Bs) (s05b_05ca)","En los últimos doce meses, ¿recibió usted… C. Alimentos o regalos de otras personas que residen en este u otro lugar del país? (VALORAR EN BS)(Excluye ONG's, ISFLH, Juntas Vecinales,etc.) Monto (Bs)",Sección 5: Ingresos no laborales del hogar,Todos los miembros del hogar,"Etiqueta y metadatos importados del DDI oficial INE EH2025, archivo F27",Retain in master; profile and review documented format/domain and outlier alerts,39497,39497,39463,39463,0.0861,0.0861,0,0,34,34,0,0,0.0,0.0,numeric format checked; range/domain not confirmed,numeric format checked; range/domain not confirmed,34,34,0.0861,0.0861,80.0,80.0,Retain in master; profile and review documented format/domain and outlier alerts,Retain in master; profile and review documented format/domain and outlier alerts,0,0,34,34,37702,37702,102,102,0.002585,0.002585,numeric-like; semantic quantitative type provisionally documented,numeric-like; semantic quantitative type provisionally documented,Cuantitativa monetaria según etiqueta INE,Cuantitativa monetaria según etiqueta INE,Sin alerta heurística de cardinalidad.,Sin alerta heurística de cardinalidad.,"Etiqueta y metadatos importados del DDI oficial INE EH2025, archivo F27","Etiqueta y metadatos importados del DDI oficial INE EH2025, archivo F27",39463,39463,0.0,0.0,6000.0,6000.0,15.275093125205888,15.275093125205888,120.5031590551861,120.5031590551861,0.0,0.0,0.0,0.0,0.0,0.0,0.0,0.0,IQR exploratorio × 1.5,IQR exploratorio × 1.5,IQR cero; alertas no clasificadas automáticamente,IQR cero; alertas no clasificadas automáticamente,0,0,,,,,,,True,True,0,"Retener en el maestro; revisar perfil, universo, semántica y alertas"
s05b_05cb,"En los últimos doce meses, ¿recibió usted… C. Alimentos o regalos de otras personas que residen en este u otro lugar del país? (VALORAR EN BS)(Excluye ONG's, ISFLH, Juntas Vecinales,etc.) Frecuencia (s05b_05cb)","En los últimos doce meses, ¿recibió usted… C. Alimentos o regalos de otras personas que residen en este u otro lugar del país? (VALORAR EN BS)(Excluye ONG's, ISFLH, Juntas Vecinales,etc.) Frecuencia",Sección 5: Ingresos no laborales del hogar,Todos los miembros del hogar,"Etiqueta y metadatos importados del DDI oficial INE EH2025, archivo F27","RETAIN IN MASTER; >80% global absence is an audit flag, not a deletion rule",39497,39497,1760,1760,95.544,95.544,0,0,37737,37737,0,0,0.0,0.0,numeric format checked; range/domain not confirmed,numeric format checked; range/domain not confirmed,37737,37737,95.544,95.544,80.0,80.0,"RETAIN IN MASTER; >80% global absence is an audit flag, not a deletion rule","RETAIN IN MASTER; >80% global absence is an audit flag, not a deletion rule",0,0,37737,37737,0,0,7,7,0.003977,0.003977,numeric-like; semantic quantitative type provisionally documented,numeric-like; semantic quantitative type provisionally documented,Cuantitativa discreta/derivada según etiqueta INE,Cuantitativa discreta/derivada según etiqueta INE,Sin alerta heurística de cardinalidad.,Sin alerta heurística de cardinalidad.,"Etiqueta y metadatos importados del DDI oficial INE EH2025, archivo F27","Etiqueta y metadatos importados del DDI oficial INE EH2025, archivo F27",1760,1760,2.0,2.0,8.0,8.0,6.222727272727273,6.222727272727273,2.044236606290048,2.044236606290048,4.0,4.0,8.0,8.0,8.0,8.0,4.0,4.0,IQR exploratorio × 1.5,IQR exploratorio × 1.5,alerta estadística; requiere revisión semántica,alerta estadística; requiere revisión semántica,0,0,0.0,0.0,-2.0,-2.0,14.0,14.0,True,True,0,"Retener en el maestro; revisar perfil, universo, semántica y alertas"
s05b_06aa,"En los últimos doce meses, ¿recibió usted… A. Bono de Indigencia por ceguera o Bono mensual para personas por discapacidad? Monto (Bs) (s05b_06aa)","En los últimos doce meses, ¿recibió usted… A. Bono de Indigencia por ceguera o Bono mensual para personas por discapacidad? Monto (Bs)",Sección 5: Ingresos no laborales del hogar,Todos los miembros del hogar,"Etiqueta y metadatos importados del DDI oficial INE EH2025, archivo F27",Retain in master; profile and review documented format/domain and outlier alerts,39497,39497,39497,39497,0.0,0.0,0,0,0,0,0,0,0.0,0.0,numeric format checked; range/domain not confirmed,numeric format checked; range/domain not confirmed,0,0,0.0,0.0,80.0,80.0,Retain in master; profile and review documented format/domain and outlier alerts,Retain in master; profile and review documented format/domain and outlier alerts,0,0,0,0,39353,39353,16,16,0.000405,0.000405,numeric-like; semantic quantitative type provisionally documented,numeric-like; semantic quantitative type provisionally documented,Cuantitativa monetaria según etiqueta INE,Cuantitativa monetaria según etiqueta INE,Sin alerta heurística de cardinalidad.,Sin alerta heurística de cardinalidad.,"Etiqueta y metadatos importados del DDI oficial INE EH2025, archivo F27","Etiqueta y metadatos importados del DDI oficial INE EH2025, archivo F27",39497,39497,0.0,0.0,7140.0,7140.0,2.8549510089373875,2.8549510089373875,112.47801666860471,112.47801666860471,0.0,0.0,0.0,0.0,0.0,0.0,0.0,0.0,IQR exploratorio × 1.5,IQR exploratorio × 1.5,IQR cero; alertas no clasificadas automáticamente,IQR cero; alertas no clasificadas automáticamente,0,0,,,,,,,True,True,0,"Retener en el maestro; revisar perfil, universo, semántica y alertas"
s05b_06ab,"En los últimos doce meses, ¿recibió usted… A. Bono de Indigencia por ceguera o Bono mensual para personas por discapacidad? Frecuencia (s05b_06ab)","En los últimos doce meses, ¿recibió usted… A. Bono de Indigencia por ceguera o Bono mensual para personas por discapacidad? Frecuencia",Sección 5: Ingresos no laborales del hogar,Todos los miembros del hogar,"Etiqueta y metadatos importados del DDI oficial INE EH2025, archivo F27","RETAIN IN MASTER; >80% global absence is an audit flag, not a deletion rule",39497,39497,144,144,99.6354,99.6354,0,0,39353,39353,0,0,0.0,0.0,numeric format checked; range/domain not confirmed,numeric format checked; range/domain not confirmed,39353,39353,99.6354,99.6354,80.0,80.0,"RETAIN IN MASTER; >80% global absence is an audit flag, not a deletion rule","RETAIN IN MASTER; >80% global absence is an audit flag, not a deletion rule",0,0,39353,39353,0,0,2,2,0.013889,0.013889,numeric-like; semantic quantitative type provisionally documented,numeric-like; semantic quantitative type provisionally documented,Cuantitativa discreta/derivada según etiqueta INE,Cuantitativa discreta/derivada según etiqueta INE,Sin alerta heurística de cardinalidad.,Sin alerta heurística de cardinalidad.,"Etiqueta y metadatos importados del DDI oficial INE EH2025, archivo F27","Etiqueta y metadatos importados del DDI oficial INE EH2025, archivo F27",144,144,4.0,4.0,8.0,8.0,4.5,4.5,1.3274930366061293,1.3274930366061293,4.0,4.0,4.0,4.0,4.0,4.0,0.0,0.0,IQR exploratorio × 1.5,IQR exploratorio × 1.5,IQR cero; alertas no clasificadas automáticamente,IQR cero; alertas no clasificadas automáticamente,0,0,,,,,,,True,True,0,"Retener en el maestro; revisar perfil, universo, semántica y alertas"
s05b_06ae,"En los últimos doce meses, ¿recibió usted… A. Bono de Indigencia por ceguera o Bono mensual para personas por discapacidad? (Especifique) (s05b_06ae)","En los últimos doce meses, ¿recibió usted… A. Bono de Indigencia por ceguera o Bono mensual para personas por discapacidad? (Especifique)",Sección 5: Ingresos no laborales del hogar,Todos los miembros del hogar,"Etiqueta y metadatos importados del DDI oficial INE EH2025, archivo F27","RETAIN IN MASTER; >80% global absence is an audit flag, not a deletion rule",39497,39497,144,144,99.6354,99.6354,39353,39353,39353,39353,0,0,0.0,0.0,not evaluated: variable domain is not confirmed,not evaluated: variable domain is not confirmed,39353,39353,99.6354,99.6354,80.0,80.0,"RETAIN IN MASTER; >80% global absence is an audit flag, not a deletion rule","RETAIN IN MASTER; >80% global absence is an audit flag, not a deletion rule",0,0,0,0,0,0,60,60,0.416667,0.416667,text/categorical or mixed,text/categorical or mixed,Texto; revisar si es respuesta abierta o categoría textual,Texto; revisar si es respuesta abierta o categoría textual,Sin alerta heurística de cardinalidad.,Sin alerta heurística de cardinalidad.,"Etiqueta y metadatos importados del DDI oficial INE EH2025, archivo F27","Etiqueta y metadatos importados del DDI oficial INE EH2025, archivo F27",0,0,,,,,,,,,,,,,,,,,No aplicable: no es magnitud numérica confirmada,No aplicable: no es magnitud numérica confirmada,revisar códigos/categorías con el diccionario,revisar códigos/categorías con el diccionario,0,0,,,,,,,True,True,0,"Retener en el maestro; revisar perfil, universo, semántica y alertas"
s05b_06ba,"En los últimos doce meses, ¿recibió usted… B. Otros bonos sociales en efectivo? Monto (Bs) (s05b_06ba)","En los últimos doce meses, ¿recibió usted… B. Otros bonos sociales en efectivo? Monto (Bs)",Sección 5: Ingresos no laborales del hogar,Todos los miembros del hogar,"Etiqueta y metadatos importados del DDI oficial INE EH2025, archivo F27",Retain in master; profile and review documented format/domain and outlier alerts,39497,39497,39497,39497,0.0,0.0,0,0,0,0,0,0,0.0,0.0,numeric format checked; range/domain not confirmed,numeric format checked; range/domain not confirmed,0,0,0.0,0.0,80.0,80.0,Retain in master; profile and review documented format/domain and outlier alerts,Retain in master; profile and review documented format/domain and outlier alerts,0,0,0,0,39336,39336,7,7,0.000177,0.000177,numeric-like; semantic quantitative type provisionally documented,numeric-like; semantic quantitative type provisionally documented,Cuantitativa monetaria según etiqueta INE,Cuantitativa monetaria según etiqueta INE,Sin alerta heurística de cardinalidad.,Sin alerta heurística de cardinalidad.,"Etiqueta y metadatos importados del DDI oficial INE EH2025, archivo F27","Etiqueta y metadatos importados del DDI oficial INE EH2025, archivo F27",39497,39497,0.0,0.0,2500.0,2500.0,4.350406359976707,4.350406359976707,96.17356906800939,96.17356906800939,0.0,0.0,0.0,0.0,0.0,0.0,0.0,0.0,IQR exploratorio × 1.5,IQR exploratorio × 1.5,IQR cero; alertas no clasificadas automáticamente,IQR cero; alertas no clasificadas automáticamente,0,0,,,,,,,True,True,0,"Retener en el maestro; revisar perfil, universo, semántica y alertas"
s05b_06bb,"En los últimos doce meses, ¿recibió usted… B. Otros bonos sociales en efectivo? Frecuencia (s05b_06bb)","En los últimos doce meses, ¿recibió usted… B. Otros bonos sociales en efectivo? Frecuencia",Sección 5: Ingresos no laborales del hogar,Todos los miembros del hogar,"Etiqueta y metadatos importados del DDI oficial INE EH2025, archivo F27","RETAIN IN MASTER; >80% global absence is an audit flag, not a deletion rule",39497,39497,161,161,99.5924,99.5924,0,0,39336,39336,0,0,0.0,0.0,numeric format checked; range/domain not confirmed,numeric format checked; range/domain not confirmed,39336,39336,99.5924,99.5924,80.0,80.0,"RETAIN IN MASTER; >80% global absence is an audit flag, not a deletion rule","RETAIN IN MASTER; >80% global absence is an audit flag, not a deletion rule",0,0,39336,39336,0,0,3,3,0.018634,0.018634,numeric-like; semantic quantitative type provisionally documented,numeric-like; semantic quantitative type provisionally documented,Cuantitativa discreta/derivada según etiqueta INE,Cuantitativa discreta/derivada según etiqueta INE,Sin alerta heurística de cardinalidad.,Sin alerta heurística de cardinalidad.,"Etiqueta y metadatos importados del DDI oficial INE EH2025, archivo F27","Etiqueta y metadatos importados del DDI oficial INE EH2025, archivo F27",161,161,4.0,4.0,8.0,8.0,7.838509316770186,7.838509316770186,0.7737943938638708,0.7737943938638708,8.0,8.0,8.0,8.0,8.0,8.0,0.0,0.0,IQR exploratorio × 1.5,IQR exploratorio × 1.5,IQR cero; alertas no clasificadas automáticamente,IQR cero; alertas no clasificadas automáticamente,0,0,,,,,,,True,True,0,"Retener en el maestro; revisar perfil, universo, semántica y alertas"
s05b_06be,"En los últimos doce meses, ¿recibió usted… B. Otros bonos sociales en efectivo? (Especifique) (s05b_06be)","En los últimos doce meses, ¿recibió usted… B. Otros bonos sociales en efectivo? (Especifique)",Sección 5: Ingresos no laborales del hogar,Todos los miembros del hogar,"Etiqueta y metadatos importados del DDI oficial INE EH2025, archivo F27","RETAIN IN MASTER; >80% global absence is an audit flag, not a deletion rule",39497,39497,165,165,99.5822,99.5822,39332,39332,39332,39332,0,0,0.0,0.0,not evaluated: variable domain is not confirmed,not evaluated: variable domain is not confirmed,39332,39332,99.5822,99.5822,80.0,80.0,"RETAIN IN MASTER; >80% global absence is an audit flag, not a deletion rule","RETAIN IN MASTER; >80% global absence is an audit flag, not a deletion rule",0,0,0,0,0,0,30,30,0.181818,0.181818,text/categorical or mixed,text/categorical or mixed,Texto; revisar si es respuesta abierta o categoría textual,Texto; revisar si es respuesta abierta o categoría textual,Sin alerta heurística de cardinalidad.,Sin alerta heurística de cardinalidad.,"Etiqueta y metadatos importados del DDI oficial INE EH2025, archivo F27","Etiqueta y metadatos importados del DDI oficial INE EH2025, archivo F27",0,0,,,,,,,,,,,,,,,,,No aplicable: no es magnitud numérica confirmada,No aplicable: no es magnitud numérica confirmada,revisar códigos/categorías con el diccionario,revisar códigos/categorías con el diccionario,0,0,,,,,,,True,True,0,"Retener en el maestro; revisar perfil, universo, semántica y alertas"
s05b_06ca,"En los últimos doce meses, ¿recibió usted… C. Otros bonos sociales en especie? (VALORAR EN BS.) Monto (Bs) (s05b_06ca)","En los últimos doce meses, ¿recibió usted… C. Otros bonos sociales en especie? (VALORAR EN BS.) Monto (Bs)",Sección 5: Ingresos no laborales del hogar,Todos los miembros del hogar,"Etiqueta y metadatos importados del DDI oficial INE EH2025, archivo F27",Retain in master; profile and review documented format/domain and outlier alerts,39497,39497,39497,39497,0.0,0.0,0,0,0,0,0,0,0.0,0.0,numeric format checked; range/domain not confirmed,numeric format checked; range/domain not confirmed,0,0,0.0,0.0,80.0,80.0,Retain in master; profile and review documented format/domain and outlier alerts,Retain in master; profile and review documented format/domain and outlier alerts,0,0,0,0,28077,28077,170,170,0.004304,0.004304,numeric-like; semantic quantitative type provisionally documented,numeric-like; semantic quantitative type provisionally documented,Cuantitativa monetaria según etiqueta INE,Cuantitativa monetaria según etiqueta INE,Sin alerta heurística de cardinalidad.,Sin alerta heurística de cardinalidad.,"Etiqueta y metadatos importados del DDI oficial INE EH2025, archivo F27","Etiqueta y metadatos importados del DDI oficial INE EH2025, archivo F27",39497,39497,0.0,0.0,2000.0,2000.0,27.31247942881738,27.31247942881738,79.45014688505589,79.45014688505589,0.0,0.0,0.0,0.0,35.0,35.0,35.0,35.0,IQR exploratorio × 1.5,IQR exploratorio × 1.5,alerta estadística; requiere revisión semántica,alerta estadística; requiere revisión semántica,3794,3794,9.605792845026205,9.605792845026205,-52.5,-52.5,87.5,87.5,True,True,0,"Retener en el maestro; revisar perfil, universo, semántica y alertas"
s05b_06cb,"En los últimos doce meses, ¿recibió usted… C. Otros bonos sociales en especie? (VALORAR EN BS.) Frecuencia (s05b_06cb)","En los últimos doce meses, ¿recibió usted… C. Otros bonos sociales en especie? (VALORAR EN BS.) Frecuencia",Sección 5: Ingresos no laborales del hogar,Todos los miembros del hogar,"Etiqueta y metadatos importados del DDI oficial INE EH2025, archivo F27",Retain in master; profile and review documented format/domain and outlier alerts,39497,39497,11420,11420,71.0864,71.0864,0,0,28077,28077,0,0,0.0,0.0,numeric format checked; range/domain not confirmed,numeric format checked; range/domain not confirmed,28077,28077,71.0864,71.0864,80.0,80.0,Retain in master; profile and review documented format/domain and outlier alerts,Retain in master; profile and review documented format/domain and outlier alerts,0,0,28077,28077,0,0,5,5,0.000438,0.000438,numeric-like; semantic quantitative type provisionally documented,numeric-like; semantic quantitative type provisionally documented,Cuantitativa discreta/derivada según etiqueta INE,Cuantitativa discreta/derivada según etiqueta INE,Sin alerta heurística de cardinalidad.,Sin alerta heurística de cardinalidad.,"Etiqueta y metadatos importados del DDI oficial INE EH2025, archivo F27","Etiqueta y metadatos importados del DDI oficial INE EH2025, archivo F27",11420,11420,4.0,4.0,8.0,8.0,4.302189141856393,4.302189141856393,0.9688259950537913,0.9688259950537913,4.0,4.0,4.0,4.0,4.0,4.0,0.0,0.0,IQR exploratorio × 1.5,IQR exploratorio × 1.5,IQR cero; alertas no clasificadas automáticamente,IQR cero; alertas no clasificadas automáticamente,0,0,,,,,,,True,True,0,"Retener en el maestro; revisar perfil, universo, semántica y alertas"
s05b_06ce,"En los últimos doce meses, ¿recibió usted… C. Otros bonos sociales en especie? (VALORAR EN BS.) (Especifique) (s05b_06ce)","En los últimos doce meses, ¿recibió usted… C. Otros bonos sociales en especie? (VALORAR EN BS.) (Especifique)",Sección 5: Ingresos no laborales del hogar,Todos los miembros del hogar,"Etiqueta y metadatos importados del DDI oficial INE EH2025, archivo F27",Retain in master; profile and review documented format/domain and outlier alerts,39497,39497,11421,11421,71.0839,71.0839,28076,28076,28076,28076,0,0,0.0,0.0,not evaluated: variable domain is not confirmed,not evaluated: variable domain is not confirmed,28076,28076,71.0839,71.0839,80.0,80.0,Retain in master; profile and review documented format/domain and outlier alerts,Retain in master; profile and review documented format/domain and outlier alerts,0,0,0,0,0,0,1275,1275,0.111636,0.111636,text/categorical or mixed,text/categorical or mixed,Texto; revisar si es respuesta abierta o categoría textual,Texto; revisar si es respuesta abierta o categoría textual,Sin alerta heurística de cardinalidad.,Sin alerta heurística de cardinalidad.,"Etiqueta y metadatos importados del DDI oficial INE EH2025, archivo F27","Etiqueta y metadatos importados del DDI oficial INE EH2025, archivo F27",0,0,,,,,,,,,,,,,,,,,No aplicable: no es magnitud numérica confirmada,No aplicable: no es magnitud numérica confirmada,revisar códigos/categorías con el diccionario,revisar códigos/categorías con el diccionario,0,0,,,,,,,True,True,0,"Retener en el maestro; revisar perfil, universo, semántica y alertas"
s05c_07,"En los últimos 12 meses, ¿recibió (...) dinero o encomiendas de otras personas que residen en el exterior del país? (s05c_07)","En los últimos 12 meses, ¿recibió (...) dinero o encomiendas de otras personas que residen en el exterior del país?",Sección 5: Ingresos no laborales del hogar,Personas de 7 años o más de edad,"Etiqueta y metadatos importados del DDI oficial INE EH2025, archivo F27",Retain in master; profile and review documented format/domain and outlier alerts,39497,39497,35366,35366,10.459,10.459,0,0,4131,4131,0,0,0.0,0.0,numeric format checked; range/domain not confirmed,numeric format checked; range/domain not confirmed,4131,4131,10.459,10.459,80.0,80.0,Retain in master; profile and review documented format/domain and outlier alerts,Retain in master; profile and review documented format/domain and outlier alerts,0,0,4131,4131,0,0,2,2,5.7e-05,5.7e-05,numeric-like; semantic quantitative type provisionally documented,numeric-like; semantic quantitative type provisionally documented,Cuantitativa discreta/derivada según etiqueta INE,Cuantitativa discreta/derivada según etiqueta INE,Sin alerta heurística de cardinalidad.,Sin alerta heurística de cardinalidad.,"Etiqueta y metadatos importados del DDI oficial INE EH2025, archivo F27","Etiqueta y metadatos importados del DDI oficial INE EH2025, archivo F27",35366,35366,1.0,1.0,2.0,2.0,1.9772663009670304,1.9772663009670304,0.14905537956675222,0.14905537956675222,2.0,2.0,2.0,2.0,2.0,2.0,0.0,0.0,IQR exploratorio × 1.5,IQR exploratorio × 1.5,IQR cero; alertas no clasificadas automáticamente,IQR cero; alertas no clasificadas automáticamente,0,0,,,,,,,True,True,0,"Retener en el maestro; revisar perfil, universo, semántica y alertas"
s05c_08,¿Con que frecuencia recibió el dinero o encomiendas mencionadas? (s05c_08),¿Con que frecuencia recibió el dinero o encomiendas mencionadas?,Sección 5: Ingresos no laborales del hogar,Personas de 7 años o más de edad,"Etiqueta y metadatos importados del DDI oficial INE EH2025, archivo F27","RETAIN IN MASTER; >80% global absence is an audit flag, not a deletion rule",39497,39497,804,804,97.9644,97.9644,0,0,38693,38693,0,0,0.0,0.0,not evaluated: variable domain is not confirmed,not evaluated: variable domain is not confirmed,38693,38693,97.9644,97.9644,80.0,80.0,"RETAIN IN MASTER; >80% global absence is an audit flag, not a deletion rule","RETAIN IN MASTER; >80% global absence is an audit flag, not a deletion rule",0,0,38693,38693,0,0,7,7,0.008706,0.008706,numeric-like candidate; no numeric summary until semantics are confirmed,numeric-like candidate; no numeric summary until semantics are confirmed,Categórica o codificada según metadatos INE,Categórica o codificada según metadatos INE,Sin alerta heurística de cardinalidad.,Sin alerta heurística de cardinalidad.,"Etiqueta y metadatos importados del DDI oficial INE EH2025, archivo F27","Etiqueta y metadatos importados del DDI oficial INE EH2025, archivo F27",0,0,,,,,,,,,,,,,,,,,No aplicable: no es magnitud numérica confirmada,No aplicable: no es magnitud numérica confirmada,revisar códigos/categorías con el diccionario,revisar códigos/categorías con el diccionario,0,0,,,,,,,True,True,0,"Retener en el maestro; revisar perfil, universo, semántica y alertas"
s05c_09a,"Si recibió dinero, ¿cuál es el monto y en qué moneda lo recibió? Monto Bs. (s05c_09a)","Si recibió dinero, ¿cuál es el monto y en qué moneda lo recibió? Monto Bs.",Sección 5: Ingresos no laborales del hogar,Personas de 7 años o más de edad,"Etiqueta y metadatos importados del DDI oficial INE EH2025, archivo F27","RETAIN IN MASTER; >80% global absence is an audit flag, not a deletion rule",39497,39497,807,807,97.9568,97.9568,0,0,38690,38690,0,0,0.0,0.0,numeric format checked; range/domain not confirmed,numeric format checked; range/domain not confirmed,38690,38690,97.9568,97.9568,80.0,80.0,"RETAIN IN MASTER; >80% global absence is an audit flag, not a deletion rule","RETAIN IN MASTER; >80% global absence is an audit flag, not a deletion rule",0,0,38690,38690,51,51,81,81,0.100372,0.100372,numeric-like; semantic quantitative type provisionally documented,numeric-like; semantic quantitative type provisionally documented,Cuantitativa monetaria según etiqueta INE,Cuantitativa monetaria según etiqueta INE,Sin alerta heurística de cardinalidad.,Sin alerta heurística de cardinalidad.,"Etiqueta y metadatos importados del DDI oficial INE EH2025, archivo F27","Etiqueta y metadatos importados del DDI oficial INE EH2025, archivo F27",807,807,0.0,0.0,500000.0,500000.0,3039.729863692689,3039.729863692689,22454.618696171605,22454.618696171605,200.0,200.0,500.0,500.0,1200.0,1200.0,1000.0,1000.0,IQR exploratorio × 1.5,IQR exploratorio × 1.5,alerta estadística; requiere revisión semántica,alerta estadística; requiere revisión semántica,73,73,9.045848822800496,9.045848822800496,-1300.0,-1300.0,2700.0,2700.0,True,True,0,"Retener en el maestro; revisar perfil, universo, semántica y alertas"
s05c_09b,"Si recibió dinero, ¿cuál es el monto y en qué moneda lo recibió? Moneda (s05c_09b)","Si recibió dinero, ¿cuál es el monto y en qué moneda lo recibió? Moneda",Sección 5: Ingresos no laborales del hogar,Personas de 7 años o más de edad,"Etiqueta y metadatos importados del DDI oficial INE EH2025, archivo F27","RETAIN IN MASTER; >80% global absence is an audit flag, not a deletion rule",39497,39497,756,756,98.0859,98.0859,0,0,38741,38741,0,0,0.0,0.0,numeric format checked; range/domain not confirmed,numeric format checked; range/domain not confirmed,38741,38741,98.0859,98.0859,80.0,80.0,"RETAIN IN MASTER; >80% global absence is an audit flag, not a deletion rule","RETAIN IN MASTER; >80% global absence is an audit flag, not a deletion rule",0,0,38741,38741,0,0,7,7,0.009259,0.009259,numeric-like; semantic quantitative type provisionally documented,numeric-like; semantic quantitative type provisionally documented,Cuantitativa monetaria según etiqueta INE,Cuantitativa monetaria según etiqueta INE,Sin alerta heurística de cardinalidad.,Sin alerta heurística de cardinalidad.,"Etiqueta y metadatos importados del DDI oficial INE EH2025, archivo F27","Etiqueta y metadatos importados del DDI oficial INE EH2025, archivo F27",756,756,1.0,1.0,7.0,7.0,1.5952380952380953,1.5952380952380953,1.2449329656374823,1.2449329656374823,1.0,1.0,1.0,1.0,1.0,1.0,0.0,0.0,IQR exploratorio × 1.5,IQR exploratorio × 1.5,IQR cero; alertas no clasificadas automáticamente,IQR cero; alertas no clasificadas automáticamente,0,0,,,,,,,True,True,0,"Retener en el maestro; revisar perfil, universo, semántica y alertas"
s05c_09e,Columna presente en persona.csv pero ausente en el diccionario oficial EH2025_Persona; no equivale automáticamente a s05c_09be ni s05c_09aa. (s05c_09e),Columna presente en persona.csv pero ausente en el diccionario oficial EH2025_Persona; no equivale automáticamente a s05c_09be ni s05c_09aa.,Extensión local; no pertenece a F27 oficial,No especificado en el diccionario,Extensión local no incluida en el DDI oficial; confirmar versión y procedencia,"RETAIN IN MASTER; >80% global absence is an audit flag, not a deletion rule",39497,39497,7,7,99.9823,99.9823,39490,39490,39490,39490,0,0,0.0,0.0,not evaluated: variable domain is not confirmed,not evaluated: variable domain is not confirmed,39490,39490,99.9823,99.9823,80.0,80.0,"RETAIN IN MASTER; >80% global absence is an audit flag, not a deletion rule","RETAIN IN MASTER; >80% global absence is an audit flag, not a deletion rule",0,0,0,0,0,0,1,1,0.142857,0.142857,text/categorical or mixed,text/categorical or mixed,Ingreso/transferencia; moneda/periodo/códigos por cotejar,Ingreso/transferencia; moneda/periodo/códigos por cotejar,Sin alerta heurística de cardinalidad.,Sin alerta heurística de cardinalidad.,Extensión local no incluida en el DDI oficial; confirmar versión y procedencia,Extensión local no incluida en el DDI oficial; confirmar versión y procedencia,0,0,,,,,,,,,,,,,,,,,No aplicable: no es magnitud numérica confirmada,No aplicable: no es magnitud numérica confirmada,revisar códigos/categorías con el diccionario,revisar códigos/categorías con el diccionario,0,0,,,,,,,True,True,0,"Retener en el maestro; revisar perfil, universo, semántica y alertas"
s05c_10,"Si recibió en especie, valorar en Bolivianos. (s05c_10)","Si recibió en especie, valorar en Bolivianos.",Sección 5: Ingresos no laborales del hogar,Personas de 7 años o más de edad,"Etiqueta y metadatos importados del DDI oficial INE EH2025, archivo F27","RETAIN IN MASTER; >80% global absence is an audit flag, not a deletion rule",39497,39497,803,803,97.9669,97.9669,0,0,38694,38694,0,0,0.0,0.0,numeric format checked; range/domain not confirmed,numeric format checked; range/domain not confirmed,38694,38694,97.9669,97.9669,80.0,80.0,"RETAIN IN MASTER; >80% global absence is an audit flag, not a deletion rule","RETAIN IN MASTER; >80% global absence is an audit flag, not a deletion rule",0,0,38694,38694,694,694,34,34,0.042341,0.042341,numeric-like; semantic quantitative type provisionally documented,numeric-like; semantic quantitative type provisionally documented,Cuantitativa monetaria según etiqueta INE,Cuantitativa monetaria según etiqueta INE,Sin alerta heurística de cardinalidad.,Sin alerta heurística de cardinalidad.,"Etiqueta y metadatos importados del DDI oficial INE EH2025, archivo F27","Etiqueta y metadatos importados del DDI oficial INE EH2025, archivo F27",803,803,0.0,0.0,13920.0,13920.0,130.08343711083438,130.08343711083438,789.7386570227848,789.7386570227848,0.0,0.0,0.0,0.0,0.0,0.0,0.0,0.0,IQR exploratorio × 1.5,IQR exploratorio × 1.5,IQR cero; alertas no clasificadas automáticamente,IQR cero; alertas no clasificadas automáticamente,0,0,,,,,,,True,True,0,"Retener en el maestro; revisar perfil, universo, semántica y alertas"
estrato,Estrato (estrato),Estrato,"Variables geográficas, de diseño o derivadas",Las 102593 UPM del Marco Muestral 2012 contienen el estrato socio económico y se consideran en el diseño muestral de las encuestas.,"Etiqueta y metadatos importados del DDI oficial INE EH2025, archivo F27",Retain in master; profile and review documented format/domain and outlier alerts,39497,39497,39497,39497,0.0,0.0,0,0,0,0,0,0,0.0,0.0,not evaluated: variable domain is not confirmed,not evaluated: variable domain is not confirmed,0,0,0.0,0.0,80.0,80.0,Retain in master; profile and review documented format/domain and outlier alerts,Retain in master; profile and review documented format/domain and outlier alerts,0,0,0,0,0,0,70,70,0.001772,0.001772,numeric-like candidate; no numeric summary until semantics are confirmed,numeric-like candidate; no numeric summary until semantics are confirmed,Texto; revisar si es respuesta abierta o categoría textual,Texto; revisar si es respuesta abierta o categoría textual,Sin alerta heurística de cardinalidad.,Sin alerta heurística de cardinalidad.,"Etiqueta y metadatos importados del DDI oficial INE EH2025, archivo F27","Etiqueta y metadatos importados del DDI oficial INE EH2025, archivo F27",0,0,,,,,,,,,,,,,,,,,No aplicable: no es magnitud numérica confirmada,No aplicable: no es magnitud numérica confirmada,revisar códigos/categorías con el diccionario,revisar códigos/categorías con el diccionario,0,0,,,,,,,False,False,0,"Retener en el maestro; revisar perfil, universo, semántica y alertas"
upm,upm anonimizada (upm),upm anonimizada,"Variables geográficas, de diseño o derivadas",El número total de UPM del Marco -2012 es de 102593 y se aplico a partir de las encuestas a hogares de la gestión 2014. En encuestas anteriores de la gestión 2002 a la 2013 se consideró el Marco-2001 que contiene 16790 UPM.,"Etiqueta y metadatos importados del DDI oficial INE EH2025, archivo F27",Retain in master; profile and review documented format/domain and outlier alerts,39497,39497,39497,39497,0.0,0.0,0,0,0,0,0,0,0.0,0.0,not evaluated: variable domain is not confirmed,not evaluated: variable domain is not confirmed,0,0,0.0,0.0,80.0,80.0,Retain in master; profile and review documented format/domain and outlier alerts,Retain in master; profile and review documented format/domain and outlier alerts,0,0,0,0,0,0,1082,1082,0.027394,0.027394,text/categorical or mixed,text/categorical or mixed,Identificador / diseño muestral,Identificador / diseño muestral,Sin alerta heurística de cardinalidad.,Sin alerta heurística de cardinalidad.,"Etiqueta y metadatos importados del DDI oficial INE EH2025, archivo F27","Etiqueta y metadatos importados del DDI oficial INE EH2025, archivo F27",0,0,,,,,,,,,,,,,,,,,No aplicable: no es magnitud numérica confirmada,No aplicable: no es magnitud numérica confirmada,revisar códigos/categorías con el diccionario,revisar códigos/categorías con el diccionario,0,0,,,,,,,False,False,0,"Retener en el maestro; revisar perfil, universo, semántica y alertas"
factor,Factor de expansión (factor),Factor de expansión,"Variables geográficas, de diseño o derivadas",None,"Etiqueta y metadatos importados del DDI oficial INE EH2025, archivo F27",Retain in master; profile and review documented format/domain and outlier alerts,39497,39497,39497,39497,0.0,0.0,0,0,0,0,0,0,0.0,0.0,numeric format checked; range/domain not confirmed,numeric format checked; range/domain not confirmed,0,0,0.0,0.0,80.0,80.0,Retain in master; profile and review documented format/domain and outlier alerts,Retain in master; profile and review documented format/domain and outlier alerts,0,0,0,0,0,0,1047,1047,0.026508,0.026508,numeric-like; semantic quantitative type provisionally documented,numeric-like; semantic quantitative type provisionally documented,Cuantitativa discreta/derivada según etiqueta INE,Cuantitativa discreta/derivada según etiqueta INE,Sin alerta heurística de cardinalidad.,Sin alerta heurística de cardinalidad.,"Etiqueta y metadatos importados del DDI oficial INE EH2025, archivo F27","Etiqueta y metadatos importados del DDI oficial INE EH2025, archivo F27",39497,39497,18.3492739945811,18.3492739945811,3407.91172987707,3407.91172987707,313.8822189027014,313.8822189027014,261.6981214365135,261.6981214365135,180.008504522332,180.008504522332,251.239534268644,251.239534268644,361.069331748992,361.069331748992,181.06082722666,181.06082722666,IQR exploratorio × 1.5,IQR exploratorio × 1.5,alerta estadística; requiere revisión semántica,alerta estadística; requiere revisión semántica,2755,2755,6.975213307339797,6.975213307339797,-91.582736317658,-91.582736317658,632.660572588982,632.660572588982,False,False,0,"Retener en el maestro; revisar perfil, universo, semántica y alertas"
cob_op,Grupo Ocupacional ocupación principal (cob_op),Grupo Ocupacional ocupación principal,"Variables geográficas, de diseño o derivadas",Personas de 7 años o más de edad,"Etiqueta y metadatos importados del DDI oficial INE EH2025, archivo F27",Retain in master; profile and review documented format/domain and outlier alerts,39497,39497,19479,19479,50.6823,50.6823,0,0,20018,20018,0,0,0.0,0.0,not evaluated: variable domain is not confirmed,not evaluated: variable domain is not confirmed,20018,20018,50.6823,50.6823,80.0,80.0,Retain in master; profile and review documented format/domain and outlier alerts,Retain in master; profile and review documented format/domain and outlier alerts,0,0,20018,20018,22,22,10,10,0.000513,0.000513,numeric-like candidate; no numeric summary until semantics are confirmed,numeric-like candidate; no numeric summary until semantics are confirmed,Categórica o codificada según metadatos INE,Categórica o codificada según metadatos INE,Sin alerta heurística de cardinalidad.,Sin alerta heurística de cardinalidad.,"Etiqueta y metadatos importados del DDI oficial INE EH2025, archivo F27","Etiqueta y metadatos importados del DDI oficial INE EH2025, archivo F27",0,0,,,,,,,,,,,,,,,,,No aplicable: no es magnitud numérica confirmada,No aplicable: no es magnitud numérica confirmada,revisar códigos/categorías con el diccionario,revisar códigos/categorías con el diccionario,0,0,,,,,,,False,False,0,"Retener en el maestro; revisar perfil, universo, semántica y alertas"
caeb_op,Clasificación de Actividad Económica de Bolivia Ocupacion principal (caeb_op),Clasificación de Actividad Económica de Bolivia Ocupacion principal,"Variables geográficas, de diseño o derivadas",Personas de 7 años o más de edad,"Etiqueta y metadatos importados del DDI oficial INE EH2025, archivo F27",Retain in master; profile and review documented format/domain and outlier alerts,39497,39497,19479,19479,50.6823,50.6823,0,0,20018,20018,0,0,0.0,0.0,not evaluated: variable domain is not confirmed,not evaluated: variable domain is not confirmed,20018,20018,50.6823,50.6823,80.0,80.0,Retain in master; profile and review documented format/domain and outlier alerts,Retain in master; profile and review documented format/domain and outlier alerts,0,0,20018,20018,4407,4407,21,21,0.001078,0.001078,numeric-like candidate; no numeric summary until semantics are confirmed,numeric-like candidate; no numeric summary until semantics are confirmed,Categórica o codificada según metadatos INE,Categórica o codificada según metadatos INE,Sin alerta heurística de cardinalidad.,Sin alerta heurística de cardinalidad.,"Etiqueta y metadatos importados del DDI oficial INE EH2025, archivo F27","Etiqueta y metadatos importados del DDI oficial INE EH2025, archivo F27",0,0,,,,,,,,,,,,,,,,,No aplicable: no es magnitud numérica confirmada,No aplicable: no es magnitud numérica confirmada,revisar códigos/categorías con el diccionario,revisar códigos/categorías con el diccionario,0,0,,,,,,,False,False,0,"Retener en el maestro; revisar perfil, universo, semántica y alertas"
caeb_os,Clasificación de Actividad Económica de Bolivia Ocupacion secundaria (caeb_os),Clasificación de Actividad Económica de Bolivia Ocupacion secundaria,"Variables geográficas, de diseño o derivadas",Personas de 7 años o más de edad,"Etiqueta y metadatos importados del DDI oficial INE EH2025, archivo F27","RETAIN IN MASTER; >80% global absence is an audit flag, not a deletion rule",39497,39497,1357,1357,96.5643,96.5643,0,0,38140,38140,0,0,0.0,0.0,not evaluated: variable domain is not confirmed,not evaluated: variable domain is not confirmed,38140,38140,96.5643,96.5643,80.0,80.0,"RETAIN IN MASTER; >80% global absence is an audit flag, not a deletion rule","RETAIN IN MASTER; >80% global absence is an audit flag, not a deletion rule",0,0,38140,38140,644,644,18,18,0.013265,0.013265,numeric-like candidate; no numeric summary until semantics are confirmed,numeric-like candidate; no numeric summary until semantics are confirmed,Categórica o codificada según metadatos INE,Categórica o codificada según metadatos INE,Sin alerta heurística de cardinalidad.,Sin alerta heurística de cardinalidad.,"Etiqueta y metadatos importados del DDI oficial INE EH2025, archivo F27","Etiqueta y metadatos importados del DDI oficial INE EH2025, archivo F27",0,0,,,,,,,,,,,,,,,,,No aplicable: no es magnitud numérica confirmada,No aplicable: no es magnitud numérica confirmada,revisar códigos/categorías con el diccionario,revisar códigos/categorías con el diccionario,0,0,,,,,,,False,False,0,"Retener en el maestro; revisar perfil, universo, semántica y alertas"
pet,Poblacion en edad de trabajar 14 o más años (pet),Poblacion en edad de trabajar 14 o más años,"Variables geográficas, de diseño o derivadas",Todos los miembros del hogar,"Etiqueta y metadatos importados del DDI oficial INE EH2025, archivo F27",Retain in master; profile and review documented format/domain and outlier alerts,39497,39497,39497,39497,0.0,0.0,0,0,0,0,0,0,0.0,0.0,numeric format checked; range/domain not confirmed,numeric format checked; range/domain not confirmed,0,0,0.0,0.0,80.0,80.0,Retain in master; profile and review documented format/domain and outlier alerts,Retain in master; profile and review documented format/domain and outlier alerts,0,0,0,0,9544,9544,2,2,5.1e-05,5.1e-05,numeric-like; semantic quantitative type provisionally documented,numeric-like; semantic quantitative type provisionally documented,Cuantitativa discreta/derivada según etiqueta INE,Cuantitativa discreta/derivada según etiqueta INE,Sin alerta heurística de cardinalidad.,Sin alerta heurística de cardinalidad.,"Etiqueta y metadatos importados del DDI oficial INE EH2025, archivo F27","Etiqueta y metadatos importados del DDI oficial INE EH2025, archivo F27",39497,39497,0.0,0.0,1.0,1.0,0.7583613945362939,0.7583613945362939,0.4280818023557677,0.4280818023557677,1.0,1.0,1.0,1.0,1.0,1.0,0.0,0.0,IQR exploratorio × 1.5,IQR exploratorio × 1.5,IQR cero; alertas no clasificadas automáticamente,IQR cero; alertas no clasificadas automáticamente,0,0,,,,,,,True,True,0,"Retener en el maestro; revisar perfil, universo, semántica y alertas"
pea,Poblacion Activa (pea),Poblacion Activa,"Variables geográficas, de diseño o derivadas",Personas de 7 años o más de edad,"Etiqueta y metadatos importados del DDI oficial INE EH2025, archivo F27",Retain in master; profile and review documented format/domain and outlier alerts,39497,39497,35366,35366,10.459,10.459,0,0,4131,4131,0,0,0.0,0.0,not evaluated: variable domain is not confirmed,not evaluated: variable domain is not confirmed,4131,4131,10.459,10.459,80.0,80.0,Retain in master; profile and review documented format/domain and outlier alerts,Retain in master; profile and review documented format/domain and outlier alerts,0,0,4131,4131,14905,14905,2,2,5.7e-05,5.7e-05,numeric-like candidate; no numeric summary until semantics are confirmed,numeric-like candidate; no numeric summary until semantics are confirmed,Categórica o codificada según metadatos INE,Categórica o codificada según metadatos INE,Sin alerta heurística de cardinalidad.,Sin alerta heurística de cardinalidad.,"Etiqueta y metadatos importados del DDI oficial INE EH2025, archivo F27","Etiqueta y metadatos importados del DDI oficial INE EH2025, archivo F27",0,0,,,,,,,,,,,,,,,,,No aplicable: no es magnitud numérica confirmada,No aplicable: no es magnitud numérica confirmada,revisar códigos/categorías con el diccionario,revisar códigos/categorías con el diccionario,0,0,,,,,,,True,True,0,"Retener en el maestro; revisar perfil, universo, semántica y alertas"
pei,Poblacion Inactiva (pei),Poblacion Inactiva,"Variables geográficas, de diseño o derivadas",Personas de 7 años o más de edad,"Etiqueta y metadatos importados del DDI oficial INE EH2025, archivo F27",Retain in master; profile and review documented format/domain and outlier alerts,39497,39497,35366,35366,10.459,10.459,0,0,4131,4131,0,0,0.0,0.0,not evaluated: variable domain is not confirmed,not evaluated: variable domain is not confirmed,4131,4131,10.459,10.459,80.0,80.0,Retain in master; profile and review documented format/domain and outlier alerts,Retain in master; profile and review documented format/domain and outlier alerts,0,0,4131,4131,20461,20461,2,2,5.7e-05,5.7e-05,numeric-like candidate; no numeric summary until semantics are confirmed,numeric-like candidate; no numeric summary until semantics are confirmed,Categórica o codificada según metadatos INE,Categórica o codificada según metadatos INE,Sin alerta heurística de cardinalidad.,Sin alerta heurística de cardinalidad.,"Etiqueta y metadatos importados del DDI oficial INE EH2025, archivo F27","Etiqueta y metadatos importados del DDI oficial INE EH2025, archivo F27",0,0,,,,,,,,,,,,,,,,,No aplicable: no es magnitud numérica confirmada,No aplicable: no es magnitud numérica confirmada,revisar códigos/categorías con el diccionario,revisar códigos/categorías con el diccionario,0,0,,,,,,,True,True,0,"Retener en el maestro; revisar perfil, universo, semántica y alertas"
condact,Condicion de Actividad Ocupacion Principal (condact),Condicion de Actividad Ocupacion Principal,"Variables geográficas, de diseño o derivadas",Personas de 7 años o más de edad,"Etiqueta y metadatos importados del DDI oficial INE EH2025, archivo F27",Retain in master; profile and review documented format/domain and outlier alerts,39497,39497,35366,35366,10.459,10.459,0,0,4131,4131,0,0,0.0,0.0,not evaluated: variable domain is not confirmed,not evaluated: variable domain is not confirmed,4131,4131,10.459,10.459,80.0,80.0,Retain in master; profile and review documented format/domain and outlier alerts,Retain in master; profile and review documented format/domain and outlier alerts,0,0,4131,4131,0,0,5,5,0.000141,0.000141,numeric-like candidate; no numeric summary until semantics are confirmed,numeric-like candidate; no numeric summary until semantics are confirmed,Categórica o codificada según metadatos INE,Categórica o codificada según metadatos INE,Sin alerta heurística de cardinalidad.,Sin alerta heurística de cardinalidad.,"Etiqueta y metadatos importados del DDI oficial INE EH2025, archivo F27","Etiqueta y metadatos importados del DDI oficial INE EH2025, archivo F27",0,0,,,,,,,,,,,,,,,,,No aplicable: no es magnitud numérica confirmada,No aplicable: no es magnitud numérica confirmada,revisar códigos/categorías con el diccionario,revisar códigos/categorías con el diccionario,0,0,,,,,,,False,False,0,"Retener en el maestro; revisar perfil, universo, semántica y alertas"
phrs,Horas trabajadas a la semana Ocupación Principal (phrs),Horas trabajadas a la semana Ocupación Principal,"Variables geográficas, de diseño o derivadas",Personas de 7 años o más de edad,"Etiqueta y metadatos importados del DDI oficial INE EH2025, archivo F27",Retain in master; profile and review documented format/domain and outlier alerts,39497,39497,19479,19478,50.6823,50.6849,0,0,20018,20019,0,0,0.0,0.0,numeric format checked; range/domain not confirmed,numeric format checked; range/domain not confirmed,20018,20019,50.6823,50.6849,80.0,80.0,Retain in master; profile and review documented format/domain and outlier alerts,Retain in master; profile and review documented format/domain and outlier alerts,0,0,20018,20019,0,0,203,202,0.010421,0.010371,numeric-like; semantic quantitative type provisionally documented,numeric-like; semantic quantitative type provisionally documented,Cuantitativa discreta/derivada según etiqueta INE,Cuantitativa discreta/derivada según etiqueta INE,Sin alerta heurística de cardinalidad.,Sin alerta heurística de cardinalidad.,"Etiqueta y metadatos importados del DDI oficial INE EH2025, archivo F27","Etiqueta y metadatos importados del DDI oficial INE EH2025, archivo F27",19479,19478,1.0,1.0,171.5,168.0,43.2517968068176,43.24521254748947,19.2099906691537,19.18849087378021,30.0,30.0,43.75,43.75,54.0,54.0,24.0,24.0,IQR exploratorio × 1.5,IQR exploratorio × 1.5,alerta estadística; requiere revisión semántica,alerta estadística; requiere revisión semántica,245,244,1.2577647723189076,1.2526953485984187,-6.0,-6.0,90.0,90.0,True,True,-1,"Retener en el maestro; revisar perfil, universo, semántica y alertas"
shrs,Horas trabajadas a la semana Ocupación Secundaria (shrs),Horas trabajadas a la semana Ocupación Secundaria,"Variables geográficas, de diseño o derivadas",Personas de 7 años o más de edad,"Etiqueta y metadatos importados del DDI oficial INE EH2025, archivo F27","RETAIN IN MASTER; >80% global absence is an audit flag, not a deletion rule",39497,39497,1357,1357,96.5643,96.5643,0,0,38140,38140,0,0,0.0,0.0,numeric format checked; range/domain not confirmed,numeric format checked; range/domain not confirmed,38140,38140,96.5643,96.5643,80.0,80.0,"RETAIN IN MASTER; >80% global absence is an audit flag, not a deletion rule","RETAIN IN MASTER; >80% global absence is an audit flag, not a deletion rule",0,0,38140,38140,0,0,104,104,0.07664,0.07664,numeric-like; semantic quantitative type provisionally documented,numeric-like; semantic quantitative type provisionally documented,Cuantitativa discreta/derivada según etiqueta INE,Cuantitativa discreta/derivada según etiqueta INE,Sin alerta heurística de cardinalidad.,Sin alerta heurística de cardinalidad.,"Etiqueta y metadatos importados del DDI oficial INE EH2025, archivo F27","Etiqueta y metadatos importados del DDI oficial INE EH2025, archivo F27",1357,1357,1.0,1.0,91.0,91.0,16.90198968312454,16.90198968312454,12.240182226380321,12.240182226380321,8.0,8.0,14.0,14.0,24.0,24.0,16.0,16.0,IQR exploratorio × 1.5,IQR exploratorio × 1.5,alerta estadística; requiere revisión semántica,alerta estadística; requiere revisión semántica,36,36,2.6529108327192334,2.6529108327192334,-16.0,-16.0,48.0,48.0,False,False,0,"Retener en el maestro; revisar perfil, universo, semántica y alertas"
tothrs,Horas trabajadas a la semana (tothrs),Horas trabajadas a la semana,"Variables geográficas, de diseño o derivadas",Personas de 7 años o más de edad,"Etiqueta y metadatos importados del DDI oficial INE EH2025, archivo F27",Retain in master; profile and review documented format/domain and outlier alerts,39497,39497,19479,19477,50.6823,50.6874,0,0,20018,20020,0,0,0.0,0.0,numeric format checked; range/domain not confirmed,numeric format checked; range/domain not confirmed,20018,20020,50.6823,50.6874,80.0,80.0,Retain in master; profile and review documented format/domain and outlier alerts,Retain in master; profile and review documented format/domain and outlier alerts,0,0,20018,20020,0,0,299,297,0.01535,0.015249,numeric-like; semantic quantitative type provisionally documented,numeric-like; semantic quantitative type provisionally documented,Cuantitativa discreta/derivada según etiqueta INE,Cuantitativa discreta/derivada según etiqueta INE,Sin alerta heurística de cardinalidad.,Sin alerta heurística de cardinalidad.,"Etiqueta y metadatos importados del DDI oficial INE EH2025, archivo F27","Etiqueta y metadatos importados del DDI oficial INE EH2025, archivo F27",19479,19477,1.0,1.0,192.0,148.0,44.42926998305868,44.41516917389742,19.5721036676323,19.5232978450764,30.0,30.0,45.0,45.0,56.0,56.0,26.0,26.0,IQR exploratorio × 1.5,IQR exploratorio × 1.5,alerta estadística; requiere revisión semántica,alerta estadística; requiere revisión semántica,261,259,1.339904512551979,1.3297735790932896,-9.0,-9.0,95.0,95.0,False,False,-2,"Retener en el maestro; revisar perfil, universo, semántica y alertas"
totper,Total de personas que habitan en el hogar (definición del diccionario local anterior; no figura en F27). (totper),Total de personas que habitan en el hogar (definición del diccionario local anterior; no figura en F27).,Extensión local; no pertenece a F27 oficial,No especificado en el diccionario,Extensión local no incluida en el DDI oficial; confirmar versión y procedencia,Retain in master; profile and review documented format/domain and outlier alerts,39497,39497,39477,39477,0.0506,0.0506,0,0,20,20,0,0,0.0,0.0,numeric format checked; range/domain not confirmed,numeric format checked; range/domain not confirmed,20,20,0.0506,0.0506,80.0,80.0,Retain in master; profile and review documented format/domain and outlier alerts,Retain in master; profile and review documented format/domain and outlier alerts,0,0,20,20,0,0,1,1,2.5e-05,2.5e-05,numeric-like; semantic quantitative type provisionally documented,numeric-like; semantic quantitative type provisionally documented,Cuantitativa candidata; confirmar unidad/universo,Cuantitativa candidata; confirmar unidad/universo,Sin alerta heurística de cardinalidad.,Sin alerta heurística de cardinalidad.,Extensión local no incluida en el DDI oficial; confirmar versión y procedencia,Extensión local no incluida en el DDI oficial; confirmar versión y procedencia,39477,39477,1.0,1.0,1.0,1.0,1.0,1.0,0.0,0.0,1.0,1.0,1.0,1.0,1.0,1.0,0.0,0.0,IQR exploratorio × 1.5,IQR exploratorio × 1.5,IQR cero; alertas no clasificadas automáticamente,IQR cero; alertas no clasificadas automáticamente,0,0,,,,,,,False,False,0,"Retener en el maestro; revisar perfil, universo, semántica y alertas"
yprilab,Ingreso laboral Ocupación Principal (Bs/Mes) (yprilab),Ingreso laboral Ocupación Principal (Bs/Mes),"Variables geográficas, de diseño o derivadas",Personas de 7 años o más de edad,"Etiqueta y metadatos importados del DDI oficial INE EH2025, archivo F27",Retain in master; profile and review documented format/domain and outlier alerts,39497,39497,16696,16696,57.7284,57.7284,0,0,22801,22801,0,0,0.0,0.0,numeric format checked; range/domain not confirmed,numeric format checked; range/domain not confirmed,22801,22801,57.7284,57.7284,80.0,80.0,Retain in master; profile and review documented format/domain and outlier alerts,Retain in master; profile and review documented format/domain and outlier alerts,0,0,22801,22801,0,0,5013,5013,0.300252,0.300252,numeric-like; semantic quantitative type provisionally documented,numeric-like; semantic quantitative type provisionally documented,Cuantitativa monetaria según etiqueta INE,Cuantitativa monetaria según etiqueta INE,Sin alerta heurística de cardinalidad.,Sin alerta heurística de cardinalidad.,"Etiqueta y metadatos importados del DDI oficial INE EH2025, archivo F27","Etiqueta y metadatos importados del DDI oficial INE EH2025, archivo F27",16696,16696,6.66666698455811,6.66666698455811,75064.875,75064.875,3267.5043927732127,3267.5043927732127,2983.0656777515906,2983.0656777515906,1500.0,1500.0,2614.70336914063,2614.70336914063,4100.666748046875,4100.666748046875,2600.666748046875,2600.666748046875,IQR exploratorio × 1.5,IQR exploratorio × 1.5,alerta estadística; requiere revisión semántica,alerta estadística; requiere revisión semántica,839,839,5.025155725922376,5.025155725922376,-2401.0001220703125,-2401.0001220703125,8001.6668701171875,8001.6668701171875,True,True,0,"Retener en el maestro; revisar perfil, universo, semántica y alertas"
yseclab,Ingreso laboral Ocupación Secundaria (Bs/Mes) (yseclab),Ingreso laboral Ocupación Secundaria (Bs/Mes),"Variables geográficas, de diseño o derivadas",Personas de 7 años o más de edad,"Etiqueta y metadatos importados del DDI oficial INE EH2025, archivo F27","RETAIN IN MASTER; >80% global absence is an audit flag, not a deletion rule",39497,39497,926,926,97.6555,97.6555,0,0,38571,38571,0,0,0.0,0.0,numeric format checked; range/domain not confirmed,numeric format checked; range/domain not confirmed,38571,38571,97.6555,97.6555,80.0,80.0,"RETAIN IN MASTER; >80% global absence is an audit flag, not a deletion rule","RETAIN IN MASTER; >80% global absence is an audit flag, not a deletion rule",0,0,38571,38571,1,1,237,237,0.25594,0.25594,numeric-like; semantic quantitative type provisionally documented,numeric-like; semantic quantitative type provisionally documented,Cuantitativa monetaria según etiqueta INE,Cuantitativa monetaria según etiqueta INE,Sin alerta heurística de cardinalidad.,Sin alerta heurística de cardinalidad.,"Etiqueta y metadatos importados del DDI oficial INE EH2025, archivo F27","Etiqueta y metadatos importados del DDI oficial INE EH2025, archivo F27",926,926,0.0,0.0,21650.0,21650.0,1174.0648617054421,1174.0648617054421,1632.3071198710743,1632.3071198710743,346.399993896484,346.399993896484,683.3333435058595,683.3333435058595,1415.179992675785,1415.179992675785,1068.779998779301,1068.779998779301,IQR exploratorio × 1.5,IQR exploratorio × 1.5,alerta estadística; requiere revisión semántica,alerta estadística; requiere revisión semántica,68,68,7.343412526997841,7.343412526997841,-1256.7700042724675,-1256.7700042724675,3018.3499908447366,3018.3499908447366,True,True,0,"Retener en el maestro; revisar perfil, universo, semántica y alertas"
ylab,Ingreso laboral (Bs/Mes) (ylab),Ingreso laboral (Bs/Mes),"Variables geográficas, de diseño o derivadas",Personas de 7 años o más de edad,"Etiqueta y metadatos importados del DDI oficial INE EH2025, archivo F27",Retain in master; profile and review documented format/domain and outlier alerts,39497,39497,16709,16709,57.6955,57.6955,0,0,22788,22788,0,0,0.0,0.0,numeric format checked; range/domain not confirmed,numeric format checked; range/domain not confirmed,22788,22788,57.6955,57.6955,80.0,80.0,Retain in master; profile and review documented format/domain and outlier alerts,Retain in master; profile and review documented format/domain and outlier alerts,0,0,22788,22788,0,0,5362,5362,0.320905,0.320905,numeric-like; semantic quantitative type provisionally documented,numeric-like; semantic quantitative type provisionally documented,Cuantitativa monetaria según etiqueta INE,Cuantitativa monetaria según etiqueta INE,Sin alerta heurística de cardinalidad.,Sin alerta heurística de cardinalidad.,"Etiqueta y metadatos importados del DDI oficial INE EH2025, archivo F27","Etiqueta y metadatos importados del DDI oficial INE EH2025, archivo F27",16709,16709,6.66666698455811,6.66666698455811,82270.0,82270.0,3330.0279733840594,3330.0279733840594,3051.973979631998,3051.973979631998,1519.59997558594,1519.59997558594,2706.25,2706.25,4191.66650390625,4191.66650390625,2672.0665283203098,2672.0665283203098,IQR exploratorio × 1.5,IQR exploratorio × 1.5,alerta estadística; requiere revisión semántica,alerta estadística; requiere revisión semántica,845,845,5.0571548267400805,5.0571548267400805,-2488.499816894525,-2488.499816894525,8199.766296386715,8199.766296386715,True,True,0,"Retener en el maestro; revisar perfil, universo, semántica y alertas"
ynolab,Ingreso no laboral (Bs/Mes) (ynolab),Ingreso no laboral (Bs/Mes),"Variables geográficas, de diseño o derivadas",Todos los miembros del hogar,"Etiqueta y metadatos importados del DDI oficial INE EH2025, archivo F27",Retain in master; profile and review documented format/domain and outlier alerts,39497,39497,39497,39497,0.0,0.0,0,0,0,0,0,0,0.0,0.0,numeric format checked; range/domain not confirmed,numeric format checked; range/domain not confirmed,0,0,0.0,0.0,80.0,80.0,Retain in master; profile and review documented format/domain and outlier alerts,Retain in master; profile and review documented format/domain and outlier alerts,0,0,0,0,21634,21634,1993,1993,0.05046,0.05046,numeric-like; semantic quantitative type provisionally documented,numeric-like; semantic quantitative type provisionally documented,Cuantitativa monetaria según etiqueta INE,Cuantitativa monetaria según etiqueta INE,Sin alerta heurística de cardinalidad.,Sin alerta heurística de cardinalidad.,"Etiqueta y metadatos importados del DDI oficial INE EH2025, archivo F27","Etiqueta y metadatos importados del DDI oficial INE EH2025, archivo F27",39497,39497,0.0,0.0,21000.0,21000.0,258.21187809164843,258.21187809164843,830.99285966565,830.99285966565,0.0,0.0,0.0,0.0,100.0,100.0,100.0,100.0,IQR exploratorio × 1.5,IQR exploratorio × 1.5,alerta estadística; requiere revisión semántica,alerta estadística; requiere revisión semántica,7681,7681,19.447046611135022,19.447046611135022,-150.0,-150.0,250.0,250.0,True,True,0,"Retener en el maestro; revisar perfil, universo, semántica y alertas"
yper,Ingreso personal (Bs/Mes) (yper),Ingreso personal (Bs/Mes),"Variables geográficas, de diseño o derivadas",Todos los miembros del hogar,"Etiqueta y metadatos importados del DDI oficial INE EH2025, archivo F27",Retain in master; profile and review documented format/domain and outlier alerts,39497,39497,39497,39497,0.0,0.0,0,0,0,0,0,0,0.0,0.0,numeric format checked; range/domain not confirmed,numeric format checked; range/domain not confirmed,0,0,0.0,0.0,80.0,80.0,Retain in master; profile and review documented format/domain and outlier alerts,Retain in master; profile and review documented format/domain and outlier alerts,0,0,0,0,8827,8827,8252,8252,0.208927,0.208927,numeric-like; semantic quantitative type provisionally documented,numeric-like; semantic quantitative type provisionally documented,Cuantitativa monetaria según etiqueta INE,Cuantitativa monetaria según etiqueta INE,Sin alerta heurística de cardinalidad.,Sin alerta heurística de cardinalidad.,"Etiqueta y metadatos importados del DDI oficial INE EH2025, archivo F27","Etiqueta y metadatos importados del DDI oficial INE EH2025, archivo F27",39497,39497,0.0,0.0,97270.0,97270.0,1666.9628568847327,1666.9628568847327,2666.475294283327,2666.475294283327,36.0,36.0,429.166656494141,429.166656494141,2610.5,2610.5,2574.5,2574.5,IQR exploratorio × 1.5,IQR exploratorio × 1.5,alerta estadística; requiere revisión semántica,alerta estadística; requiere revisión semántica,1841,1841,4.661113502291314,4.661113502291314,-3825.75,-3825.75,6472.25,6472.25,True,True,0,"Retener en el maestro; revisar perfil, universo, semántica y alertas"
yhog,Ingreso del hogar (Bs/Mes) (yhog),Ingreso del hogar (Bs/Mes),"Variables geográficas, de diseño o derivadas",Todos los miembros del hogar excluyendo personal doméstico y sus parientes,"Etiqueta y metadatos importados del DDI oficial INE EH2025, archivo F27",Retain in master; profile and review documented format/domain and outlier alerts,39497,39497,39477,39477,0.0506,0.0506,0,0,20,20,0,0,0.0,0.0,numeric format checked; range/domain not confirmed,numeric format checked; range/domain not confirmed,20,20,0.0506,0.0506,80.0,80.0,Retain in master; profile and review documented format/domain and outlier alerts,Retain in master; profile and review documented format/domain and outlier alerts,0,0,20,20,27,27,9935,9935,0.251666,0.251666,numeric-like; semantic quantitative type provisionally documented,numeric-like; semantic quantitative type provisionally documented,Cuantitativa monetaria según etiqueta INE,Cuantitativa monetaria según etiqueta INE,Sin alerta heurística de cardinalidad.,Sin alerta heurística de cardinalidad.,"Etiqueta y metadatos importados del DDI oficial INE EH2025, archivo F27","Etiqueta y metadatos importados del DDI oficial INE EH2025, archivo F27",39477,39477,0.0,0.0,106375.0,106375.0,5847.800665889736,5847.800665889736,4961.889476550446,4961.889476550446,2775.5,2775.5,4656.0498046875,4656.0498046875,7530.0,7530.0,4754.5,4754.5,IQR exploratorio × 1.5,IQR exploratorio × 1.5,alerta estadística; requiere revisión semántica,alerta estadística; requiere revisión semántica,1889,1889,4.785064721230083,4.785064721230083,-4356.25,-4356.25,14661.75,14661.75,True,True,0,"Retener en el maestro; revisar perfil, universo, semántica y alertas"
yhogpc,Ingreso percápita del hogar (Bs/Mes) (yhogpc),Ingreso percápita del hogar (Bs/Mes),"Variables geográficas, de diseño o derivadas",Todos los miembros del hogar excluyendo personal doméstico y sus parientes,"Etiqueta y metadatos importados del DDI oficial INE EH2025, archivo F27",Retain in master; profile and review documented format/domain and outlier alerts,39497,39497,39477,39477,0.0506,0.0506,0,0,20,20,0,0,0.0,0.0,numeric format checked; range/domain not confirmed,numeric format checked; range/domain not confirmed,20,20,0.0506,0.0506,80.0,80.0,Retain in master; profile and review documented format/domain and outlier alerts,Retain in master; profile and review documented format/domain and outlier alerts,0,0,20,20,27,27,10320,10320,0.261418,0.261418,numeric-like; semantic quantitative type provisionally documented,numeric-like; semantic quantitative type provisionally documented,Cuantitativa monetaria según etiqueta INE,Cuantitativa monetaria según etiqueta INE,Sin alerta heurística de cardinalidad.,Sin alerta heurística de cardinalidad.,"Etiqueta y metadatos importados del DDI oficial INE EH2025, archivo F27","Etiqueta y metadatos importados del DDI oficial INE EH2025, archivo F27",39477,39477,0.0,0.0,39358.66796875,39358.66796875,1666.6890312199366,1666.6890312199366,1545.2204894109502,1545.2204894109502,756.5,756.5,1257.29174804688,1257.29174804688,2084.0,2084.0,1327.5,1327.5,IQR exploratorio × 1.5,IQR exploratorio × 1.5,alerta estadística; requiere revisión semántica,alerta estadística; requiere revisión semántica,2204,2204,5.582997694860299,5.582997694860299,-1234.75,-1234.75,4075.25,4075.25,True,True,0,"Retener en el maestro; revisar perfil, universo, semántica y alertas"
z,Línea de pobreza (Bs/persona/mes) (z),Línea de pobreza (Bs/persona/mes),"Variables geográficas, de diseño o derivadas",Todos los miembros del hogar excluyendo personal doméstico y sus parientes,"Etiqueta y metadatos importados del DDI oficial INE EH2025, archivo F27",Retain in master; profile and review documented format/domain and outlier alerts,39497,39497,39497,39497,0.0,0.0,0,0,0,0,0,0,0.0,0.0,numeric format checked; range/domain not confirmed,numeric format checked; range/domain not confirmed,0,0,0.0,0.0,80.0,80.0,Retain in master; profile and review documented format/domain and outlier alerts,Retain in master; profile and review documented format/domain and outlier alerts,0,0,0,0,0,0,12,12,0.000304,0.000304,numeric-like; semantic quantitative type provisionally documented,numeric-like; semantic quantitative type provisionally documented,Cuantitativa monetaria según etiqueta INE,Cuantitativa monetaria según etiqueta INE,Sin alerta heurística de cardinalidad.,Sin alerta heurística de cardinalidad.,"Etiqueta y metadatos importados del DDI oficial INE EH2025, archivo F27","Etiqueta y metadatos importados del DDI oficial INE EH2025, archivo F27",39497,39497,761.840026855469,761.840026855469,1228.81005859375,1228.81005859375,995.5384926510441,995.5384926510441,175.73375557397495,175.73375557397495,908.640014648438,908.640014648438,946.090026855469,946.090026855469,1191.5,1191.5,282.85998535156205,282.85998535156205,IQR exploratorio × 1.5,IQR exploratorio × 1.5,alerta estadística; requiere revisión semántica,alerta estadística; requiere revisión semántica,0,0,0.0,0.0,484.3500366210949,484.3500366210949,1615.789978027343,1615.789978027343,True,True,0,"Retener en el maestro; revisar perfil, universo, semántica y alertas"
zext,Línea de pobreza extrema o de indigencia (bs/persona/mes) (zext),Línea de pobreza extrema o de indigencia (bs/persona/mes),"Variables geográficas, de diseño o derivadas",Todos los miembros del hogar excluyendo personal doméstico y sus parientes,"Etiqueta y metadatos importados del DDI oficial INE EH2025, archivo F27",Retain in master; profile and review documented format/domain and outlier alerts,39497,39497,39497,39497,0.0,0.0,0,0,0,0,0,0,0.0,0.0,numeric format checked; range/domain not confirmed,numeric format checked; range/domain not confirmed,0,0,0.0,0.0,80.0,80.0,Retain in master; profile and review documented format/domain and outlier alerts,Retain in master; profile and review documented format/domain and outlier alerts,0,0,0,0,0,0,12,12,0.000304,0.000304,numeric-like; semantic quantitative type provisionally documented,numeric-like; semantic quantitative type provisionally documented,Cuantitativa monetaria según etiqueta INE,Cuantitativa monetaria según etiqueta INE,Sin alerta heurística de cardinalidad.,Sin alerta heurística de cardinalidad.,"Etiqueta y metadatos importados del DDI oficial INE EH2025, archivo F27","Etiqueta y metadatos importados del DDI oficial INE EH2025, archivo F27",39497,39497,436.720001220703,436.720001220703,603.799987792969,603.799987792969,511.1674318517146,511.1674318517146,67.47687202384279,67.47687202384279,457.869995117188,457.869995117188,473.290008544922,473.290008544922,593.380004882812,593.380004882812,135.51000976562403,135.51000976562403,IQR exploratorio × 1.5,IQR exploratorio × 1.5,alerta estadística; requiere revisión semántica,alerta estadística; requiere revisión semántica,0,0,0.0,0.0,254.60498046875196,254.60498046875196,796.6450195312481,796.6450195312481,True,True,0,"Retener en el maestro; revisar perfil, universo, semántica y alertas"
p0,Pobreza por ingreso (p0),Pobreza por ingreso,"Variables geográficas, de diseño o derivadas",Todos los miembros del hogar excluyendo personal doméstico y sus parientes,"Etiqueta y metadatos importados del DDI oficial INE EH2025, archivo F27",Retain in master; profile and review documented format/domain and outlier alerts,39497,39497,39477,39477,0.0506,0.0506,0,0,20,20,0,0,0.0,0.0,numeric format checked; range/domain not confirmed,numeric format checked; range/domain not confirmed,20,20,0.0506,0.0506,80.0,80.0,Retain in master; profile and review documented format/domain and outlier alerts,Retain in master; profile and review documented format/domain and outlier alerts,0,0,20,20,24550,24550,2,2,5.1e-05,5.1e-05,numeric-like; semantic quantitative type provisionally documented,numeric-like; semantic quantitative type provisionally documented,Cuantitativa monetaria según etiqueta INE,Cuantitativa monetaria según etiqueta INE,Sin alerta heurística de cardinalidad.,Sin alerta heurística de cardinalidad.,"Etiqueta y metadatos importados del DDI oficial INE EH2025, archivo F27","Etiqueta y metadatos importados del DDI oficial INE EH2025, archivo F27",39477,39477,0.0,0.0,1.0,1.0,0.37811890467867365,0.37811890467867365,0.48492365920879527,0.48492365920879527,0.0,0.0,0.0,0.0,1.0,1.0,1.0,1.0,IQR exploratorio × 1.5,IQR exploratorio × 1.5,alerta estadística; requiere revisión semántica,alerta estadística; requiere revisión semántica,0,0,0.0,0.0,-1.5,-1.5,2.5,2.5,True,True,0,"Retener en el maestro; revisar perfil, universo, semántica y alertas"
p1,Brecha de pobreza por ingreso (p1),Brecha de pobreza por ingreso,"Variables geográficas, de diseño o derivadas",Todos los miembros del hogar excluyendo personal doméstico y sus parientes,"Etiqueta y metadatos importados del DDI oficial INE EH2025, archivo F27",Retain in master; profile and review documented format/domain and outlier alerts,39497,39497,39477,39477,0.0506,0.0506,0,0,20,20,0,0,0.0,0.0,numeric format checked; range/domain not confirmed,numeric format checked; range/domain not confirmed,20,20,0.0506,0.0506,80.0,80.0,Retain in master; profile and review documented format/domain and outlier alerts,Retain in master; profile and review documented format/domain and outlier alerts,0,0,20,20,24550,24550,3649,3649,0.092434,0.092434,numeric-like; semantic quantitative type provisionally documented,numeric-like; semantic quantitative type provisionally documented,Cuantitativa monetaria según etiqueta INE,Cuantitativa monetaria según etiqueta INE,Sin alerta heurística de cardinalidad.,Sin alerta heurística de cardinalidad.,"Etiqueta y metadatos importados del DDI oficial INE EH2025, archivo F27","Etiqueta y metadatos importados del DDI oficial INE EH2025, archivo F27",39477,39477,0.0,0.0,1.0,1.0,0.13900812344944574,0.13900812344944574,0.230165238409695,0.230165238409695,0.0,0.0,0.0,0.0,0.233626261353493,0.233626261353493,0.233626261353493,0.233626261353493,IQR exploratorio × 1.5,IQR exploratorio × 1.5,alerta estadística; requiere revisión semántica,alerta estadística; requiere revisión semántica,3046,3046,7.715885198976618,7.715885198976618,-0.3504393920302395,-0.3504393920302395,0.5840656533837325,0.5840656533837325,True,True,0,"Retener en el maestro; revisar perfil, universo, semántica y alertas"
p2,Magnitud de pobreza por ingreso (p2),Magnitud de pobreza por ingreso,"Variables geográficas, de diseño o derivadas",Todos los miembros del hogar excluyendo personal doméstico y sus parientes,"Etiqueta y metadatos importados del DDI oficial INE EH2025, archivo F27",Retain in master; profile and review documented format/domain and outlier alerts,39497,39497,39477,39477,0.0506,0.0506,0,0,20,20,0,0,0.0,0.0,numeric format checked; range/domain not confirmed,numeric format checked; range/domain not confirmed,20,20,0.0506,0.0506,80.0,80.0,Retain in master; profile and review documented format/domain and outlier alerts,Retain in master; profile and review documented format/domain and outlier alerts,0,0,20,20,24550,24550,3649,3649,0.092434,0.092434,numeric-like; semantic quantitative type provisionally documented,numeric-like; semantic quantitative type provisionally documented,Cuantitativa monetaria según etiqueta INE,Cuantitativa monetaria según etiqueta INE,Sin alerta heurística de cardinalidad.,Sin alerta heurística de cardinalidad.,"Etiqueta y metadatos importados del DDI oficial INE EH2025, archivo F27","Etiqueta y metadatos importados del DDI oficial INE EH2025, archivo F27",39477,39477,0.0,0.0,1.0,1.0,0.0722979534713637,0.0722979534713637,0.15747540309038266,0.15747540309038266,0.0,0.0,0.0,0.0,0.0545812286436558,0.0545812286436558,0.0545812286436558,0.0545812286436558,IQR exploratorio × 1.5,IQR exploratorio × 1.5,alerta estadística; requiere revisión semántica,alerta estadística; requiere revisión semántica,6876,6876,17.417736910099553,17.417736910099553,-0.0818718429654837,-0.0818718429654837,0.1364530716091395,0.1364530716091395,True,True,0,"Retener en el maestro; revisar perfil, universo, semántica y alertas"
pext0,Pobreza extrema o indigencia por ingreso (pext0),Pobreza extrema o indigencia por ingreso,"Variables geográficas, de diseño o derivadas",Todos los miembros del hogar excluyendo personal doméstico y sus parientes,"Etiqueta y metadatos importados del DDI oficial INE EH2025, archivo F27",Retain in master; profile and review documented format/domain and outlier alerts,39497,39497,39477,39477,0.0506,0.0506,0,0,20,20,0,0,0.0,0.0,numeric format checked; range/domain not confirmed,numeric format checked; range/domain not confirmed,20,20,0.0506,0.0506,80.0,80.0,Retain in master; profile and review documented format/domain and outlier alerts,Retain in master; profile and review documented format/domain and outlier alerts,0,0,20,20,34781,34781,2,2,5.1e-05,5.1e-05,numeric-like; semantic quantitative type provisionally documented,numeric-like; semantic quantitative type provisionally documented,Cuantitativa monetaria según etiqueta INE,Cuantitativa monetaria según etiqueta INE,Sin alerta heurística de cardinalidad.,Sin alerta heurística de cardinalidad.,"Etiqueta y metadatos importados del DDI oficial INE EH2025, archivo F27","Etiqueta y metadatos importados del DDI oficial INE EH2025, archivo F27",39477,39477,0.0,0.0,1.0,1.0,0.11895534108468223,0.11895534108468223,0.3237400543886127,0.3237400543886127,0.0,0.0,0.0,0.0,0.0,0.0,0.0,0.0,IQR exploratorio × 1.5,IQR exploratorio × 1.5,IQR cero; alertas no clasificadas automáticamente,IQR cero; alertas no clasificadas automáticamente,0,0,,,,,,,True,True,0,"Retener en el maestro; revisar perfil, universo, semántica y alertas"
pext1,Brecha de pobreza extrema por ingreso (pext1),Brecha de pobreza extrema por ingreso,"Variables geográficas, de diseño o derivadas",Todos los miembros del hogar excluyendo personal doméstico y sus parientes,"Etiqueta y metadatos importados del DDI oficial INE EH2025, archivo F27",Retain in master; profile and review documented format/domain and outlier alerts,39497,39497,39477,39477,0.0506,0.0506,0,0,20,20,0,0,0.0,0.0,numeric format checked; range/domain not confirmed,numeric format checked; range/domain not confirmed,20,20,0.0506,0.0506,80.0,80.0,Retain in master; profile and review documented format/domain and outlier alerts,Retain in master; profile and review documented format/domain and outlier alerts,0,0,20,20,34781,34781,1087,1087,0.027535,0.027535,numeric-like; semantic quantitative type provisionally documented,numeric-like; semantic quantitative type provisionally documented,Cuantitativa monetaria según etiqueta INE,Cuantitativa monetaria según etiqueta INE,Sin alerta heurística de cardinalidad.,Sin alerta heurística de cardinalidad.,"Etiqueta y metadatos importados del DDI oficial INE EH2025, archivo F27","Etiqueta y metadatos importados del DDI oficial INE EH2025, archivo F27",39477,39477,0.0,0.0,1.0,1.0,0.04261048680508252,0.04261048680508252,0.1437997016227099,0.1437997016227099,0.0,0.0,0.0,0.0,0.0,0.0,0.0,0.0,IQR exploratorio × 1.5,IQR exploratorio × 1.5,IQR cero; alertas no clasificadas automáticamente,IQR cero; alertas no clasificadas automáticamente,0,0,,,,,,,True,True,0,"Retener en el maestro; revisar perfil, universo, semántica y alertas"
pext2,Magnitud de pobreza extrema por ingreso (pext2),Magnitud de pobreza extrema por ingreso,"Variables geográficas, de diseño o derivadas",Todos los miembros del hogar excluyendo personal doméstico y sus parientes,"Etiqueta y metadatos importados del DDI oficial INE EH2025, archivo F27",Retain in master; profile and review documented format/domain and outlier alerts,39497,39497,39477,39477,0.0506,0.0506,0,0,20,20,0,0,0.0,0.0,numeric format checked; range/domain not confirmed,numeric format checked; range/domain not confirmed,20,20,0.0506,0.0506,80.0,80.0,Retain in master; profile and review documented format/domain and outlier alerts,Retain in master; profile and review documented format/domain and outlier alerts,0,0,20,20,34781,34781,1087,1087,0.027535,0.027535,numeric-like; semantic quantitative type provisionally documented,numeric-like; semantic quantitative type provisionally documented,Cuantitativa monetaria según etiqueta INE,Cuantitativa monetaria según etiqueta INE,Sin alerta heurística de cardinalidad.,Sin alerta heurística de cardinalidad.,"Etiqueta y metadatos importados del DDI oficial INE EH2025, archivo F27","Etiqueta y metadatos importados del DDI oficial INE EH2025, archivo F27",39477,39477,0.0,0.0,1.0,1.0,0.022493483988387238,0.022493483988387238,0.0958264686362037,0.0958264686362037,0.0,0.0,0.0,0.0,0.0,0.0,0.0,0.0,IQR exploratorio × 1.5,IQR exploratorio × 1.5,IQR cero; alertas no clasificadas automáticamente,IQR cero; alertas no clasificadas automáticamente,0,0,,,,,,,True,True,0,"Retener en el maestro; revisar perfil, universo, semántica y alertas"
tipohogar,Tipo de hogar recodificado (tipohogar),Tipo de hogar recodificado,"Variables geográficas, de diseño o derivadas",None,"Etiqueta y metadatos importados del DDI oficial INE EH2025, archivo F27",Retain in master; profile and review documented format/domain and outlier alerts,39497,39497,39497,39497,0.0,0.0,0,0,0,0,0,0,0.0,0.0,not evaluated: variable domain is not confirmed,not evaluated: variable domain is not confirmed,0,0,0.0,0.0,80.0,80.0,Retain in master; profile and review documented format/domain and outlier alerts,Retain in master; profile and review documented format/domain and outlier alerts,0,0,0,0,0,0,7,7,0.000177,0.000177,numeric-like candidate; no numeric summary until semantics are confirmed,numeric-like candidate; no numeric summary until semantics are confirmed,Categórica o codificada según metadatos INE,Categórica o codificada según metadatos INE,Sin alerta heurística de cardinalidad.,Sin alerta heurística de cardinalidad.,"Etiqueta y metadatos importados del DDI oficial INE EH2025, archivo F27","Etiqueta y metadatos importados del DDI oficial INE EH2025, archivo F27",0,0,,,,,,,,,,,,,,,,,No aplicable: no es magnitud numérica confirmada,No aplicable: no es magnitud numérica confirmada,revisar códigos/categorías con el diccionario,revisar códigos/categorías con el diccionario,0,0,,,,,,,False,False,0,"Retener en el maestro; revisar perfil, universo, semántica y alertas"
cobersalud,Cobertura de Seguro de Salud (cobersalud),Cobertura de Seguro de Salud,"Variables geográficas, de diseño o derivadas",Todos los miembros del hogar,"Etiqueta y metadatos importados del DDI oficial INE EH2025, archivo F27",Retain in master; profile and review documented format/domain and outlier alerts,39497,39497,39497,39497,0.0,0.0,0,0,0,0,0,0,0.0,0.0,not evaluated: variable domain is not confirmed,not evaluated: variable domain is not confirmed,0,0,0.0,0.0,80.0,80.0,Retain in master; profile and review documented format/domain and outlier alerts,Retain in master; profile and review documented format/domain and outlier alerts,0,0,0,0,0,0,4,4,0.000101,0.000101,numeric-like candidate; no numeric summary until semantics are confirmed,numeric-like candidate; no numeric summary until semantics are confirmed,Categórica o codificada según metadatos INE,Categórica o codificada según metadatos INE,Sin alerta heurística de cardinalidad.,Sin alerta heurística de cardinalidad.,"Etiqueta y metadatos importados del DDI oficial INE EH2025, archivo F27","Etiqueta y metadatos importados del DDI oficial INE EH2025, archivo F27",0,0,,,,,,,,,,,,,,,,,No aplicable: no es magnitud numérica confirmada,No aplicable: no es magnitud numérica confirmada,revisar códigos/categorías con el diccionario,revisar códigos/categorías con el diccionario,0,0,,,,,,,False,False,0,"Retener en el maestro; revisar perfil, universo, semántica y alertas"
hnv_ult_a,Hijos nacidos vivos en el último año (hnv_ult_a),Hijos nacidos vivos en el último año,"Variables geográficas, de diseño o derivadas",Mujeres entre 13 a 50 años de edad,"Etiqueta y metadatos importados del DDI oficial INE EH2025, archivo F27",Retain in master; profile and review documented format/domain and outlier alerts,39497,39497,11328,11328,71.3193,71.3193,0,0,28169,28169,0,0,0.0,0.0,numeric format checked; range/domain not confirmed,numeric format checked; range/domain not confirmed,28169,28169,71.3193,71.3193,80.0,80.0,Retain in master; profile and review documented format/domain and outlier alerts,Retain in master; profile and review documented format/domain and outlier alerts,0,0,28169,28169,10830,10830,2,2,0.000177,0.000177,numeric-like; semantic quantitative type provisionally documented,numeric-like; semantic quantitative type provisionally documented,Cuantitativa discreta/derivada según etiqueta INE,Cuantitativa discreta/derivada según etiqueta INE,Sin alerta heurística de cardinalidad.,Sin alerta heurística de cardinalidad.,"Etiqueta y metadatos importados del DDI oficial INE EH2025, archivo F27","Etiqueta y metadatos importados del DDI oficial INE EH2025, archivo F27",11328,11328,0.0,0.0,1.0,1.0,0.04396186440677966,0.04396186440677966,0.20501933913336845,0.20501933913336845,0.0,0.0,0.0,0.0,0.0,0.0,0.0,0.0,IQR exploratorio × 1.5,IQR exploratorio × 1.5,IQR cero; alertas no clasificadas automáticamente,IQR cero; alertas no clasificadas automáticamente,0,0,,,,,,,False,False,0,"Retener en el maestro; revisar perfil, universo, semántica y alertas"
quienatenparto,Personal de atención del parto (quienatenparto),Personal de atención del parto,"Variables geográficas, de diseño o derivadas",Mujeres entre 13 a 50 años de edad,"Etiqueta y metadatos importados del DDI oficial INE EH2025, archivo F27","RETAIN IN MASTER; >80% global absence is an audit flag, not a deletion rule",39497,39497,2711,2711,93.1362,93.1362,0,0,36786,36786,0,0,0.0,0.0,not evaluated: variable domain is not confirmed,not evaluated: variable domain is not confirmed,36786,36786,93.1362,93.1362,80.0,80.0,"RETAIN IN MASTER; >80% global absence is an audit flag, not a deletion rule","RETAIN IN MASTER; >80% global absence is an audit flag, not a deletion rule",0,0,36786,36786,0,0,4,4,0.001475,0.001475,numeric-like candidate; no numeric summary until semantics are confirmed,numeric-like candidate; no numeric summary until semantics are confirmed,Categórica o codificada según metadatos INE,Categórica o codificada según metadatos INE,Sin alerta heurística de cardinalidad.,Sin alerta heurística de cardinalidad.,"Etiqueta y metadatos importados del DDI oficial INE EH2025, archivo F27","Etiqueta y metadatos importados del DDI oficial INE EH2025, archivo F27",0,0,,,,,,,,,,,,,,,,,No aplicable: no es magnitud numérica confirmada,No aplicable: no es magnitud numérica confirmada,revisar códigos/categorías con el diccionario,revisar códigos/categorías con el diccionario,0,0,,,,,,,False,False,0,"Retener en el maestro; revisar perfil, universo, semántica y alertas"
niv_ed,Nivel educativo detallado (niv_ed),Nivel educativo detallado,"Variables geográficas, de diseño o derivadas",Personas de 4 años o mas de edad,"Etiqueta y metadatos importados del DDI oficial INE EH2025, archivo F27",Retain in master; profile and review documented format/domain and outlier alerts,39497,39497,37354,37354,5.4257,5.4257,0,0,2143,2143,0,0,0.0,0.0,not evaluated: variable domain is not confirmed,not evaluated: variable domain is not confirmed,2143,2143,5.4257,5.4257,80.0,80.0,Retain in master; profile and review documented format/domain and outlier alerts,Retain in master; profile and review documented format/domain and outlier alerts,0,0,2143,2143,3273,3273,7,7,0.000187,0.000187,numeric-like candidate; no numeric summary until semantics are confirmed,numeric-like candidate; no numeric summary until semantics are confirmed,Categórica o codificada según metadatos INE,Categórica o codificada según metadatos INE,Sin alerta heurística de cardinalidad.,Sin alerta heurística de cardinalidad.,"Etiqueta y metadatos importados del DDI oficial INE EH2025, archivo F27","Etiqueta y metadatos importados del DDI oficial INE EH2025, archivo F27",0,0,,,,,,,,,,,,,,,,,No aplicable: no es magnitud numérica confirmada,No aplicable: no es magnitud numérica confirmada,revisar códigos/categorías con el diccionario,revisar códigos/categorías con el diccionario,0,0,,,,,,,False,False,0,"Retener en el maestro; revisar perfil, universo, semántica y alertas"
niv_ed_g,Nivel educativo general (niv_ed_g),Nivel educativo general,"Variables geográficas, de diseño o derivadas",Personas de 4 años o mas de edad,"Etiqueta y metadatos importados del DDI oficial INE EH2025, archivo F27",Retain in master; profile and review documented format/domain and outlier alerts,39497,39497,37354,37354,5.4257,5.4257,0,0,2143,2143,0,0,0.0,0.0,not evaluated: variable domain is not confirmed,not evaluated: variable domain is not confirmed,2143,2143,5.4257,5.4257,80.0,80.0,Retain in master; profile and review documented format/domain and outlier alerts,Retain in master; profile and review documented format/domain and outlier alerts,0,0,2143,2143,3273,3273,5,5,0.000134,0.000134,numeric-like candidate; no numeric summary until semantics are confirmed,numeric-like candidate; no numeric summary until semantics are confirmed,Categórica o codificada según metadatos INE,Categórica o codificada según metadatos INE,Sin alerta heurística de cardinalidad.,Sin alerta heurística de cardinalidad.,"Etiqueta y metadatos importados del DDI oficial INE EH2025, archivo F27","Etiqueta y metadatos importados del DDI oficial INE EH2025, archivo F27",0,0,,,,,,,,,,,,,,,,,No aplicable: no es magnitud numérica confirmada,No aplicable: no es magnitud numérica confirmada,revisar códigos/categorías con el diccionario,revisar códigos/categorías con el diccionario,0,0,,,,,,,False,False,0,"Retener en el maestro; revisar perfil, universo, semántica y alertas"
cmasi,Condición de Matriculación y Asistencia (cmasi),Condición de Matriculación y Asistencia,"Variables geográficas, de diseño o derivadas",Personas de 4 años o mas de edad,"Etiqueta y metadatos importados del DDI oficial INE EH2025, archivo F27",Retain in master; profile and review documented format/domain and outlier alerts,39497,39497,37354,37354,5.4257,5.4257,0,0,2143,2143,0,0,0.0,0.0,not evaluated: variable domain is not confirmed,not evaluated: variable domain is not confirmed,2143,2143,5.4257,5.4257,80.0,80.0,Retain in master; profile and review documented format/domain and outlier alerts,Retain in master; profile and review documented format/domain and outlier alerts,0,0,2143,2143,0,0,3,3,8e-05,8e-05,numeric-like candidate; no numeric summary until semantics are confirmed,numeric-like candidate; no numeric summary until semantics are confirmed,Categórica o codificada según metadatos INE,Categórica o codificada según metadatos INE,Sin alerta heurística de cardinalidad.,Sin alerta heurística de cardinalidad.,"Etiqueta y metadatos importados del DDI oficial INE EH2025, archivo F27","Etiqueta y metadatos importados del DDI oficial INE EH2025, archivo F27",0,0,,,,,,,,,,,,,,,,,No aplicable: no es magnitud numérica confirmada,No aplicable: no es magnitud numérica confirmada,revisar códigos/categorías con el diccionario,revisar códigos/categorías con el diccionario,0,0,,,,,,,False,False,0,"Retener en el maestro; revisar perfil, universo, semántica y alertas"
educ_prev,Años de estudio previos (educ_prev),Años de estudio previos,"Variables geográficas, de diseño o derivadas",Personas de 16 años o más de edad,"Etiqueta y metadatos importados del DDI oficial INE EH2025, archivo F27","RETAIN IN MASTER; >80% global absence is an audit flag, not a deletion rule",39497,39497,2297,2297,94.1844,94.1844,0,0,37200,37200,0,0,0.0,0.0,numeric format checked; range/domain not confirmed,numeric format checked; range/domain not confirmed,37200,37200,94.1844,94.1844,80.0,80.0,"RETAIN IN MASTER; >80% global absence is an audit flag, not a deletion rule","RETAIN IN MASTER; >80% global absence is an audit flag, not a deletion rule",0,0,37200,37200,2,2,13,13,0.00566,0.00566,numeric-like; semantic quantitative type provisionally documented,numeric-like; semantic quantitative type provisionally documented,Cuantitativa discreta/derivada según etiqueta INE,Cuantitativa discreta/derivada según etiqueta INE,Sin alerta heurística de cardinalidad.,Sin alerta heurística de cardinalidad.,"Etiqueta y metadatos importados del DDI oficial INE EH2025, archivo F27","Etiqueta y metadatos importados del DDI oficial INE EH2025, archivo F27",2297,2297,0.0,0.0,12.0,12.0,11.903787548976926,11.903787548976926,0.807126643259618,0.807126643259618,12.0,12.0,12.0,12.0,12.0,12.0,0.0,0.0,IQR exploratorio × 1.5,IQR exploratorio × 1.5,IQR cero; alertas no clasificadas automáticamente,IQR cero; alertas no clasificadas automáticamente,0,0,,,,,,,False,False,0,"Retener en el maestro; revisar perfil, universo, semántica y alertas"
aestudio,Años de estudio (aestudio),Años de estudio,"Variables geográficas, de diseño o derivadas",Personas de 4 años o más de edad,"Etiqueta y metadatos importados del DDI oficial INE EH2025, archivo F27",Retain in master; profile and review documented format/domain and outlier alerts,39497,39497,37354,37354,5.4257,5.4257,0,0,2143,2143,0,0,0.0,0.0,numeric format checked; range/domain not confirmed,numeric format checked; range/domain not confirmed,2143,2143,5.4257,5.4257,80.0,80.0,Retain in master; profile and review documented format/domain and outlier alerts,Retain in master; profile and review documented format/domain and outlier alerts,0,0,2143,2143,3273,3273,24,24,0.000643,0.000643,numeric-like; semantic quantitative type provisionally documented,numeric-like; semantic quantitative type provisionally documented,Cuantitativa discreta/derivada según etiqueta INE,Cuantitativa discreta/derivada según etiqueta INE,Sin alerta heurística de cardinalidad.,Sin alerta heurística de cardinalidad.,"Etiqueta y metadatos importados del DDI oficial INE EH2025, archivo F27","Etiqueta y metadatos importados del DDI oficial INE EH2025, archivo F27",37354,37354,0.0,0.0,23.0,23.0,9.046956149274509,9.046956149274509,5.492721553604773,5.492721553604773,4.0,4.0,10.0,10.0,13.0,13.0,9.0,9.0,IQR exploratorio × 1.5,IQR exploratorio × 1.5,alerta estadística; requiere revisión semántica,alerta estadística; requiere revisión semántica,0,0,0.0,0.0,-9.5,-9.5,26.5,26.5,False,False,0,"Retener en el maestro; revisar perfil, universo, semántica y alertas"
