folio,nro,area,depto,upm,estrato,factor,s04e_25,s04e_26_cod,s04e_27,s04e_28,s04e_29,s04e_30a,s04e_30b,s04f_31a,s04f_31b,s04f_32a,s04f_32a1,s04f_32b,s04f_32b1,s04f_32c,s04f_32c1,s04f_33a,s04f_33b,s04f_34a,s04f_34b,s04f_34ba,s04f_34bb,s04f_34bc,s04f_35,s04f_36,s01a_02,s01a_03,pet,pea,pei,condact,caeb_os,shrs,tothrs,yseclab,ylab,yper,secondary_filter_status,age_universe_status
111-000192-A-0011,1,1,1,111-000192-A,111,271.677661748449,1,56303,3,NA,1,7,0,NA,NA,NA,NA,NA,NA,NA,NA,170,2,100,2,NA,NA,NA,2,NA,2,48,1,1,0,1,8,7,43,433,1039.19995117188,1039.19995117188,affirmative_filter,age_7_plus
111-000228-A-0101,1,1,1,111-000228-A,111,241.922489271237,1,01136,3,NA,4,8,0,NA,NA,NA,NA,NA,NA,NA,NA,3000,7,2000,7,NA,NA,NA,2,NA,1,26,1,1,0,1,0,32,80,333.333343505859,3494.23315429688,3494.23315429688,affirmative_filter,age_7_plus
112-000333-A-0151,1,1,1,112-000333-A,112,189.912365893797,1,46696,3,NA,3,8,15,NA,NA,NA,NA,NA,NA,NA,NA,600,4,600,4,NA,NA,NA,2,NA,1,59,1,1,0,1,6,24.75,48.75,600,2028.90002441406,2028.90002441406,affirmative_filter,age_7_plus
112-000333-A-0241,1,1,1,112-000333-A,112,189.912365893797,1,1410,3,NA,2,5,15,NA,NA,NA,NA,NA,NA,NA,NA,150,2,150,2,NA,NA,NA,2,NA,2,45,1,1,0,1,2,10.5,115.5,649.5,2165,2165,affirmative_filter,age_7_plus
112-000368-A-0191,1,1,1,112-000368-A,112,160.238558722891,1,62020,3,NA,1,4,0,NA,NA,NA,NA,NA,NA,NA,NA,600,2,328,2,NA,NA,NA,1,1,1,36,1,1,0,1,9,4,44,1420.23999023438,7678.5732421875,7678.5732421875,affirmative_filter,age_7_plus
112-000595-A-0121,1,1,1,112-000595-A,112,209.429051716875,1,10711,1,4,3,4,0,800,4,2,NA,1,2,2,NA,NA,NA,NA,NA,NA,NA,NA,2,NA,1,21,1,1,0,1,2,12,54,800.166687011719,3710.9267578125,3710.9267578125,affirmative_filter,age_7_plus
112-000604-A-0041,1,1,1,112-000604-A,112,256.381693956626,1,96010,3,NA,3,3,0,NA,NA,NA,NA,NA,NA,NA,NA,150,2,150,2,NA,NA,NA,2,NA,2,48,1,1,0,1,18,9,93,649.5,1905.19995117188,1905.19995117188,affirmative_filter,age_7_plus
112-000604-A-0131,1,1,1,112-000604-A,112,256.381693956626,1,0113,3,NA,2,10,0,NA,NA,NA,NA,NA,NA,NA,NA,500,2,300,2,1,2,30,2,NA,1,36,1,1,0,1,0,20,60,1299,2814.5,2814.5,affirmative_filter,age_7_plus
112-000604-A-0261,3,1,1,112-000604-A,112,256.381693956626,1,4649,6,NA,2,10,0,NA,NA,NA,NA,NA,NA,NA,NA,NA,NA,NA,NA,NA,NA,NA,2,NA,2,25,1,1,0,1,6,20,28,NA,1976.30004882812,1976.30004882812,affirmative_filter,age_7_plus
112-000616-A-0121,2,1,1,112-000616-A,112,191.976630740469,1,47113,3,NA,7,4,0,NA,NA,NA,NA,NA,NA,NA,NA,400,1,200,1,NA,NA,NA,2,NA,2,65,1,1,0,1,6,28,48,6062,11258,12853.8330078125,affirmative_filter,age_7_plus
112-000616-A-0121,3,1,1,112-000616-A,112,191.976630740469,1,47113,6,NA,7,4,0,NA,NA,NA,NA,NA,NA,NA,NA,NA,NA,NA,NA,NA,NA,NA,2,NA,2,36,1,1,0,1,6,28,52,NA,1645.40002441406,1645.40002441406,affirmative_filter,age_7_plus
112-000616-A-0221,2,1,1,112-000616-A,112,191.976630740469,1,56101,1,4,5,4,0,1000,4,2,NA,2,NA,2,NA,NA,NA,NA,NA,NA,NA,NA,2,NA,2,28,1,1,0,1,8,20,68,1000,3000,3000,affirmative_filter,age_7_plus
112-000699-A-0011,1,1,1,112-000699-A,112,135.651689924141,1,01136,3,NA,4,7,0,NA,NA,NA,NA,NA,NA,NA,NA,2200,7,1500,7,NA,NA,NA,2,NA,1,52,1,1,0,1,0,28,64,250,1527.34997558594,3027.35009765625,affirmative_filter,age_7_plus
112-000699-A-0191,1,1,1,112-000699-A,112,135.651689924141,1,69101,3,NA,6,4,0,NA,NA,NA,NA,NA,NA,NA,NA,3000,4,2500,4,NA,NA,NA,1,1,2,58,1,1,0,1,12,24,44,2500,8713.833984375,8713.833984375,affirmative_filter,age_7_plus
113-001018-A-0051,1,1,1,113-001018-A,113,157.470744071156,1,90009,3,NA,2,3,0,NA,NA,NA,NA,NA,NA,NA,NA,350,2,30,2,NA,NA,NA,2,NA,1,25,1,1,0,1,17,6,66,129.899993896484,2727.89990234375,2727.89990234375,affirmative_filter,age_7_plus
113-001040-A-0521,1,1,1,113-001040-A,113,154.708099438328,1,47810,3,NA,7,4,0,NA,NA,NA,NA,NA,NA,NA,NA,80,1,40,1,NA,NA,NA,2,NA,2,73,1,1,0,1,6,28,98,1212.40002441406,3337.39990234375,3721.56665039062,affirmative_filter,age_7_plus
113-001368-A-0191,1,1,1,113-001368-A,113,229.644835103769,1,32500,1,4,3,8,0,200,1,2,NA,2,NA,2,NA,NA,NA,NA,NA,NA,NA,NA,2,NA,2,22,1,1,0,1,2,24,34,2598,3550.60009765625,3550.60009765625,affirmative_filter,age_7_plus
113-001466-A-0141,1,1,1,113-001466-A,113,149.14776605471,1,85302,6,NA,3,2,0,NA,NA,NA,NA,NA,NA,NA,NA,NA,NA,NA,NA,NA,NA,NA,2,NA,2,41,1,1,0,1,15,6,26,NA,NA,0,affirmative_filter,age_7_plus
113-001466-A-0141,2,1,1,113-001466-A,113,149.14776605471,1,85302,3,NA,2,2,30,NA,NA,NA,NA,NA,NA,NA,NA,6000,4,4000,4,NA,NA,NA,2,NA,1,40,1,1,0,1,15,5,21,4000,9440,9440,affirmative_filter,age_7_plus
114-001615-A-0041,1,1,1,114-001615-A,114,171.362823699177,1,85302,1,1,5,2,0,3500,4,2,NA,2,NA,2,NA,NA,NA,NA,NA,NA,NA,NA,1,1,1,48,1,1,0,1,15,10,40,3500,13333.3330078125,13333.3330078125,affirmative_filter,age_7_plus
114-001617-A-0041,4,1,1,114-001617-A,114,408.006723093279,1,68201,1,3,5,4,0,3000,4,2,NA,1,1000,2,NA,NA,NA,NA,NA,NA,NA,NA,1,2,2,38,1,1,0,1,11,20,50,3083.33325195312,7083.3330078125,8083.3330078125,affirmative_filter,age_7_plus
114-001617-A-0241,1,1,1,114-001617-A,114,408.006723093279,1,56103,3,NA,6,4,0,NA,NA,NA,NA,NA,NA,NA,NA,2000,4,1000,4,NA,NA,NA,1,2,1,35,1,1,0,1,8,24,80,1000,4500,4500,affirmative_filter,age_7_plus
114-001658-A-0021,1,1,1,114-001658-A,114,309.405098345736,1,5610,3,NA,2,6,0,NA,NA,NA,NA,NA,NA,NA,NA,2000,4,1200,4,NA,NA,NA,2,NA,2,43,1,1,0,1,8,12,48,1200,5750,5750,affirmative_filter,age_7_plus
114-001658-A-0091,2,1,1,114-001658-A,114,309.405098345736,1,45201,1,4,5,5,0,450,2,2,NA,2,NA,2,NA,NA,NA,NA,NA,NA,NA,NA,1,1,1,44,1,1,0,1,6,25,73,1948.5,4448.5,4448.5,affirmative_filter,age_7_plus
114-001664-A-0111,1,1,1,114-001664-A,114,247.524078676589,1,47911,3,NA,7,2,0,NA,NA,NA,NA,NA,NA,NA,NA,5000,5,2000,5,NA,NA,NA,2,NA,1,32,1,1,0,1,6,14,26,1000,4464,4464,affirmative_filter,age_7_plus
114-001772-A-0171,1,1,1,114-001772-A,114,236.630822255541,1,96010,6,NA,7,3,0,NA,NA,NA,NA,NA,NA,NA,NA,NA,NA,NA,NA,NA,NA,NA,2,NA,1,30,1,1,0,1,18,21,57,NA,1857.83337402344,1857.83337402344,affirmative_filter,age_7_plus
114-001772-A-0171,2,1,1,114-001772-A,114,236.630822255541,1,95291,3,NA,4,3,0,NA,NA,NA,NA,NA,NA,NA,NA,180,4,120,4,NA,NA,NA,2,NA,2,27,1,1,0,1,18,12,82,120,1660,1660,affirmative_filter,age_7_plus
114-001825-A-0161,1,1,1,114-001825-A,114,183.263019789398,1,90008,1,4,2,2,0,140,2,2,NA,1,20,2,NA,NA,NA,NA,NA,NA,NA,NA,2,NA,1,20,1,1,0,1,17,4,52,607.86669921875,2686.2666015625,2706.2666015625,affirmative_filter,age_7_plus
114-001825-A-0331,1,1,1,114-001825-A,114,183.263019789398,1,47412,3,NA,5,3,0,NA,NA,NA,NA,NA,NA,NA,NA,7000,4,2000,4,NA,NA,NA,2,NA,1,63,1,1,0,1,6,15,23,2000,6317,6696.16650390625,affirmative_filter,age_7_plus
114-001836-A-0031,1,1,1,114-001836-A,114,204.207364908186,1,93111,4,NA,5,6,0,NA,NA,NA,NA,NA,NA,NA,NA,10000,4,6500,4,NA,NA,NA,1,2,1,30,1,1,0,1,17,30,60,6500,27600,27600,affirmative_filter,age_7_plus
114-002243-A-0241,2,1,1,114-002243-A,114,164.585762874916,1,952,3,NA,3,4,0,NA,NA,NA,NA,NA,NA,NA,NA,1000,2,500,2,NA,NA,NA,1,2,1,41,1,1,0,1,18,12,44,2165,4070.19995117188,4070.19995117188,affirmative_filter,age_7_plus
114-002378-A-0101,1,1,1,114-002378-A,114,169.165864420982,1,5610,3,NA,3,8,0,NA,NA,NA,NA,NA,NA,NA,NA,4000,4,2000,4,NA,NA,NA,1,1,2,34,1,1,0,1,8,24,39,2000,5608.33349609375,5608.33349609375,affirmative_filter,age_7_plus
114-002378-A-0101,2,1,1,114-002378-A,114,169.165864420982,1,85411,1,4,3,2,0,500,4,2,NA,2,NA,2,NA,NA,NA,NA,NA,NA,NA,NA,1,1,1,41,1,1,0,1,15,6,31,500,5391.66650390625,5391.66650390625,affirmative_filter,age_7_plus
114-002378-A-0131,2,1,1,114-002378-A,114,169.165864420982,1,47411,6,NA,6,10,0,NA,NA,NA,NA,NA,NA,NA,NA,NA,NA,NA,NA,NA,NA,NA,2,NA,1,39,1,1,0,1,6,60,116,NA,3247.5,3247.5,affirmative_filter,age_7_plus
131-002730-A-0141,1,1,1,131-002730-A,111,87.97181428045,1,45403,1,4,3,8,15,140,1,2,NA,2,NA,2,NA,NA,NA,NA,NA,NA,NA,NA,2,NA,1,26,1,1,0,1,6,24.75,87.75,1818.59997558594,2235.2666015625,2235.2666015625,affirmative_filter,age_7_plus
131-002730-A-0141,4,1,1,131-002730-A,111,87.97181428045,1,01136,6,NA,5,4,0,NA,NA,NA,NA,NA,NA,NA,NA,NA,NA,NA,NA,NA,NA,NA,2,NA,2,56,1,1,0,1,0,20,62,NA,2598,2598,affirmative_filter,age_7_plus
131-002730-A-0161,3,1,1,131-002730-A,111,87.97181428045,1,01136,6,NA,2,5,0,NA,NA,NA,NA,NA,NA,NA,NA,NA,NA,NA,NA,NA,NA,NA,1,1,2,26,1,1,0,1,0,10,53.75,NA,2562,2562,affirmative_filter,age_7_plus
132-002939-A-0011,1,1,1,132-002939-A,112,142.434274420348,1,47892,6,NA,6,2,15,NA,NA,NA,NA,NA,NA,NA,NA,NA,NA,NA,NA,NA,NA,NA,2,NA,1,45,1,1,0,1,6,13.5,48,NA,9837,9837,affirmative_filter,age_7_plus
132-002979-A-0201,1,1,1,132-002979-A,112,132.438886741727,1,90008,3,NA,1,8,15,NA,NA,NA,NA,NA,NA,NA,NA,300,1,300,1,NA,NA,NA,2,NA,1,34,1,1,0,1,17,8.25,68.25,1299,7014.60009765625,7014.60009765625,affirmative_filter,age_7_plus
132-002596-A-0321,2,1,1,132-002596-A,112,745.040820044896,1,01462,6,NA,3,2,0,NA,NA,NA,NA,NA,NA,NA,NA,NA,NA,NA,NA,NA,NA,NA,2,NA,2,34,1,1,0,1,0,6,54,NA,3950,3950,affirmative_filter,age_7_plus
132-002596-A-0551,1,1,1,132-002596-A,112,745.040820044896,1,49222,3,NA,5,4,0,NA,NA,NA,NA,NA,NA,NA,NA,500,2,350,2,NA,NA,NA,2,NA,1,44,1,1,0,1,7,20,60,1515.5,2103.83349609375,2103.83349609375,affirmative_filter,age_7_plus
133-002970-A-0011,1,1,1,133-002970-A,113,211.979847788094,1,47810,3,NA,6,3,15,NA,NA,NA,NA,NA,NA,NA,NA,220,4,100,4,NA,NA,NA,1,1,2,42,1,1,0,1,6,19.5,75.5,100,1745.66662597656,1745.66662597656,affirmative_filter,age_7_plus
133-002970-A-0011,2,1,1,133-002970-A,113,211.979847788094,1,01136,6,NA,1,3,0,NA,NA,NA,NA,NA,NA,NA,NA,NA,NA,NA,NA,NA,NA,NA,2,NA,1,13,0,1,0,1,0,3,9,NA,NA,50,affirmative_filter,age_7_plus
133-002785-A-0021,1,1,1,133-002785-A,113,291.784025778906,1,47302,3,NA,6,8,30,NA,NA,NA,NA,NA,NA,NA,NA,3000,4,1500,4,NA,NA,NA,1,2,1,61,1,1,0,1,6,51,75,1500,4520,4954.16650390625,affirmative_filter,age_7_plus
133-002989-A-0021,1,1,1,133-002989-A,113,130.379003155688,1,01,3,NA,3,8,0,NA,NA,NA,NA,NA,NA,NA,NA,240,2,240,2,2,NA,NA,2,NA,1,24,1,1,0,1,0,24,45,1039.19995117188,3290.7998046875,3290.7998046875,affirmative_filter,age_7_plus
133-002989-A-0151,1,1,1,133-002989-A,113,130.379003155688,1,01411,4,NA,2,8,0,NA,NA,NA,NA,NA,NA,NA,NA,10000,8,5000,8,1,8,3500,1,1,1,67,1,1,0,1,0,16,56,416.666687011719,14500,14500,affirmative_filter,age_7_plus
141-004862-D-0051,1,2,1,141-004862-D,121,527.022985701455,1,011,3,NA,1,6,0,NA,NA,NA,NA,NA,NA,NA,NA,900,8,900,8,1,8,900,2,NA,1,32,1,1,0,1,0,6,38,75,1807,1807,affirmative_filter,age_7_plus
141-004862-D-0111,1,2,1,141-004862-D,121,527.022985701455,1,011,3,NA,2,8,0,NA,NA,NA,NA,NA,NA,NA,NA,3750,8,3500,8,1,8,2000,1,1,1,30,1,1,0,1,0,16,56,291.666687011719,2291.66674804688,2291.66674804688,affirmative_filter,age_7_plus
141-004926-D-0031,1,2,1,141-004926-D,121,121.929214347977,1,011,3,NA,2,8,0,NA,NA,NA,NA,NA,NA,NA,NA,8100,8,6840,8,1,8,3500,1,1,1,49,1,1,0,1,0,16,46,570,6940.56640625,6940.56640625,affirmative_filter,age_7_plus
141-004062-D-0191,1,2,1,141-004062-D,121,132.452866776821,1,01,3,NA,2,8,0,NA,NA,NA,NA,NA,NA,NA,NA,140,2,140,2,NA,NA,NA,2,NA,1,38,1,1,0,1,0,16,48,606.200012207031,1004.53332519531,1004.53332519531,affirmative_filter,age_7_plus
141-004111-D-0021,1,2,1,141-004111-D,121,289.277061040576,1,01136,3,NA,2,9,0,NA,NA,NA,NA,NA,NA,NA,NA,2400,8,2300,8,NA,NA,NA,2,NA,1,29,1,1,0,1,0,18,50,191.66667175293,1923.66662597656,1923.66662597656,affirmative_filter,age_7_plus
141-004111-D-0071,1,2,1,141-004111-D,121,289.277061040576,1,01136,3,NA,2,8,0,NA,NA,NA,NA,NA,NA,NA,NA,1450,8,1250,8,1,8,550,2,NA,1,24,1,1,0,1,0,16,40,104.16667175293,1013.46667480469,1013.46667480469,affirmative_filter,age_7_plus
141-004111-D-0371,1,2,1,141-004111-D,121,289.277061040576,1,011,6,NA,1,6,0,NA,NA,NA,NA,NA,NA,NA,NA,NA,NA,NA,NA,NA,NA,NA,2,NA,1,17,1,1,0,1,0,6,14,NA,216.5,366.5,affirmative_filter,age_7_plus
141-004111-D-0501,1,2,1,141-004111-D,121,289.277061040576,1,011,3,NA,2,6,0,NA,NA,NA,NA,NA,NA,NA,NA,2300,8,2200,8,1,8,2200,2,NA,1,26,1,1,0,1,0,12,60,183.333343505859,2521.533203125,2521.533203125,affirmative_filter,age_7_plus
142-003752-D-0041,1,2,1,142-003752-D,122,133.512653038524,1,01441,3,NA,7,6,15,NA,NA,NA,NA,NA,NA,NA,NA,1500,8,1300,8,1,6,140,2,NA,1,31,1,1,0,1,0,43.75,85.75,108.333335876465,458.333343505859,458.333343505859,affirmative_filter,age_7_plus
142-004142-D-0051,1,2,1,142-004142-D,122,144.407999975447,1,01136,3,NA,2,9,0,NA,NA,NA,NA,NA,NA,NA,NA,600,8,600,8,1,8,600,2,NA,1,18,1,1,0,1,0,18,63,50,1782,1782,affirmative_filter,age_7_plus
143-005040-D-0071,2,2,1,143-005040-D,123,174.323279318883,1,01413,3,NA,5,2,30,NA,NA,NA,NA,NA,NA,NA,NA,1125,2,625,2,1,1,20,2,NA,2,45,1,1,0,1,0,12.5,45.5,2706.25,2706.25,2706.25,affirmative_filter,age_7_plus
143-003621-A-0081,1,2,1,143-003621-A,123,287.441142553378,1,49221,3,NA,2,6,0,NA,NA,NA,NA,NA,NA,NA,NA,150,1,100,1,NA,NA,NA,2,NA,1,53,1,1,0,1,7,12,48,866,1339.33337402344,1339.33337402344,affirmative_filter,age_7_plus
143-003621-A-0101,2,2,1,143-003621-A,123,287.441142553378,1,01136,6,NA,4,6,0,NA,NA,NA,NA,NA,NA,NA,NA,NA,NA,NA,NA,NA,NA,NA,2,NA,2,55,1,1,0,1,0,24,48,NA,779.399963378906,979.399963378906,affirmative_filter,age_7_plus
143-003621-A-0101,4,2,1,143-003621-A,123,287.441142553378,1,011,6,NA,3,4,0,NA,NA,NA,NA,NA,NA,NA,NA,NA,NA,NA,NA,NA,NA,NA,2,NA,1,17,1,1,0,1,0,12,28,NA,519.599975585938,619.599975585938,affirmative_filter,age_7_plus
143-003621-A-0101,5,2,1,143-003621-A,123,287.441142553378,1,01136,6,NA,3,4,0,NA,NA,NA,NA,NA,NA,NA,NA,NA,NA,NA,NA,NA,NA,NA,2,NA,1,17,1,1,0,1,0,12,28,NA,519.599975585938,739.599975585938,affirmative_filter,age_7_plus
143-003621-A-0121,1,2,1,143-003621-A,123,287.441142553378,1,01111,3,NA,3,5,0,NA,NA,NA,NA,NA,NA,NA,NA,2400,8,1600,8,1,8,1600,2,NA,2,62,1,1,0,1,0,15,85,133.333343505859,303.333343505859,742.5,affirmative_filter,age_7_plus
143-003621-A-0141,2,2,1,143-003621-A,123,287.441142553378,1,01136,6,NA,6,4,0,NA,NA,NA,NA,NA,NA,NA,NA,NA,NA,NA,NA,NA,NA,NA,2,NA,2,64,1,1,0,1,0,24,52,NA,166.66667175293,945.833312988281,affirmative_filter,age_7_plus
143-003621-A-0181,1,2,1,143-003621-A,123,287.441142553378,1,01,3,NA,3,8,0,NA,NA,NA,NA,NA,NA,NA,NA,180,2,180,2,NA,NA,NA,2,NA,1,24,1,1,0,1,0,24,48,779.399963378906,1091.89990234375,1091.89990234375,affirmative_filter,age_7_plus
143-003250-A-0081,1,2,1,143-003250-A,123,390.350692446111,1,45401,3,NA,6,8,0,NA,NA,NA,NA,NA,NA,NA,NA,10000,4,4000,4,NA,NA,NA,2,NA,1,45,1,1,0,1,6,48,84,4000,5222.5,5222.5,affirmative_filter,age_7_plus
144-003167-A-0011,1,2,1,144-003167-A,124,175.272583829656,1,011,3,NA,2,8,0,NA,NA,NA,NA,NA,NA,NA,NA,2800,8,0,NA,1,8,500,1,1,1,71,1,1,0,1,0,16,51,NA,5098.33349609375,5098.33349609375,affirmative_filter,age_7_plus
144-003167-A-0041,1,2,1,144-003167-A,124,175.272583829656,1,01136,3,NA,2,4,0,NA,NA,NA,NA,NA,NA,NA,NA,1800,8,1500,8,1,8,1000,1,1,1,46,1,1,0,1,0,8,38,125,7833.33349609375,7833.33349609375,affirmative_filter,age_7_plus
144-003167-A-0131,1,2,1,144-003167-A,124,175.272583829656,1,31001,3,NA,2,8,0,NA,NA,NA,NA,NA,NA,NA,NA,160,2,160,2,NA,NA,NA,2,NA,1,33,1,1,0,1,2,16,48,692.799987792969,2771.19995117188,2771.19995117188,affirmative_filter,age_7_plus
144-003185-A-0011,2,2,1,144-003185-A,124,184.124734528123,1,01136,6,NA,1,4,0,NA,NA,NA,NA,NA,NA,NA,NA,NA,NA,NA,NA,NA,NA,NA,1,1,2,48,1,1,0,1,0,4,88,NA,3158.33325195312,3158.33325195312,affirmative_filter,age_7_plus
144-003185-A-0051,1,2,1,144-003185-A,124,184.124734528123,1,4330,3,NA,1,8,0,NA,NA,NA,NA,NA,NA,NA,NA,100,2,100,2,NA,NA,NA,2,NA,1,49,1,1,0,1,5,8,40,433,751.333374023438,751.333374023438,affirmative_filter,age_7_plus
144-003185-A-0091,1,2,1,144-003185-A,124,184.124734528123,1,01136,3,NA,1,8,0,NA,NA,NA,NA,NA,NA,NA,NA,360,8,90,8,1,8,90,2,NA,2,30,1,1,0,1,0,8,58,7.5,1957,1957,affirmative_filter,age_7_plus
144-003185-A-0111,1,2,1,144-003185-A,124,184.124734528123,1,01500,3,NA,6,5,0,NA,NA,NA,NA,NA,NA,NA,NA,13000,8,10000,8,1,8,5000,1,1,1,52,1,1,0,1,0,30,78,833.333374023438,8758.3330078125,9158.3330078125,affirmative_filter,age_7_plus
144-003185-A-0141,1,2,1,144-003185-A,124,184.124734528123,1,492,3,NA,2,9,0,NA,NA,NA,NA,NA,NA,NA,NA,150,1,150,1,NA,NA,NA,2,NA,1,48,1,1,0,1,7,18,43,1299,1419.83337402344,1419.83337402344,affirmative_filter,age_7_plus
144-003185-A-0161,1,2,1,144-003185-A,124,184.124734528123,1,01500,3,NA,7,5,0,NA,NA,NA,NA,NA,NA,NA,NA,5950,8,4000,8,1,8,1000,2,NA,2,62,1,1,0,1,0,35,59,333.333343505859,1892.13330078125,2321.30004882812,affirmative_filter,age_7_plus
144-003612-A-0011,1,2,1,144-003612-A,124,253.171509976169,1,01111,3,NA,6,3,0,NA,NA,NA,NA,NA,NA,NA,NA,2000,8,1500,8,1,8,1500,1,1,1,49,1,1,0,1,0,18,57,125,2554.16674804688,2554.16674804688,affirmative_filter,age_7_plus
144-003612-A-0071,1,2,1,144-003612-A,124,253.171509976169,1,4330,3,NA,1,8,0,NA,NA,NA,NA,NA,NA,NA,NA,70,1,70,1,NA,NA,NA,2,NA,1,28,1,1,0,1,5,8,43,303.100006103516,757.266723632812,757.266723632812,affirmative_filter,age_7_plus
151-004061-D-0031,1,2,1,151-004061-D,121,145.122271425038,1,01411,3,NA,7,2,0,NA,NA,NA,NA,NA,NA,NA,NA,4000,8,4000,8,2,NA,NA,2,NA,1,50,1,1,0,1,0,14,50,333.333343505859,589.166687011719,589.166687011719,affirmative_filter,age_7_plus
151-004492-D-0101,1,2,1,151-004492-D,121,1040.35706268339,1,14108,4,NA,5,1,15,NA,NA,NA,NA,NA,NA,NA,NA,4000,4,2200,4,NA,NA,NA,1,2,2,46,1,1,0,1,2,6.25,46.25,2200,5866.6669921875,5916.6669921875,affirmative_filter,age_7_plus
151-003798-D-0011,1,2,1,151-003798-D,121,417.226530346985,1,01136,3,NA,5,6,15,NA,NA,NA,NA,NA,NA,NA,NA,800,8,700,8,1,8,700,2,NA,1,52,1,1,0,1,0,31.25,79.25,58.3333358764648,278.333343505859,278.333343505859,affirmative_filter,age_7_plus
151-003798-D-0061,1,2,1,151-003798-D,121,417.226530346985,1,01136,3,NA,6,8,30,NA,NA,NA,NA,NA,NA,NA,NA,0,NA,1000,8,1,8,880,2,NA,1,53,1,1,0,1,0,51,91,83.3333358764648,2681.33325195312,2681.33325195312,affirmative_filter,age_7_plus
152-005163-D-0301,2,2,1,152-005163-D,122,264.515458892224,1,01611,3,NA,3,8,15,NA,NA,NA,NA,NA,NA,NA,NA,70,1,70,1,2,NA,NA,2,NA,2,39,1,1,0,1,0,24.75,60.75,909.299987792969,909.299987792969,909.299987792969,affirmative_filter,age_7_plus
152-005163-D-0331,1,2,1,152-005163-D,122,264.515458892224,1,011,3,NA,2,12,15,NA,NA,NA,NA,NA,NA,NA,NA,15870,8,15790,8,1,8,6240,2,NA,1,42,1,1,0,1,0,24.5,72.5,1315.83337402344,3134.43334960938,3134.43334960938,affirmative_filter,age_7_plus
152-004962-D-0031,1,2,1,152-004962-D,122,458.896533255309,1,41000,1,4,6,12,15,875,2,2,NA,2,NA,2,NA,NA,NA,NA,NA,NA,NA,NA,2,NA,1,48,1,1,0,1,5,73.5,121.5,3788.75,4272.08349609375,4342.20654296875,affirmative_filter,age_7_plus
152-005277-D-0011,1,2,1,152-005277-D,122,439.135438521827,1,01411,3,NA,6,5,0,NA,NA,NA,NA,NA,NA,NA,NA,6000,8,5000,8,1,8,2500,2,NA,1,59,1,1,0,1,0,30,66,416.666687011719,908.333374023438,1008.33337402344,affirmative_filter,age_7_plus
152-005277-D-0031,1,2,1,152-005277-D,122,439.135438521827,1,0111,3,NA,3,8,45,NA,NA,NA,NA,NA,NA,NA,NA,5000,8,4000,8,1,8,1800,2,NA,1,44,1,1,0,1,0,26.25,50.25,333.333343505859,2065.33325195312,2065.33325195312,affirmative_filter,age_7_plus
152-005277-D-0061,1,2,1,152-005277-D,122,439.135438521827,1,01411,3,NA,3,4,15,NA,NA,NA,NA,NA,NA,NA,NA,7800,8,6900,8,1,8,3100,2,NA,1,53,1,1,0,1,0,12.75,48.75,575,1198.33337402344,1198.33337402344,affirmative_filter,age_7_plus
152-005277-D-0061,2,2,1,152-005277-D,122,439.135438521827,1,0111,6,NA,5,3,0,NA,NA,NA,NA,NA,NA,NA,NA,NA,NA,NA,NA,NA,NA,NA,1,2,2,44,1,1,0,1,0,15,40,NA,900,900,affirmative_filter,age_7_plus
152-005277-D-0091,1,2,1,152-005277-D,122,439.135438521827,1,01411,3,NA,3,10,0,NA,NA,NA,NA,NA,NA,NA,NA,10000,8,5500,8,2,NA,NA,2,NA,1,62,1,1,0,1,0,30,70,458.333343505859,1255,1914.16662597656,affirmative_filter,age_7_plus
152-005096-D-0011,1,2,1,152-005096-D,122,223.488571390573,1,01112,4,NA,5,6,0,NA,NA,NA,NA,NA,NA,NA,NA,1005,8,500,8,1,8,500,2,NA,2,62,1,1,0,1,0,30,58,41.6666679382324,84.966667175293,489.133331298828,affirmative_filter,age_7_plus
152-005096-D-0041,1,2,1,152-005096-D,122,223.488571390573,1,01113,3,NA,5,3,0,NA,NA,NA,NA,NA,NA,NA,NA,7600,8,7600,8,1,8,3800,2,NA,1,57,1,1,0,1,0,15,63,633.333374023438,3750.93310546875,3750.93310546875,affirmative_filter,age_7_plus
152-005096-D-0041,2,2,1,152-005096-D,122,223.488571390573,1,01113,6,NA,5,4,0,NA,NA,NA,NA,NA,NA,NA,NA,NA,NA,NA,NA,NA,NA,NA,2,NA,2,57,1,1,0,1,0,20,48,NA,216.5,216.5,affirmative_filter,age_7_plus
152-005096-D-0061,2,2,1,152-005096-D,122,223.488571390573,1,01113,6,NA,4,8,0,NA,NA,NA,NA,NA,NA,NA,NA,NA,NA,NA,NA,NA,NA,NA,2,NA,2,35,1,1,0,1,0,32,48,NA,519.599975585938,519.599975585938,affirmative_filter,age_7_plus
152-005096-D-0061,3,2,1,152-005096-D,122,223.488571390573,1,01113,7,4,5,8,0,NA,NA,NA,NA,NA,NA,NA,NA,NA,NA,NA,NA,NA,NA,NA,2,NA,1,16,1,1,0,1,0,40,80,NA,1515.5,1515.5,affirmative_filter,age_7_plus
152-005096-D-0061,4,2,1,152-005096-D,122,223.488571390573,1,01113,7,4,5,6,0,NA,NA,NA,NA,NA,NA,NA,NA,NA,NA,NA,NA,NA,NA,NA,2,NA,1,14,1,1,0,1,0,30,38,NA,238.149993896484,238.149993896484,affirmative_filter,age_7_plus
152-005096-D-0081,1,2,1,152-005096-D,122,223.488571390573,1,49222,3,NA,1,2,0,NA,NA,NA,NA,NA,NA,NA,NA,100,4,50,4,NA,NA,NA,2,NA,1,58,1,1,0,1,7,2,38,50,630,630,affirmative_filter,age_7_plus
153-005326-D-0131,1,2,1,153-005326-D,123,162.128964072411,1,96010,3,NA,2,5,0,NA,NA,NA,NA,NA,NA,NA,NA,160,2,160,2,NA,NA,NA,2,NA,2,32,1,1,0,1,18,10,50,692.799987792969,1952.60009765625,1952.60009765625,affirmative_filter,age_7_plus
153-004390-D-0391,1,2,1,153-004390-D,123,351.356626425496,1,01,3,NA,2,8,0,NA,NA,NA,NA,NA,NA,NA,NA,120,2,120,2,2,NA,NA,2,NA,1,34,1,1,0,1,0,16,52,519.599975585938,702.933349609375,702.933349609375,affirmative_filter,age_7_plus
153-004291-D-0141,1,2,1,153-004291-D,123,256.357763704239,1,01111,6,NA,5,6,30,NA,NA,NA,NA,NA,NA,NA,NA,NA,NA,NA,NA,NA,NA,NA,2,NA,2,37,1,1,0,1,0,32.5,52.5,NA,2165,2165,affirmative_filter,age_7_plus
153-004291-D-0141,5,2,1,153-004291-D,123,256.357763704239,1,01111,6,NA,3,8,30,NA,NA,NA,NA,NA,NA,NA,NA,NA,NA,NA,NA,NA,NA,NA,2,NA,1,27,1,1,0,1,0,25.5,52.5,NA,779.399963378906,779.399963378906,affirmative_filter,age_7_plus
153-003761-D-0131,1,2,1,153-003761-D,123,266.612074252409,1,01111,3,NA,3,5,30,NA,NA,NA,NA,NA,NA,NA,NA,1600,7,1200,7,1,7,400,1,1,1,62,1,1,0,1,0,16.5,56.5,200,3822.66674804688,4251.83349609375,affirmative_filter,age_7_plus
153-003761-D-0141,1,2,1,153-003761-D,123,266.612074252409,1,41000,1,4,6,8,0,120,1,2,NA,2,NA,2,NA,NA,NA,NA,NA,NA,NA,NA,2,NA,1,49,1,1,0,1,5,48,97.5,3117.59985351562,3654.2666015625,3654.2666015625,affirmative_filter,age_7_plus
211-000167-A-0091,1,1,2,211-000167-A,211,187.391341768562,1,31001,3,NA,1,5,30,NA,NA,NA,NA,NA,NA,NA,NA,200,4,100,4,NA,NA,NA,2,NA,1,23,1,1,0,1,2,5.5,79,100,1400,1400,affirmative_filter,age_7_plus
211-000167-A-0121,1,1,2,211-000167-A,211,187.391341768562,1,45203,3,NA,4,8,0,NA,NA,NA,NA,NA,NA,NA,NA,30,1,25,1,NA,NA,NA,2,NA,1,60,1,1,0,1,6,32,56,433,779.400024414062,912.7333984375,affirmative_filter,age_7_plus
211-000169-A-0151,1,1,2,211-000169-A,211,322.343954153329,1,56101,1,4,3,4,0,40,1,2,NA,2,NA,2,NA,NA,NA,NA,NA,NA,NA,NA,2,NA,2,45,1,1,0,1,8,12,52,519.599975585938,1385.59997558594,1385.59997558594,affirmative_filter,age_7_plus
211-000169-A-0211,1,1,2,211-000169-A,211,322.343954153329,1,49222,3,NA,5,3,0,NA,NA,NA,NA,NA,NA,NA,NA,180,1,120,1,NA,NA,NA,1,1,1,48,1,1,0,1,7,15,69,2598,5737.25,6037.25,affirmative_filter,age_7_plus
212-000172-A-0031,2,1,2,212-000172-A,212,91.2333515291436,1,47810,3,NA,7,2,15,NA,NA,NA,NA,NA,NA,NA,NA,1500,4,300,4,NA,NA,NA,1,1,2,54,1,1,0,1,6,15.75,81.75,300,2500,2500,affirmative_filter,age_7_plus
212-000172-A-0031,3,1,2,212-000172-A,212,91.2333515291436,1,47810,6,NA,7,6,15,NA,NA,NA,NA,NA,NA,NA,NA,NA,NA,NA,NA,NA,NA,NA,2,NA,1,19,1,1,0,1,6,43.75,50.75,NA,300,360,affirmative_filter,age_7_plus
212-000172-A-0081,1,1,2,212-000172-A,212,91.2333515291436,1,47911,3,NA,7,4,0,NA,NA,NA,NA,NA,NA,NA,NA,2000,4,1500,4,NA,NA,NA,2,NA,1,34,1,1,0,1,6,28,84,1500,9138.119140625,9138.119140625,affirmative_filter,age_7_plus
212-000348-A-0171,2,1,2,212-000348-A,212,177.535170543198,1,47113,3,NA,6,5,0,NA,NA,NA,NA,NA,NA,NA,NA,60,1,40,1,NA,NA,NA,2,NA,2,52,1,1,0,1,6,30,60,1039.19995117188,3204.19995117188,3204.19995117188,affirmative_filter,age_7_plus
212-000634-A-0141,1,1,2,212-000634-A,212,316.275618634365,1,86905,3,NA,3,1,0,NA,NA,NA,NA,NA,NA,NA,NA,800,4,700,4,NA,NA,NA,1,1,2,45,1,1,0,1,16,3,33,700,9366.6669921875,9408.333984375,affirmative_filter,age_7_plus
212-000634-A-0221,2,1,2,212-000634-A,212,316.275618634365,1,85498,3,NA,3,3,0,NA,NA,NA,NA,NA,NA,NA,NA,50,1,45,1,NA,NA,NA,2,NA,2,28,1,1,0,1,15,9,45,584.549987792969,1584.55004882812,1584.55004882812,affirmative_filter,age_7_plus
212-000703-A-0091,2,1,2,212-000703-A,212,79.2103517152255,1,81210,3,NA,4,3,0,NA,NA,NA,NA,NA,NA,NA,NA,30,1,30,1,NA,NA,NA,2,NA,2,35,1,1,0,1,13,12,36,519.599975585938,2019.59997558594,2019.59997558594,affirmative_filter,age_7_plus
212-000780-A-0021,1,1,2,212-000780-A,212,134.228379261269,1,49222,3,NA,6,4,0,NA,NA,NA,NA,NA,NA,NA,NA,120,1,80,1,NA,NA,NA,2,NA,1,44,1,1,0,1,7,24,72,2078.39990234375,9478.400390625,17153.400390625,affirmative_filter,age_7_plus
213-001711-A-0011,2,1,2,213-001711-A,213,201.263459126129,1,56103,3,NA,1,7,0,NA,NA,NA,NA,NA,NA,NA,NA,1000,4,800,4,NA,NA,NA,2,NA,2,35,1,1,0,1,8,7,67,800,3771,3771,affirmative_filter,age_7_plus
213-002191-A-0251,3,1,2,213-002191-A,213,216.777517433768,1,86100,1,3,2,12,0,1000,4,2,NA,2,NA,2,NA,NA,NA,NA,NA,NA,NA,NA,2,NA,2,26,1,1,0,1,16,24,64,1000,4777,4777,affirmative_filter,age_7_plus
213-002663-A-0011,1,1,2,213-002663-A,213,276.737256298427,1,13921,3,NA,3,2,0,NA,NA,NA,NA,NA,NA,NA,NA,100,2,50,2,NA,NA,NA,1,1,1,43,1,1,0,1,2,6,46,216.5,3083.16650390625,3083.16650390625,affirmative_filter,age_7_plus
213-003141-A-0011,1,1,2,213-003141-A,213,276.737256298427,1,43210,3,NA,2,2,0,NA,NA,NA,NA,NA,NA,NA,NA,900,2,900,2,NA,NA,NA,2,NA,1,33,1,1,0,1,5,4,64,3897,7361,7361,affirmative_filter,age_7_plus
213-003141-A-0011,2,1,2,213-003141-A,213,276.737256298427,1,86905,3,NA,3,3,0,NA,NA,NA,NA,NA,NA,NA,NA,250,1,250,1,NA,NA,NA,2,NA,2,30,1,1,0,1,16,9,45,3247.5,8786.9296875,8786.9296875,affirmative_filter,age_7_plus
213-003317-A-0031,1,1,2,213-003317-A,213,243.193346444072,1,41000,3,NA,2,8,0,NA,NA,NA,NA,NA,NA,NA,NA,100,1,100,1,NA,NA,NA,2,NA,1,64,1,1,0,1,5,16,46,866,2061.080078125,2640.24658203125,affirmative_filter,age_7_plus
213-003566-A-0091,1,1,2,213-003566-A,213,192.512873946732,1,56103,3,NA,2,7,0,NA,NA,NA,NA,NA,NA,NA,NA,500,4,200,4,NA,NA,NA,2,NA,1,51,1,1,0,1,8,14,34,200,1500,1500,affirmative_filter,age_7_plus
213-003679-A-0091,2,1,2,213-003679-A,213,150.228796276289,1,85498,3,NA,2,2,0,NA,NA,NA,NA,NA,NA,NA,NA,300,2,300,2,NA,NA,NA,1,1,2,56,1,1,0,1,15,4,34,1299,5304,5304,affirmative_filter,age_7_plus
213-003679-A-0241,1,1,2,213-003679-A,213,150.228796276289,1,71104,1,4,2,12,0,850,4,2,NA,2,NA,2,NA,NA,NA,NA,NA,NA,NA,NA,1,1,2,44,1,1,0,1,12,24,56,850,2350,2350,affirmative_filter,age_7_plus
213-003721-A-0121,1,1,2,213-003721-A,213,256.488188764396,1,85498,3,NA,3,2,0,NA,NA,NA,NA,NA,NA,NA,NA,80,1,80,1,NA,NA,NA,2,NA,2,40,1,1,0,1,15,6,22,1039.19995117188,2013.44995117188,2013.44995117188,affirmative_filter,age_7_plus
213-003834-A-0091,2,1,2,213-003834-A,213,276.737256298427,1,14301,3,NA,2,4,0,NA,NA,NA,NA,NA,NA,NA,NA,200,2,200,2,NA,NA,NA,2,NA,2,29,1,1,0,1,2,8,38,866,2165,2165,affirmative_filter,age_7_plus
213-003898-A-0011,1,1,2,213-003898-A,213,338.234424364744,1,0113,3,NA,2,8,15,NA,NA,NA,NA,NA,NA,NA,NA,3000,6,2000,6,1,4,50,2,NA,1,38,1,1,0,1,0,16.5,33,666.666687011719,1705.86669921875,1705.86669921875,affirmative_filter,age_7_plus
213-003898-A-0211,2,1,2,213-003898-A,213,338.234424364744,1,56103,3,NA,3,4,0,NA,NA,NA,NA,NA,NA,NA,NA,40,1,40,1,NA,NA,NA,2,NA,2,45,1,1,0,1,8,12,30,519.599975585938,1558.79992675781,1558.79992675781,affirmative_filter,age_7_plus
214-003934-A-0051,1,1,2,214-003934-A,214,292.795014610105,1,01180,6,NA,4,12,0,NA,NA,NA,NA,NA,NA,NA,NA,NA,NA,NA,NA,NA,NA,NA,1,1,1,50,1,1,0,1,0,48,64,NA,2000,2000,affirmative_filter,age_7_plus
214-003934-A-0081,3,1,2,214-003934-A,214,292.795014610105,1,47613,6,NA,5,1,15,NA,NA,NA,NA,NA,NA,NA,NA,NA,NA,NA,NA,NA,NA,NA,1,1,2,48,1,1,0,1,6,6.25,36.25,NA,2000,2000,affirmative_filter,age_7_plus
214-004775-A-0111,1,1,2,214-004775-A,214,100.726490068861,1,8530,1,1,3,6,0,3400,4,2,NA,2,NA,2,NA,NA,NA,NA,NA,NA,NA,NA,1,1,1,40,1,1,0,1,15,18,58,3400,11849.8330078125,11849.8330078125,affirmative_filter,age_7_plus
214-005090-A-0111,2,1,2,214-005090-A,214,88.9357638066197,1,85,1,4,5,4,0,600,4,2,NA,2,NA,2,NA,NA,NA,NA,NA,NA,NA,NA,2,NA,2,40,1,1,0,1,15,20,40,600,1985.59997558594,1985.59997558594,affirmative_filter,age_7_plus
214-005212-A-0321,1,1,2,214-005212-A,214,134.010025917702,1,86905,3,NA,1,2,15,NA,NA,NA,NA,NA,NA,NA,NA,100,4,80,4,NA,NA,NA,2,NA,2,46,1,1,0,1,16,2.25,68.25,80,2865,2865,affirmative_filter,age_7_plus
214-005218-A-0371,1,1,2,214-005218-A,214,224.628986702239,1,47822,3,NA,7,4,0,NA,NA,NA,NA,NA,NA,NA,NA,1500,2,400,2,NA,NA,NA,2,NA,2,37,1,1,0,1,6,28,68,1732,4232,4232,affirmative_filter,age_7_plus
214-005290-A-0151,1,1,2,214-005290-A,214,207.975509559387,1,56102,3,NA,5,2,0,NA,NA,NA,NA,NA,NA,NA,NA,500,4,NA,4,NA,NA,NA,1,1,2,53,1,1,0,1,8,10,50,NA,2977,2977,affirmative_filter,age_7_plus
214-005488-A-0191,1,1,2,214-005488-A,214,231.232985897211,1,85,1,1,2,5,0,2500,4,1,2940,2,NA,2,NA,NA,NA,NA,NA,NA,NA,NA,1,1,2,55,1,1,0,1,15,10,25,2745,6040.8330078125,6040.8330078125,affirmative_filter,age_7_plus
214-005488-A-0391,1,1,2,214-005488-A,214,231.232985897211,1,85302,1,1,1,2,30,1800,4,2,NA,2,NA,2,NA,NA,NA,NA,NA,NA,NA,NA,1,1,2,54,1,1,0,1,15,2.5,86.5,1800,16350,16350,affirmative_filter,age_7_plus
214-005633-A-0121,3,1,2,214-005633-A,214,118.402432537729,1,85302,1,3,3,1,0,1000,4,2,NA,2,NA,2,NA,NA,NA,NA,NA,NA,NA,NA,1,1,2,32,1,1,0,1,15,3,15,1000,4933.3330078125,4933.3330078125,affirmative_filter,age_7_plus
214-005633-A-0211,1,1,2,214-005633-A,214,118.402432537729,1,47810,1,4,5,4,0,50,1,2,NA,2,NA,2,NA,NA,NA,NA,NA,NA,NA,NA,2,NA,2,37,1,1,0,1,6,20,68,1082.5,2381.5,2631.5,affirmative_filter,age_7_plus
214-006458-A-0421,1,1,2,214-006458-A,214,216.322613656482,1,74907,3,NA,1,5,0,NA,NA,NA,NA,NA,NA,NA,NA,150,2,100,2,NA,NA,NA,2,NA,2,28,1,1,0,1,12,5,25,433,909.299987792969,1459.30004882812,affirmative_filter,age_7_plus
214-006553-A-0091,1,1,2,214-006553-A,214,213.639171752858,1,14104,6,NA,2,15,0,NA,NA,NA,NA,NA,NA,NA,NA,NA,NA,NA,NA,NA,NA,NA,2,NA,1,42,1,1,0,1,2,30,62,NA,548,548,affirmative_filter,age_7_plus
214-006602-A-0171,1,1,2,214-006602-A,214,402.7623729767,1,49222,3,NA,4,3,30,NA,NA,NA,NA,NA,NA,NA,NA,200,1,150,1,NA,NA,NA,1,2,1,48,1,1,0,1,7,14,54,2598,7098,11298,affirmative_filter,age_7_plus
221-018530-A-0031,1,1,2,221-018530-A,211,136.713180158196,1,80101,1,4,1,12,0,100,1,2,NA,2,NA,2,NA,NA,NA,NA,NA,NA,NA,NA,1,2,1,29,1,1,0,1,13,12,48,433,2043.76000976562,2043.76000976562,affirmative_filter,age_7_plus
221-018530-A-0251,2,1,2,221-018530-A,211,136.713180158196,1,47810,3,NA,1,10,0,NA,NA,NA,NA,NA,NA,NA,NA,240,1,90,1,NA,NA,NA,2,NA,2,29,1,1,0,1,6,10,40,389.699981689453,1039.19995117188,1039.19995117188,affirmative_filter,age_7_plus
221-020464-A-0111,1,1,2,221-020464-A,211,229.866712569436,1,56101,1,4,4,6,0,300,2,2,NA,1,15,2,NA,NA,NA,NA,NA,NA,NA,NA,2,NA,2,38,1,1,0,1,8,24,64,1300.25,2427.75,2427.75,affirmative_filter,age_7_plus
221-020464-A-0111,2,1,2,221-020464-A,211,229.866712569436,1,012,6,NA,5,4,0,NA,NA,NA,NA,NA,NA,NA,NA,NA,NA,NA,NA,NA,NA,NA,2,NA,1,26,1,1,0,1,0,20,80,NA,1500,1500,affirmative_filter,age_7_plus
222-020475-A-0151,1,1,2,222-020475-A,212,110.168575431419,1,47521,3,NA,6,9,0,NA,NA,NA,NA,NA,NA,NA,NA,3000,2,600,2,NA,NA,NA,1,2,2,38,1,1,0,1,6,54,117,2598,2995,2998,affirmative_filter,age_7_plus
222-020061-A-0011,1,1,2,222-020061-A,212,311.409839886144,1,47810,3,NA,2,4,0,NA,NA,NA,NA,NA,NA,NA,NA,200,2,100,2,NA,NA,NA,2,NA,2,55,1,1,0,1,6,8,32,433,933,933,affirmative_filter,age_7_plus
222-020061-A-0091,2,1,2,222-020061-A,212,311.409839886144,1,4330,6,NA,3,4,0,NA,NA,NA,NA,NA,NA,NA,NA,NA,NA,NA,NA,NA,NA,NA,2,NA,2,30,1,1,0,1,5,12,30,NA,736.099975585938,736.099975585938,affirmative_filter,age_7_plus
222-006896-A-0361,2,1,2,222-006896-A,212,423.111195497478,1,5610,3,NA,2,4,0,NA,NA,NA,NA,NA,NA,NA,NA,200,1,100,1,NA,NA,NA,1,2,2,45,1,1,0,1,8,8,18,866,2078.39990234375,2078.39990234375,affirmative_filter,age_7_plus
222-019033-A-0031,1,1,2,222-019033-A,212,171.73336758427,1,45201,3,NA,2,2,30,NA,NA,NA,NA,NA,NA,NA,NA,600,2,200,2,NA,NA,NA,2,NA,1,49,1,1,0,1,6,5,65,866,5542.39990234375,5542.39990234375,affirmative_filter,age_7_plus
222-019033-A-0031,2,1,2,222-019033-A,212,171.73336758427,1,14301,3,NA,3,3,0,NA,NA,NA,NA,NA,NA,NA,NA,1000,4,500,4,NA,NA,NA,1,1,2,49,1,1,0,1,2,9,45,500,4383.0830078125,4383.0830078125,affirmative_filter,age_7_plus
222-019035-A-0011,1,1,2,222-019035-A,212,256.093618327421,1,47214,6,NA,7,5,0,NA,NA,NA,NA,NA,NA,NA,NA,NA,NA,NA,NA,NA,NA,NA,1,2,1,59,1,1,0,1,6,35,45,NA,1017.54998779297,1017.54998779297,affirmative_filter,age_7_plus
222-019035-A-0041,1,1,2,222-019035-A,212,256.093618327421,1,10304,6,NA,2,5,0,NA,NA,NA,NA,NA,NA,NA,NA,NA,NA,NA,NA,NA,NA,NA,2,NA,1,54,1,1,0,1,2,10,42,NA,4330,4330,affirmative_filter,age_7_plus
222-019035-A-0041,2,1,2,222-019035-A,212,256.093618327421,1,47899,3,NA,2,6,0,NA,NA,NA,NA,NA,NA,NA,NA,450,2,250,2,NA,NA,NA,2,NA,2,50,1,1,0,1,6,12,42,1082.5,3680.5,3680.5,affirmative_filter,age_7_plus
222-019035-A-0061,1,1,2,222-019035-A,212,256.093618327421,1,81210,3,NA,1,12,0,NA,NA,NA,NA,NA,NA,NA,NA,120,1,0,NA,NA,NA,NA,2,NA,2,34,1,1,0,1,13,12,48,NA,562.899963378906,562.899963378906,affirmative_filter,age_7_plus
222-006933-A-0151,1,1,2,222-006933-A,212,275.72746239919,1,13921,3,NA,3,5,0,NA,NA,NA,NA,NA,NA,NA,NA,200,2,150,2,NA,NA,NA,2,NA,2,59,1,1,0,1,2,15,36,649.5,1255.69995117188,1297.36657714844,affirmative_filter,age_7_plus
223-019152-A-0011,1,1,2,223-019152-A,213,260.133020920522,1,14301,3,NA,5,2,0,NA,NA,NA,NA,NA,NA,NA,NA,35,2,25,2,NA,NA,NA,2,NA,2,55,1,1,0,1,2,10,50,108.25,1623.75,1623.75,affirmative_filter,age_7_plus
223-019152-A-0451,1,1,2,223-019152-A,213,260.133020920522,1,49212,3,NA,3,8,0,NA,NA,NA,NA,NA,NA,NA,NA,200,1,100,1,NA,NA,NA,2,NA,1,39,1,1,0,1,7,24,114,1299,4379,4379,affirmative_filter,age_7_plus
223-020542-A-0051,1,1,2,223-020542-A,213,269.257870993064,1,49221,3,NA,3,8,0,NA,NA,NA,NA,NA,NA,NA,NA,250,1,120,1,NA,NA,NA,2,NA,1,42,1,1,0,1,7,24,48,1558.79992675781,4139.47998046875,4139.47998046875,affirmative_filter,age_7_plus
223-020542-A-0161,1,1,2,223-020542-A,213,269.257870993064,1,5510,1,4,3,4,30,800,4,2,NA,2,NA,2,NA,NA,NA,NA,NA,NA,NA,NA,2,NA,1,36,1,1,0,1,8,13.5,61.5,800,3612,3612,affirmative_filter,age_7_plus
223-019277-A-0341,1,1,2,223-019277-A,213,383.174662567053,1,45202,3,NA,4,6,0,NA,NA,NA,NA,NA,NA,NA,NA,60,1,60,1,NA,NA,NA,2,NA,2,40,1,1,0,1,6,24,48,1039.19995117188,2100.0498046875,2100.0498046875,affirmative_filter,age_7_plus
231-019841-A-0021,1,1,2,231-019841-A,211,147.641663211595,1,49223,3,NA,5,2,0,NA,NA,NA,NA,NA,NA,NA,NA,840,4,335,4,NA,NA,NA,2,NA,1,56,1,1,0,1,7,10,34,335,1634,1634,affirmative_filter,age_7_plus
231-019841-A-0031,1,1,2,231-019841-A,211,147.641663211595,1,47810,3,NA,1,4,0,NA,NA,NA,NA,NA,NA,NA,NA,300,1,100,1,NA,NA,NA,2,NA,2,38,1,1,0,1,6,4,18,433,2598,2598,affirmative_filter,age_7_plus
231-019841-A-0091,1,1,2,231-019841-A,211,147.641663211595,1,47613,6,NA,2,6,0,NA,NA,NA,NA,NA,NA,NA,NA,NA,NA,NA,NA,NA,NA,NA,2,NA,1,33,1,1,0,1,6,12,62,NA,3680.5,4430.5,affirmative_filter,age_7_plus
231-018203-A-0031,1,1,2,231-018203-A,211,90.986054831311,1,01441,3,NA,3,4,0,NA,NA,NA,NA,NA,NA,NA,NA,600,4,400,4,1,4,400,2,NA,2,53,1,1,0,1,0,12,32,400,1900,1900,affirmative_filter,age_7_plus
231-018203-A-0081,1,1,2,231-018203-A,211,90.986054831311,1,01411,6,NA,2,6,0,NA,NA,NA,NA,NA,NA,NA,NA,NA,NA,NA,NA,NA,NA,NA,1,2,1,59,1,1,0,1,0,12,60,NA,2598,2598,affirmative_filter,age_7_plus
231-018203-A-0111,1,1,2,231-018203-A,211,90.986054831311,1,41000,1,4,2,8,0,120,1,2,NA,2,NA,2,NA,NA,NA,NA,NA,NA,NA,NA,2,NA,2,35,1,1,0,1,5,16,86,1039.19995117188,2987.69995117188,2987.69995117188,affirmative_filter,age_7_plus
231-018203-A-0131,2,1,2,231-018203-A,211,90.986054831311,1,10503,3,NA,4,1,0,NA,NA,NA,NA,NA,NA,NA,NA,70,2,50,2,1,2,50,2,NA,2,23,1,1,0,1,2,4,20,216.5,549.833374023438,549.833374023438,affirmative_filter,age_7_plus
231-018203-A-0151,1,1,2,231-018203-A,211,90.986054831311,1,014,3,NA,7,3,0,NA,NA,NA,NA,NA,NA,NA,NA,600,4,400,4,1,4,300,2,NA,2,62,1,1,0,1,0,21,33,400,900,1279.16662597656,affirmative_filter,age_7_plus
231-020230-A-0081,2,1,2,231-020230-A,211,88.5597600358094,1,5630,3,NA,5,2,0,NA,NA,NA,NA,NA,NA,NA,NA,80,1,30,1,NA,NA,NA,2,NA,2,67,1,1,0,1,8,10,40,649.5,1732,2111.16674804688,affirmative_filter,age_7_plus
232-019576-A-0021,2,1,2,232-019576-A,212,257.600051376406,1,01282,6,NA,2,5,0,NA,NA,NA,NA,NA,NA,NA,NA,NA,NA,NA,NA,NA,NA,NA,2,NA,2,34,1,1,0,1,0,10,45,NA,3247.5,3276.66674804688,affirmative_filter,age_7_plus
232-019576-A-0101,1,1,2,232-019576-A,212,257.600051376406,1,01136,3,NA,2,2,0,NA,NA,NA,NA,NA,NA,NA,NA,80,4,80,4,2,NA,NA,2,NA,1,63,1,1,0,1,0,4,52,80,737,1116.16662597656,affirmative_filter,age_7_plus
232-019392-A-0151,1,1,2,232-019392-A,212,89.8634813860634,1,01136,6,NA,2,5,0,NA,NA,NA,NA,NA,NA,NA,NA,NA,NA,NA,NA,NA,NA,NA,2,NA,1,32,1,1,0,1,0,10,42,NA,4849.60009765625,4849.60009765625,affirmative_filter,age_7_plus
232-019392-A-0251,1,1,2,232-019392-A,212,89.8634813860634,1,01136,3,NA,1,2,0,NA,NA,NA,NA,NA,NA,NA,NA,0,NA,0,NA,1,1,3,2,NA,1,27,1,1,0,1,0,2,34,NA,3464,3464,affirmative_filter,age_7_plus
233-019597-A-0061,1,1,2,233-019597-A,213,221.389805038742,1,56101,3,NA,5,4,0,NA,NA,NA,NA,NA,NA,NA,NA,1300,2,500,2,NA,NA,NA,2,NA,2,44,1,1,0,1,8,20,68,2165,6765,6765,affirmative_filter,age_7_plus
233-019597-A-0061,2,1,2,233-019597-A,213,221.389805038742,1,56101,6,NA,5,5,0,NA,NA,NA,NA,NA,NA,NA,NA,NA,NA,NA,NA,NA,NA,NA,2,NA,2,21,1,1,0,1,8,25,45,NA,1088.33337402344,1088.33337402344,affirmative_filter,age_7_plus
233-019597-A-0291,1,1,2,233-019597-A,213,221.389805038742,1,01282,3,NA,1,8,0,NA,NA,NA,NA,NA,NA,NA,NA,1500,5,1000,5,1,2,45,1,2,1,53,1,1,0,1,0,8,98,500,8631.740234375,8631.740234375,affirmative_filter,age_7_plus
233-019597-A-0291,2,1,2,233-019597-A,213,221.389805038742,1,01282,6,NA,1,8,0,NA,NA,NA,NA,NA,NA,NA,NA,NA,NA,NA,NA,NA,NA,NA,1,2,2,52,1,1,0,1,0,8,83,NA,NA,0,affirmative_filter,age_7_plus
233-019597-A-0331,2,1,2,233-019597-A,213,221.389805038742,1,56101,6,NA,4,5,0,NA,NA,NA,NA,NA,NA,NA,NA,NA,NA,NA,NA,NA,NA,NA,2,NA,1,57,1,1,0,1,8,20,80,NA,5845.5,5845.5,affirmative_filter,age_7_plus
233-019597-A-0361,1,1,2,233-019597-A,213,221.389805038742,1,01180,3,NA,7,2,0,NA,NA,NA,NA,NA,NA,NA,NA,350,2,200,2,NA,NA,NA,2,NA,1,42,1,1,0,1,0,14,46,866,2598,2598,affirmative_filter,age_7_plus
233-019691-A-0011,1,1,2,233-019691-A,213,397.809805928989,1,49222,3,NA,6,6,0,NA,NA,NA,NA,NA,NA,NA,NA,250,1,150,1,NA,NA,NA,2,NA,1,52,1,1,0,1,7,36,60,3897,8397,8397,affirmative_filter,age_7_plus
233-019691-A-0101,1,1,2,233-019691-A,213,397.809805928989,1,01230,3,NA,2,8,0,NA,NA,NA,NA,NA,NA,NA,NA,6000,6,4130,6,2,NA,NA,2,NA,1,50,1,1,0,1,0,16,64,1376.66674804688,4667.466796875,4667.466796875,affirmative_filter,age_7_plus
241-023268-A-0011,2,2,2,241-023268-A,221,572.291416177235,1,014,6,NA,3,5,0,NA,NA,NA,NA,NA,NA,NA,NA,NA,NA,NA,NA,NA,NA,NA,2,NA,2,72,1,1,0,1,0,15,27,NA,866,1745.16662597656,affirmative_filter,age_7_plus
241-023268-A-0051,2,2,2,241-023268-A,221,572.291416177235,1,01136,6,NA,5,4,0,NA,NA,NA,NA,NA,NA,NA,NA,NA,NA,NA,NA,NA,NA,NA,2,NA,2,69,1,1,0,1,0,20,62,NA,133.333343505859,512.5,affirmative_filter,age_7_plus
241-023268-A-0121,2,2,2,241-023268-A,221,572.291416177235,1,01136,6,NA,2,4,0,NA,NA,NA,NA,NA,NA,NA,NA,NA,NA,NA,NA,NA,NA,NA,2,NA,2,24,1,1,0,1,0,8,38,NA,1515.5,1515.5,affirmative_filter,age_7_plus
241-024142-D-0491,1,2,2,241-024142-D,221,914.462036041875,1,011,3,NA,1,8,0,NA,NA,NA,NA,NA,NA,NA,NA,1200,8,1000,8,1,4,50,1,1,1,45,1,1,0,1,0,8,38,83.3333358764648,5050,5050,affirmative_filter,age_7_plus
242-022362-A-0091,1,2,2,242-022362-A,222,733.260717512577,1,47113,6,NA,2,5,0,NA,NA,NA,NA,NA,NA,NA,NA,NA,NA,NA,NA,NA,NA,NA,2,NA,1,65,1,1,0,1,6,10,58,NA,5013.33349609375,5392.5,affirmative_filter,age_7_plus
242-022362-A-0111,1,2,2,242-022362-A,222,733.260717512577,1,01220,3,NA,6,5,0,NA,NA,NA,NA,NA,NA,NA,NA,9000,8,8000,8,1,1,10,2,NA,2,66,1,1,0,1,0,30,78,666.666687011719,4663.33349609375,5042.5,affirmative_filter,age_7_plus
242-022362-A-0141,1,2,2,242-022362-A,222,733.260717512577,1,01282,3,NA,6,8,0,NA,NA,NA,NA,NA,NA,NA,NA,80,1,80,1,NA,NA,NA,2,NA,1,49,1,1,0,1,0,48,96,2078.39990234375,7028.39990234375,7028.39990234375,affirmative_filter,age_7_plus
242-022362-A-0141,2,2,2,242-022362-A,222,733.260717512577,1,01282,6,NA,6,8,0,NA,NA,NA,NA,NA,NA,NA,NA,NA,NA,NA,NA,NA,NA,NA,2,NA,2,45,1,1,0,1,0,48,96,NA,2078.39990234375,2078.39990234375,affirmative_filter,age_7_plus
242-022362-A-0161,2,2,2,242-022362-A,222,733.260717512577,1,01282,6,NA,3,8,0,NA,NA,NA,NA,NA,NA,NA,NA,NA,NA,NA,NA,NA,NA,NA,2,NA,1,58,1,1,0,1,0,24,44,NA,3000,3000,affirmative_filter,age_7_plus
242-022362-A-0201,1,2,2,242-022362-A,222,733.260717512577,1,01470,3,NA,3,4,0,NA,NA,NA,NA,NA,NA,NA,NA,2000,6,1800,6,NA,NA,NA,2,NA,1,54,1,1,0,1,0,12,61,600,2766.66674804688,2826.66674804688,affirmative_filter,age_7_plus
242-026549-D-0031,3,2,2,242-026549-D,222,286.704940547417,1,14101,3,NA,3,6,15,NA,NA,NA,NA,NA,NA,NA,NA,300,4,300,4,NA,NA,NA,2,NA,2,31,1,1,0,1,2,18.75,62.5,300,689.699951171875,689.699951171875,affirmative_filter,age_7_plus
242-026549-D-0061,1,2,2,242-026549-D,222,286.704940547417,1,011,3,NA,2,4,0,NA,NA,NA,NA,NA,NA,NA,NA,940,7,940,7,1,1,12,2,NA,2,59,1,1,0,1,0,8,33,156.66667175293,1888.66662597656,2044.54663085938,affirmative_filter,age_7_plus
242-026549-D-0061,2,2,2,242-026549-D,222,286.704940547417,1,014,6,NA,2,4,0,NA,NA,NA,NA,NA,NA,NA,NA,NA,NA,NA,NA,NA,NA,NA,2,NA,1,30,1,1,0,1,0,8,48,NA,1280,1280,affirmative_filter,age_7_plus
242-026549-D-0061,3,2,2,242-026549-D,222,286.704940547417,1,014,6,NA,5,4,0,NA,NA,NA,NA,NA,NA,NA,NA,NA,NA,NA,NA,NA,NA,NA,2,NA,2,18,1,1,0,1,0,20,28,NA,303.100006103516,303.100006103516,affirmative_filter,age_7_plus
242-026549-D-0081,1,2,2,242-026549-D,222,286.704940547417,1,011,3,NA,2,4,0,NA,NA,NA,NA,NA,NA,NA,NA,2400,7,1200,7,1,2,10,2,NA,1,63,1,1,0,1,0,8,43,200,1004.16668701172,1383.33337402344,affirmative_filter,age_7_plus
242-026549-D-0101,1,2,2,242-026549-D,222,286.704940547417,1,011,3,NA,2,8,0,NA,NA,NA,NA,NA,NA,NA,NA,0,NA,0,NA,1,1,10,2,NA,1,55,1,1,0,1,0,16,72,NA,1608,1628,affirmative_filter,age_7_plus
242-026549-D-0101,2,2,2,242-026549-D,222,286.704940547417,1,01,6,NA,5,5,0,NA,NA,NA,NA,NA,NA,NA,NA,NA,NA,NA,NA,NA,NA,NA,2,NA,2,63,1,1,0,1,0,25,53,NA,NA,379.166656494141,affirmative_filter,age_7_plus
242-026549-D-0121,2,2,2,242-026549-D,222,286.704940547417,1,011,6,NA,4,6,0,NA,NA,NA,NA,NA,NA,NA,NA,NA,NA,NA,NA,NA,NA,NA,2,NA,2,65,1,1,0,1,0,24,38,NA,329.079986572266,708.246643066406,affirmative_filter,age_7_plus
242-026549-D-0131,2,2,2,242-026549-D,222,286.704940547417,1,011,3,NA,6,4,0,NA,NA,NA,NA,NA,NA,NA,NA,0,NA,0,NA,1,7,200,2,NA,2,45,1,1,0,1,0,24,36,NA,779.399963378906,779.399963378906,affirmative_filter,age_7_plus
242-026549-D-0151,1,2,2,242-026549-D,222,286.704940547417,1,01136,3,NA,6,2,0,NA,NA,NA,NA,NA,NA,NA,NA,1000,7,800,7,1,7,200,2,NA,1,34,1,1,0,1,0,12,40,133.333343505859,1042.63330078125,1042.63330078125,affirmative_filter,age_7_plus
242-026549-D-0161,1,2,2,242-026549-D,222,286.704940547417,1,011,3,NA,4,6,0,NA,NA,NA,NA,NA,NA,NA,NA,0,NA,0,NA,1,7,300,2,NA,1,68,1,1,0,1,0,24,38,NA,4546.5,4925.66650390625,affirmative_filter,age_7_plus
242-026549-D-0161,2,2,2,242-026549-D,222,286.704940547417,1,011,6,NA,4,4,0,NA,NA,NA,NA,NA,NA,NA,NA,NA,NA,NA,NA,NA,NA,NA,2,NA,2,66,1,1,0,1,0,16,40,NA,NA,379.166656494141,affirmative_filter,age_7_plus
242-027921-D-0081,1,2,2,242-027921-D,222,322.634715705534,1,01136,3,NA,2,4,0,NA,NA,NA,NA,NA,NA,NA,NA,1600,8,800,4,1,1,5,2,NA,1,59,1,1,0,1,0,8,48,800,4264,4264,affirmative_filter,age_7_plus
242-027921-D-0121,1,2,2,242-027921-D,222,322.634715705534,1,41000,3,NA,5,8,0,NA,NA,NA,NA,NA,NA,NA,NA,1500,3,1500,3,NA,NA,NA,2,NA,1,38,1,1,0,1,5,40,60,3247.5,3447.5,3447.5,affirmative_filter,age_7_plus
242-027921-D-0131,1,2,2,242-027921-D,222,322.634715705534,1,01411,3,NA,7,2,0,NA,NA,NA,NA,NA,NA,NA,NA,4000,8,3000,8,2,NA,NA,2,NA,1,65,1,1,0,1,0,14,31.5,250,353.333343505859,732.5,affirmative_filter,age_7_plus
242-027921-D-0171,2,2,2,242-027921-D,222,322.634715705534,1,01136,3,NA,2,5,0,NA,NA,NA,NA,NA,NA,NA,NA,500,7,420,7,1,7,200,2,NA,1,44,1,1,0,1,0,10,50,70,2770,2770,affirmative_filter,age_7_plus
242-026081-D-0041,1,2,2,242-026081-D,222,1837.20812966555,1,01111,3,NA,6,6,0,NA,NA,NA,NA,NA,NA,NA,NA,10000,6,9000,6,1,1,20,2,NA,1,57,1,1,0,1,0,36,78,3000,10750.69921875,10750.69921875,affirmative_filter,age_7_plus
242-026081-D-0041,4,2,2,242-026081-D,222,1837.20812966555,1,01111,6,NA,2,8,0,NA,NA,NA,NA,NA,NA,NA,NA,NA,NA,NA,NA,NA,NA,NA,2,NA,2,17,1,1,0,1,0,16,56,NA,2598,2637.16674804688,affirmative_filter,age_7_plus
242-026081-D-0101,1,2,2,242-026081-D,222,1837.20812966555,1,01111,3,NA,2,6,0,NA,NA,NA,NA,NA,NA,NA,NA,4000,6,3000,6,1,2,50,2,NA,2,47,1,1,0,1,0,12,117,1000,5200.10009765625,5200.10009765625,affirmative_filter,age_7_plus
242-026081-D-0101,2,2,2,242-026081-D,222,1837.20812966555,1,01111,6,NA,4,5,0,NA,NA,NA,NA,NA,NA,NA,NA,NA,NA,NA,NA,NA,NA,NA,2,NA,1,39,1,1,0,1,0,20,76,NA,NA,0,affirmative_filter,age_7_plus
243-022395-A-0011,2,2,2,243-022395-A,223,1268.20570586582,1,01282,6,NA,2,8,15,NA,NA,NA,NA,NA,NA,NA,NA,NA,NA,NA,NA,NA,NA,NA,2,NA,2,45,1,1,0,1,0,16.5,77.75,NA,2060,2060,affirmative_filter,age_7_plus
243-022395-A-0021,1,2,2,243-022395-A,223,1268.20570586582,1,01220,3,NA,6,2,15,NA,NA,NA,NA,NA,NA,NA,NA,8000,8,8000,8,2,NA,NA,2,NA,1,49,1,1,0,1,0,13.5,88.75,666.666687011719,2808.33349609375,2808.33349609375,affirmative_filter,age_7_plus
243-022395-A-0021,2,2,2,243-022395-A,223,1268.20570586582,1,01282,6,NA,3,6,45,NA,NA,NA,NA,NA,NA,NA,NA,NA,NA,NA,NA,NA,NA,NA,2,NA,2,46,1,1,0,1,0,20.25,49.25,NA,670,670,affirmative_filter,age_7_plus
243-022395-A-0031,1,2,2,243-022395-A,223,1268.20570586582,1,96020,3,NA,6,3,45,NA,NA,NA,NA,NA,NA,NA,NA,600,4,520,4,NA,NA,NA,2,NA,1,23,1,1,0,1,18,22.5,72,520,4045,4045,affirmative_filter,age_7_plus
243-022395-A-0061,1,2,2,243-022395-A,223,1268.20570586582,1,01230,3,NA,3,8,0,NA,NA,NA,NA,NA,NA,NA,NA,600,4,600,4,1,2,5,2,NA,1,60,1,1,0,1,0,24,64,600,2550,2929.16674804688,affirmative_filter,age_7_plus
243-022395-A-0061,2,2,2,243-022395-A,223,1268.20570586582,1,01282,6,NA,5,5,0,NA,NA,NA,NA,NA,NA,NA,NA,NA,NA,NA,NA,NA,NA,NA,2,NA,2,51,1,1,0,1,0,25,81,NA,2880,2880,affirmative_filter,age_7_plus
243-022395-A-0061,3,2,2,243-022395-A,223,1268.20570586582,1,01282,6,NA,3,6,0,NA,NA,NA,NA,NA,NA,NA,NA,NA,NA,NA,NA,NA,NA,NA,2,NA,1,23,1,1,0,1,0,18,48,NA,3399.05004882812,3399.05004882812,affirmative_filter,age_7_plus
243-022395-A-0081,1,2,2,243-022395-A,223,1268.20570586582,1,56103,6,NA,3,8,0,NA,NA,NA,NA,NA,NA,NA,NA,NA,NA,NA,NA,NA,NA,NA,2,NA,1,37,1,1,0,1,8,24,48,NA,883.333374023438,883.333374023438,affirmative_filter,age_7_plus
243-022395-A-0091,1,2,2,243-022395-A,223,1268.20570586582,1,01220,3,NA,5,8,0,NA,NA,NA,NA,NA,NA,NA,NA,15000,8,10000,6,1,2,5,2,NA,1,35,1,1,0,1,0,40,80,3333.33349609375,7576.6669921875,7576.6669921875,affirmative_filter,age_7_plus
243-022395-A-0091,2,2,2,243-022395-A,223,1268.20570586582,1,01220,6,NA,5,8,0,NA,NA,NA,NA,NA,NA,NA,NA,NA,NA,NA,NA,NA,NA,NA,2,NA,2,30,1,1,0,1,0,40,80,NA,NA,0,affirmative_filter,age_7_plus
243-022395-A-0101,1,2,2,243-022395-A,223,1268.20570586582,1,01220,3,NA,4,8,0,NA,NA,NA,NA,NA,NA,NA,NA,30000,6,28000,8,1,2,10,2,NA,1,50,1,1,0,1,0,32,88,2333.33349609375,8700,8700,affirmative_filter,age_7_plus
243-022395-A-0101,2,2,2,243-022395-A,223,1268.20570586582,1,01220,6,NA,3,8,0,NA,NA,NA,NA,NA,NA,NA,NA,NA,NA,NA,NA,NA,NA,NA,2,NA,2,49,1,1,0,1,0,24,56,NA,NA,0,affirmative_filter,age_7_plus
243-022395-A-0121,1,2,2,243-022395-A,223,1268.20570586582,1,01230,3,NA,2,4,0,NA,NA,NA,NA,NA,NA,NA,NA,200,2,190,2,1,2,5,2,NA,1,36,1,1,0,1,0,8,58,822.700012207031,3650.69995117188,3650.69995117188,affirmative_filter,age_7_plus
243-022395-A-0121,2,2,2,243-022395-A,223,1268.20570586582,1,01230,6,NA,2,4,0,NA,NA,NA,NA,NA,NA,NA,NA,NA,NA,NA,NA,NA,NA,NA,2,NA,2,35,1,1,0,1,0,8,58,NA,NA,0,affirmative_filter,age_7_plus
243-022395-A-0151,1,2,2,243-022395-A,223,1268.20570586582,1,01230,3,NA,2,4,0,NA,NA,NA,NA,NA,NA,NA,NA,3000,8,2900,8,1,8,200,2,NA,1,43,1,1,0,1,0,8,58,241.66667175293,4041.66674804688,4041.66674804688,affirmative_filter,age_7_plus
243-022395-A-0151,2,2,2,243-022395-A,223,1268.20570586582,1,01230,6,NA,2,4,0,NA,NA,NA,NA,NA,NA,NA,NA,NA,NA,NA,NA,NA,NA,NA,2,NA,2,32,1,1,0,1,0,8,58,NA,NA,0,affirmative_filter,age_7_plus
243-022395-A-0161,1,2,2,243-022395-A,223,1268.20570586582,1,01220,3,NA,7,2,0,NA,NA,NA,NA,NA,NA,NA,NA,2000,8,2000,8,1,8,50,1,1,1,38,1,1,0,1,0,14,58,166.66667175293,6500.57470703125,6500.57470703125,affirmative_filter,age_7_plus
243-024626-D-0251,1,2,2,243-024626-D,223,713.568427852891,1,011,3,NA,4,5,0,NA,NA,NA,NA,NA,NA,NA,NA,1200,7,560,7,1,2,10,2,NA,1,65,1,1,0,1,0,20,44,93.3333358764648,1457.28332519531,1836.44995117188,affirmative_filter,age_7_plus
243-024699-D-0111,1,2,2,243-024699-D,223,222.318881043872,1,47113,6,NA,2,3,0,NA,NA,NA,NA,NA,NA,NA,NA,NA,NA,NA,NA,NA,NA,NA,1,2,1,66,1,1,0,1,6,6,12,NA,108.333335876465,1713.33337402344,affirmative_filter,age_7_plus
243-024699-D-0111,2,2,2,243-024699-D,223,222.318881043872,1,011,6,NA,2,3,0,NA,NA,NA,NA,NA,NA,NA,NA,NA,NA,NA,NA,NA,NA,NA,2,NA,2,61,1,1,0,1,0,6,26,NA,606.200012207031,985.36669921875,affirmative_filter,age_7_plus
243-024699-D-0141,1,2,2,243-024699-D,223,222.318881043872,1,011,3,NA,2,6,0,NA,NA,NA,NA,NA,NA,NA,NA,0,NA,0,NA,1,7,250,2,NA,2,47,1,1,0,1,0,12,24,NA,1299,1399,affirmative_filter,age_7_plus
243-024699-D-0291,1,2,2,243-024699-D,223,222.318881043872,1,01136,3,NA,4,2,0,NA,NA,NA,NA,NA,NA,NA,NA,0,NA,0,NA,1,7,100,2,NA,1,60,1,1,0,1,0,8,36,NA,1757.97998046875,2137.14672851562,affirmative_filter,age_7_plus
243-024687-D-0211,1,2,2,243-024687-D,223,434.437248722202,1,47810,3,NA,1,8,0,NA,NA,NA,NA,NA,NA,NA,NA,300,2,150,2,NA,NA,NA,2,NA,2,48,1,1,0,1,6,8,33,649.5,3160.89990234375,3160.89990234375,affirmative_filter,age_7_plus
243-024687-D-0301,1,2,2,243-024687-D,223,434.437248722202,1,0113,3,NA,6,2,0,NA,NA,NA,NA,NA,NA,NA,NA,0,NA,0,NA,1,7,1000,2,NA,1,22,1,1,0,1,0,12,60,NA,3420.69995117188,3420.69995117188,affirmative_filter,age_7_plus
243-024687-D-0321,1,2,2,243-024687-D,223,434.437248722202,1,01136,3,NA,6,2,0,NA,NA,NA,NA,NA,NA,NA,NA,0,NA,0,NA,1,7,500,2,NA,1,46,1,1,0,1,0,12,60,NA,2598,2598,affirmative_filter,age_7_plus
243-028609-D-0251,1,2,2,243-028609-D,223,997.37405256711,1,01282,1,4,2,8,0,70,1,2,NA,2,NA,2,NA,NA,NA,NA,NA,NA,NA,NA,2,NA,2,29,1,1,0,1,0,16,64,606.200012207031,1392.86669921875,1392.86669921875,affirmative_filter,age_7_plus
243-028609-D-0251,2,2,2,243-028609-D,223,997.37405256711,1,01282,1,4,2,8,0,70,1,2,NA,2,NA,2,NA,NA,NA,NA,NA,NA,NA,NA,2,NA,2,25,1,1,0,1,0,16,64,606.200012207031,1062.86669921875,1062.86669921875,affirmative_filter,age_7_plus
244-020683-A-0211,1,2,2,244-020683-A,224,457.148350837659,1,47899,3,NA,3,9,0,NA,NA,NA,NA,NA,NA,NA,NA,2000,4,1200,4,NA,NA,NA,2,NA,2,32,1,1,0,1,6,27,75,1200,4200,5499,affirmative_filter,age_7_plus
251-027052-D-0011,1,2,2,251-027052-D,221,459.877030856707,1,01136,3,NA,4,5,15,NA,NA,NA,NA,NA,NA,NA,NA,0,NA,0,NA,1,2,22,2,NA,1,79,1,1,0,1,0,21,39.75,NA,533.333374023438,1912.5,affirmative_filter,age_7_plus
251-027052-D-0021,1,2,2,251-027052-D,221,459.877030856707,1,01441,3,NA,7,7,15,NA,NA,NA,NA,NA,NA,NA,NA,0,NA,0,NA,1,2,50,2,NA,2,53,1,1,0,1,0,50.75,79.75,NA,535,1218.33337402344,affirmative_filter,age_7_plus
251-027052-D-0031,1,2,2,251-027052-D,221,459.877030856707,1,01136,3,NA,4,6,45,NA,NA,NA,NA,NA,NA,NA,NA,0,NA,0,NA,1,2,40,2,NA,1,70,1,1,0,1,0,27,63.25,NA,1775,2154.16674804688,affirmative_filter,age_7_plus
251-027052-D-0061,1,2,2,251-027052-D,221,459.877030856707,1,01441,3,NA,7,8,0,NA,NA,NA,NA,NA,NA,NA,NA,500,7,500,7,1,1,10,2,NA,1,57,1,1,0,1,0,56,71,83.3333358764648,275,275,affirmative_filter,age_7_plus
251-027052-D-0081,1,2,2,251-027052-D,221,459.877030856707,1,01441,3,NA,7,6,0,NA,NA,NA,NA,NA,NA,NA,NA,0,NA,0,NA,1,8,200,2,NA,1,70,1,1,0,1,0,42,82,NA,706.666687011719,1115,affirmative_filter,age_7_plus
251-027052-D-0091,1,2,2,251-027052-D,221,459.877030856707,1,011,3,NA,4,8,0,NA,NA,NA,NA,NA,NA,NA,NA,5200,7,4050,7,1,1,3,2,NA,1,48,1,1,0,1,0,32,50,675,3525,3525,affirmative_filter,age_7_plus
251-027052-D-0091,2,2,2,251-027052-D,221,459.877030856707,1,011,6,NA,5,5,0,NA,NA,NA,NA,NA,NA,NA,NA,NA,NA,NA,NA,NA,NA,NA,2,NA,2,52,1,1,0,1,0,25,39,NA,50,50,affirmative_filter,age_7_plus
251-027052-D-0111,1,2,2,251-027052-D,221,459.877030856707,1,01411,3,NA,7,3,0,NA,NA,NA,NA,NA,NA,NA,NA,8000,7,6000,7,2,NA,NA,2,NA,1,27,1,1,0,1,0,21,45,1000,2383.33349609375,2383.33349609375,affirmative_filter,age_7_plus
251-027052-D-0111,2,2,2,251-027052-D,221,459.877030856707,1,01136,6,NA,4,4,0,NA,NA,NA,NA,NA,NA,NA,NA,NA,NA,NA,NA,NA,NA,NA,2,NA,2,59,1,1,0,1,0,16,32,NA,NA,0,affirmative_filter,age_7_plus
251-027052-D-0121,1,2,2,251-027052-D,221,459.877030856707,1,0113,6,NA,3,4,0,NA,NA,NA,NA,NA,NA,NA,NA,NA,NA,NA,NA,NA,NA,NA,2,NA,1,34,1,1,0,1,0,12,47,NA,8660,8660,affirmative_filter,age_7_plus
251-027052-D-0121,2,2,2,251-027052-D,221,459.877030856707,1,0113,3,NA,6,4,0,NA,NA,NA,NA,NA,NA,NA,NA,200,7,200,7,1,7,500,2,NA,2,29,1,1,0,1,0,24,73,33.3333358764648,893.333312988281,893.333312988281,affirmative_filter,age_7_plus
251-027052-D-0131,1,2,2,251-027052-D,221,459.877030856707,2,01132,6,NA,6,4,0,NA,NA,NA,NA,NA,NA,NA,NA,NA,NA,NA,NA,NA,NA,NA,1,2,1,60,1,1,0,1,0,24,48,0,483.333343505859,4308.33349609375,reported_data_with_negative_filter_review,age_7_plus
251-027052-D-0131,2,2,2,251-027052-D,221,459.877030856707,1,01132,6,NA,3,4,0,NA,NA,NA,NA,NA,NA,NA,NA,NA,NA,NA,NA,NA,NA,NA,2,NA,2,60,1,1,0,1,0,12,28,NA,NA,379.166656494141,affirmative_filter,age_7_plus
251-026751-D-0031,1,2,2,251-026751-D,221,256.21720290588,1,014,3,NA,5,3,0,NA,NA,NA,NA,NA,NA,NA,NA,400,6,200,6,2,NA,NA,2,NA,2,44,1,1,0,1,0,15,39,66.6666717529297,206.66667175293,265,affirmative_filter,age_7_plus
251-026751-D-0041,1,2,2,251-026751-D,221,256.21720290588,1,01240,3,NA,3,8,0,NA,NA,NA,NA,NA,NA,NA,NA,100,1,100,1,1,1,100,2,NA,1,48,1,1,0,1,0,24,48,1299,2857.7998046875,2857.7998046875,affirmative_filter,age_7_plus
251-025014-D-0051,2,2,2,251-025014-D,221,220.740974811219,1,14301,3,NA,4,3,0,NA,NA,NA,NA,NA,NA,NA,NA,300,8,200,8,NA,NA,NA,2,NA,2,54,1,1,0,1,2,12,40,16.6666679382324,350,350,affirmative_filter,age_7_plus
251-025014-D-0061,2,2,2,251-025014-D,221,220.740974811219,1,14301,3,NA,3,4,0,NA,NA,NA,NA,NA,NA,NA,NA,200,4,100,4,NA,NA,NA,2,NA,2,38,1,1,0,1,2,12,40,100,475,475,affirmative_filter,age_7_plus
251-025014-D-0131,1,2,2,251-025014-D,221,220.740974811219,1,01430,3,NA,7,4,0,NA,NA,NA,NA,NA,NA,NA,NA,3000,8,1500,8,2,NA,NA,2,NA,2,41,1,1,0,1,0,28,52,125,2723,2723,affirmative_filter,age_7_plus
251-025014-D-0151,2,2,2,251-025014-D,221,220.740974811219,1,01411,6,NA,3,4,0,NA,NA,NA,NA,NA,NA,NA,NA,NA,NA,NA,NA,NA,NA,NA,1,2,1,48,1,1,0,1,0,12,56,NA,3572.25,3572.25,affirmative_filter,age_7_plus
251-021026-A-0121,1,2,2,251-021026-A,221,1389.27886244823,1,01136,3,NA,2,8,0,NA,NA,NA,NA,NA,NA,NA,NA,1000,8,800,8,1,5,50,1,2,1,51,1,1,0,1,0,16,64,66.6666717529297,2664.66674804688,2789.66674804688,affirmative_filter,age_7_plus
251-021026-A-0131,1,2,2,251-021026-A,221,1389.27886244823,1,41000,3,NA,2,8,0,NA,NA,NA,NA,NA,NA,NA,NA,300,2,290,2,NA,NA,NA,1,2,1,55,1,1,0,1,5,16,48,1255.69995117188,1547.36669921875,1547.36669921875,affirmative_filter,age_7_plus
251-021026-A-0131,2,2,2,251-021026-A,221,1389.27886244823,1,01136,6,NA,3,6,0,NA,NA,NA,NA,NA,NA,NA,NA,NA,NA,NA,NA,NA,NA,NA,2,NA,2,46,1,1,0,1,0,18,60,NA,606.200012207031,606.200012207031,affirmative_filter,age_7_plus
251-027379-D-0301,1,2,2,251-027379-D,221,638.987032348266,1,01470,3,NA,1,4,0,NA,NA,NA,NA,NA,NA,NA,NA,14000,8,10100,8,2,NA,NA,2,NA,1,33,1,1,0,1,0,4,44,841.666687011719,1675,1675,affirmative_filter,age_7_plus
251-027676-D-0211,1,2,2,251-027676-D,221,599.154074487595,1,01282,1,4,2,8,30,560,4,2,NA,2,NA,2,NA,NA,NA,NA,NA,NA,NA,NA,2,NA,2,47,1,1,0,1,0,17,41,560,1893.33337402344,1893.33337402344,affirmative_filter,age_7_plus
251-027676-D-0281,1,2,2,251-027676-D,221,599.154074487595,1,01282,1,4,3,8,15,180,1,2,NA,2,NA,2,NA,NA,NA,NA,NA,NA,NA,NA,2,NA,1,43,1,1,0,1,0,24.75,48.75,2338.19995117188,2876.533203125,2876.533203125,affirmative_filter,age_7_plus
251-027833-D-0461,1,2,2,251-027833-D,221,871.345953202181,1,49221,3,NA,2,8,0,NA,NA,NA,NA,NA,NA,NA,NA,600,4,400,4,NA,NA,NA,2,NA,1,36,1,1,0,1,7,16,56,400,3500,3500,affirmative_filter,age_7_plus
251-027833-D-0521,2,2,2,251-027833-D,221,871.345953202181,1,01282,6,NA,2,5,0,NA,NA,NA,NA,NA,NA,NA,NA,NA,NA,NA,NA,NA,NA,NA,2,NA,2,27,1,1,0,1,0,10,30,NA,800,800,affirmative_filter,age_7_plus
251-029252-D-0051,1,2,2,251-029252-D,221,863.769031869988,1,01271,3,NA,3,8,0,NA,NA,NA,NA,NA,NA,NA,NA,0,NA,0,NA,2,NA,NA,2,NA,1,36,1,1,0,1,0,24,48,NA,779.399963378906,779.399963378906,affirmative_filter,age_7_plus
251-029232-D-0091,1,2,2,251-029232-D,221,861.428194385246,1,01271,3,NA,1,8,0,NA,NA,NA,NA,NA,NA,NA,NA,8000,8,7000,8,1,4,10,2,NA,2,34,1,1,0,1,0,8,48,583.333374023438,2315.33349609375,2315.33349609375,affirmative_filter,age_7_plus
251-029232-D-0221,3,2,2,251-029232-D,221,861.428194385246,1,01282,6,NA,3,6,0,NA,NA,NA,NA,NA,NA,NA,NA,NA,NA,NA,NA,NA,NA,NA,2,NA,1,21,1,1,0,1,0,18,34,NA,866,866,affirmative_filter,age_7_plus
251-024391-D-0151,3,2,2,251-024391-D,221,441.481949622439,1,01136,6,NA,3,4,0,NA,NA,NA,NA,NA,NA,NA,NA,NA,NA,NA,NA,NA,NA,NA,2,NA,2,80,1,1,0,1,0,12,54,NA,1299,1693.16662597656,affirmative_filter,age_7_plus
252-024167-D-0131,1,2,2,252-024167-D,222,706.723662974027,1,01,1,4,2,6,0,400,4,2,NA,2,NA,2,NA,NA,NA,NA,NA,NA,NA,NA,2,NA,1,28,1,1,0,1,0,12,52,400,491.666687011719,491.666687011719,affirmative_filter,age_7_plus
252-024167-D-0271,1,2,2,252-024167-D,222,706.723662974027,1,01112,6,NA,3,4,30,NA,NA,NA,NA,NA,NA,NA,NA,NA,NA,NA,NA,NA,NA,NA,2,NA,1,57,1,1,0,1,0,13.5,67.5,NA,800,800,affirmative_filter,age_7_plus
252-024777-D-0011,1,2,2,252-024777-D,222,306.636300050714,1,01411,3,NA,7,6,0,NA,NA,NA,NA,NA,NA,NA,NA,6000,8,3000,8,1,8,3000,2,NA,1,49,1,1,0,1,0,42,56,250,812.899963378906,1212.89990234375,affirmative_filter,age_7_plus
252-024777-D-0011,2,2,2,252-024777-D,222,306.636300050714,1,01411,6,NA,7,4,0,NA,NA,NA,NA,NA,NA,NA,NA,NA,NA,NA,NA,NA,NA,NA,2,NA,2,53,1,1,0,1,0,28,64,NA,NA,0,affirmative_filter,age_7_plus
252-024777-D-0011,3,2,2,252-024777-D,222,306.636300050714,1,01411,6,NA,7,4,0,NA,NA,NA,NA,NA,NA,NA,NA,NA,NA,NA,NA,NA,NA,NA,2,NA,1,21,1,1,0,1,0,28,44,NA,NA,0,affirmative_filter,age_7_plus
252-024777-D-0041,1,2,2,252-024777-D,222,306.636300050714,1,10503,6,NA,5,3,0,NA,NA,NA,NA,NA,NA,NA,NA,NA,NA,NA,NA,NA,NA,NA,2,NA,1,60,1,1,0,1,2,15,71,NA,195.833343505859,575,affirmative_filter,age_7_plus
252-024777-D-0041,2,2,2,252-024777-D,222,306.636300050714,1,01136,6,NA,5,2,0,NA,NA,NA,NA,NA,NA,NA,NA,NA,NA,NA,NA,NA,NA,NA,2,NA,2,55,1,1,0,1,0,10,58,NA,1605,1605,affirmative_filter,age_7_plus
252-024777-D-0061,2,2,2,252-024777-D,222,306.636300050714,1,01136,3,NA,7,5,0,NA,NA,NA,NA,NA,NA,NA,NA,0,NA,0,NA,1,3,40,2,NA,2,31,1,1,0,1,0,35,105,NA,1082.5,1082.5,affirmative_filter,age_7_plus
252-024777-D-0071,2,2,2,252-024777-D,222,306.636300050714,1,10503,3,NA,3,3,0,NA,NA,NA,NA,NA,NA,NA,NA,100,2,90,2,1,2,10,2,NA,2,34,1,1,0,1,2,9,18,389.699981689453,439.699981689453,439.699981689453,affirmative_filter,age_7_plus
252-024777-D-0161,1,2,2,252-024777-D,222,306.636300050714,1,01136,3,NA,3,6,0,NA,NA,NA,NA,NA,NA,NA,NA,3000,8,1500,8,1,8,120,2,NA,1,32,1,1,0,1,0,18,58,125,2398.25,2398.25,affirmative_filter,age_7_plus
252-024777-D-0171,1,2,2,252-024777-D,222,306.636300050714,1,01136,6,NA,3,8,0,NA,NA,NA,NA,NA,NA,NA,NA,NA,NA,NA,NA,NA,NA,NA,2,NA,2,44,1,1,0,1,0,24,81.75,NA,716.666687011719,716.666687011719,affirmative_filter,age_7_plus
252-024777-D-0171,2,2,2,252-024777-D,222,306.636300050714,1,01411,6,NA,3,4,0,NA,NA,NA,NA,NA,NA,NA,NA,NA,NA,NA,NA,NA,NA,NA,2,NA,1,52,1,1,0,1,0,12,60,NA,358.333343505859,358.333343505859,affirmative_filter,age_7_plus
253-026663-D-0041,1,2,2,253-026663-D,223,627.734531597859,1,01611,3,NA,3,8,0,NA,NA,NA,NA,NA,NA,NA,NA,100,1,100,1,NA,NA,NA,2,NA,1,74,1,1,0,1,0,24,56,1299,1528.16662597656,1907.33325195312,affirmative_filter,age_7_plus
253-029432-D-0091,1,2,2,253-029432-D,223,437.111341635738,1,01282,3,NA,3,4,0,NA,NA,NA,NA,NA,NA,NA,NA,0,NA,0,NA,1,2,20,2,NA,1,28,1,1,0,1,0,12,84,NA,2598,2598,affirmative_filter,age_7_plus
253-029432-D-0241,3,2,2,253-029432-D,223,437.111341635738,1,01282,6,NA,2,7,0,NA,NA,NA,NA,NA,NA,NA,NA,NA,NA,NA,NA,NA,NA,NA,2,NA,2,32,1,1,0,1,0,14,54,NA,1732,1732,affirmative_filter,age_7_plus
253-029390-D-0031,2,2,2,253-029390-D,223,632.481106505972,1,01271,6,NA,5,8,0,NA,NA,NA,NA,NA,NA,NA,NA,NA,NA,NA,NA,NA,NA,NA,2,NA,2,51,1,1,0,1,0,40,48,NA,1493.84997558594,1493.84997558594,affirmative_filter,age_7_plus
254-026367-D-0011,1,2,2,254-026367-D,224,629.769472898755,1,01136,6,NA,2,8,45,NA,NA,NA,NA,NA,NA,NA,NA,NA,NA,NA,NA,NA,NA,NA,2,NA,1,58,1,1,0,1,0,17.5,82,NA,2563.35986328125,2563.35986328125,affirmative_filter,age_7_plus
254-026367-D-0011,2,2,2,254-026367-D,224,629.769472898755,1,01136,3,NA,2,8,45,NA,NA,NA,NA,NA,NA,NA,NA,0,NA,0,NA,1,2,22,2,NA,2,50,1,1,0,1,0,17.5,57.75,NA,541.25,541.25,affirmative_filter,age_7_plus
254-026367-D-0021,1,2,2,254-026367-D,224,629.769472898755,1,01136,3,NA,2,5,45,NA,NA,NA,NA,NA,NA,NA,NA,0,NA,0,NA,1,2,45,2,NA,1,46,1,1,0,1,0,11.5,51.75,NA,965.589965820312,965.589965820312,affirmative_filter,age_7_plus
254-026367-D-0061,1,2,2,254-026367-D,224,629.769472898755,1,49221,3,NA,3,9,15,NA,NA,NA,NA,NA,NA,NA,NA,300,2,200,2,NA,NA,NA,2,NA,1,42,1,1,0,1,7,27.75,57.5,866,1714.67993164062,1714.67993164062,affirmative_filter,age_7_plus
254-026367-D-0061,2,2,2,254-026367-D,224,629.769472898755,1,01136,3,NA,2,6,15,NA,NA,NA,NA,NA,NA,NA,NA,0,NA,0,NA,1,2,80,2,NA,2,42,1,1,0,1,0,12.5,29.5,NA,NA,0,affirmative_filter,age_7_plus
254-026367-D-0061,3,2,2,254-026367-D,224,629.769472898755,1,01136,6,NA,2,6,15,NA,NA,NA,NA,NA,NA,NA,NA,NA,NA,NA,NA,NA,NA,NA,2,NA,1,13,0,1,0,1,0,12.5,29.5,NA,NA,60,affirmative_filter,age_7_plus
254-026367-D-0081,1,2,2,254-026367-D,224,629.769472898755,1,011,3,NA,2,5,0,NA,NA,NA,NA,NA,NA,NA,NA,0,NA,0,NA,1,1,3,1,2,1,76,1,1,0,1,0,10,52,NA,272.790008544922,3297.7900390625,affirmative_filter,age_7_plus
254-026367-D-0101,1,2,2,254-026367-D,224,629.769472898755,1,011,3,NA,4,4,0,NA,NA,NA,NA,NA,NA,NA,NA,0,NA,0,NA,1,1,3,2,NA,1,81,1,1,0,1,0,16,58,NA,NA,423.333312988281,affirmative_filter,age_7_plus
254-026367-D-0101,2,2,2,254-026367-D,224,629.769472898755,1,011,6,NA,3,4,0,NA,NA,NA,NA,NA,NA,NA,NA,NA,NA,NA,NA,NA,NA,NA,2,NA,2,80,1,1,0,1,0,12,40,NA,NA,398.333312988281,affirmative_filter,age_7_plus
254-026367-D-0121,1,2,2,254-026367-D,224,629.769472898755,1,011,3,NA,3,4,0,NA,NA,NA,NA,NA,NA,NA,NA,0,NA,0,NA,1,1,3,2,NA,1,64,1,1,0,1,0,12,40,NA,727.440002441406,1523.2734375,affirmative_filter,age_7_plus
254-026367-D-0121,2,2,2,254-026367-D,224,629.769472898755,1,011,6,NA,3,3,0,NA,NA,NA,NA,NA,NA,NA,NA,NA,NA,NA,NA,NA,NA,NA,2,NA,2,63,1,1,0,1,0,9,37,NA,NA,379.166656494141,affirmative_filter,age_7_plus
254-026367-D-0141,1,2,2,254-026367-D,224,629.769472898755,1,011,3,NA,3,4,0,NA,NA,NA,NA,NA,NA,NA,NA,0,NA,0,NA,1,1,3,2,NA,1,68,1,1,0,1,0,12,54,NA,2940.07006835938,3319.23681640625,affirmative_filter,age_7_plus
254-026367-D-0161,1,2,2,254-026367-D,224,629.769472898755,1,011,3,NA,4,4,0,NA,NA,NA,NA,NA,NA,NA,NA,0,NA,0,NA,1,7,200,2,NA,1,45,1,1,0,1,0,16,30,NA,1030.5400390625,1030.5400390625,affirmative_filter,age_7_plus
254-026367-D-0161,2,2,2,254-026367-D,224,629.769472898755,1,011,6,NA,5,4,0,NA,NA,NA,NA,NA,NA,NA,NA,NA,NA,NA,NA,NA,NA,NA,2,NA,2,45,1,1,0,1,0,20,48,NA,NA,0,affirmative_filter,age_7_plus
254-026367-D-0181,1,2,2,254-026367-D,224,629.769472898755,1,011,3,NA,5,4,0,NA,NA,NA,NA,NA,NA,NA,NA,0,NA,0,NA,1,7,200,2,NA,2,26,1,1,0,1,0,20,48,NA,303.100006103516,303.100006103516,affirmative_filter,age_7_plus
254-026367-D-0201,1,2,2,254-026367-D,224,629.769472898755,1,01413,3,NA,6,4,0,NA,NA,NA,NA,NA,NA,NA,NA,81,1,81,1,1,2,27,2,NA,1,27,1,1,0,1,0,24,74,2104.3798828125,5568.3798828125,5568.3798828125,affirmative_filter,age_7_plus
254-026367-D-0221,1,2,2,254-026367-D,224,629.769472898755,1,011,3,NA,5,4,0,NA,NA,NA,NA,NA,NA,NA,NA,750,7,600,7,1,7,500,2,NA,2,44,1,1,0,1,0,20,48,100,827.440002441406,827.440002441406,affirmative_filter,age_7_plus
254-026367-D-0221,2,2,2,254-026367-D,224,629.769472898755,1,01136,6,NA,2,4,0,NA,NA,NA,NA,NA,NA,NA,NA,NA,NA,NA,NA,NA,NA,NA,2,NA,2,14,1,1,0,1,0,8,16,NA,NA,40,affirmative_filter,age_7_plus
254-027638-D-0161,1,2,2,254-027638-D,224,896.114664994276,1,01111,3,NA,3,8,15,NA,NA,NA,NA,NA,NA,NA,NA,900,4,900,4,2,NA,NA,2,NA,1,37,1,1,0,1,0,24.75,64.75,900,4580.5,4580.5,affirmative_filter,age_7_plus
261-007143-A-0011,3,1,2,261-007143-A,211,188.616121780121,1,96010,3,NA,3,3,0,NA,NA,NA,NA,NA,NA,NA,NA,50,1,50,1,NA,NA,NA,2,NA,2,35,1,1,0,1,18,9,51,649.5,1506.83996582031,1506.83996582031,affirmative_filter,age_7_plus
261-007143-A-0061,2,1,2,261-007143-A,211,188.616121780121,1,47823,3,NA,1,12,0,NA,NA,NA,NA,NA,NA,NA,NA,200,1,80,1,NA,NA,NA,2,NA,2,53,1,1,0,1,6,12,72,346.399993896484,7923.89990234375,7923.89990234375,affirmative_filter,age_7_plus
261-007143-A-0061,3,1,2,261-007143-A,211,188.616121780121,1,47823,1,4,1,12,0,100,1,2,NA,2,NA,2,NA,NA,NA,NA,NA,NA,NA,NA,1,1,2,26,1,1,0,1,6,12,84,433,3433,3433,affirmative_filter,age_7_plus
261-007143-A-0063,2,1,2,261-007143-A,211,188.616121780121,1,14301,3,NA,2,4,0,NA,NA,NA,NA,NA,NA,NA,NA,700,2,450,2,NA,NA,NA,2,NA,2,21,1,1,0,1,2,8,62,1948.5,4948.5,4948.5,affirmative_filter,age_7_plus
261-007143-A-0121,1,1,2,261-007143-A,211,188.616121780121,1,41000,7,NA,3,7,0,NA,NA,NA,NA,NA,NA,NA,NA,NA,NA,NA,NA,NA,NA,NA,2,NA,1,49,1,1,0,1,5,21,119,NA,1125,1125,affirmative_filter,age_7_plus
261-007966-A-0111,1,1,2,261-007966-A,211,143.146163850985,1,14301,6,NA,2,5,0,NA,NA,NA,NA,NA,NA,NA,NA,NA,NA,NA,NA,NA,NA,NA,2,NA,1,36,1,1,0,1,2,10,50,NA,3500,3500,affirmative_filter,age_7_plus
261-008240-A-0011,1,1,2,261-008240-A,211,295.199200119365,1,4330,3,NA,1,8,0,NA,NA,NA,NA,NA,NA,NA,NA,600,4,600,4,NA,NA,NA,2,NA,1,33,1,1,0,1,5,8,48,600,2000,2000,affirmative_filter,age_7_plus
261-008240-A-0031,1,1,2,261-008240-A,211,295.199200119365,1,82192,3,NA,3,4,0,NA,NA,NA,NA,NA,NA,NA,NA,80,2,80,2,NA,NA,NA,2,NA,1,30,1,1,0,1,13,12,24,346.399993896484,3810.39990234375,3810.39990234375,affirmative_filter,age_7_plus
261-008240-A-0231,1,1,2,261-008240-A,211,295.199200119365,1,14301,3,NA,6,4,30,NA,NA,NA,NA,NA,NA,NA,NA,2000,4,1500,4,NA,NA,NA,2,NA,2,28,1,1,0,1,2,27,99,1500,3500,3500,affirmative_filter,age_7_plus
261-008523-A-0021,1,1,2,261-008523-A,211,317.123809146798,1,47911,3,NA,2,4,0,NA,NA,NA,NA,NA,NA,NA,NA,3000,4,2500,4,NA,NA,NA,2,NA,1,32,1,1,0,1,6,8,38,2500,4816.6669921875,4816.6669921875,affirmative_filter,age_7_plus
261-008525-A-0201,1,1,2,261-008525-A,211,229.033862161576,1,69101,1,4,2,2,0,400,2,2,NA,2,NA,2,NA,NA,NA,NA,NA,NA,NA,NA,1,2,1,33,1,1,0,1,12,4,84,1732,2932,3182,affirmative_filter,age_7_plus
262-009006-A-0111,1,1,2,262-009006-A,212,197.672261646478,1,69200,3,NA,1,5,0,NA,NA,NA,NA,NA,NA,NA,NA,250,4,240,4,NA,NA,NA,1,1,1,32,1,1,0,1,12,5,45,240,3548.33325195312,3548.33325195312,affirmative_filter,age_7_plus
262-009111-A-0151,2,1,2,262-009111-A,212,243.28893741105,1,14301,3,NA,2,6,0,NA,NA,NA,NA,NA,NA,NA,NA,600,4,200,4,NA,NA,NA,2,NA,2,49,1,1,0,1,2,12,96,200,806.200012207031,806.200012207031,affirmative_filter,age_7_plus
262-009196-A-0041,1,1,2,262-009196-A,212,243.28893741105,1,49222,3,NA,5,4,0,NA,NA,NA,NA,NA,NA,NA,NA,200,2,150,2,NA,NA,NA,2,NA,1,40,1,1,0,1,7,20,90,649.5,2349.5,2349.5,affirmative_filter,age_7_plus
262-009268-A-0021,1,1,2,262-009268-A,212,217.150456532177,1,45201,3,NA,2,3,0,NA,NA,NA,NA,NA,NA,NA,NA,300,2,300,2,NA,NA,NA,2,NA,1,49,1,1,0,1,6,6,51,1299,3897,3897,affirmative_filter,age_7_plus
262-009268-A-0111,1,1,2,262-009268-A,212,217.150456532177,1,14301,3,NA,7,5,0,NA,NA,NA,NA,NA,NA,NA,NA,2800,4,1800,4,NA,NA,NA,2,NA,2,46,1,1,0,1,2,35,84,1800,3921.69995117188,3921.69995117188,affirmative_filter,age_7_plus
262-009268-A-0141,1,1,2,262-009268-A,212,217.150456532177,1,47113,3,NA,1,12,0,NA,NA,NA,NA,NA,NA,NA,NA,100,1,20,1,NA,NA,NA,2,NA,2,44,1,1,0,1,6,12,72,86.5999984741211,5282.60009765625,5282.60009765625,affirmative_filter,age_7_plus
262-009302-A-0041,1,1,2,262-009302-A,212,256.093618327421,1,93192,3,NA,2,8,0,NA,NA,NA,NA,NA,NA,NA,NA,600,2,600,2,NA,NA,NA,2,NA,1,47,1,1,0,1,17,16,76,2598,6495,6495,affirmative_filter,age_7_plus
262-010372-A-0301,1,1,2,262-010372-A,212,258.984997889182,1,56103,3,NA,5,4,0,NA,NA,NA,NA,NA,NA,NA,NA,120,1,80,1,NA,NA,NA,2,NA,1,60,1,1,0,1,8,20,68,1732,4200.099609375,4579.26611328125,affirmative_filter,age_7_plus
262-010709-A-0091,1,1,2,262-010709-A,212,231.703749915285,1,56103,3,NA,3,3,0,NA,NA,NA,NA,NA,NA,NA,NA,100,1,50,1,NA,NA,NA,2,NA,2,56,1,1,0,1,8,9,41,649.5,4308.349609375,4308.349609375,affirmative_filter,age_7_plus
262-010709-A-0191,1,1,2,262-010709-A,212,231.703749915285,1,15120,3,NA,6,4,0,NA,NA,NA,NA,NA,NA,NA,NA,1000,2,250,2,NA,NA,NA,2,NA,2,45,1,1,0,1,2,24,64,1082.5,2208.2998046875,2208.2998046875,affirmative_filter,age_7_plus
262-010867-A-0011,1,1,2,262-010867-A,212,170.302256187735,1,31001,3,NA,6,5,0,NA,NA,NA,NA,NA,NA,NA,NA,1800,4,1000,4,NA,NA,NA,2,NA,1,40,1,1,0,1,2,30,54,1000,5330,5330,affirmative_filter,age_7_plus
262-010867-A-0091,2,1,2,262-010867-A,212,170.302256187735,1,47113,6,NA,3,4,30,NA,NA,NA,NA,NA,NA,NA,NA,NA,NA,NA,NA,NA,NA,NA,2,NA,2,19,1,1,0,1,6,13.5,37.5,NA,519.599975585938,519.599975585938,affirmative_filter,age_7_plus
262-010992-A-0121,2,1,2,262-010992-A,212,236.530911371854,1,14104,3,NA,2,5,0,NA,NA,NA,NA,NA,NA,NA,NA,130,2,100,2,NA,NA,NA,2,NA,1,28,1,1,0,1,2,10,25,433,995.899963378906,995.899963378906,affirmative_filter,age_7_plus
262-011163-A-0151,1,1,2,262-011163-A,212,184.899592432398,1,14101,3,NA,2,2,0,NA,NA,NA,NA,NA,NA,NA,NA,300,4,150,4,NA,NA,NA,2,NA,2,39,1,1,0,1,2,4,39,150,980.833312988281,980.833312988281,affirmative_filter,age_7_plus
262-011347-A-0321,1,1,2,262-011347-A,212,311.713951057907,1,49231,3,NA,2,12,0,NA,NA,NA,NA,NA,NA,NA,NA,400,1,200,1,NA,NA,NA,1,1,1,42,1,1,0,1,7,24,NA,1732,7048.66650390625,7048.66650390625,affirmative_filter,age_7_plus
262-011366-A-0491,2,1,2,262-011366-A,212,157.558549942394,1,14101,3,NA,5,2,0,NA,NA,NA,NA,NA,NA,NA,NA,100,2,95,2,NA,NA,NA,2,NA,2,42,1,1,0,1,2,10,82,411.350006103516,1602.09997558594,1602.09997558594,affirmative_filter,age_7_plus
262-011366-A-0551,1,1,2,262-011366-A,212,157.558549942394,1,93192,3,NA,2,8,0,NA,NA,NA,NA,NA,NA,NA,NA,1200,2,1200,2,NA,NA,NA,1,2,1,57,1,1,0,1,17,16,66,5196,7286,7286,affirmative_filter,age_7_plus
262-011510-A-0301,1,1,2,262-011510-A,212,257.112172491223,1,49222,3,NA,3,12,0,NA,NA,NA,NA,NA,NA,NA,NA,150,1,50,1,NA,NA,NA,1,1,1,45,1,1,0,1,7,36,132,649.5,5282.8330078125,5282.8330078125,affirmative_filter,age_7_plus
262-011916-A-0271,2,1,2,262-011916-A,212,193.525291122426,1,32400,3,NA,2,4,0,NA,NA,NA,NA,NA,NA,NA,NA,200,2,100,2,NA,NA,NA,2,NA,2,37,1,1,0,1,2,8,56,433,2966.05004882812,2966.05004882812,affirmative_filter,age_7_plus
262-012058-A-0251,1,1,2,262-012058-A,212,243.28893741105,1,56103,6,NA,4,6,0,NA,NA,NA,NA,NA,NA,NA,NA,NA,NA,NA,NA,NA,NA,NA,2,NA,1,48,1,1,0,1,8,24,60,NA,2312.21997070312,2312.21997070312,affirmative_filter,age_7_plus
262-012139-A-0151,1,1,2,262-012139-A,212,148.676572862308,1,4330,3,NA,2,8,0,NA,NA,NA,NA,NA,NA,NA,NA,100,1,100,1,NA,NA,NA,2,NA,1,48,1,1,0,1,5,16,88,866,2366,2366,affirmative_filter,age_7_plus
262-012139-A-0191,1,1,2,262-012139-A,212,148.676572862308,1,94992,3,NA,7,2,0,NA,NA,NA,NA,NA,NA,NA,NA,500,4,500,4,NA,NA,NA,1,1,2,35,1,1,0,1,18,14,62,500,6436.2666015625,6436.2666015625,affirmative_filter,age_7_plus
262-012754-A-0091,1,1,2,262-012754-A,212,187.345491910113,1,86901,3,NA,2,4,0,NA,NA,NA,NA,NA,NA,NA,NA,400,2,130,2,NA,NA,NA,2,NA,1,73,1,1,0,1,16,8,40,562.899963378906,1096.2333984375,1475.40002441406,affirmative_filter,age_7_plus
263-013202-A-0011,1,1,2,263-013202-A,213,103.560719612717,1,01136,3,NA,2,5,0,NA,NA,NA,NA,NA,NA,NA,NA,3000,8,2500,8,1,8,2000,2,NA,1,58,1,1,0,1,0,10,54,208.333343505859,4105.33349609375,4105.33349609375,affirmative_filter,age_7_plus
263-013248-A-0021,2,1,2,263-013248-A,213,112.953982162623,1,45300,3,NA,5,4,0,NA,NA,NA,NA,NA,NA,NA,NA,7000,4,5000,4,NA,NA,NA,2,NA,1,27,1,1,0,1,6,20,44,5000,13000,13000,affirmative_filter,age_7_plus
263-013824-A-0261,2,1,2,263-013824-A,213,219.761938825222,1,13921,6,NA,3,6,0,NA,NA,NA,NA,NA,NA,NA,NA,NA,NA,NA,NA,NA,NA,NA,2,NA,1,50,1,1,0,1,2,18,54,NA,1039.19995117188,1039.19995117188,affirmative_filter,age_7_plus
263-014002-A-0011,2,1,2,263-014002-A,213,230.614380248689,1,14101,3,NA,2,8,0,NA,NA,NA,NA,NA,NA,NA,NA,20,2,20,2,NA,NA,NA,2,NA,2,45,1,1,0,1,2,16,52,86.5999984741211,286.600006103516,286.600006103516,affirmative_filter,age_7_plus
263-014002-A-0011,3,1,2,263-014002-A,213,230.614380248689,1,13130,3,NA,2,3,0,NA,NA,NA,NA,NA,NA,NA,NA,150,2,70,2,NA,NA,NA,2,NA,1,23,1,1,0,1,2,6,42,303.100006103516,1503.09997558594,1503.09997558594,affirmative_filter,age_7_plus
263-014002-A-0041,1,1,2,263-014002-A,213,230.614380248689,1,49222,3,NA,6,3,0,NA,NA,NA,NA,NA,NA,NA,NA,50,1,30,1,NA,NA,NA,2,NA,1,48,1,1,0,1,7,18,90,779.399963378906,8356.900390625,8356.900390625,affirmative_filter,age_7_plus
263-014002-A-0041,2,1,2,263-014002-A,213,230.614380248689,1,52219,3,NA,6,3,0,NA,NA,NA,NA,NA,NA,NA,NA,10,1,10,1,NA,NA,NA,2,NA,2,40,1,1,0,1,7,18,74,259.799987792969,859.799987792969,859.799987792969,affirmative_filter,age_7_plus
263-014552-A-0011,1,1,2,263-014552-A,213,205.837628651723,1,43304,3,NA,3,8,0,NA,NA,NA,NA,NA,NA,NA,NA,100,1,100,1,NA,NA,NA,2,NA,1,57,1,1,0,1,5,24,74,1299,3334.10009765625,3334.10009765625,affirmative_filter,age_7_plus
263-014552-A-0131,1,1,2,263-014552-A,213,205.837628651723,1,47,1,4,6,6,0,1000,4,2,NA,2,NA,2,NA,NA,NA,NA,NA,NA,NA,NA,2,NA,2,27,1,1,0,1,6,36,61,1000,2100,2100,affirmative_filter,age_7_plus
263-014594-A-0521,2,1,2,263-014594-A,213,187.785995345361,1,56210,3,NA,5,5,0,NA,NA,NA,NA,NA,NA,NA,NA,350,2,350,2,NA,NA,NA,2,NA,2,58,1,1,0,1,8,25,37,1515.5,1948.5,1948.5,affirmative_filter,age_7_plus
263-014864-A-0041,1,1,2,263-014864-A,213,271.705669820274,1,56101,1,4,4,5,0,800,4,2,NA,2,NA,2,NA,NA,NA,NA,NA,NA,NA,NA,2,NA,2,41,1,1,0,1,8,20,80,800,2295,2295,affirmative_filter,age_7_plus
263-014864-A-0051,1,1,2,263-014864-A,213,271.705669820274,1,58190,1,4,2,5,0,1600,4,2,NA,2,NA,2,NA,NA,NA,NA,NA,NA,NA,NA,2,NA,1,32,1,1,0,1,9,10,46,1600,2500,2500,affirmative_filter,age_7_plus
263-014864-A-0051,2,1,2,263-014864-A,213,271.705669820274,1,74102,1,4,6,5,0,1500,4,2,NA,2,NA,2,NA,NA,NA,NA,NA,NA,NA,NA,2,NA,2,33,1,1,0,1,12,30,78,1500,3900,3900,affirmative_filter,age_7_plus
263-015122-A-0231,1,1,2,263-015122-A,213,205.778985452677,1,85302,1,3,5,1,30,1500,4,2,NA,2,NA,2,NA,NA,NA,NA,NA,NA,NA,NA,1,1,1,36,1,1,0,1,15,7.5,39.5,1500,5500,5800,affirmative_filter,age_7_plus
263-015455-A-0121,1,1,2,263-015455-A,213,196.022223211386,1,31001,3,NA,3,7,0,NA,NA,NA,NA,NA,NA,NA,NA,150,2,100,2,NA,NA,NA,2,NA,1,64,1,1,0,1,2,21,91,433,4763,5142.16650390625,affirmative_filter,age_7_plus
263-015898-A-0081,1,1,2,263-015898-A,213,313.076491973978,1,47899,3,NA,1,4,0,NA,NA,NA,NA,NA,NA,NA,NA,20,1,20,1,NA,NA,NA,2,NA,2,60,1,1,0,1,6,4,29,86.5999984741211,801.049987792969,1225.21667480469,affirmative_filter,age_7_plus
263-015898-A-0101,1,1,2,263-015898-A,213,313.076491973978,1,69101,3,NA,4,4,0,NA,NA,NA,NA,NA,NA,NA,NA,5000,4,3500,4,NA,NA,NA,1,1,1,42,1,1,0,1,12,16,41,3500,11666.6669921875,11666.6669921875,affirmative_filter,age_7_plus
263-015934-A-0031,3,1,2,263-015934-A,213,242.145099261124,1,01136,6,NA,3,10,0,NA,NA,NA,NA,NA,NA,NA,NA,NA,NA,NA,NA,NA,NA,NA,2,NA,1,28,1,1,0,1,0,30,90,NA,2987.69995117188,2987.69995117188,affirmative_filter,age_7_plus
263-016141-A-0031,2,1,2,263-016141-A,213,322.860132348165,1,14301,3,NA,6,8,0,NA,NA,NA,NA,NA,NA,NA,NA,370,2,190,2,NA,NA,NA,2,NA,2,32,1,1,0,1,2,48,83,822.700012207031,2489.75,2489.75,affirmative_filter,age_7_plus
263-016194-A-0011,2,1,2,263-016194-A,213,267.061128455825,1,14301,3,NA,2,12,0,NA,NA,NA,NA,NA,NA,NA,NA,300,2,150,2,NA,NA,NA,2,NA,2,44,1,1,0,1,2,24,64,649.5,2035.09997558594,2035.09997558594,affirmative_filter,age_7_plus
263-016194-A-0021,1,1,2,263-016194-A,213,267.061128455825,1,01136,6,NA,2,10,0,NA,NA,NA,NA,NA,NA,NA,NA,NA,NA,NA,NA,NA,NA,NA,2,NA,1,65,1,1,0,1,0,20,60,NA,1515.5,1936.33325195312,affirmative_filter,age_7_plus
263-016194-A-0081,1,1,2,263-016194-A,213,267.061128455825,1,96010,3,NA,1,4,0,NA,NA,NA,NA,NA,NA,NA,NA,30,1,30,1,NA,NA,NA,2,NA,2,44,1,1,0,1,18,4,46,129.899993896484,2987.69995117188,2987.69995117188,affirmative_filter,age_7_plus
263-016224-A-0071,1,1,2,263-016224-A,213,345.921570373034,1,94910,1,5,1,3,0,2000,4,2,NA,2,NA,2,NA,NA,NA,NA,NA,NA,NA,NA,1,2,1,59,1,1,0,1,18,3,19,2000,3887.8798828125,4487.8798828125,affirmative_filter,age_7_plus
263-016224-A-0091,1,1,2,263-016224-A,213,345.921570373034,1,96020,3,NA,2,9,0,NA,NA,NA,NA,NA,NA,NA,NA,250,1,250,1,NA,NA,NA,1,2,2,41,1,1,0,1,18,18,50,2165,6815,6815,affirmative_filter,age_7_plus
263-016340-A-0051,1,1,2,263-016340-A,213,146.507959216814,1,45201,1,4,2,8,0,150,1,2,NA,2,NA,2,NA,NA,NA,NA,NA,NA,NA,NA,2,NA,1,45,1,1,0,1,6,16,56,1299,5412.5,5412.5,affirmative_filter,age_7_plus
263-016340-A-0081,1,1,2,263-016340-A,213,146.507959216814,1,10712,1,4,1,4,0,50,1,2,NA,2,NA,2,NA,NA,NA,NA,NA,NA,NA,NA,2,NA,2,54,1,1,0,1,2,4,36,216.5,1948.5,1948.5,affirmative_filter,age_7_plus
263-016341-A-0041,3,1,2,263-016341-A,213,197.669468784591,1,85494,3,NA,3,4,0,NA,NA,NA,NA,NA,NA,NA,NA,150,2,140,2,NA,NA,NA,1,1,1,43,1,1,0,1,15,12,32,606.200012207031,3106.19995117188,3106.19995117188,affirmative_filter,age_7_plus
263-016456-A-0081,1,1,2,263-016456-A,213,226.421391516895,1,47190,1,4,2,5,0,200,2,2,NA,2,NA,2,NA,NA,NA,NA,NA,NA,NA,NA,2,NA,2,43,1,1,0,1,6,10,50,866,3366,3866,affirmative_filter,age_7_plus
263-017269-A-0131,1,1,2,263-017269-A,213,242.145099261124,1,85498,3,NA,4,2,0,NA,NA,NA,NA,NA,NA,NA,NA,1000,4,1000,4,NA,NA,NA,1,1,1,64,1,1,0,1,15,8,24,1000,4441.6669921875,4441.6669921875,affirmative_filter,age_7_plus
264-017397-A-0241,1,1,2,264-017397-A,214,222.802616619709,1,47822,3,NA,2,5,0,NA,NA,NA,NA,NA,NA,NA,NA,100,1,50,1,NA,NA,NA,2,NA,1,59,1,1,0,1,6,10,25,433,1299,1299,affirmative_filter,age_7_plus
264-017397-A-0361,1,1,2,264-017397-A,214,222.802616619709,1,49222,3,NA,5,6,0,NA,NA,NA,NA,NA,NA,NA,NA,120,1,50,1,NA,NA,NA,2,NA,1,58,1,1,0,1,7,30,60,1082.5,1948.5,1948.5,affirmative_filter,age_7_plus
264-017475-A-0141,1,1,2,264-017475-A,214,260.479845773538,1,56303,3,NA,5,3,0,NA,NA,NA,NA,NA,NA,NA,NA,180,1,100,1,NA,NA,NA,2,NA,2,42,1,1,0,1,8,15,50,2165,6495,6495,affirmative_filter,age_7_plus
264-017507-A-0211,1,1,2,264-017507-A,214,239.206537135046,1,85302,1,3,2,2,0,1400,8,2,NA,2,NA,2,NA,NA,NA,NA,NA,NA,NA,NA,2,NA,2,34,1,1,0,1,15,4,40,116.66667175293,3116.66674804688,3116.66674804688,affirmative_filter,age_7_plus
264-017507-A-0231,2,1,2,264-017507-A,214,239.206537135046,1,32905,3,NA,1,5,0,NA,NA,NA,NA,NA,NA,NA,NA,200,2,100,2,NA,NA,NA,2,NA,2,46,1,1,0,1,2,5,53,433,6408.39990234375,6408.39990234375,affirmative_filter,age_7_plus
264-017775-A-0091,1,1,2,264-017775-A,214,262.764756701377,1,56101,1,4,5,3,0,150,2,2,NA,2,NA,2,NA,NA,NA,NA,NA,NA,NA,NA,1,2,2,48,1,1,0,1,8,15,106,649.5,4970.83984375,4970.83984375,affirmative_filter,age_7_plus
264-017775-A-0091,2,1,2,264-017775-A,214,262.764756701377,1,47113,6,NA,5,3,0,NA,NA,NA,NA,NA,NA,NA,NA,NA,NA,NA,NA,NA,NA,NA,2,NA,1,38,1,1,0,1,6,15,21,NA,1883.54992675781,1883.54992675781,affirmative_filter,age_7_plus
264-017775-A-0171,2,1,2,264-017775-A,214,262.764756701377,1,81210,3,NA,1,3,0,NA,NA,NA,NA,NA,NA,NA,NA,30,2,30,2,NA,NA,NA,2,NA,2,56,1,1,0,1,13,3,33,129.899993896484,454.649993896484,454.649993896484,affirmative_filter,age_7_plus
264-017901-A-0041,1,1,2,264-017901-A,214,219.671336602351,1,96095,3,NA,6,8,0,NA,NA,NA,NA,NA,NA,NA,NA,60,1,60,1,NA,NA,NA,2,NA,2,37,1,1,0,1,18,48,139,1558.79992675781,4558.7998046875,4558.7998046875,affirmative_filter,age_7_plus
264-017901-A-0071,1,1,2,264-017901-A,214,219.671336602351,1,47894,3,NA,1,8,0,NA,NA,NA,NA,NA,NA,NA,NA,3000,4,1000,4,NA,NA,NA,2,NA,1,37,1,1,0,1,6,8,120,1000,31310,31310,affirmative_filter,age_7_plus
311-000001-A-0041,2,1,3,311-000001-A,311,448.01307704441,1,17091,1,4,2,4,45,150,1,2,NA,2,NA,2,NA,NA,NA,NA,NA,NA,NA,NA,2,NA,2,28,1,1,0,1,2,9.5,53.5,1299,2499,2499,affirmative_filter,age_7_plus
311-000001-A-0241,2,1,3,311-000001-A,311,448.01307704441,1,81210,3,NA,2,5,0,NA,NA,NA,NA,NA,NA,NA,NA,150,1,150,1,NA,NA,NA,1,1,2,43,1,1,0,1,13,10,54,1299,3487.14990234375,3487.14990234375,affirmative_filter,age_7_plus
311-000022-A-0071,1,1,3,311-000022-A,311,93.6027321682072,1,96010,3,NA,2,3,15,NA,NA,NA,NA,NA,NA,NA,NA,70,1,70,1,NA,NA,NA,2,NA,2,29,1,1,0,1,18,6.5,54.5,606.200012207031,2944.39990234375,2944.39990234375,affirmative_filter,age_7_plus
312-000309-A-0111,1,1,3,312-000309-A,312,185.418658083003,1,41000,3,NA,2,4,45,NA,NA,NA,NA,NA,NA,NA,NA,150,1,150,1,NA,NA,NA,2,NA,1,38,1,1,0,1,5,9.5,69.5,1299,4156.7998046875,4156.7998046875,affirmative_filter,age_7_plus
312-000474-A-0141,2,1,3,312-000474-A,312,232.088660457636,1,56210,2,4,2,8,0,400,4,2,NA,2,NA,2,NA,NA,NA,NA,NA,NA,NA,NA,2,NA,2,24,1,1,0,1,8,16,34,400,960,960,affirmative_filter,age_7_plus
312-000788-A-0011,1,1,3,312-000788-A,312,231.171313973614,1,90008,3,NA,2,12,0,NA,NA,NA,NA,NA,NA,NA,NA,4000,5,3500,5,NA,NA,NA,1,1,1,38,1,1,0,1,17,24,54,1750,5186.5,5186.5,affirmative_filter,age_7_plus
313-001277-A-0021,1,1,3,313-001277-A,313,245.735738509863,1,95110,3,NA,6,4,0,NA,NA,NA,NA,NA,NA,NA,NA,500,2,350,2,NA,NA,NA,1,1,1,37,1,1,0,1,18,24,51.5,1515.5,4257.1669921875,4257.1669921875,affirmative_filter,age_7_plus
313-001346-A-0421,3,1,3,313-001346-A,313,502.641283315629,1,41000,3,NA,2,6,15,NA,NA,NA,NA,NA,NA,NA,NA,120,1,120,1,NA,NA,NA,2,NA,1,32,1,1,0,1,5,12.5,32.5,1039.19995117188,1905.19995117188,1905.19995117188,affirmative_filter,age_7_plus
313-001346-A-0421,4,1,3,313-001346-A,313,502.641283315629,1,25110,3,NA,4,5,15,NA,NA,NA,NA,NA,NA,NA,NA,80,1,80,1,NA,NA,NA,2,NA,1,27,1,1,0,1,2,21,36,1385.59997558594,8746.599609375,8746.599609375,affirmative_filter,age_7_plus
313-001607-A-0061,1,1,3,313-001607-A,313,335.094188877086,1,5610,6,NA,7,4,0,NA,NA,NA,NA,NA,NA,NA,NA,NA,NA,NA,NA,NA,NA,NA,2,NA,1,27,1,1,0,1,8,28,100,NA,4875,4875,affirmative_filter,age_7_plus
313-001761-A-0281,2,1,3,313-001761-A,313,304.71231575223,1,47113,3,NA,7,8,15,NA,NA,NA,NA,NA,NA,NA,NA,800,2,200,2,NA,NA,NA,2,NA,2,52,1,1,0,1,6,57.75,77.75,866,4273.7099609375,4273.7099609375,affirmative_filter,age_7_plus
313-002260-A-0181,1,1,3,313-002260-A,313,360.515127343624,1,47810,6,NA,5,3,0,NA,NA,NA,NA,NA,NA,NA,NA,NA,NA,NA,NA,NA,NA,NA,2,NA,1,40,1,1,0,1,6,15,35,NA,2730,2730,affirmative_filter,age_7_plus
313-002286-A-0281,1,1,3,313-002286-A,313,465.604557176583,1,96010,3,NA,2,4,15,NA,NA,NA,NA,NA,NA,NA,NA,80,1,80,1,NA,NA,NA,2,NA,2,48,1,1,0,1,18,8.5,71,692.799987792969,2857.80004882812,2857.80004882812,affirmative_filter,age_7_plus
313-002378-A-0121,1,1,3,313-002378-A,313,335.094188877086,1,47,3,NA,5,2,0,NA,NA,NA,NA,NA,NA,NA,NA,150,1,50,1,NA,NA,NA,2,NA,2,57,1,1,0,1,6,10,122,1082.5,3204.19995117188,3204.19995117188,affirmative_filter,age_7_plus
313-002439-A-0061,1,1,3,313-002439-A,313,232.083753037093,1,49231,6,NA,2,4,0,NA,NA,NA,NA,NA,NA,NA,NA,NA,NA,NA,NA,NA,NA,NA,1,1,1,28,1,1,0,1,7,8,80,NA,4465,4465,affirmative_filter,age_7_plus
313-002802-A-0061,2,1,3,313-002802-A,313,343.249920458222,1,01413,6,NA,7,5,30,NA,NA,NA,NA,NA,NA,NA,NA,NA,NA,NA,NA,NA,NA,NA,2,NA,2,76,1,1,0,1,0,38.5,74.75,NA,1410,1824.16662597656,affirmative_filter,age_7_plus
313-002802-A-0421,2,1,3,313-002802-A,313,343.249920458222,1,01413,6,NA,7,4,0,NA,NA,NA,NA,NA,NA,NA,NA,NA,NA,NA,NA,NA,NA,NA,2,NA,2,35,1,1,0,1,0,28,112,NA,2814.5,2814.5,affirmative_filter,age_7_plus
313-002802-A-0571,1,1,3,313-002802-A,313,343.249920458222,1,56101,3,NA,1,8,30,NA,NA,NA,NA,NA,NA,NA,NA,500,2,200,2,NA,NA,NA,2,NA,2,72,1,1,0,1,8,8.5,78.5,866,1883.55004882812,5056.716796875,affirmative_filter,age_7_plus
313-002909-A-0171,3,1,3,313-002909-A,313,257.437440343666,1,56210,3,NA,2,10,0,NA,NA,NA,NA,NA,NA,NA,NA,1500,4,1000,4,NA,NA,NA,2,NA,1,19,1,1,0,1,8,20,35,1000,2000,2000,affirmative_filter,age_7_plus
313-003002-A-0041,1,1,3,313-003002-A,313,488.843287303043,1,01411,7,4,7,3,0,NA,NA,NA,NA,NA,NA,NA,NA,NA,NA,NA,NA,NA,NA,NA,2,NA,2,33,1,1,0,1,0,21,51,NA,2598,2598,affirmative_filter,age_7_plus
313-003120-A-0171,2,1,3,313-003120-A,313,593.595420296553,1,85498,3,NA,1,3,0,NA,NA,NA,NA,NA,NA,NA,NA,240,2,240,2,NA,NA,NA,1,1,2,48,1,1,0,1,15,3,43,1039.19995117188,5727.4501953125,5844.11669921875,affirmative_filter,age_7_plus
313-003120-A-0171,3,1,3,313-003120-A,313,593.595420296553,1,47711,1,4,5,3,15,1000,4,2,NA,2,NA,2,NA,NA,NA,NA,NA,NA,NA,NA,1,1,2,23,1,1,0,1,6,16.25,36.25,1000,4291.6669921875,4375.00048828125,affirmative_filter,age_7_plus
313-003120-A-0221,1,1,3,313-003120-A,313,593.595420296553,1,01180,6,NA,3,2,0,NA,NA,NA,NA,NA,NA,NA,NA,NA,NA,NA,NA,NA,NA,NA,2,NA,1,67,1,1,0,1,0,6,54,NA,2338.19995117188,2779.94995117188,affirmative_filter,age_7_plus
313-003231-A-0211,2,1,3,313-003231-A,313,303.074077495498,1,81210,3,NA,1,8,0,NA,NA,NA,NA,NA,NA,NA,NA,70,1,70,1,NA,NA,NA,2,NA,2,24,1,1,0,1,13,8,48,303.100006103516,736.099975585938,744.433288574219,affirmative_filter,age_7_plus
313-003231-A-0241,1,1,3,313-003231-A,313,303.074077495498,1,81210,3,NA,1,3,0,NA,NA,NA,NA,NA,NA,NA,NA,100,1,100,1,NA,NA,NA,1,1,2,56,1,1,0,1,13,3,39,433,2233,2293,affirmative_filter,age_7_plus
314-003959-A-0161,1,1,3,314-003959-A,314,169.457750386476,1,47113,3,NA,7,6,0,NA,NA,NA,NA,NA,NA,NA,NA,400,1,200,1,NA,NA,NA,1,1,2,58,1,1,0,1,6,42,62,6062,10903.666015625,13403.666015625,affirmative_filter,age_7_plus
314-004532-A-0271,1,1,3,314-004532-A,314,236.717979502005,1,56101,4,NA,5,5,0,NA,NA,NA,NA,NA,NA,NA,NA,40000,4,5000,4,NA,NA,NA,2,NA,1,31,1,1,0,1,8,25,50,5000,12200,19700,affirmative_filter,age_7_plus
314-004535-A-0131,1,1,3,314-004535-A,314,226.367099841604,1,5610,4,NA,6,5,0,NA,NA,NA,NA,NA,NA,NA,NA,300,1,100,1,NA,NA,NA,2,NA,2,49,1,1,0,1,8,30,60,2598,6018.7001953125,6018.7001953125,affirmative_filter,age_7_plus
314-004622-A-0201,1,1,3,314-004622-A,314,208.975565693994,1,85302,1,3,3,3,0,3000,4,2,NA,2,NA,2,NA,NA,NA,NA,NA,NA,NA,NA,1,1,1,41,1,1,0,1,15,9,39,3000,11683.3330078125,11683.3330078125,affirmative_filter,age_7_plus
314-004637-A-0031,1,1,3,314-004637-A,314,239.804416270558,1,47113,6,NA,5,6,0,NA,NA,NA,NA,NA,NA,NA,NA,NA,NA,NA,NA,NA,NA,NA,2,NA,1,65,1,1,0,1,6,30,65,NA,1970.15002441406,2349.31665039062,affirmative_filter,age_7_plus
314-004693-A-0061,2,1,3,314-004693-A,314,232.083440746695,1,47113,3,NA,6,6,0,NA,NA,NA,NA,NA,NA,NA,NA,250,1,150,1,NA,NA,NA,2,NA,2,45,1,1,0,1,6,36,60,3897,8162.0498046875,8162.0498046875,affirmative_filter,age_7_plus
314-004693-A-0111,1,1,3,314-004693-A,314,232.083440746695,1,96010,3,NA,3,6,0,NA,NA,NA,NA,NA,NA,NA,NA,50,1,45,1,NA,NA,NA,1,2,2,44,1,1,0,1,18,18,48,584.549987792969,1493.84997558594,1493.84997558594,affirmative_filter,age_7_plus
314-004711-A-0941,2,1,3,314-004711-A,314,377.035486209606,1,47,6,NA,2,3,0,NA,NA,NA,NA,NA,NA,NA,NA,NA,NA,NA,NA,NA,NA,NA,2,NA,2,58,1,1,0,1,6,6,46,NA,1570,1570,affirmative_filter,age_7_plus
314-004815-A-0241,4,1,3,314-004815-A,314,189.949244658753,1,56102,1,4,2,8,0,1000,4,2,NA,2,NA,2,NA,NA,NA,NA,NA,NA,NA,NA,2,NA,1,25,1,1,0,1,8,16,30,1000,2832,2832,affirmative_filter,age_7_plus
314-004862-A-0011,1,1,3,314-004862-A,314,250.901017023454,1,47221,1,4,5,5,0,50,1,2,NA,2,NA,2,NA,NA,NA,NA,NA,NA,NA,NA,2,NA,1,40,1,1,0,1,6,25,81,1082.5,5629,5629,affirmative_filter,age_7_plus
314-004877-A-0091,1,1,3,314-004877-A,314,265.238217996223,1,49222,3,NA,5,4,0,NA,NA,NA,NA,NA,NA,NA,NA,500,2,350,2,NA,NA,NA,2,NA,1,51,1,1,0,1,7,20,56,1515.5,6815.5,6815.5,affirmative_filter,age_7_plus
314-004877-A-0231,1,1,3,314-004877-A,314,265.238217996223,1,88101,3,NA,4,10,0,NA,NA,NA,NA,NA,NA,NA,NA,120,1,116,1,NA,NA,NA,1,1,2,43,1,1,0,1,16,40,82,2009.11999511719,7275.78662109375,7275.78662109375,affirmative_filter,age_7_plus
314-004877-A-0331,1,1,3,314-004877-A,314,265.238217996223,1,47113,3,NA,4,8,0,NA,NA,NA,NA,NA,NA,NA,NA,1500,4,500,4,NA,NA,NA,2,NA,1,45,1,1,0,1,6,32,68,500,1799,1799,affirmative_filter,age_7_plus
314-004941-A-0051,1,1,3,314-004941-A,314,187.333550142141,1,4510,3,NA,3,4,0,NA,NA,NA,NA,NA,NA,NA,NA,62000,4,1400,4,NA,NA,NA,2,NA,1,62,1,1,0,1,6,12,48,1400,3920.06005859375,4299.2265625,affirmative_filter,age_7_plus
314-005144-A-0231,1,1,3,314-005144-A,314,329.408754608212,1,90008,3,NA,2,8,0,NA,NA,NA,NA,NA,NA,NA,NA,1500,4,1200,4,NA,NA,NA,2,NA,1,44,1,1,0,1,17,16,66,1200,3700,3700,affirmative_filter,age_7_plus
314-005287-A-0031,1,1,3,314-005287-A,314,75.9796978635013,1,85302,1,1,5,4,0,6600,4,2,NA,2,NA,2,NA,NA,NA,NA,NA,NA,NA,NA,1,1,1,39,1,1,0,1,15,20,50,6600,17016.66796875,23016.66796875,affirmative_filter,age_7_plus
314-005297-A-0031,1,1,3,314-005297-A,314,186.592002195017,1,47992,3,NA,3,3,0,NA,NA,NA,NA,NA,NA,NA,NA,800,3,300,3,NA,NA,NA,2,NA,2,49,1,1,0,1,6,9,39,649.5,3649.5,5149.5,affirmative_filter,age_7_plus
314-005297-A-0191,1,1,3,314-005297-A,314,186.592002195017,1,96020,3,NA,6,2,0,NA,NA,NA,NA,NA,NA,NA,NA,500,1,100,1,NA,NA,NA,2,NA,2,33,1,1,0,1,18,12,52,2598,6514.6669921875,6514.6669921875,affirmative_filter,age_7_plus
314-005527-A-0151,3,1,3,314-005527-A,314,710.702404630905,1,86203,3,NA,3,6,0,NA,NA,NA,NA,NA,NA,NA,NA,3000,4,1500,4,NA,NA,NA,2,NA,1,41,1,1,0,1,16,18,38,1500,3232,3232,affirmative_filter,age_7_plus
314-005527-A-0371,1,1,3,314-005527-A,314,710.702404630905,1,56210,4,NA,2,8,0,NA,NA,NA,NA,NA,NA,NA,NA,7000,4,4000,4,NA,NA,NA,2,NA,1,47,1,1,0,1,8,16,34,4000,10495,10495,affirmative_filter,age_7_plus
314-005576-A-0031,1,1,3,314-005576-A,314,353.650957328297,1,94200,1,5,7,8,0,520,4,2,NA,2,NA,1,500,NA,NA,NA,NA,NA,NA,NA,2,NA,2,33,1,1,0,1,18,56,106,561.666687011719,1427.66674804688,1427.66674804688,affirmative_filter,age_7_plus
314-005576-A-0391,1,1,3,314-005576-A,314,353.650957328297,1,81300,3,NA,2,4,0,NA,NA,NA,NA,NA,NA,NA,NA,400,2,400,2,NA,NA,NA,2,NA,1,26,1,1,0,1,13,8,68,1732,6931.33349609375,6931.33349609375,affirmative_filter,age_7_plus
314-005885-A-0041,1,1,3,314-005885-A,314,320.496180078769,1,81210,3,NA,2,3,0,NA,NA,NA,NA,NA,NA,NA,NA,150,2,150,2,NA,NA,NA,2,NA,2,34,1,1,0,1,13,6,24,649.5,1623.75,1623.75,affirmative_filter,age_7_plus
314-005885-A-0571,1,1,3,314-005885-A,314,320.496180078769,1,46635,1,3,5,3,0,5000,4,1,5000,2,NA,2,NA,NA,NA,NA,NA,NA,NA,NA,1,1,1,45,1,1,0,1,6,15,63,5416.66650390625,14750,14750,affirmative_filter,age_7_plus
314-005937-A-0481,1,1,3,314-005937-A,314,327.488003852479,1,77292,3,NA,2,2,0,NA,NA,NA,NA,NA,NA,NA,NA,1500,2,1300,2,NA,NA,NA,2,NA,1,42,1,1,0,1,13,4,34,5629,8129,8129,affirmative_filter,age_7_plus
314-005978-A-0061,1,1,3,314-005978-A,314,264.588124324663,1,01450,3,NA,2,8,0,NA,NA,NA,NA,NA,NA,NA,NA,5000,6,4000,6,2,NA,NA,1,2,1,66,1,1,0,1,0,16,56,1333.33337402344,3083.33349609375,3545.83349609375,affirmative_filter,age_7_plus
314-005978-A-0061,2,1,3,314-005978-A,314,264.588124324663,1,85497,3,NA,2,3,0,NA,NA,NA,NA,NA,NA,NA,NA,700,4,700,4,NA,NA,NA,2,NA,2,61,1,1,0,1,15,6,54,700,2570,3015.83325195312,affirmative_filter,age_7_plus
314-006178-A-0211,1,1,3,314-006178-A,314,243.135033163204,1,74201,3,NA,2,5,0,NA,NA,NA,NA,NA,NA,NA,NA,300,2,300,2,NA,NA,NA,1,1,1,54,1,1,0,1,12,10,40,1299,3607.33325195312,3607.33325195312,affirmative_filter,age_7_plus
314-006178-A-0711,3,1,3,314-006178-A,314,243.135033163204,1,14107,3,NA,3,4,0,NA,NA,NA,NA,NA,NA,NA,NA,60,1,60,1,NA,NA,NA,2,NA,2,36,1,1,0,1,2,12,71.5,779.399963378906,3379.39990234375,3379.39990234375,affirmative_filter,age_7_plus
314-006477-A-0151,1,1,3,314-006477-A,314,290.193426678663,1,90008,3,NA,2,6,0,NA,NA,NA,NA,NA,NA,NA,NA,1500,4,1500,4,NA,NA,NA,2,NA,1,64,1,1,0,1,17,12,72,1500,5241.1201171875,5645.28662109375,affirmative_filter,age_7_plus
314-006477-A-0331,1,1,3,314-006477-A,314,290.193426678663,1,47640,3,NA,7,8,0,NA,NA,NA,NA,NA,NA,NA,NA,200,2,80,2,NA,NA,NA,2,NA,2,68,1,1,0,1,6,56,112,346.399993896484,857.339965820312,3236.5068359375,affirmative_filter,age_7_plus
322-012054-A-0131,1,1,3,322-012054-A,312,231.171313973614,1,47991,3,NA,5,12,30,NA,NA,NA,NA,NA,NA,NA,NA,1500,2,600,2,NA,NA,NA,2,NA,2,45,1,1,0,1,6,62.5,75.5,2598,3741.1201171875,3741.1201171875,affirmative_filter,age_7_plus
322-012054-A-0161,1,1,3,322-012054-A,312,231.171313973614,1,56104,3,NA,2,8,30,NA,NA,NA,NA,NA,NA,NA,NA,1000,2,400,2,NA,NA,NA,2,NA,2,42,1,1,0,1,8,17,59.5,1732,4230.41015625,4230.41015625,affirmative_filter,age_7_plus
322-012054-A-0271,2,1,3,322-012054-A,312,231.171313973614,1,47810,3,NA,2,12,0,NA,NA,NA,NA,NA,NA,NA,NA,1500,2,400,2,NA,NA,NA,2,NA,2,42,1,1,0,1,6,24,49,1732,1732,1732,affirmative_filter,age_7_plus
322-008249-A-0021,2,1,3,322-008249-A,312,167.295029849326,1,56103,3,NA,4,6,15,NA,NA,NA,NA,NA,NA,NA,NA,150,1,80,1,NA,NA,NA,2,NA,2,59,1,1,0,1,8,25,86.5,1385.59997558594,2485.60009765625,2485.60009765625,affirmative_filter,age_7_plus
322-008249-A-0131,2,1,3,322-008249-A,312,167.295029849326,1,01282,6,NA,3,8,30,NA,NA,NA,NA,NA,NA,NA,NA,NA,NA,NA,NA,NA,NA,NA,2,NA,2,38,1,1,0,1,0,25.5,49.5,NA,1240,1240,affirmative_filter,age_7_plus
322-007269-A-0171,1,1,3,322-007269-A,312,606.289580398391,1,95110,3,NA,2,4,0,NA,NA,NA,NA,NA,NA,NA,NA,200,4,150,4,NA,NA,NA,1,1,1,38,1,1,0,1,18,8,52,150,3683.33325195312,3683.33325195312,affirmative_filter,age_7_plus
322-007269-A-0251,1,1,3,322-007269-A,312,606.289580398391,1,47113,3,NA,5,6,0,NA,NA,NA,NA,NA,NA,NA,NA,100,1,20,1,NA,NA,NA,2,NA,2,68,1,1,0,1,6,30,38,433,891.97998046875,1447.81323242188,affirmative_filter,age_7_plus
322-009986-A-0031,1,1,3,322-009986-A,312,134.849933151275,1,01462,4,NA,4,5,0,NA,NA,NA,NA,NA,NA,NA,NA,NA,NA,NA,4,2,NA,NA,2,NA,1,31,1,1,0,1,0,20,68,NA,2554.49340820312,2554.49340820312,affirmative_filter,age_7_plus
323-010063-A-0311,1,1,3,323-010063-A,313,389.08158597395,1,47810,3,NA,5,6,0,NA,NA,NA,NA,NA,NA,NA,NA,600,2,100,2,NA,NA,NA,2,NA,2,42,1,1,0,1,6,30,48,433,1752.84997558594,2277.85009765625,affirmative_filter,age_7_plus
323-010063-A-0341,1,1,3,323-010063-A,313,389.08158597395,1,95291,3,NA,7,5,0,NA,NA,NA,NA,NA,NA,NA,NA,50,1,40,1,NA,NA,NA,1,1,2,30,1,1,0,1,18,35,65,1212.40002441406,4012.39990234375,4012.39990234375,affirmative_filter,age_7_plus
323-010139-A-0401,2,1,3,323-010139-A,313,305.915919369422,1,47,3,NA,7,5,0,NA,NA,NA,NA,NA,NA,NA,NA,120,1,80,1,NA,NA,NA,2,NA,2,55,1,1,0,1,6,35,49,2424.80004882812,4936.2001953125,4936.2001953125,affirmative_filter,age_7_plus
323-008972-A-0241,2,1,3,323-008972-A,313,549.291650786753,1,47991,6,NA,4,4,0,NA,NA,NA,NA,NA,NA,NA,NA,NA,NA,NA,NA,NA,NA,NA,1,2,2,37,1,1,0,1,6,16,20,NA,480,480,affirmative_filter,age_7_plus
323-010220-A-0331,1,1,3,323-010220-A,313,276.452705823596,1,75000,3,NA,5,6,0,NA,NA,NA,NA,NA,NA,NA,NA,2000,4,1700,4,NA,NA,NA,1,1,2,34,1,1,0,1,12,30,60,1700,4000,4000,affirmative_filter,age_7_plus
323-010291-A-0121,1,1,3,323-010291-A,313,283.54123674215,1,86203,3,NA,3,3,0,NA,NA,NA,NA,NA,NA,NA,NA,1800,4,1300,4,NA,NA,NA,1,1,2,54,1,1,0,1,16,9,39,1300,9524.833984375,9524.833984375,affirmative_filter,age_7_plus
323-009359-A-0031,2,1,3,323-009359-A,313,356.316820839302,1,10106,6,NA,1,5,0,NA,NA,NA,NA,NA,NA,NA,NA,NA,NA,NA,NA,NA,NA,NA,1,2,2,38,1,1,0,1,2,5,20,NA,1537.15002441406,1537.15002441406,affirmative_filter,age_7_plus
324-009098-A-0241,1,1,3,324-009098-A,314,312.602185495548,1,41000,3,NA,5,8,30,NA,NA,NA,NA,NA,NA,NA,NA,10000,4,4000,4,NA,NA,NA,2,NA,1,51,1,1,0,1,5,42.5,70.5,4000,7500,10100,affirmative_filter,age_7_plus
324-007846-A-0161,1,1,3,324-007846-A,314,217.874250496897,1,49222,3,NA,2,8,0,NA,NA,NA,NA,NA,NA,NA,NA,150,1,110,1,NA,NA,NA,2,NA,1,28,1,1,0,1,7,16,56,952.599975585938,3399.0498046875,3399.0498046875,affirmative_filter,age_7_plus
324-009428-A-0051,1,1,3,324-009428-A,314,332.284545323046,1,90003,1,4,2,6,0,100,1,2,NA,1,20,2,NA,NA,NA,NA,NA,NA,NA,NA,2,NA,1,26,1,1,0,1,17,12,52,867.666687011719,3199.33349609375,3199.33349609375,affirmative_filter,age_7_plus
324-009428-A-0081,1,1,3,324-009428-A,314,332.284545323046,1,90003,3,NA,2,4,0,NA,NA,NA,NA,NA,NA,NA,NA,200,1,190,1,NA,NA,NA,2,NA,1,23,1,1,0,1,17,8,56,1645.40002441406,3749.77978515625,4249.77978515625,affirmative_filter,age_7_plus
324-008029-A-0221,1,1,3,324-008029-A,314,369.20505035894,1,49222,3,NA,2,4,0,NA,NA,NA,NA,NA,NA,NA,NA,100,1,80,1,NA,NA,NA,1,1,1,43,1,1,0,1,7,8,48,692.799987792969,4326.13330078125,4326.13330078125,affirmative_filter,age_7_plus
331-012246-A-0421,1,1,3,331-012246-A,311,816.896571649808,1,56210,3,NA,5,5,30,NA,NA,NA,NA,NA,NA,NA,NA,2000,4,1300,4,NA,NA,NA,2,NA,2,43,1,1,0,1,8,27.5,125.5,1300,3500,3750,affirmative_filter,age_7_plus
331-012246-A-0421,2,1,3,331-012246-A,311,816.896571649808,1,56210,6,NA,5,5,30,NA,NA,NA,NA,NA,NA,NA,NA,NA,NA,NA,NA,NA,NA,NA,2,NA,2,18,1,1,0,1,8,27.5,62.5,NA,NA,0,affirmative_filter,age_7_plus
332-011971-A-0271,2,1,3,332-011971-A,312,455.600131289665,1,0113,6,NA,4,5,0,NA,NA,NA,NA,NA,NA,NA,NA,NA,NA,NA,NA,NA,NA,NA,2,NA,2,43,1,1,0,1,0,20,62,NA,878.989990234375,878.989990234375,affirmative_filter,age_7_plus
332-007125-A-0201,1,1,3,332-007125-A,312,260.067728220316,1,01111,3,NA,6,5,0,NA,NA,NA,NA,NA,NA,NA,NA,2000,8,1000,8,1,8,50,2,NA,1,40,1,1,0,1,0,30,55,83.3333358764648,3330.83325195312,3330.83325195312,affirmative_filter,age_7_plus
333-007079-A-0121,1,1,3,333-007079-A,313,186.759161267496,1,90008,3,NA,2,3,0,NA,NA,NA,NA,NA,NA,NA,NA,600,2,500,2,NA,NA,NA,1,1,1,51,1,1,0,1,17,6,90,2165,4330,4330,affirmative_filter,age_7_plus
333-007079-A-0211,1,1,3,333-007079-A,313,186.759161267496,1,47810,1,4,2,12,30,200,2,2,NA,2,NA,2,NA,NA,NA,NA,NA,NA,NA,NA,2,NA,2,18,1,1,0,1,6,25,41,866,1815.33325195312,1815.33325195312,affirmative_filter,age_7_plus
333-006922-A-0011,3,1,3,333-006922-A,313,389.08158597395,1,10711,6,NA,5,4,15,NA,NA,NA,NA,NA,NA,NA,NA,NA,NA,NA,NA,NA,NA,NA,2,NA,1,17,1,1,0,1,2,21.25,58,NA,NA,0,affirmative_filter,age_7_plus
333-006922-A-0151,1,1,3,333-006922-A,313,389.08158597395,1,01111,3,NA,2,5,0,NA,NA,NA,NA,NA,NA,NA,NA,8000,8,3000,8,1,8,2000,2,NA,1,33,1,1,0,1,0,10,50,250,3744.31005859375,3744.31005859375,affirmative_filter,age_7_plus
333-006922-A-0181,1,1,3,333-006922-A,313,389.08158597395,1,16100,3,NA,3,5,0,NA,NA,NA,NA,NA,NA,NA,NA,10000,4,7000,4,NA,NA,NA,2,NA,1,29,1,1,0,1,2,15,63,7000,11167.625,11167.625,affirmative_filter,age_7_plus
334-006934-A-0011,3,1,3,334-006934-A,314,830.711363307614,1,11022,6,NA,5,5,0,NA,NA,NA,NA,NA,NA,NA,NA,NA,NA,NA,NA,NA,NA,NA,1,1,2,33,1,1,0,1,2,25,43,NA,4550,4550,affirmative_filter,age_7_plus
342-015958-D-0351,3,2,3,342-015958-D,322,908.097945364522,1,01136,6,NA,4,5,0,NA,NA,NA,NA,NA,NA,NA,NA,NA,NA,NA,NA,NA,NA,NA,2,NA,2,15,1,1,0,1,0,20,44,NA,822.699951171875,875.366638183594,affirmative_filter,age_7_plus
343-012909-A-0011,2,2,3,343-012909-A,323,354.664108986066,1,01136,3,NA,4,4,0,NA,NA,NA,NA,NA,NA,NA,NA,NA,NA,NA,8,1,8,450,1,1,2,47,1,1,0,1,0,16,36,NA,4312.5,4312.5,affirmative_filter,age_7_plus
343-012909-A-0041,3,2,3,343-012909-A,323,354.664108986066,1,01500,6,NA,2,8,0,NA,NA,NA,NA,NA,NA,NA,NA,NA,NA,NA,NA,NA,NA,NA,2,NA,1,28,1,1,0,1,0,16,66,NA,4481.5498046875,4481.5498046875,affirmative_filter,age_7_plus
343-012909-A-0061,1,2,3,343-012909-A,323,354.664108986066,1,011,3,NA,1,8,0,NA,NA,NA,NA,NA,NA,NA,NA,11200,8,9120,8,1,8,1500,2,NA,1,63,1,1,0,1,0,8,52,760,4224,4663.16650390625,affirmative_filter,age_7_plus
343-012909-A-0061,2,2,3,343-012909-A,323,354.664108986066,1,011,6,NA,6,3,0,NA,NA,NA,NA,NA,NA,NA,NA,NA,NA,NA,NA,NA,NA,NA,2,NA,2,55,1,1,0,1,0,18,58,NA,1082.5,1082.5,affirmative_filter,age_7_plus
343-012909-A-0061,3,2,3,343-012909-A,323,354.664108986066,1,47113,6,NA,7,3,0,NA,NA,NA,NA,NA,NA,NA,NA,NA,NA,NA,NA,NA,NA,NA,2,NA,1,18,1,1,0,1,6,21,36,NA,NA,84,affirmative_filter,age_7_plus
343-012909-A-0111,2,2,3,343-012909-A,323,354.664108986066,1,01500,3,NA,7,3,0,NA,NA,NA,NA,NA,NA,NA,NA,0,NA,0,NA,1,8,600,2,NA,2,23,1,1,0,1,0,21,41,NA,400,458.333343505859,affirmative_filter,age_7_plus
343-012909-A-0161,1,2,3,343-012909-A,323,354.664108986066,1,011,6,NA,2,4,0,NA,NA,NA,NA,NA,NA,NA,NA,NA,NA,NA,NA,NA,NA,NA,2,NA,1,43,1,1,0,1,0,8,52,NA,1800,1800,affirmative_filter,age_7_plus
343-012746-A-0071,2,2,3,343-012746-A,323,362.724656917567,1,01500,6,NA,4,8,0,NA,NA,NA,NA,NA,NA,NA,NA,NA,NA,NA,NA,NA,NA,NA,2,NA,2,63,1,1,0,1,0,32,48,NA,1021.88000488281,1401.04663085938,affirmative_filter,age_7_plus
343-012746-A-0141,1,2,3,343-012746-A,323,362.724656917567,1,011,3,NA,4,4,0,NA,NA,NA,NA,NA,NA,NA,NA,25000,8,21600,8,1,8,480,1,1,1,65,1,1,0,1,0,16,36,1800,8960.3330078125,8960.3330078125,affirmative_filter,age_7_plus
343-012746-A-0181,1,2,3,343-012746-A,323,362.724656917567,1,01611,3,NA,3,2,0,NA,NA,NA,NA,NA,NA,NA,NA,400,1,300,1,NA,NA,NA,2,NA,1,44,1,1,0,1,0,6,48,3897,5934.5,5934.5,affirmative_filter,age_7_plus
343-015133-D-0011,1,2,3,343-015133-D,323,892.302656017216,1,01136,3,NA,7,10,30,NA,NA,NA,NA,NA,NA,NA,NA,7000,8,3000,8,1,8,2000,2,NA,1,34,1,1,0,1,0,73.5,82.5,250,650,650,affirmative_filter,age_7_plus
343-015133-D-0081,1,2,3,343-015133-D,323,892.302656017216,1,01500,6,NA,5,8,30,NA,NA,NA,NA,NA,NA,NA,NA,NA,NA,NA,NA,NA,NA,NA,2,NA,1,64,1,1,0,1,0,42.5,53,NA,298.769989013672,735.936645507812,affirmative_filter,age_7_plus
343-015133-D-0251,1,2,3,343-015133-D,323,892.302656017216,1,01282,3,NA,2,8,0,NA,NA,NA,NA,NA,NA,NA,NA,8000,6,5000,6,2,NA,NA,2,NA,1,53,1,1,0,1,0,16,56,1666.66674804688,2050,2050,affirmative_filter,age_7_plus
343-015133-D-0281,1,2,3,343-015133-D,323,892.302656017216,1,41000,3,NA,4,6,0,NA,NA,NA,NA,NA,NA,NA,NA,750,2,700,2,NA,NA,NA,2,NA,1,28,1,1,0,1,5,24,44,3031,3310.16674804688,3310.16674804688,affirmative_filter,age_7_plus
343-015648-D-0081,1,2,3,343-015648-D,323,72.7285894376489,1,01500,6,NA,4,6,0,NA,NA,NA,NA,NA,NA,NA,NA,NA,NA,NA,NA,NA,NA,NA,2,NA,1,22,1,1,0,1,0,24,76,NA,3117.59985351562,3117.59985351562,affirmative_filter,age_7_plus
343-015648-D-0091,1,2,3,343-015648-D,323,72.7285894376489,1,01441,3,NA,7,6,0,NA,NA,NA,NA,NA,NA,NA,NA,NA,NA,NA,8,1,8,400,2,NA,1,79,1,1,0,1,0,42,78,NA,589.166687011719,1018.33337402344,affirmative_filter,age_7_plus
344-013091-A-0111,3,2,3,344-013091-A,324,994.874728457777,1,10503,6,NA,3,2,0,NA,NA,NA,NA,NA,NA,NA,NA,NA,NA,NA,NA,NA,NA,NA,2,NA,2,32,1,1,0,1,2,6,10,NA,433,433,affirmative_filter,age_7_plus
344-013217-A-0011,1,2,3,344-013217-A,324,257.295188394252,1,01111,3,NA,3,12,0,NA,NA,NA,NA,NA,NA,NA,NA,40000,8,35000,8,1,8,200,2,NA,1,62,1,1,0,1,0,36,68,2916.66674804688,5947.6669921875,7886.83349609375,affirmative_filter,age_7_plus
344-013217-A-0101,1,2,3,344-013217-A,324,257.295188394252,1,01132,3,NA,1,6,15,NA,NA,NA,NA,NA,NA,NA,NA,22000,8,10000,8,1,8,120,2,NA,1,58,1,1,0,1,0,6.25,54.25,833.333374023438,2751.5234375,2751.5234375,affirmative_filter,age_7_plus
344-013217-A-0141,2,2,3,344-013217-A,324,257.295188394252,1,01,6,NA,2,3,0,NA,NA,NA,NA,NA,NA,NA,NA,NA,NA,NA,NA,NA,NA,NA,1,1,2,28,1,1,0,1,0,6,46,NA,4624.16650390625,4624.16650390625,affirmative_filter,age_7_plus
344-013217-A-0151,3,2,3,344-013217-A,324,257.295188394252,1,01111,6,NA,5,5,0,NA,NA,NA,NA,NA,NA,NA,NA,NA,NA,NA,NA,NA,NA,NA,2,NA,2,34,1,1,0,1,0,25,49,NA,1082.5,1082.5,affirmative_filter,age_7_plus
344-014229-A-0071,1,2,3,344-014229-A,324,1063.48677869624,1,49222,3,NA,3,7,15,NA,NA,NA,NA,NA,NA,NA,NA,120,1,100,1,NA,NA,NA,2,NA,1,49,1,1,0,1,7,21.75,42.75,1299,2957.33349609375,2957.33349609375,affirmative_filter,age_7_plus
344-013337-A-0021,1,2,3,344-013337-A,324,325.004448498003,1,32500,3,NA,6,2,30,NA,NA,NA,NA,NA,NA,NA,NA,3000,3,1200,3,NA,NA,NA,2,NA,1,44,1,1,0,1,2,15,45,2598,8698,8698,affirmative_filter,age_7_plus
344-013337-A-0091,1,2,3,344-013337-A,324,325.004448498003,1,0113,3,NA,2,6,0,NA,NA,NA,NA,NA,NA,NA,NA,8800,8,5400,8,1,8,300,2,NA,1,50,1,1,0,1,0,12,47,450,7846,7846,affirmative_filter,age_7_plus
344-013310-A-0361,1,2,3,344-013310-A,324,1423.33508473416,1,85415,3,NA,2,2,0,NA,NA,NA,NA,NA,NA,NA,NA,500,4,450,4,NA,NA,NA,1,2,1,40,1,1,0,1,15,4,48,450,3892.34985351562,3892.34985351562,affirmative_filter,age_7_plus
344-015738-D-0131,1,2,3,344-015738-D,324,381.348225655767,1,01411,3,NA,7,3,0,NA,NA,NA,NA,NA,NA,NA,NA,6000,8,2000,8,2,NA,NA,2,NA,1,52,1,1,0,1,0,21,65,166.66667175293,3284.2666015625,3284.2666015625,affirmative_filter,age_7_plus
344-015738-D-0271,2,2,3,344-015738-D,324,381.348225655767,1,47810,3,NA,5,2,0,NA,NA,NA,NA,NA,NA,NA,NA,250,1,80,1,NA,NA,NA,1,1,2,35,1,1,0,1,6,10,40,1732,5370.3330078125,5370.3330078125,affirmative_filter,age_7_plus
344-015738-D-0761,2,2,3,344-015738-D,324,381.348225655767,1,011,6,NA,2,6,0,NA,NA,NA,NA,NA,NA,NA,NA,NA,NA,NA,NA,NA,NA,NA,2,NA,1,24,1,1,0,1,0,12,72,NA,2100.05004882812,2100.05004882812,affirmative_filter,age_7_plus
344-015956-D-0291,1,2,3,344-015956-D,324,469.843387502548,1,47113,6,NA,6,2,0,NA,NA,NA,NA,NA,NA,NA,NA,NA,NA,NA,NA,NA,NA,NA,1,2,1,57,1,1,0,1,6,12,52,NA,261.666687011719,261.666687011719,affirmative_filter,age_7_plus
344-015956-D-0291,2,2,3,344-015956-D,324,469.843387502548,1,47113,3,NA,4,6,0,NA,NA,NA,NA,NA,NA,NA,NA,200,1,50,1,NA,NA,NA,2,NA,2,59,1,1,0,1,6,24,44,866,4330,4330,affirmative_filter,age_7_plus
351-017767-D-0051,2,2,3,351-017767-D,321,237.844422658553,1,01136,6,NA,4,3,0,NA,NA,NA,NA,NA,NA,NA,NA,NA,NA,NA,NA,NA,NA,NA,2,NA,2,46,1,1,0,1,0,12,45,NA,266.666687011719,266.666687011719,affirmative_filter,age_7_plus
351-017451-D-0161,1,2,3,351-017451-D,321,313.640996912377,1,47,3,NA,7,1,45,NA,NA,NA,NA,NA,NA,NA,NA,100,1,8,1,NA,NA,NA,2,NA,1,57,1,1,0,1,6,12.25,68.25,242.479995727539,1475.81335449219,1475.81335449219,affirmative_filter,age_7_plus
351-017451-D-0191,2,2,3,351-017451-D,321,313.640996912377,1,011,6,NA,5,7,30,NA,NA,NA,NA,NA,NA,NA,NA,NA,NA,NA,NA,NA,NA,NA,2,NA,2,48,1,1,0,1,0,37.5,43.5,NA,779.399963378906,779.399963378906,affirmative_filter,age_7_plus
351-015191-D-0011,1,2,3,351-015191-D,321,796.354093722834,1,52240,3,NA,2,8,15,NA,NA,NA,NA,NA,NA,NA,NA,80,1,80,1,NA,NA,NA,2,NA,1,41,1,1,0,1,7,16.5,57.75,692.799987792969,899.13330078125,899.13330078125,affirmative_filter,age_7_plus
351-015191-D-0031,1,2,3,351-015191-D,321,796.354093722834,1,01136,6,NA,2,5,30,NA,NA,NA,NA,NA,NA,NA,NA,NA,NA,NA,NA,NA,NA,NA,2,NA,1,44,1,1,0,1,0,11,62.25,NA,1750,1750,affirmative_filter,age_7_plus
351-014659-D-0061,1,2,3,351-014659-D,321,309.440447846587,1,47810,3,NA,1,8,0,NA,NA,NA,NA,NA,NA,NA,NA,800,2,350,2,1,2,30,1,1,1,56,1,1,0,1,6,8,43,1515.5,2278.83349609375,2278.83349609375,affirmative_filter,age_7_plus
351-014772-D-0241,1,2,3,351-014772-D,321,387.789819551989,1,49222,3,NA,7,8,0,NA,NA,NA,NA,NA,NA,NA,NA,200,1,130,1,NA,NA,NA,2,NA,1,53,1,1,0,1,7,56,84,3940.30004882812,6561.966796875,8649.966796875,affirmative_filter,age_7_plus
351-014635-D-0081,2,2,3,351-014635-D,321,122.319988795827,1,011,6,NA,2,3,0,NA,NA,NA,NA,NA,NA,NA,NA,NA,NA,NA,NA,NA,NA,NA,2,NA,2,58,1,1,0,1,0,6,42,NA,464,464,affirmative_filter,age_7_plus
351-016209-D-0111,1,2,3,351-016209-D,321,119.381370446378,1,02201,3,NA,1,8,0,NA,NA,NA,NA,NA,NA,NA,NA,250,1,200,1,NA,NA,NA,2,NA,1,28,1,1,0,1,0,8,56,866,3192.33349609375,3192.33349609375,affirmative_filter,age_7_plus
352-015362-D-0041,2,2,3,352-015362-D,322,338.144199796157,1,01136,6,NA,3,2,0,NA,NA,NA,NA,NA,NA,NA,NA,NA,NA,NA,NA,NA,NA,NA,2,NA,2,49,1,1,0,1,0,6,41,NA,136.66667175293,136.66667175293,affirmative_filter,age_7_plus
353-017829-D-0161,1,2,3,353-017829-D,323,762.527834320042,1,01282,3,NA,4,8,30,NA,NA,NA,NA,NA,NA,NA,NA,7000,6,4500,6,NA,NA,NA,2,NA,1,41,1,1,0,1,0,34,54,1500,2028.33337402344,2028.33337402344,affirmative_filter,age_7_plus
354-015530-D-0011,3,2,3,354-015530-D,324,345.620402320638,1,01111,6,NA,3,5,30,NA,NA,NA,NA,NA,NA,NA,NA,NA,NA,NA,NA,NA,NA,NA,2,NA,1,32,1,1,0,1,0,16.5,36,NA,1190.75,1190.75,affirmative_filter,age_7_plus
354-015530-D-0051,2,2,3,354-015530-D,324,345.620402320638,1,10611,6,NA,5,5,30,NA,NA,NA,NA,NA,NA,NA,NA,NA,NA,NA,NA,NA,NA,NA,2,NA,1,43,1,1,0,1,2,27.5,59,NA,661.666687011719,661.666687011719,affirmative_filter,age_7_plus
354-015530-D-0081,2,2,3,354-015530-D,324,345.620402320638,1,01111,3,NA,5,4,30,NA,NA,NA,NA,NA,NA,NA,NA,15000,8,6000,8,1,8,600,2,NA,1,42,1,1,0,1,0,22.5,58.5,500,5770,5770,affirmative_filter,age_7_plus
411-000057-A-0041,2,1,4,411-000057-A,411,146.905121941673,1,47113,3,NA,6,8,0,NA,NA,NA,NA,NA,NA,NA,NA,2000,2,400,2,NA,NA,NA,2,NA,2,63,1,1,0,1,6,48,56,1732,11864.2001953125,12263.3671875,affirmative_filter,age_7_plus
411-000074-A-0011,2,1,4,411-000074-A,411,156.698796737785,1,90003,3,NA,2,8,0,NA,NA,NA,NA,NA,NA,NA,NA,400,1,300,1,NA,NA,NA,2,NA,1,27,1,1,0,1,17,16,41,2598,5585.7001953125,5585.7001953125,affirmative_filter,age_7_plus
411-000074-A-0031,2,1,4,411-000074-A,411,156.698796737785,1,41000,6,NA,5,4,0,NA,NA,NA,NA,NA,NA,NA,NA,NA,NA,NA,NA,NA,NA,NA,2,NA,2,29,1,1,0,1,5,20,68,NA,1896.53991699219,1896.53991699219,affirmative_filter,age_7_plus
412-000501-A-0071,1,1,4,412-000501-A,412,156.988243812314,1,47992,3,NA,6,4,30,NA,NA,NA,NA,NA,NA,NA,NA,1200,4,600,4,NA,NA,NA,2,NA,2,35,1,1,0,1,6,27,47,600,600,1100,affirmative_filter,age_7_plus
412-000563-A-0011,2,1,4,412-000563-A,412,249.703653687351,1,47113,6,NA,2,8,0,NA,NA,NA,NA,NA,NA,NA,NA,NA,NA,NA,NA,NA,NA,NA,1,1,2,34,1,1,0,1,6,16,64,NA,4386.66650390625,4386.66650390625,affirmative_filter,age_7_plus
412-000563-A-0141,1,1,4,412-000563-A,412,249.703653687351,1,31001,3,NA,5,4,0,NA,NA,NA,NA,NA,NA,NA,NA,3000,4,1000,4,NA,NA,NA,2,NA,1,45,1,1,0,1,2,20,56,1000,3180,3180,affirmative_filter,age_7_plus
412-000563-A-0141,2,1,4,412-000563-A,412,249.703653687351,1,31001,6,NA,5,2,0,NA,NA,NA,NA,NA,NA,NA,NA,NA,NA,NA,NA,NA,NA,NA,2,NA,2,31,1,1,0,1,2,10,58,NA,NA,0,affirmative_filter,age_7_plus
412-000563-A-0181,1,1,4,412-000563-A,412,249.703653687351,1,47991,3,NA,3,7,0,NA,NA,NA,NA,NA,NA,NA,NA,450,2,150,2,NA,NA,NA,2,NA,2,46,1,1,0,1,6,21,55,649.5,2901.09985351562,3301.09985351562,affirmative_filter,age_7_plus
413-001545-A-0021,1,1,4,413-001545-A,413,162.78556499031,1,47113,3,NA,7,8,0,NA,NA,NA,NA,NA,NA,NA,NA,100,1,20,1,NA,NA,NA,1,1,2,66,1,1,0,1,6,56,88,606.200012207031,7031.2001953125,7031.2001953125,affirmative_filter,age_7_plus
413-001545-A-0281,1,1,4,413-001545-A,413,162.78556499031,1,56101,6,NA,1,8,0,NA,NA,NA,NA,NA,NA,NA,NA,NA,NA,NA,NA,NA,NA,NA,1,2,2,30,1,1,0,1,8,8,80,NA,2598,2598,affirmative_filter,age_7_plus
413-001915-A-0241,1,1,4,413-001915-A,413,224.486545268896,1,82192,1,4,5,5,0,1500,4,2,NA,2,NA,2,NA,NA,NA,NA,NA,NA,NA,NA,2,NA,2,29,1,1,0,1,13,25,49,1500,3650,3650,affirmative_filter,age_7_plus
413-002303-A-0251,2,1,4,413-002303-A,413,423.307794251697,1,10712,3,NA,1,5,0,NA,NA,NA,NA,NA,NA,NA,NA,200,1,100,1,NA,NA,NA,2,NA,2,42,1,1,0,1,2,5,41,433,1633,1633,affirmative_filter,age_7_plus
413-002444-A-0081,2,1,4,413-002444-A,413,267.808510145349,1,85494,3,NA,2,3,30,NA,NA,NA,NA,NA,NA,NA,NA,8600,8,8000,8,NA,NA,NA,1,1,1,31,1,1,0,1,15,7,59.5,666.666687011719,6466.66650390625,6466.66650390625,affirmative_filter,age_7_plus
413-002449-A-0171,1,1,4,413-002449-A,413,278.587180832314,1,96020,3,NA,5,4,30,NA,NA,NA,NA,NA,NA,NA,NA,80,2,100,2,NA,NA,NA,2,NA,2,25,1,1,0,1,18,22.5,62.5,433,866,1212.40002441406,affirmative_filter,age_7_plus
413-002472-A-0051,1,1,4,413-002472-A,413,567.12390383721,1,47113,3,NA,5,14,0,NA,NA,NA,NA,NA,NA,NA,NA,100,1,20,1,NA,NA,NA,2,NA,1,65,1,1,0,1,6,70,86,433,2381.5,2785.66674804688,affirmative_filter,age_7_plus
413-002476-A-0091,2,1,4,413-002476-A,413,258.688096487148,1,47113,3,NA,7,6,0,NA,NA,NA,NA,NA,NA,NA,NA,800,4,300,4,NA,NA,NA,2,NA,2,28,1,1,0,1,6,42,70,300,1200,1200,affirmative_filter,age_7_plus
414-002820-A-0211,1,1,4,414-002820-A,414,220.753568127841,1,85102,1,1,3,3,30,4000,4,1,3300,2,NA,2,NA,NA,NA,NA,NA,NA,NA,NA,1,1,1,73,1,1,0,1,15,10.5,40.5,4275,6656.5,6656.5,affirmative_filter,age_7_plus
414-003018-A-0071,2,1,4,414-003018-A,414,172.187783139716,1,56103,6,NA,2,15,30,NA,NA,NA,NA,NA,NA,NA,NA,NA,NA,NA,NA,NA,NA,NA,2,NA,2,39,1,1,0,1,8,31,43,NA,2598,2598,affirmative_filter,age_7_plus
414-003025-A-0071,1,1,4,414-003025-A,414,365.035565286995,1,90003,1,4,2,4,0,300,1,2,NA,1,20,2,NA,NA,NA,NA,NA,NA,NA,NA,2,NA,1,33,1,1,0,1,17,8,48,2599.66674804688,4851.2666015625,4851.2666015625,affirmative_filter,age_7_plus
414-003073-A-0131,1,1,4,414-003073-A,414,277.826441838942,1,85421,3,NA,5,3,0,NA,NA,NA,NA,NA,NA,NA,NA,1000,4,900,4,NA,NA,NA,1,1,2,53,1,1,0,1,15,15,55,900,4000,4000,affirmative_filter,age_7_plus
414-003073-A-0341,1,1,4,414-003073-A,414,277.826441838942,1,86202,3,NA,1,5,0,NA,NA,NA,NA,NA,NA,NA,NA,150,1,140,1,NA,NA,NA,2,NA,2,32,1,1,0,1,16,5,41,606.200012207031,3360.07983398438,3360.07983398438,affirmative_filter,age_7_plus
414-003265-A-0331,1,1,4,414-003265-A,414,288.986489185538,1,41000,1,4,2,10,0,200,2,2,NA,2,NA,2,NA,NA,NA,NA,NA,NA,NA,NA,2,NA,1,42,1,1,0,1,5,20,52,866,2165,2165,affirmative_filter,age_7_plus
414-003265-A-0411,4,1,4,414-003265-A,414,288.986489185538,1,31001,6,NA,2,5,0,NA,NA,NA,NA,NA,NA,NA,NA,NA,NA,NA,NA,NA,NA,NA,2,NA,1,27,1,1,0,1,2,10,50,NA,2800,2800,affirmative_filter,age_7_plus
414-003423-A-0031,1,1,4,414-003423-A,414,463.582493068467,1,47911,3,NA,7,3,0,NA,NA,NA,NA,NA,NA,NA,NA,200,2,100,2,NA,NA,NA,2,NA,1,22,1,1,0,1,6,21,61,433,3247.5,3247.5,affirmative_filter,age_7_plus
421-003709-A-0031,1,1,4,421-003709-A,411,180.806303928214,1,01411,6,NA,2,9,0,NA,NA,NA,NA,NA,NA,NA,NA,NA,NA,NA,NA,NA,NA,NA,1,1,1,58,1,1,0,1,0,18,58,NA,3600,3600,affirmative_filter,age_7_plus
422-003805-A-0111,1,1,4,422-003805-A,412,243.729882068037,1,10304,6,NA,1,6,0,NA,NA,NA,NA,NA,NA,NA,NA,NA,NA,NA,NA,NA,NA,NA,2,NA,1,32,1,1,0,1,2,6,42,NA,1948.5,1948.5,affirmative_filter,age_7_plus
422-003805-A-0201,1,1,4,422-003805-A,412,243.729882068037,1,01134,6,NA,1.5,6,0,NA,NA,NA,NA,NA,NA,NA,NA,NA,NA,NA,NA,NA,NA,NA,2,NA,1,62,1,1,0,1,0,9,53,NA,3897,4601.16650390625,affirmative_filter,age_7_plus
423-004075-A-0031,1,1,4,423-004075-A,413,151.233041023256,1,43210,3,NA,2,6,15,NA,NA,NA,NA,NA,NA,NA,NA,200,1,200,1,NA,NA,NA,2,NA,1,40,1,1,0,1,5,12.5,86,1732,6408.39990234375,6408.39990234375,affirmative_filter,age_7_plus
423-004141-A-0011,2,1,4,423-004141-A,413,153.596057289244,1,47,3,NA,1,8,15,NA,NA,NA,NA,NA,NA,NA,NA,2500,4,2500,4,NA,NA,NA,2,NA,2,59,1,1,0,1,6,8.25,69.5,2500,8562,8562,affirmative_filter,age_7_plus
423-004141-A-0021,1,1,4,423-004141-A,413,153.596057289244,1,10712,3,NA,3,5,15,NA,NA,NA,NA,NA,NA,NA,NA,6000,3,4000,3,NA,NA,NA,2,NA,1,30,1,1,0,1,2,15.75,65.25,8660,10738.400390625,10738.400390625,affirmative_filter,age_7_plus
423-004141-A-0031,1,1,4,423-004141-A,413,153.596057289244,1,47113,3,NA,7,12,15,NA,NA,NA,NA,NA,NA,NA,NA,3000,5,1500,5,NA,NA,NA,2,NA,2,56,1,1,0,1,6,85.75,136.75,750,3350,3350,affirmative_filter,age_7_plus
432-004305-A-0091,1,1,4,432-004305-A,412,102.042358478004,1,01111,3,NA,3,8,0,NA,NA,NA,NA,NA,NA,NA,NA,1000,7,800,7,1,4,400,2,NA,2,40,1,1,0,1,0,24,60,133.333343505859,1432.33337402344,1432.33337402344,affirmative_filter,age_7_plus
432-004305-A-0131,1,1,4,432-004305-A,412,102.042358478004,1,47822,3,NA,2,15,45,NA,NA,NA,NA,NA,NA,NA,NA,200,1,200,1,NA,NA,NA,1,1,2,31,1,1,0,1,6,31.5,75.25,1732,3872,3872,affirmative_filter,age_7_plus
433-004334-A-0081,2,1,4,433-004334-A,413,100.080688912449,1,47721,3,NA,5,5,0,NA,NA,NA,NA,NA,NA,NA,NA,40,1,20,1,NA,NA,NA,2,NA,2,59,1,1,0,1,6,25,55,433,1840.25,1840.25,affirmative_filter,age_7_plus
433-004285-A-0131,1,1,4,433-004285-A,413,105.863128716279,1,49221,3,NA,2,10,0,NA,NA,NA,NA,NA,NA,NA,NA,300,1,180,1,NA,NA,NA,2,NA,1,28,1,1,0,1,7,20,44,1558.79992675781,3475.466796875,3475.466796875,affirmative_filter,age_7_plus
441-006052-D-0021,1,2,4,441-006052-D,421,155.461890269286,1,01411,3,NA,7,4,0,NA,NA,NA,NA,NA,NA,NA,NA,3000,7,800,7,1,7,2000,2,NA,1,57,1,1,0,1,0,28,84,133.333343505859,2081.83325195312,2081.83325195312,affirmative_filter,age_7_plus
441-006052-D-0071,1,2,4,441-006052-D,421,155.461890269286,1,01430,3,NA,7,5,0,NA,NA,NA,NA,NA,NA,NA,NA,2500,8,2000,8,2,NA,NA,2,NA,1,48,1,1,0,1,0,35,91,166.66667175293,1898.66662597656,1898.66662597656,affirmative_filter,age_7_plus
441-006052-D-0071,2,2,4,441-006052-D,421,155.461890269286,1,47218,3,NA,6,2,0,NA,NA,NA,NA,NA,NA,NA,NA,200,4,50,4,NA,NA,NA,2,NA,2,46,1,1,0,1,6,12,68,50,50,50,affirmative_filter,age_7_plus
441-006052-D-0071,3,2,4,441-006052-D,421,155.461890269286,1,47218,6,NA,7,1,0,NA,NA,NA,NA,NA,NA,NA,NA,NA,NA,NA,NA,NA,NA,NA,2,NA,2,22,1,1,0,1,6,7,63,NA,NA,0,affirmative_filter,age_7_plus
441-006461-D-0031,1,2,4,441-006461-D,421,328.86169095426,1,56103,3,NA,1,5,0,NA,NA,NA,NA,NA,NA,NA,NA,345,2,250,2,NA,NA,NA,2,NA,1,60,1,1,0,1,8,5,29,1082.5,2082.5,2491.66674804688,affirmative_filter,age_7_plus
441-006461-D-0061,2,2,4,441-006461-D,421,328.86169095426,1,10711,6,NA,4,6,0,NA,NA,NA,NA,NA,NA,NA,NA,NA,NA,NA,NA,NA,NA,NA,2,NA,2,42,1,1,0,1,2,24,45,NA,260.416687011719,260.416687011719,affirmative_filter,age_7_plus
442-006157-D-0061,1,2,4,442-006157-D,422,209.048853472777,1,01430,6,NA,2,8,0,NA,NA,NA,NA,NA,NA,NA,NA,NA,NA,NA,NA,NA,NA,NA,1,1,1,46,1,1,0,1,0,16,56,NA,2558.33325195312,2558.33325195312,affirmative_filter,age_7_plus
442-005919-D-0011,1,2,4,442-005919-D,422,523.962190434974,1,014,3,NA,7,6,45,NA,NA,NA,NA,NA,NA,NA,NA,600,4,300,4,NA,NA,NA,2,NA,2,67,1,1,0,1,0,47.25,60.75,300,733,1137.16662597656,affirmative_filter,age_7_plus
442-005919-D-0031,1,2,4,442-005919-D,422,523.962190434974,1,10503,3,NA,7,4,15,NA,NA,NA,NA,NA,NA,NA,NA,600,4,500,4,NA,NA,NA,2,NA,1,56,1,1,0,1,2,29.75,101.5,500,2850,2850,affirmative_filter,age_7_plus
442-005919-D-0061,1,2,4,442-005919-D,422,523.962190434974,1,01411,3,NA,5,4,0,NA,NA,NA,NA,NA,NA,NA,NA,700,4,500,4,1,2,30,2,NA,1,55,1,1,0,1,0,20,60,500,1640,1640,affirmative_filter,age_7_plus
442-005919-D-0131,2,2,4,442-005919-D,422,523.962190434974,1,01441,3,NA,2,4,0,NA,NA,NA,NA,NA,NA,NA,NA,500,4,500,4,NA,NA,NA,2,NA,1,42,1,1,0,1,0,8,58,500,3000,3000,affirmative_filter,age_7_plus
443-005835-A-0081,1,2,4,443-005835-A,423,165.664557474408,1,01136,3,NA,2,6,0,NA,NA,NA,NA,NA,NA,NA,NA,200,2,200,2,2,NA,NA,2,NA,1,71,1,1,0,1,0,12,54,866,991,1433.5,affirmative_filter,age_7_plus
443-005835-A-0101,1,2,4,443-005835-A,423,165.664557474408,1,01411,3,NA,2,4,0,NA,NA,NA,NA,NA,NA,NA,NA,2000,8,1500,8,2,NA,NA,2,NA,1,40,1,1,0,1,0,8,59,125,1285,1285,affirmative_filter,age_7_plus
444-004643-A-0011,1,2,4,444-004643-A,424,195.53017820972,1,47113,3,NA,4,5,0,NA,NA,NA,NA,NA,NA,NA,NA,200,1,40,1,NA,NA,NA,1,2,2,74,1,1,0,1,6,20,50,692.799987792969,1386.96667480469,2451.966796875,affirmative_filter,age_7_plus
444-004643-A-0031,1,2,4,444-004643-A,424,195.53017820972,1,47113,3,NA,6,5,0,NA,NA,NA,NA,NA,NA,NA,NA,400,1,80,1,NA,NA,NA,2,NA,1,49,1,1,0,1,6,30,78,2078.39990234375,4546.5,4546.5,affirmative_filter,age_7_plus
444-004643-A-0081,1,2,4,444-004643-A,424,195.53017820972,1,47113,3,NA,4,4,0,NA,NA,NA,NA,NA,NA,NA,NA,20,1,15,1,NA,NA,NA,2,NA,2,65,1,1,0,1,6,16,76,259.799987792969,759.799987792969,1153.96667480469,affirmative_filter,age_7_plus
444-005080-A-0071,1,2,4,444-005080-A,424,146.64763365729,1,56101,1,4,2,4,0,300,4,2,NA,1,30,2,NA,NA,NA,NA,NA,NA,NA,NA,2,NA,2,28,1,1,0,1,8,8,48,302.5,1002.5,1002.5,affirmative_filter,age_7_plus
444-005080-A-0121,1,2,4,444-005080-A,424,146.64763365729,1,47810,3,NA,5,3,0,NA,NA,NA,NA,NA,NA,NA,NA,500,2,200,2,NA,NA,NA,2,NA,2,42,1,1,0,1,6,15,55,866,3086,6586,affirmative_filter,age_7_plus
444-005088-A-0041,1,2,4,444-005088-A,424,96.2837998759986,1,41000,1,4,2,5,0,180,2,2,NA,2,NA,2,NA,NA,NA,NA,NA,NA,NA,NA,2,NA,1,25,1,1,0,1,5,10,50,779.399963378906,3579.39990234375,3579.39990234375,affirmative_filter,age_7_plus
444-004379-A-0091,1,2,4,444-004379-A,424,279.328826013886,1,41000,1,4,3,8,0,100,2,2,NA,2,NA,2,NA,NA,NA,NA,NA,NA,NA,NA,2,NA,1,34,1,1,0,1,5,24,64,433,1016.33337402344,1016.33337402344,affirmative_filter,age_7_plus
444-004379-A-0141,1,2,4,444-004379-A,424,279.328826013886,1,41000,3,NA,1,8,0,NA,NA,NA,NA,NA,NA,NA,NA,120,1,120,1,NA,NA,NA,2,NA,1,52,1,1,0,1,5,8,58,519.599975585938,2684.60009765625,2684.60009765625,affirmative_filter,age_7_plus
444-004379-A-0151,2,2,4,444-004379-A,424,279.328826013886,1,43210,3,NA,1,8,0,NA,NA,NA,NA,NA,NA,NA,NA,80,1,80,1,NA,NA,NA,2,NA,1,24,1,1,0,1,5,8,58,346.399993896484,2294.89990234375,2294.89990234375,affirmative_filter,age_7_plus
451-006705-D-0051,1,2,4,451-006705-D,421,253.345302661059,1,95210,3,NA,2,6,0,NA,NA,NA,NA,NA,NA,NA,NA,200,4,200,4,NA,NA,NA,1,2,1,34,1,1,0,1,18,12,37,200,690,690,affirmative_filter,age_7_plus
451-006705-D-0091,1,2,4,451-006705-D,421,253.345302661059,1,01411,6,NA,1,6,15,NA,NA,NA,NA,NA,NA,NA,NA,NA,NA,NA,NA,NA,NA,NA,1,1,1,38,1,1,0,1,0,6.25,50.25,NA,8833.3330078125,8833.3330078125,affirmative_filter,age_7_plus
451-006041-D-0071,1,2,4,451-006041-D,421,180.008504522332,1,56103,6,NA,2,3,0,NA,NA,NA,NA,NA,NA,NA,NA,NA,NA,NA,NA,NA,NA,NA,2,NA,1,47,1,1,0,1,8,6,62,NA,1234.04992675781,1234.04992675781,affirmative_filter,age_7_plus
451-006041-D-0071,2,2,4,451-006041-D,421,180.008504522332,1,01441,6,NA,3,6,0,NA,NA,NA,NA,NA,NA,NA,NA,NA,NA,NA,NA,NA,NA,NA,2,NA,2,46,1,1,0,1,0,18,50,NA,1732,1732,affirmative_filter,age_7_plus
451-006041-D-0091,1,2,4,451-006041-D,421,180.008504522332,1,01441,6,NA,1,7,30,NA,NA,NA,NA,NA,NA,NA,NA,NA,NA,NA,NA,NA,NA,NA,2,NA,1,38,1,1,0,1,0,7.5,51.5,NA,3604.72509765625,3604.72509765625,affirmative_filter,age_7_plus
451-007373-D-0111,1,2,4,451-007373-D,421,142.506732746846,1,4330,3,NA,3,8,0,NA,NA,NA,NA,NA,NA,NA,NA,150,1,120,1,NA,NA,NA,2,NA,1,44,1,1,0,1,5,24,43.5,1558.79992675781,2727.89990234375,2727.89990234375,affirmative_filter,age_7_plus
452-006321-D-0021,1,2,4,452-006321-D,422,61.6426106394088,1,41000,3,NA,3,8,0,NA,NA,NA,NA,NA,NA,NA,NA,100,1,100,1,NA,NA,NA,2,NA,1,35,1,1,0,1,5,24,64,1299,2749,2749,affirmative_filter,age_7_plus
452-006809-D-0041,1,2,4,452-006809-D,422,82.1901475192117,1,01111,3,NA,3,3,0,NA,NA,NA,NA,NA,NA,NA,NA,3600,8,3300,8,1,8,900,2,NA,1,32,1,1,0,1,0,9,69,275,21357.5,21357.5,affirmative_filter,age_7_plus
452-006809-D-0061,1,2,4,452-006809-D,422,82.1901475192117,1,90003,1,4,2,8,0,250,1,2,NA,2,NA,2,NA,NA,NA,NA,NA,NA,NA,NA,2,NA,1,39,1,1,0,1,17,16,43,2165,2748.33349609375,2748.33349609375,affirmative_filter,age_7_plus
452-006809-D-0091,1,2,4,452-006809-D,422,82.1901475192117,1,47823,3,NA,2,8,30,NA,NA,NA,NA,NA,NA,NA,NA,500,2,250,2,NA,NA,NA,1,1,1,38,1,1,0,1,6,17,48.25,1082.5,7957.5,7957.5,affirmative_filter,age_7_plus
452-007304-D-0081,1,2,4,452-007304-D,422,65.5440416925359,1,49221,3,NA,2,7,0,NA,NA,NA,NA,NA,NA,NA,NA,1000,2,600,2,NA,NA,NA,2,NA,1,51,1,1,0,1,7,14,39,2598,3389.66674804688,3389.66674804688,affirmative_filter,age_7_plus
452-005021-A-0021,1,2,4,452-005021-A,422,178.078652958292,1,01136,3,NA,2,6,0,NA,NA,NA,NA,NA,NA,NA,NA,0,NA,0,NA,1,8,800,2,NA,1,34,1,1,0,1,0,12,60,NA,3117.59985351562,3117.59985351562,affirmative_filter,age_7_plus
452-005021-A-0041,1,2,4,452-005021-A,422,178.078652958292,1,01136,3,NA,2,8,0,NA,NA,NA,NA,NA,NA,NA,NA,0,NA,0,NA,1,8,250,2,NA,1,56,1,1,0,1,0,16,56,NA,1082.5,1082.5,affirmative_filter,age_7_plus
452-006484-D-0061,1,2,4,452-006484-D,422,180.186092638272,1,41000,3,NA,2,8,0,NA,NA,NA,NA,NA,NA,NA,NA,100,1,100,1,NA,NA,NA,2,NA,1,31,1,1,0,1,5,16,56,866,3516,3516,affirmative_filter,age_7_plus
452-006484-D-0181,1,2,4,452-006484-D,422,180.186092638272,1,49222,3,NA,2,6,0,NA,NA,NA,NA,NA,NA,NA,NA,150,1,100,1,NA,NA,NA,2,NA,1,52,1,1,0,1,7,12,40,866,1391,1391,affirmative_filter,age_7_plus
453-006752-D-0021,1,2,4,453-006752-D,423,94.6654614139476,1,47810,3,NA,3,8,0,NA,NA,NA,NA,NA,NA,NA,NA,100,1,30,1,NA,NA,NA,2,NA,2,58,1,1,0,1,6,24,64,389.699981689453,723.033325195312,723.033325195312,affirmative_filter,age_7_plus
453-006752-D-0141,1,2,4,453-006752-D,423,94.6654614139476,1,01111,3,NA,7,8,45,NA,NA,NA,NA,NA,NA,NA,NA,12000,7,6000,7,1,7,900,1,2,1,53,1,1,0,1,0,61.25,131.25,1000,1360,1360,affirmative_filter,age_7_plus
453-006753-D-0041,1,2,4,453-006753-D,423,151.201778647277,1,49221,3,NA,3,3,0,NA,NA,NA,NA,NA,NA,NA,NA,350,1,250,1,NA,NA,NA,2,NA,1,33,1,1,0,1,7,9,69,3247.5,6971.2998046875,6971.2998046875,affirmative_filter,age_7_plus
453-006753-D-0081,1,2,4,453-006753-D,423,151.201778647277,1,41000,3,NA,4,8,0,NA,NA,NA,NA,NA,NA,NA,NA,3000,4,2500,4,NA,NA,NA,2,NA,1,50,1,1,0,1,5,32,77,2500,3833.33349609375,3833.33349609375,affirmative_filter,age_7_plus
453-006753-D-0091,1,2,4,453-006753-D,423,151.201778647277,1,86901,3,NA,1,4,0,NA,NA,NA,NA,NA,NA,NA,NA,200,1,200,1,NA,NA,NA,2,NA,1,84,1,1,0,1,16,4,67,866,1599.33337402344,1985.16674804688,affirmative_filter,age_7_plus
453-006753-D-0131,1,2,4,453-006753-D,423,151.201778647277,1,45201,3,NA,5,6,45,NA,NA,NA,NA,NA,NA,NA,NA,500,2,500,2,NA,NA,NA,2,NA,1,30,1,1,0,1,6,33.75,117.75,2165,2925,2925,affirmative_filter,age_7_plus
453-007277-D-0061,1,2,4,453-007277-D,423,100.270653208195,1,45201,3,NA,3,5,0,NA,NA,NA,NA,NA,NA,NA,NA,300,2,300,2,NA,NA,NA,2,NA,1,48,1,1,0,1,6,15,45,1299,2215.66674804688,2215.66674804688,affirmative_filter,age_7_plus
453-006735-D-0071,3,2,4,453-006735-D,423,233.282744198657,1,014,6,NA,4,8,45,NA,NA,NA,NA,NA,NA,NA,NA,NA,NA,NA,NA,NA,NA,NA,2,NA,1,21,1,1,0,1,0,35,55,NA,2086.60009765625,2236.60009765625,affirmative_filter,age_7_plus
453-006735-D-0081,1,2,4,453-006735-D,423,233.282744198657,1,86901,3,NA,3,3,0,NA,NA,NA,NA,NA,NA,NA,NA,500,4,400,4,NA,NA,NA,2,NA,2,63,1,1,0,1,16,9,79,400,1250,1649.16662597656,affirmative_filter,age_7_plus
453-006735-D-0111,2,2,4,453-006735-D,423,233.282744198657,1,01411,3,NA,7,8,15,NA,NA,NA,NA,NA,NA,NA,NA,180,2,150,2,NA,NA,NA,2,NA,2,60,1,1,0,1,0,57.75,71,649.5,1299,1828.16662597656,affirmative_filter,age_7_plus
453-006104-D-0081,2,2,4,453-006104-D,423,159.747966136037,1,0113,6,NA,4,4,15,NA,NA,NA,NA,NA,NA,NA,NA,NA,NA,NA,NA,NA,NA,NA,2,NA,2,66,1,1,0,1,0,17,58.25,NA,1299,1728.16662597656,affirmative_filter,age_7_plus
453-006104-D-0151,1,2,4,453-006104-D,423,159.747966136037,1,49222,3,NA,3,8,0,NA,NA,NA,NA,NA,NA,NA,NA,100,1,70,1,NA,NA,NA,2,NA,1,24,1,1,0,1,7,24,72,909.299987792969,5417.63330078125,5699.63330078125,affirmative_filter,age_7_plus
453-006104-D-0221,2,2,4,453-006104-D,423,159.747966136037,1,56101,6,NA,3,3,45,NA,NA,NA,NA,NA,NA,NA,NA,NA,NA,NA,NA,NA,NA,NA,2,NA,2,40,1,1,0,1,8,11.25,46.25,NA,2008.33337402344,2008.33337402344,affirmative_filter,age_7_plus
453-006059-D-0111,1,2,4,453-006059-D,423,132.403719680319,1,01441,3,NA,6,3,0,NA,NA,NA,NA,NA,NA,NA,NA,500,8,400,8,2,NA,NA,2,NA,2,22,1,1,0,1,0,18,39,33.3333358764648,1113.33337402344,1613.33337402344,affirmative_filter,age_7_plus
453-006059-D-0161,1,2,4,453-006059-D,423,132.403719680319,1,0113,3,NA,3,8,45,NA,NA,NA,NA,NA,NA,NA,NA,2000,7,1500,7,1,5,100,2,NA,1,25,1,1,0,1,0,26.25,69.25,250,2000,2000,affirmative_filter,age_7_plus
454-006066-D-0101,1,2,4,454-006066-D,424,102.653343560103,1,01411,3,NA,4,4,0,NA,NA,NA,NA,NA,NA,NA,NA,5000,7,4000,7,2,NA,NA,2,NA,1,33,1,1,0,1,0,16,49,666.666687011719,1966.66674804688,1966.66674804688,affirmative_filter,age_7_plus
454-006066-D-0131,2,2,4,454-006066-D,424,102.653343560103,1,01134,6,NA,7,6,0,NA,NA,NA,NA,NA,NA,NA,NA,NA,NA,NA,NA,NA,NA,NA,1,1,2,52,1,1,0,1,0,42,78,NA,2710.83325195312,2710.83325195312,affirmative_filter,age_7_plus
454-006066-D-0171,1,2,4,454-006066-D,424,102.653343560103,1,011,6,NA,3,5,45,NA,NA,NA,NA,NA,NA,NA,NA,NA,NA,NA,NA,NA,NA,NA,2,NA,2,32,1,1,0,1,0,17.25,64.5,NA,1005.83331298828,1005.83331298828,affirmative_filter,age_7_plus
454-006066-D-0171,2,2,4,454-006066-D,424,102.653343560103,1,49221,3,NA,2,6,45,NA,NA,NA,NA,NA,NA,NA,NA,300,1,150,1,NA,NA,NA,2,NA,1,42,1,1,0,1,7,13.5,67.25,1299,1895.66674804688,1895.66674804688,affirmative_filter,age_7_plus
454-006066-D-0201,1,2,4,454-006066-D,424,102.653343560103,1,011,3,NA,7,6,45,NA,NA,NA,NA,NA,NA,NA,NA,4000,7,4000,7,1,4,200,1,1,2,57,1,1,0,1,0,47.25,94.5,666.666687011719,3375,3375,affirmative_filter,age_7_plus
511-000025-A-0341,1,1,5,511-000025-A,511,322.999826614973,1,01136,3,NA,1,8,0,NA,NA,NA,NA,NA,NA,NA,NA,3200,8,0,NA,2,NA,NA,1,1,1,52,1,1,0,1,0,8,38,NA,3810.39990234375,4143.7333984375,affirmative_filter,age_7_plus
511-000042-A-0121,1,1,5,511-000042-A,511,341.832137107715,1,01136,3,NA,2,4,0,NA,NA,NA,NA,NA,NA,NA,NA,1400,8,1400,8,1,8,1400,2,NA,1,60,1,1,0,1,0,8,53,116.66667175293,5312.66650390625,5312.66650390625,affirmative_filter,age_7_plus
511-000042-A-0211,1,1,5,511-000042-A,511,341.832137107715,1,01136,3,NA,2,5,0,NA,NA,NA,NA,NA,NA,NA,NA,1800,8,1700,8,1,8,1800,1,1,1,55,1,1,0,1,0,10,58,141.66667175293,2739.66674804688,2746.33349609375,affirmative_filter,age_7_plus
511-000042-A-0211,2,1,5,511-000042-A,511,341.832137107715,1,01136,6,NA,2,4,0,NA,NA,NA,NA,NA,NA,NA,NA,NA,NA,NA,NA,NA,NA,NA,2,NA,2,50,1,1,0,1,0,8,78,NA,2879.44995117188,2896.11669921875,affirmative_filter,age_7_plus
512-000265-A-0271,1,1,5,512-000265-A,512,260.574780988939,1,01136,3,NA,2,3,0,NA,NA,NA,NA,NA,NA,NA,NA,1200,8,1000,8,1,8,1200,2,NA,1,43,1,1,0,1,0,6,36,83.3333358764648,6578.33349609375,6578.33349609375,affirmative_filter,age_7_plus
512-000265-A-0271,2,1,5,512-000265-A,512,260.574780988939,1,01136,6,NA,2,3,0,NA,NA,NA,NA,NA,NA,NA,NA,NA,NA,NA,NA,NA,NA,NA,2,NA,2,40,1,1,0,1,0,6,26,NA,433,433,affirmative_filter,age_7_plus
512-000265-A-0561,1,1,5,512-000265-A,512,260.574780988939,1,01136,3,NA,1,5,0,NA,NA,NA,NA,NA,NA,NA,NA,500,8,400,8,1,8,400,1,1,1,55,1,1,0,1,0,5,47,33.3333358764648,6961.33349609375,6961.33349609375,affirmative_filter,age_7_plus
512-000296-A-0251,1,1,5,512-000296-A,512,348.32161687183,1,01136,3,NA,2,5,0,NA,NA,NA,NA,NA,NA,NA,NA,2100,8,2000,8,1,8,2100,2,NA,1,74,1,1,0,1,0,10,64,166.66667175293,2764.66674804688,3545.5,affirmative_filter,age_7_plus
512-000296-A-0251,2,1,5,512-000296-A,512,348.32161687183,1,01136,6,NA,2,5,0,NA,NA,NA,NA,NA,NA,NA,NA,NA,NA,NA,NA,NA,NA,NA,2,NA,2,61,1,1,0,1,0,10,55,NA,1190.75,1621.58325195312,affirmative_filter,age_7_plus
512-000432-A-0171,3,1,5,512-000432-A,512,356.178495447887,1,01136,6,NA,2,5,0,NA,NA,NA,NA,NA,NA,NA,NA,NA,NA,NA,NA,NA,NA,NA,1,1,2,38,1,1,0,1,0,10,50,NA,4591.66650390625,5054.16650390625,affirmative_filter,age_7_plus
513-000570-A-0131,1,1,5,513-000570-A,513,386.98425689923,1,01136,6,NA,2,5,0,NA,NA,NA,NA,NA,NA,NA,NA,NA,NA,NA,NA,NA,NA,NA,2,NA,1,29,1,1,0,1,0,10,70,NA,3389.69995117188,3406.36669921875,affirmative_filter,age_7_plus
513-000570-A-0161,1,1,5,513-000570-A,513,386.98425689923,1,01136,3,NA,2,6,0,NA,NA,NA,NA,NA,NA,NA,NA,1200,8,1000,8,1,8,1000,2,NA,1,33,1,1,0,1,0,12,57,83.3333358764648,8743.3330078125,8743.3330078125,affirmative_filter,age_7_plus
513-000570-A-0221,1,1,5,513-000570-A,513,386.98425689923,1,01136,3,NA,2,5,0,NA,NA,NA,NA,NA,NA,NA,NA,2250,8,2000,8,1,8,2000,1,1,1,50,1,1,0,1,0,10,54,166.66667175293,3525,3541.66674804688,affirmative_filter,age_7_plus
513-000570-A-0221,2,1,5,513-000570-A,513,386.98425689923,1,01136,6,NA,2,5,0,NA,NA,NA,NA,NA,NA,NA,NA,NA,NA,NA,NA,NA,NA,NA,2,NA,2,49,1,1,0,1,0,10,60,NA,2233,2241.33325195312,affirmative_filter,age_7_plus
513-000706-A-0031,3,1,5,513-000706-A,513,434.116954854906,1,47113,6,NA,5,6,0,NA,NA,NA,NA,NA,NA,NA,NA,NA,NA,NA,NA,NA,NA,NA,2,NA,2,28,1,1,0,1,6,30,50,NA,400,441.666656494141,affirmative_filter,age_7_plus
513-000706-A-0171,1,1,5,513-000706-A,513,434.116954854906,1,49222,3,NA,2,6,0,NA,NA,NA,NA,NA,NA,NA,NA,170,1,80,1,NA,NA,NA,2,NA,2,31,1,1,0,1,7,12,52,692.799987792969,4381.88330078125,4381.88330078125,affirmative_filter,age_7_plus
513-000995-A-0091,1,1,5,513-000995-A,513,388.178652753858,1,01136,3,NA,2,6,0,NA,NA,NA,NA,NA,NA,NA,NA,5000,8,4500,8,1,8,5000,2,NA,2,56,1,1,0,1,0,12,47,375,1349.25,1890.91674804688,affirmative_filter,age_7_plus
513-000995-A-0181,2,1,5,513-000995-A,513,388.178652753858,1,47,3,NA,2,10,0,NA,NA,NA,NA,NA,NA,NA,NA,400,4,400,4,NA,NA,NA,2,NA,2,36,1,1,0,1,6,20,44,400,1482.5,1482.5,affirmative_filter,age_7_plus
513-000995-A-0221,1,1,5,513-000995-A,513,388.178652753858,1,01136,3,NA,4,2,0,NA,NA,NA,NA,NA,NA,NA,NA,900,8,700,8,NA,NA,NA,1,1,1,64,1,1,0,1,0,8,48,58.3333358764648,5254.33349609375,5678.5,affirmative_filter,age_7_plus
514-001244-A-0311,3,1,5,514-001244-A,514,223.712051673196,1,01136,6,NA,2,2,0,NA,NA,NA,NA,NA,NA,NA,NA,NA,NA,NA,NA,NA,NA,NA,2,NA,2,23,1,1,0,1,0,4,10,NA,389.699981689453,698.033325195312,affirmative_filter,age_7_plus
514-001244-A-0521,1,1,5,514-001244-A,514,223.712051673196,1,56102,3,NA,7,6,0,NA,NA,NA,NA,NA,NA,NA,NA,150,1,70,1,NA,NA,NA,2,NA,2,43,1,1,0,1,8,42,98,2121.69995117188,6018.7001953125,6452.03369140625,affirmative_filter,age_7_plus
514-001244-A-0521,3,1,5,514-001244-A,514,223.712051673196,1,56102,6,NA,4,4,0,NA,NA,NA,NA,NA,NA,NA,NA,NA,NA,NA,NA,NA,NA,NA,2,NA,1,19,1,1,0,1,8,16,32,NA,NA,100,affirmative_filter,age_7_plus
514-001244-A-0521,4,1,5,514-001244-A,514,223.712051673196,1,56102,6,NA,3,3,0,NA,NA,NA,NA,NA,NA,NA,NA,NA,NA,NA,NA,NA,NA,NA,2,NA,2,13,0,1,0,1,8,9,18,NA,NA,90,affirmative_filter,age_7_plus
514-001286-A-0371,1,1,5,514-001286-A,514,484.697634920704,1,90003,1,4,2,8,0,800,2,2,NA,1,50,1,70,NA,NA,NA,NA,NA,NA,NA,1,2,1,30,1,1,0,1,17,16,72,3474,7717.39990234375,7734.06640625,affirmative_filter,age_7_plus
514-001286-A-0521,1,1,5,514-001286-A,514,484.697634920704,1,10611,3,NA,5,2,0,NA,NA,NA,NA,NA,NA,NA,NA,140,2,90,2,NA,NA,NA,2,NA,2,71,1,1,0,1,2,10,45,389.699981689453,1389.69995117188,1811.86657714844,affirmative_filter,age_7_plus
514-001427-A-0111,1,1,5,514-001427-A,514,421.275941462512,1,01136,3,NA,2,5,0,NA,NA,NA,NA,NA,NA,NA,NA,1950,8,1820,8,1,8,1820,2,NA,1,61,1,1,0,1,0,10,55,151.66667175293,3312.56665039062,3706.31665039062,affirmative_filter,age_7_plus
514-001427-A-0151,1,1,5,514-001427-A,514,421.275941462512,1,01136,3,NA,2,4,0,NA,NA,NA,NA,NA,NA,NA,NA,900,8,830,8,1,8,830,2,NA,2,64,1,1,0,1,0,8,43,69.1666717529297,718.666687011719,2039.5,affirmative_filter,age_7_plus
514-001427-A-0181,1,1,5,514-001427-A,514,421.275941462512,1,01136,3,NA,2,5,0,NA,NA,NA,NA,NA,NA,NA,NA,1200,8,1100,8,1,8,1100,2,NA,2,66,1,1,0,1,0,10,80,91.6666717529297,2971.11669921875,3428.61669921875,affirmative_filter,age_7_plus
514-001427-A-0251,1,1,5,514-001427-A,514,421.275941462512,1,93111,1,4,5,2,0,1400,4,2,NA,2,NA,2,NA,NA,NA,NA,NA,NA,NA,NA,2,NA,2,50,1,1,0,1,17,10,50,1400,4431,4431,affirmative_filter,age_7_plus
514-001449-A-0781,1,1,5,514-001449-A,514,326.852023548501,1,0729,4,NA,3,4,0,NA,NA,NA,NA,NA,NA,NA,NA,8000,2,5000,2,NA,NA,NA,2,NA,1,52,1,1,0,1,1,12,103,21650,82270,97270,affirmative_filter,age_7_plus
522-002607-A-0021,2,1,5,522-002607-A,512,166.163628456715,1,10711,3,NA,3,3,0,NA,NA,NA,NA,NA,NA,NA,NA,60,1,25,1,NA,NA,NA,2,NA,2,49,1,1,0,1,2,9,79,324.75,1324.97998046875,1324.97998046875,affirmative_filter,age_7_plus
522-002607-A-0091,2,1,5,522-002607-A,512,166.163628456715,1,52240,3,NA,1,9,0,NA,NA,NA,NA,NA,NA,NA,NA,150,1,150,1,NA,NA,NA,2,NA,1,39,1,1,0,1,7,9,21,649.5,1169.09997558594,1169.09997558594,affirmative_filter,age_7_plus
522-002607-A-0141,1,1,5,522-002607-A,512,166.163628456715,1,49222,3,NA,3,12,0,NA,NA,NA,NA,NA,NA,NA,NA,120,1,100,1,NA,NA,NA,1,1,1,28,1,1,0,1,7,36,72,1299,5299,5349,affirmative_filter,age_7_plus
522-003039-A-0091,1,1,5,522-003039-A,512,273.91822388016,1,96010,3,NA,2,6,0,NA,NA,NA,NA,NA,NA,NA,NA,150,2,150,2,NA,NA,NA,2,NA,2,37,1,1,0,1,18,12,34,649.5,915.5,915.5,affirmative_filter,age_7_plus
522-003039-A-0121,1,1,5,522-003039-A,512,273.91822388016,1,49212,3,NA,2,8,0,NA,NA,NA,NA,NA,NA,NA,NA,150,1,120,1,NA,NA,NA,2,NA,1,40,1,1,0,1,7,16,56,1039.19995117188,4239.2001953125,4239.2001953125,affirmative_filter,age_7_plus
522-003039-A-0161,2,1,5,522-003039-A,512,273.91822388016,1,14101,3,NA,6,3,0,NA,NA,NA,NA,NA,NA,NA,NA,1000,4,500,4,NA,NA,NA,1,1,2,50,1,1,0,1,2,18,78,500,1279.39990234375,1279.39990234375,affirmative_filter,age_7_plus
522-002620-A-0011,1,1,5,522-002620-A,512,276.939380761192,1,011,3,NA,2,4,0,NA,NA,NA,NA,NA,NA,NA,NA,2500,8,2000,8,1,8,400,2,NA,1,58,1,1,0,1,0,8,56,166.66667175293,5156.66650390625,5156.66650390625,affirmative_filter,age_7_plus
522-002620-A-0021,1,1,5,522-002620-A,512,276.939380761192,1,01111,3,NA,2,4,0,NA,NA,NA,NA,NA,NA,NA,NA,1500,8,1200,8,1,8,400,1,2,1,63,1,1,0,1,0,8,56,100,1399,1784.83325195312,affirmative_filter,age_7_plus
522-002620-A-0031,1,1,5,522-002620-A,512,276.939380761192,1,011,3,NA,1,8,0,NA,NA,NA,NA,NA,NA,NA,NA,1500,8,1000,8,1,8,500,2,NA,1,44,1,1,0,1,0,8,56,83.3333358764648,4824.68359375,4824.68359375,affirmative_filter,age_7_plus
522-002620-A-0091,1,1,5,522-002620-A,512,276.939380761192,1,01111,3,NA,3,3,0,NA,NA,NA,NA,NA,NA,NA,NA,2000,8,1000,8,1,8,1000,2,NA,1,51,1,1,0,1,0,9,41,83.3333358764648,4283.33349609375,4366.6669921875,affirmative_filter,age_7_plus
523-002065-A-0011,1,1,5,523-002065-A,513,181.794074932236,1,49222,3,NA,5,4,15,NA,NA,NA,NA,NA,NA,NA,NA,2000,4,1500,4,NA,NA,NA,2,NA,1,41,1,1,0,1,7,21.25,61.25,1500,3630,3630,affirmative_filter,age_7_plus
523-002065-A-0021,1,1,5,523-002065-A,513,181.794074932236,1,45201,4,NA,5,8,0,NA,NA,NA,NA,NA,NA,NA,NA,6000,4,2800,4,NA,NA,NA,2,NA,1,50,1,1,0,1,6,40,56,2800,7800,7800,affirmative_filter,age_7_plus
523-002065-A-0161,1,1,5,523-002065-A,513,181.794074932236,1,47822,3,NA,2,4,0,NA,NA,NA,NA,NA,NA,NA,NA,120,2,100,2,NA,NA,NA,2,NA,2,50,1,1,0,1,6,8,48,433,1732,2641.30004882812,affirmative_filter,age_7_plus
523-003709-A-0111,1,1,5,523-003709-A,513,239.866274937539,1,49222,3,NA,1,3,0,NA,NA,NA,NA,NA,NA,NA,NA,60,1,40,1,NA,NA,NA,2,NA,1,32,1,1,0,1,7,3,51,173.199996948242,2987.69995117188,2987.69995117188,affirmative_filter,age_7_plus
523-002797-A-0031,1,1,5,523-002797-A,513,591.225948040491,1,14104,6,NA,4,3,30,NA,NA,NA,NA,NA,NA,NA,NA,NA,NA,NA,NA,NA,NA,NA,1,1,1,46,1,1,0,1,2,14,54,NA,5791.66650390625,5791.66650390625,affirmative_filter,age_7_plus
523-002797-A-0101,1,1,5,523-002797-A,513,591.225948040491,1,5610,1,4,7,4,0,800,4,2,NA,2,NA,2,NA,NA,NA,NA,NA,NA,NA,NA,2,NA,2,26,1,1,0,1,8,28,77,800,2603.10009765625,2603.10009765625,affirmative_filter,age_7_plus
523-002797-A-0321,1,1,5,523-002797-A,513,591.225948040491,1,96020,3,NA,1,2,0,NA,NA,NA,NA,NA,NA,NA,NA,50,1,40,1,NA,NA,NA,2,NA,2,19,1,1,0,1,18,2,6,173.199996948242,389.700012207031,889.700012207031,affirmative_filter,age_7_plus
523-002797-A-0391,1,1,5,523-002797-A,513,591.225948040491,1,56103,1,4,2,4,30,40,1,2,NA,1,13,2,NA,NA,NA,NA,NA,NA,NA,NA,2,NA,2,22,1,1,0,1,8,9,59,347.483337402344,996.983337402344,996.983337402344,affirmative_filter,age_7_plus
524-002878-A-0091,2,1,5,524-002878-A,514,230.814021567583,1,56210,6,NA,3,2,0,NA,NA,NA,NA,NA,NA,NA,NA,NA,NA,NA,NA,NA,NA,NA,2,NA,2,29,1,1,0,1,8,6,15,NA,649.5,649.5,affirmative_filter,age_7_plus
532-003015-A-0011,1,1,5,532-003015-A,512,271.904119292806,1,01136,3,NA,1,8,0,NA,NA,NA,NA,NA,NA,NA,NA,2200,8,1800,8,1,4,110,2,NA,1,34,1,1,0,1,0,8,56,150,6645,6690.83349609375,affirmative_filter,age_7_plus
532-003015-A-0021,1,1,5,532-003015-A,512,271.904119292806,1,01112,7,4,1,4,0,NA,NA,NA,NA,NA,NA,NA,NA,NA,NA,NA,NA,NA,NA,NA,2,NA,1,44,1,1,0,1,0,4,28,NA,7794,7885.66650390625,affirmative_filter,age_7_plus
532-003015-A-0021,2,1,5,532-003015-A,512,271.904119292806,1,01112,7,4,2,8,0,NA,NA,NA,NA,NA,NA,NA,NA,NA,NA,NA,NA,NA,NA,NA,2,NA,2,42,1,1,0,1,0,16,31,NA,NA,25,affirmative_filter,age_7_plus
532-003015-A-0081,2,1,5,532-003015-A,512,271.904119292806,1,01111,3,NA,2,6,0,NA,NA,NA,NA,NA,NA,NA,NA,520,8,400,8,1,8,530,2,NA,2,50,1,1,0,1,0,12,72,33.3333358764648,466.333343505859,466.333343505859,affirmative_filter,age_7_plus
541-005655-D-0021,1,2,5,541-005655-D,521,292.761108888243,1,01136,3,NA,2,6,30,NA,NA,NA,NA,NA,NA,NA,NA,5600,8,5300,8,1,8,300,2,NA,1,57,1,1,0,1,0,13,53,441.666687011719,2941.66674804688,2941.66674804688,affirmative_filter,age_7_plus
541-005655-D-0031,1,2,5,541-005655-D,521,292.761108888243,1,01136,3,NA,2,6,0,NA,NA,NA,NA,NA,NA,NA,NA,0,NA,0,NA,1,8,320,2,NA,1,51,1,1,0,1,0,12,60,NA,875,875,affirmative_filter,age_7_plus
541-005655-D-0081,1,2,5,541-005655-D,521,292.761108888243,1,01430,6,NA,4,8,0,NA,NA,NA,NA,NA,NA,NA,NA,NA,NA,NA,NA,NA,NA,NA,2,NA,2,38,1,1,0,1,0,32,47,NA,259.799987792969,259.799987792969,affirmative_filter,age_7_plus
541-005655-D-0111,1,2,5,541-005655-D,521,292.761108888243,1,49212,3,NA,2,8,0,NA,NA,NA,NA,NA,NA,NA,NA,200,1,120,1,NA,NA,NA,2,NA,1,43,1,1,0,1,7,16,86,1039.19995117188,1829.19995117188,1829.19995117188,affirmative_filter,age_7_plus
541-005573-D-0201,1,2,5,541-005573-D,521,446.441778838235,1,01136,6,NA,2,9,0,NA,NA,NA,NA,NA,NA,NA,NA,NA,NA,NA,NA,NA,NA,NA,2,NA,1,47,1,1,0,1,0,18,58,NA,3247.5,3260,affirmative_filter,age_7_plus
541-005573-D-0271,1,2,5,541-005573-D,521,446.441778838235,1,01136,3,NA,2,6,0,NA,NA,NA,NA,NA,NA,NA,NA,0,NA,0,NA,1,8,700,2,NA,1,51,1,1,0,1,0,12,60,NA,3897,3897,affirmative_filter,age_7_plus
541-005966-D-0141,2,2,5,541-005966-D,521,477.230867033975,1,01500,6,NA,2,8,0,NA,NA,NA,NA,NA,NA,NA,NA,NA,NA,NA,NA,NA,NA,NA,2,NA,1,22,1,1,0,1,0,16,56,NA,1732,1732,affirmative_filter,age_7_plus
541-005966-D-0531,2,2,5,541-005966-D,521,477.230867033975,1,01500,6,NA,3,8,0,NA,NA,NA,NA,NA,NA,NA,NA,NA,NA,NA,NA,NA,NA,NA,2,NA,2,25,1,1,0,1,0,24,56,NA,519.599975585938,519.599975585938,affirmative_filter,age_7_plus
541-005966-D-0841,1,2,5,541-005966-D,521,477.230867033975,1,95210,1,3,2,8,0,450,4,2,NA,2,NA,2,NA,NA,NA,NA,NA,NA,NA,NA,2,NA,1,40,1,1,0,1,18,16,32,450,1008.33337402344,1008.33337402344,affirmative_filter,age_7_plus
542-008014-D-0021,1,2,5,542-008014-D,522,1074.37949690473,1,0111,3,NA,2,7,0,NA,NA,NA,NA,NA,NA,NA,NA,4500,8,4000,8,1,8,840,2,NA,1,29,1,1,0,1,0,14,54,333.333343505859,3364.33325195312,3364.33325195312,affirmative_filter,age_7_plus
542-008014-D-0131,1,2,5,542-008014-D,522,1074.37949690473,1,47810,3,NA,5,4,0,NA,NA,NA,NA,NA,NA,NA,NA,800,4,420,4,NA,NA,NA,2,NA,1,69,1,1,0,1,6,20,40,420,686.666687011719,1097.5,affirmative_filter,age_7_plus
542-008014-D-0161,1,2,5,542-008014-D,522,1074.37949690473,1,01111,3,NA,5,4,0,NA,NA,NA,NA,NA,NA,NA,NA,2800,8,1200,8,1,8,1200,2,NA,1,72,1,1,0,1,0,20,41,100,805,1454.16662597656,affirmative_filter,age_7_plus
542-008014-D-0191,1,2,5,542-008014-D,522,1074.37949690473,1,01111,3,NA,5,4,0,NA,NA,NA,NA,NA,NA,NA,NA,1250,8,720,8,1,8,720,2,NA,1,68,1,1,0,1,0,20,40,60,2930,3504.16650390625,affirmative_filter,age_7_plus
542-008014-D-0211,2,2,5,542-008014-D,522,1074.37949690473,1,01111,3,NA,2,3,0,NA,NA,NA,NA,NA,NA,NA,NA,550,8,300,8,1,8,300,2,NA,2,35,1,1,0,1,0,6,76,25,1189.77001953125,1193.93664550781,affirmative_filter,age_7_plus
542-005405-D-0011,1,2,5,542-005405-D,522,88.2188443206234,1,011,3,NA,2,7,0,NA,NA,NA,NA,NA,NA,NA,NA,8800,8,7000,8,1,8,820,1,1,1,50,1,1,0,1,0,14,54,583.333374023438,3583.33349609375,3750.00024414062,affirmative_filter,age_7_plus
542-005405-D-0011,2,2,5,542-005405-D,522,88.2188443206234,1,011,6,NA,2,6,0,NA,NA,NA,NA,NA,NA,NA,NA,NA,NA,NA,NA,NA,NA,NA,2,NA,2,56,1,1,0,1,0,12,52,NA,433,433,affirmative_filter,age_7_plus
542-005405-D-0021,2,2,5,542-005405-D,522,88.2188443206234,1,01500,6,NA,3,8,0,NA,NA,NA,NA,NA,NA,NA,NA,NA,NA,NA,NA,NA,NA,NA,2,NA,2,38,1,1,0,1,0,24,64,NA,450,450,affirmative_filter,age_7_plus
542-005405-D-0041,1,2,5,542-005405-D,522,88.2188443206234,1,011,6,NA,2,8,0,NA,NA,NA,NA,NA,NA,NA,NA,NA,NA,NA,NA,NA,NA,NA,2,NA,1,47,1,1,0,1,0,16,64,NA,3377.39990234375,3527.39990234375,affirmative_filter,age_7_plus
542-005405-D-0051,1,2,5,542-005405-D,522,88.2188443206234,1,01500,3,NA,1,8,0,NA,NA,NA,NA,NA,NA,NA,NA,0,NA,0,NA,1,8,2500,2,NA,1,29,1,1,0,1,0,8,56,NA,1333.33337402344,1333.33337402344,affirmative_filter,age_7_plus
542-005405-D-0081,1,2,5,542-005405-D,522,88.2188443206234,1,011,3,NA,3,8,0,NA,NA,NA,NA,NA,NA,NA,NA,0,NA,0,NA,1,8,1540,2,NA,2,49,1,1,0,1,0,24,72,NA,146.66667175293,146.66667175293,affirmative_filter,age_7_plus
542-008326-D-0031,1,2,5,542-008326-D,522,512.772032613623,1,41000,1,4,3,8,0,100,1,2,NA,2,NA,2,NA,NA,NA,NA,NA,NA,NA,NA,2,NA,1,47,1,1,0,1,5,24,48,1299,1599,1599,affirmative_filter,age_7_plus
542-008326-D-0061,1,2,5,542-008326-D,522,512.772032613623,1,01136,3,NA,3,6,0,NA,NA,NA,NA,NA,NA,NA,NA,3000,8,2700,8,1,8,2700,1,1,1,47,1,1,0,1,0,18,42,225,11050,11050,affirmative_filter,age_7_plus
542-008326-D-0071,1,2,5,542-008326-D,522,512.772032613623,1,01136,1,4,2,5,15,50,2,2,NA,2,NA,1,40,NA,NA,NA,NA,NA,NA,NA,2,NA,2,60,1,1,0,1,0,10.5,30.5,219.83332824707,1019.83331298828,1444,affirmative_filter,age_7_plus
542-006421-D-0101,2,2,5,542-006421-D,522,132.328266480935,1,14301,3,NA,6,2,0,NA,NA,NA,NA,NA,NA,NA,NA,1000,7,950,7,NA,NA,NA,2,NA,2,68,1,1,0,1,2,12,60,158.333343505859,158.333343505859,594.5,affirmative_filter,age_7_plus
542-006421-D-0131,1,2,5,542-006421-D,522,132.328266480935,1,52240,3,NA,5,4,0,NA,NA,NA,NA,NA,NA,NA,NA,50,1,50,1,NA,NA,NA,2,NA,1,59,1,1,0,1,7,20,76,1082.5,1189.16662597656,1247.5,affirmative_filter,age_7_plus
542-006421-D-0171,1,2,5,542-006421-D,522,132.328266480935,1,14302,3,NA,6,2,0,NA,NA,NA,NA,NA,NA,NA,NA,1200,8,1110,8,NA,NA,NA,2,NA,1,73,1,1,0,1,2,12,51,92.5,250.833343505859,720.333374023438,affirmative_filter,age_7_plus
542-006757-D-0111,2,2,5,542-006757-D,522,839.081507913202,1,01136,6,NA,5,4,0,NA,NA,NA,NA,NA,NA,NA,NA,NA,NA,NA,NA,NA,NA,NA,2,NA,2,53,1,1,0,1,0,20,40,NA,140,140,affirmative_filter,age_7_plus
542-006757-D-0261,2,2,5,542-006757-D,522,839.081507913202,1,01111,6,NA,2,4,0,NA,NA,NA,NA,NA,NA,NA,NA,NA,NA,NA,NA,NA,NA,NA,2,NA,2,59,1,1,0,1,0,8,64,NA,240,240,affirmative_filter,age_7_plus
543-005642-D-0011,3,2,5,543-005642-D,523,251.403511687243,1,47113,3,NA,6,6,0,NA,NA,NA,NA,NA,NA,NA,NA,2000,4,900,4,NA,NA,NA,2,NA,2,49,1,1,0,1,6,36,48,900,900,900,affirmative_filter,age_7_plus
543-005642-D-0031,1,2,5,543-005642-D,523,251.403511687243,1,011,3,NA,1,8,0,NA,NA,NA,NA,NA,NA,NA,NA,9000,8,8300,8,1,8,460,1,2,1,47,1,1,0,1,0,8,56,691.666687011719,11516.6669921875,11566.6669921875,affirmative_filter,age_7_plus
543-005642-D-0061,1,2,5,543-005642-D,523,251.403511687243,1,01112,3,NA,2,6,0,NA,NA,NA,NA,NA,NA,NA,NA,2500,8,1650,8,1,8,2800,1,1,1,66,1,1,0,1,0,12,52,137.5,4999.75,5869.75,affirmative_filter,age_7_plus
543-005642-D-0131,1,2,5,543-005642-D,523,251.403511687243,1,011,3,NA,2,4,0,NA,NA,NA,NA,NA,NA,NA,NA,2300,8,2000,8,1,8,400,1,1,1,53,1,1,0,1,0,8,48,166.66667175293,4200,4200,affirmative_filter,age_7_plus
543-005198-A-0011,1,2,5,543-005198-A,523,408.530706491769,1,01136,6,NA,6,4,0,NA,NA,NA,NA,NA,NA,NA,NA,NA,NA,NA,NA,NA,NA,NA,2,NA,1,48,1,1,0,1,0,24,72,NA,4330,4330,affirmative_filter,age_7_plus
543-005198-A-0101,1,2,5,543-005198-A,523,408.530706491769,1,01111,3,NA,2,8,0,NA,NA,NA,NA,NA,NA,NA,NA,2500,8,2500,8,1,8,1200,1,1,1,48,1,1,0,1,0,16,58.5,208.333343505859,2208.33325195312,2208.33325195312,affirmative_filter,age_7_plus
544-004672-A-0091,1,2,5,544-004672-A,524,249.400844224432,1,01625,3,NA,1,5,0,NA,NA,NA,NA,NA,NA,NA,NA,80,1,80,1,NA,NA,NA,2,NA,1,51,1,1,0,1,0,5,59,346.399993896484,3204.19995117188,3204.19995117188,affirmative_filter,age_7_plus
544-004672-A-0111,2,2,5,544-004672-A,524,249.400844224432,1,47721,1,4,6.5,6,0,1000,4,2,NA,2,NA,2,NA,NA,NA,NA,NA,NA,NA,NA,2,NA,2,44,1,1,0,1,6,39,70.5,1000,3338.19995117188,3404.86669921875,affirmative_filter,age_7_plus
544-004602-A-0021,2,2,5,544-004602-A,524,438.945485835001,1,32909,3,NA,2,6,0,NA,NA,NA,NA,NA,NA,NA,NA,100,1,50,1,NA,NA,NA,2,NA,2,55,1,1,0,1,2,12,32,433,640.839965820312,740.839965820312,affirmative_filter,age_7_plus
544-004602-A-0101,2,2,5,544-004602-A,524,438.945485835001,1,52240,3,NA,1,3,0,NA,NA,NA,NA,NA,NA,NA,NA,150,1,150,1,NA,NA,NA,2,NA,1,16,1,1,0,1,7,3,51,649.5,3637.19995117188,3937.19995117188,affirmative_filter,age_7_plus
544-004902-A-0011,1,2,5,544-004902-A,524,181.382432163223,1,49231,3,NA,2,8,0,NA,NA,NA,NA,NA,NA,NA,NA,400,2,280,2,NA,NA,NA,1,2,1,63,1,1,0,1,7,16,32,1212.40002441406,1479.06665039062,2765.7333984375,affirmative_filter,age_7_plus
544-004902-A-0031,1,2,5,544-004902-A,524,181.382432163223,1,011,6,NA,3,8,0,NA,NA,NA,NA,NA,NA,NA,NA,NA,NA,NA,NA,NA,NA,NA,2,NA,2,49,1,1,0,1,0,24,48,NA,952.599975585938,952.599975585938,affirmative_filter,age_7_plus
544-004902-A-0031,3,2,5,544-004902-A,524,181.382432163223,1,011,6,NA,2,4,0,NA,NA,NA,NA,NA,NA,NA,NA,NA,NA,NA,NA,NA,NA,NA,2,NA,1,17,1,1,0,1,0,8,24,NA,NA,100,affirmative_filter,age_7_plus
544-004902-A-0031,4,2,5,544-004902-A,524,181.382432163223,1,11022,6,NA,2,8,0,NA,NA,NA,NA,NA,NA,NA,NA,NA,NA,NA,NA,NA,NA,NA,2,NA,2,76,1,1,0,1,2,16,40,NA,308.333343505859,732.5,affirmative_filter,age_7_plus
544-004902-A-0041,2,2,5,544-004902-A,524,181.382432163223,1,01111,6,NA,2,8,0,NA,NA,NA,NA,NA,NA,NA,NA,NA,NA,NA,NA,NA,NA,NA,2,NA,2,63,1,1,0,1,0,16,32,NA,995.899963378906,1415.06665039062,affirmative_filter,age_7_plus
544-004902-A-0041,3,2,5,544-004902-A,524,181.382432163223,1,11022,6,NA,3,8,0,NA,NA,NA,NA,NA,NA,NA,NA,NA,NA,NA,NA,NA,NA,NA,2,NA,2,25,1,1,0,1,2,24,32,NA,NA,0,affirmative_filter,age_7_plus
544-004902-A-0081,1,2,5,544-004902-A,524,181.382432163223,1,01111,3,NA,3,8,0,NA,NA,NA,NA,NA,NA,NA,NA,600,8,350,8,1,8,350,2,NA,1,70,1,1,0,1,0,24,36,29.1666679382324,366.666656494141,785.833312988281,affirmative_filter,age_7_plus
544-004902-A-0091,1,2,5,544-004902-A,524,181.382432163223,1,01111,6,NA,1,8,0,NA,NA,NA,NA,NA,NA,NA,NA,NA,NA,NA,NA,NA,NA,NA,2,NA,1,42,1,1,0,1,0,8,56,NA,3767.09985351562,3767.09985351562,affirmative_filter,age_7_plus
544-004902-A-0091,2,2,5,544-004902-A,524,181.382432163223,1,01111,3,NA,2,8,0,NA,NA,NA,NA,NA,NA,NA,NA,1300,8,1145,8,1,8,1145,2,NA,2,41,1,1,0,1,0,16,40,95.4166717529297,1177.91662597656,1246.25,affirmative_filter,age_7_plus
544-004902-A-0111,2,2,5,544-004902-A,524,181.382432163223,1,01111,6,NA,4,5,0,NA,NA,NA,NA,NA,NA,NA,NA,NA,NA,NA,NA,NA,NA,NA,2,NA,2,62,1,1,0,1,0,20,29,NA,649.5,1028.66662597656,affirmative_filter,age_7_plus
544-004902-A-0121,1,2,5,544-004902-A,524,181.382432163223,1,011,3,NA,1,5,0,NA,NA,NA,NA,NA,NA,NA,NA,400,8,400,8,1,8,400,2,NA,1,57,1,1,0,1,0,5,37,33.3333358764648,3033.33325195312,3033.33325195312,affirmative_filter,age_7_plus
544-004902-A-0141,1,2,5,544-004902-A,524,181.382432163223,1,47113,3,NA,3,6,0,NA,NA,NA,NA,NA,NA,NA,NA,1000,3,800,3,NA,NA,NA,2,NA,2,38,1,1,0,1,6,18,50,1732,2532,2532,affirmative_filter,age_7_plus
544-003866-A-0011,1,2,5,544-003866-A,524,399.041350759091,1,01500,6,NA,2,6,0,NA,NA,NA,NA,NA,NA,NA,NA,NA,NA,NA,NA,NA,NA,NA,2,NA,1,43,1,1,0,1,0,12,52,NA,2814.5,2814.5,affirmative_filter,age_7_plus
544-004010-A-0191,1,2,5,544-004010-A,524,443.379278621213,1,01136,3,NA,2,6,0,NA,NA,NA,NA,NA,NA,NA,NA,2000,8,1850,8,1,8,1000,1,2,1,54,1,1,0,1,0,12,52,154.16667175293,2854.16674804688,2854.16674804688,affirmative_filter,age_7_plus
551-007830-D-0051,1,2,5,551-007830-D,521,117.884248639855,1,01111,3,NA,2,6,0,NA,NA,NA,NA,NA,NA,NA,NA,0,NA,0,NA,1,2,60,2,NA,1,46,1,1,0,1,0,12,62,NA,2300,2300,affirmative_filter,age_7_plus
551-007830-D-0051,2,2,5,551-007830-D,521,117.884248639855,1,01442,3,NA,7,4,0,NA,NA,NA,NA,NA,NA,NA,NA,0,NA,0,NA,1,2,140,2,NA,2,37,1,1,0,1,0,28,63,NA,NA,0,affirmative_filter,age_7_plus
551-007830-D-0061,2,2,5,551-007830-D,521,117.884248639855,1,01442,3,NA,5,5,0,NA,NA,NA,NA,NA,NA,NA,NA,0,NA,0,NA,1,2,14,2,NA,2,30,1,1,0,1,0,25,50,NA,NA,0,affirmative_filter,age_7_plus
551-007830-D-0071,1,2,5,551-007830-D,521,117.884248639855,1,01111,3,NA,1,4,0,NA,NA,NA,NA,NA,NA,NA,NA,0,NA,0,NA,1,2,154,2,NA,1,52,1,1,0,1,0,4,40,NA,2000,2000,affirmative_filter,age_7_plus
551-007830-D-0091,1,2,5,551-007830-D,521,117.884248639855,1,01442,6,NA,7,1,0,NA,NA,NA,NA,NA,NA,NA,NA,NA,NA,NA,NA,NA,NA,NA,2,NA,1,75,1,1,0,1,0,7,49,NA,NA,434.166656494141,affirmative_filter,age_7_plus
551-007830-D-0091,2,2,5,551-007830-D,521,117.884248639855,1,011,6,NA,7,3,0,NA,NA,NA,NA,NA,NA,NA,NA,NA,NA,NA,NA,NA,NA,NA,2,NA,2,70,1,1,0,1,0,21,42,NA,NA,434.166656494141,affirmative_filter,age_7_plus
551-007830-D-0101,1,2,5,551-007830-D,521,117.884248639855,1,011,6,NA,7,2,0,NA,NA,NA,NA,NA,NA,NA,NA,NA,NA,NA,NA,NA,NA,NA,2,NA,1,49,1,1,0,1,0,14,62,NA,NA,0,affirmative_filter,age_7_plus
551-007830-D-0101,2,2,5,551-007830-D,521,117.884248639855,1,011,3,NA,7,2,0,NA,NA,NA,NA,NA,NA,NA,NA,0,NA,0,NA,1,2,21,2,NA,2,44,1,1,0,1,0,14,56,NA,NA,0,affirmative_filter,age_7_plus
551-007830-D-0111,2,2,5,551-007830-D,521,117.884248639855,1,011,6,NA,7,1,0,NA,NA,NA,NA,NA,NA,NA,NA,NA,NA,NA,NA,NA,NA,NA,2,NA,2,66,1,1,0,1,0,7,39,NA,NA,404.166656494141,affirmative_filter,age_7_plus
551-007830-D-0121,1,2,5,551-007830-D,521,117.884248639855,1,01442,3,NA,7,2,0,NA,NA,NA,NA,NA,NA,NA,NA,0,NA,0,NA,1,1,10,2,NA,2,29,1,1,0,1,0,14,56,NA,NA,50,affirmative_filter,age_7_plus
551-007841-D-0011,1,2,5,551-007841-D,521,243.881988076785,1,47810,3,NA,1,8,0,NA,NA,NA,NA,NA,NA,NA,NA,400,2,100,2,NA,NA,NA,2,NA,1,55,1,1,0,1,6,8,48,433,874.666687011719,958,affirmative_filter,age_7_plus
551-007841-D-0131,4,2,5,551-007841-D,521,243.881988076785,1,01500,6,NA,2,8,0,NA,NA,NA,NA,NA,NA,NA,NA,NA,NA,NA,NA,NA,NA,NA,2,NA,1,16,1,1,0,1,0,16,28,NA,1948.5,1948.5,affirmative_filter,age_7_plus
551-005491-D-0011,1,2,5,551-005491-D,521,413.728372630261,1,14302,3,NA,2,6,0,NA,NA,NA,NA,NA,NA,NA,NA,1000,7,900,7,NA,NA,NA,2,NA,1,48,1,1,0,1,2,12,52,150,450,450,affirmative_filter,age_7_plus
551-005491-D-0051,1,2,5,551-005491-D,521,413.728372630261,1,01500,3,NA,4,6,0,NA,NA,NA,NA,NA,NA,NA,NA,3000,8,2500,8,1,8,360,2,NA,1,34,1,1,0,1,0,24,40,208.333343505859,1420.7333984375,1420.7333984375,affirmative_filter,age_7_plus
551-005491-D-0051,2,2,5,551-005491-D,521,413.728372630261,1,01136,6,NA,5,4,0,NA,NA,NA,NA,NA,NA,NA,NA,NA,NA,NA,NA,NA,NA,NA,2,NA,2,34,1,1,0,1,0,20,50,NA,433,433,affirmative_filter,age_7_plus
551-005491-D-0071,1,2,5,551-005491-D,521,413.728372630261,1,14302,3,NA,2,5,0,NA,NA,NA,NA,NA,NA,NA,NA,1200,6,1100,8,NA,NA,NA,2,NA,1,44,1,1,0,1,2,10,42,91.6666717529297,2091.66674804688,2091.66674804688,affirmative_filter,age_7_plus
551-007000-D-0011,1,2,5,551-007000-D,521,376.116702391146,1,01500,3,NA,4,8,0,NA,NA,NA,NA,NA,NA,NA,NA,8000,8,7000,8,1,8,500,2,NA,1,68,1,1,0,1,0,32,56,583.333374023438,1873.33337402344,2931.66650390625,affirmative_filter,age_7_plus
551-007000-D-0161,1,2,5,551-007000-D,521,376.116702391146,1,45203,3,NA,3,8,0,NA,NA,NA,NA,NA,NA,NA,NA,400,4,300,4,NA,NA,NA,2,NA,1,41,1,1,0,1,6,24,56,300,1216.66674804688,1216.66674804688,affirmative_filter,age_7_plus
551-007000-D-0181,2,2,5,551-007000-D,521,376.116702391146,1,01136,6,NA,2,4,0,NA,NA,NA,NA,NA,NA,NA,NA,NA,NA,NA,NA,NA,NA,NA,2,NA,2,44,1,1,0,1,0,8,32,NA,440,440,affirmative_filter,age_7_plus
552-007631-D-0051,1,2,5,552-007631-D,522,341.848021742416,1,01111,3,NA,2,4,0,NA,NA,NA,NA,NA,NA,NA,NA,2000,8,1500,8,1,8,300,1,2,1,34,1,1,0,1,0,8,56,125,3125,3125,affirmative_filter,age_7_plus
552-007631-D-0091,1,2,5,552-007631-D,522,341.848021742416,1,01442,3,NA,6,6,0,NA,NA,NA,NA,NA,NA,NA,NA,3200,4,2800,4,1,4,148,2,NA,1,64,1,1,0,1,0,36,60,2800,3240,3938.16650390625,affirmative_filter,age_7_plus
552-007631-D-0091,2,2,5,552-007631-D,522,341.848021742416,1,01442,6,NA,4,6,0,NA,NA,NA,NA,NA,NA,NA,NA,NA,NA,NA,NA,NA,NA,NA,2,NA,2,70,1,1,0,1,0,24,30,NA,NA,515.166625976562,affirmative_filter,age_7_plus
552-007631-D-0111,1,2,5,552-007631-D,522,341.848021742416,1,014,3,NA,7,6,0,NA,NA,NA,NA,NA,NA,NA,NA,12000,8,7050,8,1,8,1200,2,NA,1,64,1,1,0,1,0,42,84,587.5,960,1480.83325195312,affirmative_filter,age_7_plus
552-007631-D-0141,1,2,5,552-007631-D,522,341.848021742416,1,01111,3,NA,1,3,0,NA,NA,NA,NA,NA,NA,NA,NA,1000,8,600,8,1,8,600,2,NA,2,45,1,1,0,1,0,3,63,50,3037.69995117188,3037.69995117188,affirmative_filter,age_7_plus
552-007631-D-0141,3,2,5,552-007631-D,522,341.848021742416,1,41000,6,NA,5,6,0,NA,NA,NA,NA,NA,NA,NA,NA,NA,NA,NA,NA,NA,NA,NA,2,NA,1,68,1,1,0,1,5,30,54,NA,2104.3798828125,2503.54663085938,affirmative_filter,age_7_plus
552-007631-D-0161,1,2,5,552-007631-D,522,341.848021742416,1,47113,3,NA,7,4,0,NA,NA,NA,NA,NA,NA,NA,NA,700,4,500,4,NA,NA,NA,2,NA,2,42,1,1,0,1,6,28,84,500,2170,2170,affirmative_filter,age_7_plus
552-007194-D-0021,4,2,5,552-007194-D,522,397.786788936629,1,47810,3,NA,2,8,0,NA,NA,NA,NA,NA,NA,NA,NA,700,2,400,2,2,NA,NA,2,NA,2,48,1,1,0,1,6,16,36,1732,1732,1732,affirmative_filter,age_7_plus
552-007927-D-0021,1,2,5,552-007927-D,522,329.639163823044,1,10503,3,NA,5,4,0,NA,NA,NA,NA,NA,NA,NA,NA,100,1,95,1,1,2,30,2,NA,2,42,1,1,0,1,2,20,60,2056.75,2302.58325195312,2302.58325195312,affirmative_filter,age_7_plus
552-007927-D-0041,1,2,5,552-007927-D,522,329.639163823044,1,01442,6,NA,3,8,0,NA,NA,NA,NA,NA,NA,NA,NA,NA,NA,NA,NA,NA,NA,NA,2,NA,1,58,1,1,0,1,0,24,36,NA,191.66667175293,212.5,affirmative_filter,age_7_plus
552-007927-D-0041,2,2,5,552-007927-D,522,329.639163823044,1,01111,6,NA,2,4,0,NA,NA,NA,NA,NA,NA,NA,NA,NA,NA,NA,NA,NA,NA,NA,2,NA,2,59,1,1,0,1,0,8,40,NA,166.66667175293,166.66667175293,affirmative_filter,age_7_plus
552-007927-D-0061,1,2,5,552-007927-D,522,329.639163823044,1,01500,3,NA,2,8,0,NA,NA,NA,NA,NA,NA,NA,NA,4500,8,3900,8,1,8,1320,2,NA,1,38,1,1,0,1,0,16,56,325,3125,3125,affirmative_filter,age_7_plus
552-007927-D-0081,1,2,5,552-007927-D,522,329.639163823044,1,011,3,NA,2,8,0,NA,NA,NA,NA,NA,NA,NA,NA,3800,8,3200,8,1,8,600,1,2,1,39,1,1,0,1,0,16,56,266.666687011719,3266.66674804688,3266.66674804688,affirmative_filter,age_7_plus
552-007927-D-0111,2,2,5,552-007927-D,522,329.639163823044,1,01112,6,NA,3,2,0,NA,NA,NA,NA,NA,NA,NA,NA,NA,NA,NA,NA,NA,NA,NA,2,NA,2,79,1,1,0,1,0,6,69,NA,433,848.833312988281,affirmative_filter,age_7_plus
552-007927-D-0151,3,2,5,552-007927-D,522,329.639163823044,1,01112,3,NA,6,2,0,NA,NA,NA,NA,NA,NA,NA,NA,2160,8,1360,8,1,8,700,2,NA,2,51,1,1,0,1,0,12,24,113.333335876465,459.733337402344,476.399993896484,affirmative_filter,age_7_plus
552-007927-D-0171,1,2,5,552-007927-D,522,329.639163823044,1,01240,3,NA,2,3,0,NA,NA,NA,NA,NA,NA,NA,NA,1900,8,1600,8,2,NA,NA,2,NA,1,46,1,1,0,1,0,6,24,133.333343505859,256.25,256.25,affirmative_filter,age_7_plus
552-007927-D-0171,2,2,5,552-007927-D,522,329.639163823044,1,01111,6,NA,2,3,0,NA,NA,NA,NA,NA,NA,NA,NA,NA,NA,NA,NA,NA,NA,NA,2,NA,2,45,1,1,0,1,0,6,55,NA,433,433,affirmative_filter,age_7_plus
552-007871-D-0211,1,2,5,552-007871-D,522,328.174100872719,1,01111,3,NA,3,8,0,NA,NA,NA,NA,NA,NA,NA,NA,1280,8,1120,8,1,8,500,2,NA,1,64,1,1,0,1,0,24,36,93.3333358764648,1132.53332519531,1610.36669921875,affirmative_filter,age_7_plus
552-006126-D-0171,1,2,5,552-006126-D,522,265.106629106363,1,01500,3,NA,2,8,0,NA,NA,NA,NA,NA,NA,NA,NA,3000,8,2400,8,1,8,450,2,NA,1,23,1,1,0,1,0,16,56,200,2798,2798,affirmative_filter,age_7_plus
552-006101-D-0011,2,2,5,552-006101-D,522,243.349439206465,1,01500,3,NA,1,8,0,NA,NA,NA,NA,NA,NA,NA,NA,0,NA,0,NA,1,8,1500,2,NA,1,31,1,1,0,1,0,8,59,NA,2598,2598,affirmative_filter,age_7_plus
552-006101-D-0131,1,2,5,552-006101-D,522,243.349439206465,1,01500,3,NA,3,8,0,NA,NA,NA,NA,NA,NA,NA,NA,3900,8,3485,8,1,8,1420,2,NA,1,61,1,1,0,1,0,24,48,290.416687011719,2238.91674804688,2618.08349609375,affirmative_filter,age_7_plus
552-006358-D-0021,2,2,5,552-006358-D,522,440.346604278366,1,47113,3,NA,5,2,30,NA,NA,NA,NA,NA,NA,NA,NA,300,2,50,2,NA,NA,NA,2,NA,2,78,1,1,0,1,6,12.5,51.5,216.5,356.5,783.166625976562,affirmative_filter,age_7_plus
552-006358-D-0091,1,2,5,552-006358-D,522,440.346604278366,1,45300,3,NA,1,4,0,NA,NA,NA,NA,NA,NA,NA,NA,250,6,200,6,NA,NA,NA,2,NA,1,62,1,1,0,1,6,4,34,66.6666717529297,366.666687011719,876.666687011719,affirmative_filter,age_7_plus
552-006358-D-0121,1,2,5,552-006358-D,522,440.346604278366,1,01136,1,4,2,8,0,130,1,2,NA,2,NA,2,NA,NA,NA,NA,NA,NA,NA,NA,2,NA,1,43,1,1,0,1,0,16,40,1125.79992675781,1342.46655273438,1342.46655273438,affirmative_filter,age_7_plus
552-006358-D-0121,2,2,5,552-006358-D,522,440.346604278366,1,56303,3,NA,1,4,0,NA,NA,NA,NA,NA,NA,NA,NA,80,1,50,1,NA,NA,NA,2,NA,2,33,1,1,0,1,8,4,26.5,216.5,336.5,336.5,affirmative_filter,age_7_plus
552-006358-D-0181,1,2,5,552-006358-D,522,440.346604278366,1,01111,3,NA,4,8,0,NA,NA,NA,NA,NA,NA,NA,NA,1500,8,600,8,1,8,450,2,NA,1,52,1,1,0,1,0,32,76,50,3145.94995117188,3145.94995117188,affirmative_filter,age_7_plus
552-006358-D-0211,1,2,5,552-006358-D,522,440.346604278366,1,01136,6,NA,2,8,0,NA,NA,NA,NA,NA,NA,NA,NA,NA,NA,NA,NA,NA,NA,NA,2,NA,1,44,1,1,0,1,0,16,40,NA,2598,2598,affirmative_filter,age_7_plus
552-006358-D-0281,1,2,5,552-006358-D,522,440.346604278366,1,01111,1,4,6,8,0,700,2,2,NA,1,120,2,NA,NA,NA,NA,NA,NA,NA,NA,2,NA,1,49,1,1,0,1,0,48,102,3041,3288.5,3396.83325195312,affirmative_filter,age_7_plus
552-006665-D-0061,1,2,5,552-006665-D,522,193.2184470718,1,01500,3,NA,4,6,0,NA,NA,NA,NA,NA,NA,NA,NA,0,NA,0,NA,1,8,1770,2,NA,2,51,1,1,0,1,0,24,30,NA,866,1032.66662597656,affirmative_filter,age_7_plus
552-006665-D-0101,1,2,5,552-006665-D,522,193.2184470718,1,01111,6,NA,4,6,0,NA,NA,NA,NA,NA,NA,NA,NA,NA,NA,NA,NA,NA,NA,NA,2,NA,1,45,1,1,0,1,0,24,40,NA,960,960,affirmative_filter,age_7_plus
553-007653-D-0041,1,2,5,553-007653-D,523,485.130213958976,1,01134,3,NA,1,8,0,NA,NA,NA,NA,NA,NA,NA,NA,31000,8,21500,8,1,8,800,1,1,1,40,1,1,0,1,0,8,56,1791.66674804688,5425,5425,affirmative_filter,age_7_plus
553-007653-D-0181,1,2,5,553-007653-D,523,485.130213958976,1,01134,3,NA,2,8,0,NA,NA,NA,NA,NA,NA,NA,NA,80,1,80,1,2,NA,NA,2,NA,1,28,1,1,0,1,0,16,56,692.799987792969,3992.80004882812,3992.80004882812,affirmative_filter,age_7_plus
553-007653-D-0231,1,2,5,553-007653-D,523,485.130213958976,1,01111,6,NA,2,8,0,NA,NA,NA,NA,NA,NA,NA,NA,NA,NA,NA,NA,NA,NA,NA,2,NA,1,43,1,1,0,1,0,16,56,NA,2022.10998535156,2022.10998535156,affirmative_filter,age_7_plus
553-007653-D-0561,1,2,5,553-007653-D,523,485.130213958976,1,01442,3,NA,3,5,0,NA,NA,NA,NA,NA,NA,NA,NA,90,2,90,2,1,2,10,2,NA,2,54,1,1,0,1,0,15,64,389.699981689453,456.366638183594,514.699951171875,affirmative_filter,age_7_plus
553-005950-D-0361,1,2,5,553-005950-D,523,377.890903504887,1,011,3,NA,2,8,0,NA,NA,NA,NA,NA,NA,NA,NA,0,NA,0,NA,1,8,980,2,NA,1,30,1,1,0,1,0,16,40,NA,1584.78002929688,1834.78002929688,affirmative_filter,age_7_plus
553-005925-D-0151,1,2,5,553-005925-D,523,344.406899396859,1,01136,3,NA,1,8,0,NA,NA,NA,NA,NA,NA,NA,NA,3200,8,2700,8,1,8,2700,2,NA,1,41,1,1,0,1,0,8,56,225,2025,2025,affirmative_filter,age_7_plus
553-005925-D-0181,1,2,5,553-005925-D,523,344.406899396859,1,01136,3,NA,1,9,0,NA,NA,NA,NA,NA,NA,NA,NA,4600,8,840,8,1,8,3800,1,1,1,58,1,1,0,1,0,9,57,70,4970,5470,affirmative_filter,age_7_plus
553-005925-D-0181,2,2,5,553-005925-D,523,344.406899396859,1,47113,3,NA,7,3,0,NA,NA,NA,NA,NA,NA,NA,NA,600,4,30,4,NA,NA,NA,2,NA,2,57,1,1,0,1,6,21,105,30,140,140,affirmative_filter,age_7_plus
553-005925-D-0211,1,2,5,553-005925-D,523,344.406899396859,1,01136,3,NA,1,8,0,NA,NA,NA,NA,NA,NA,NA,NA,4200,8,560,8,1,8,3640,2,NA,1,32,1,1,0,1,0,8,28,46.6666679382324,3946.66674804688,3946.66674804688,affirmative_filter,age_7_plus
553-005898-D-0081,2,2,5,553-005898-D,523,164.141801715443,1,47113,3,NA,5,3,0,NA,NA,NA,NA,NA,NA,NA,NA,600,4,100,4,NA,NA,NA,2,NA,2,64,1,1,0,1,6,15,55,100,891.666687011719,1305.83337402344,affirmative_filter,age_7_plus
553-005898-D-0091,2,2,5,553-005898-D,523,164.141801715443,1,01430,1,4,5,3,0,1500,8,2,NA,2,NA,2,NA,NA,NA,NA,NA,NA,NA,NA,2,NA,2,37,1,1,0,1,0,15,55,125,425,525,affirmative_filter,age_7_plus
553-005898-D-0111,1,2,5,553-005898-D,523,164.141801715443,1,01136,3,NA,2,5,0,NA,NA,NA,NA,NA,NA,NA,NA,2000,8,1700,8,1,2,20,2,NA,1,44,1,1,0,1,0,10,50,141.66667175293,2103.15673828125,2103.15673828125,affirmative_filter,age_7_plus
612-000240-A-0011,1,1,6,612-000240-A,612,164.653772448711,1,81210,3,NA,2,6,0,NA,NA,NA,NA,NA,NA,NA,NA,50,1,45,1,NA,NA,NA,2,NA,2,58,1,1,0,1,13,12,24,389.699981689453,866.333312988281,966.333312988281,affirmative_filter,age_7_plus
612-000240-A-0061,3,1,6,612-000240-A,612,164.653772448711,1,01111,3,NA,7,10,0,NA,NA,NA,NA,NA,NA,NA,NA,14000,8,10000,8,2,NA,NA,2,NA,1,41,1,1,0,1,0,70,148,833.333374023438,2470.0732421875,2470.0732421875,affirmative_filter,age_7_plus
612-000240-A-0201,1,1,6,612-000240-A,612,164.653772448711,1,49222,3,NA,1,4,0,NA,NA,NA,NA,NA,NA,NA,NA,60,1,40,1,NA,NA,NA,1,2,1,43,1,1,0,1,7,4,64,173.199996948242,3033.19995117188,3033.19995117188,affirmative_filter,age_7_plus
612-000282-A-0161,1,1,6,612-000282-A,612,146.485080316439,1,49231,3,NA,5,10,0,NA,NA,NA,NA,NA,NA,NA,NA,1000,5,500,5,NA,NA,NA,2,NA,1,38,1,1,0,1,7,50,120,250,14140.6396484375,14140.6396484375,affirmative_filter,age_7_plus
612-000282-A-0431,1,1,6,612-000282-A,612,146.485080316439,1,95110,3,NA,2,10,0,NA,NA,NA,NA,NA,NA,NA,NA,300,2,0,NA,NA,NA,NA,2,NA,1,32,1,1,0,1,18,20,50,NA,1200,1200,affirmative_filter,age_7_plus
612-000282-A-0431,2,1,6,612-000282-A,612,146.485080316439,1,5610,1,4,2,5,0,50,1,2,NA,2,NA,2,NA,NA,NA,NA,NA,NA,NA,NA,2,NA,2,21,1,1,0,1,8,10,45,433,2149.5,2149.5,affirmative_filter,age_7_plus
612-000339-A-0271,1,1,6,612-000339-A,612,264.486950571348,1,43210,3,NA,2,6,0,NA,NA,NA,NA,NA,NA,NA,NA,400,2,300,2,NA,NA,NA,2,NA,1,34,1,1,0,1,5,12,60,1299,4416.599609375,4416.599609375,affirmative_filter,age_7_plus
613-000597-A-0081,1,1,6,613-000597-A,613,107.678714475119,1,47113,3,NA,6,5,15,NA,NA,NA,NA,NA,NA,NA,NA,700,2,300,2,NA,NA,NA,1,2,2,41,1,1,0,1,6,31.5,49.5,1299,2907.7998046875,2907.7998046875,affirmative_filter,age_7_plus
613-000609-A-0291,1,1,6,613-000609-A,613,172.1018769816,1,16299,3,NA,3,3,0,NA,NA,NA,NA,NA,NA,NA,NA,200,3,150,3,NA,NA,NA,1,2,2,41,1,1,0,1,2,9,57,324.75,1809.75,2076.41674804688,affirmative_filter,age_7_plus
613-000697-A-0011,1,1,6,613-000697-A,613,154.615590015556,1,96020,3,NA,3,2,0,NA,NA,NA,NA,NA,NA,NA,NA,125,2,50,2,NA,NA,NA,2,NA,2,25,1,1,0,1,18,6,30,216.5,532.589965820312,1532.58996582031,affirmative_filter,age_7_plus
613-000697-A-0101,1,1,6,613-000697-A,613,154.615590015556,1,49222,3,NA,3,4,0,NA,NA,NA,NA,NA,NA,NA,NA,1000,4,500,4,NA,NA,NA,2,NA,1,29,1,1,0,1,7,12,52,500,3208.33325195312,3208.33325195312,affirmative_filter,age_7_plus
613-000920-A-0011,1,1,6,613-000920-A,613,182.225516804048,1,86902,3,NA,3,3,0,NA,NA,NA,NA,NA,NA,NA,NA,150,1,150,1,NA,NA,NA,1,2,1,41,1,1,0,1,16,9,57,1948.5,5240.5,5240.5,affirmative_filter,age_7_plus
613-000920-A-0311,1,1,6,613-000920-A,613,182.225516804048,1,33140,3,NA,2,2,0,NA,NA,NA,NA,NA,NA,NA,NA,400,4,200,4,NA,NA,NA,1,1,1,61,1,1,0,1,2,4,34,200,6893.33349609375,6893.33349609375,affirmative_filter,age_7_plus
613-000947-A-0261,1,1,6,613-000947-A,613,224.330655156498,1,56,4,NA,7,6,0,NA,NA,NA,NA,NA,NA,NA,NA,5000,4,2500,4,NA,NA,NA,2,NA,1,44,1,1,0,1,8,42,90,2500,3850,3850,affirmative_filter,age_7_plus
613-000947-A-0431,1,1,6,613-000947-A,613,224.330655156498,1,90003,3,NA,3,2,0,NA,NA,NA,NA,NA,NA,NA,NA,1200,2,1100,2,NA,NA,NA,2,NA,1,35,1,1,0,1,17,6,46,4763,7763,7763,affirmative_filter,age_7_plus
614-001147-A-0041,1,1,6,614-001147-A,614,251.79626560581,1,43301,3,NA,3,4,0,NA,NA,NA,NA,NA,NA,NA,NA,100,1,100,1,NA,NA,NA,2,NA,1,28,1,1,0,1,5,12,96,1299,5148.3701171875,5148.3701171875,affirmative_filter,age_7_plus
614-001147-A-0061,1,1,6,614-001147-A,614,251.79626560581,1,47599,6,NA,5,2,0,NA,NA,NA,NA,NA,NA,NA,NA,NA,NA,NA,NA,NA,NA,NA,2,NA,1,34,1,1,0,1,6,10,54,NA,4550,4550,affirmative_filter,age_7_plus
614-001147-A-0061,2,1,6,614-001147-A,614,251.79626560581,1,69200,3,NA,2,4,0,NA,NA,NA,NA,NA,NA,NA,NA,200,3,200,3,NA,NA,NA,2,NA,2,31,1,1,0,1,12,8,56,433,2158,2158,affirmative_filter,age_7_plus
614-001193-A-0091,1,1,6,614-001193-A,614,339.119549637455,1,10712,3,NA,4,5,0,NA,NA,NA,NA,NA,NA,NA,NA,50,1,30,1,NA,NA,NA,2,NA,2,20,1,1,0,1,2,20,44,519.599975585938,1428.89990234375,2428.89990234375,affirmative_filter,age_7_plus
614-001193-A-0361,1,1,6,614-001193-A,614,339.119549637455,1,46499,1,4,6,7,0,1200,4,2,NA,1,20,2,NA,NA,NA,NA,NA,NA,NA,NA,2,NA,2,23,1,1,0,1,6,42,69,1201.66662597656,3518.21630859375,3518.21630859375,affirmative_filter,age_7_plus
614-001225-A-0171,2,1,6,614-001225-A,614,155.429793583834,1,86203,2,4,5,5,0,3500,4,2,NA,2,NA,2,NA,NA,NA,NA,NA,NA,NA,NA,1,1,2,35,1,1,0,1,16,25,55,3500,8000,8000,affirmative_filter,age_7_plus
614-001377-A-0121,2,1,6,614-001377-A,614,233.615689750247,1,85415,3,NA,2,2,0,NA,NA,NA,NA,NA,NA,NA,NA,500,4,400,4,NA,NA,NA,2,NA,1,43,1,1,0,1,15,4,44,400,3200,3200,affirmative_filter,age_7_plus
614-001473-A-0041,1,1,6,614-001473-A,614,128.631553310759,1,18120,3,NA,3,4,0,NA,NA,NA,NA,NA,NA,NA,NA,50,1,40,1,NA,NA,NA,2,NA,1,44,1,1,0,1,2,12,52,519.599975585938,3680.5,3680.5,affirmative_filter,age_7_plus
614-001473-A-0161,1,1,6,614-001473-A,614,128.631553310759,1,85497,1,3,3,2,0,2000,4,2,NA,2,NA,2,NA,NA,NA,NA,NA,NA,NA,NA,2,NA,1,26,1,1,0,1,15,6,62,2000,5454.5830078125,5454.5830078125,affirmative_filter,age_7_plus
614-001473-A-0171,1,1,6,614-001473-A,614,128.631553310759,1,90008,3,NA,1,5,0,NA,NA,NA,NA,NA,NA,NA,NA,1000,1,800,1,NA,NA,NA,1,1,2,35,1,1,0,1,17,5,45,3464,7014,7014,affirmative_filter,age_7_plus
614-001493-A-0021,1,1,6,614-001493-A,614,199.838306036357,1,43301,3,NA,2,8,0,NA,NA,NA,NA,NA,NA,NA,NA,100,1,100,1,NA,NA,NA,2,NA,1,61,1,1,0,1,5,16,66,866,3853.69995117188,4732.86669921875,affirmative_filter,age_7_plus
614-001617-A-0271,1,1,6,614-001617-A,614,225.373200696559,1,47992,3,NA,7,3,0,NA,NA,NA,NA,NA,NA,NA,NA,4200,4,1200,4,NA,NA,NA,1,2,2,50,1,1,0,1,6,21,72,1200,4700,4700,affirmative_filter,age_7_plus
614-001700-A-0371,1,1,6,614-001700-A,614,189.731541133369,1,93299,3,NA,1,8,0,NA,NA,NA,NA,NA,NA,NA,NA,1000,3,800,3,NA,NA,NA,2,NA,2,57,1,1,0,1,17,8,32,1732,4979.5,4979.5,affirmative_filter,age_7_plus
621-001876-A-0071,1,1,6,621-001876-A,611,157.888111139341,1,01611,3,NA,3,6,0,NA,NA,NA,NA,NA,NA,NA,NA,200,2,200,2,NA,NA,NA,1,2,1,52,1,1,0,1,0,18,48,866,2381.5,2381.5,affirmative_filter,age_7_plus
621-001876-A-0231,2,1,6,621-001876-A,611,157.888111139341,1,56103,1,4,6,4,0,30,1,2,NA,2,NA,2,NA,NA,NA,NA,NA,NA,NA,NA,2,NA,2,36,1,1,0,1,8,24,72,779.399963378906,2338.19995117188,2338.19995117188,affirmative_filter,age_7_plus
621-002876-A-0041,1,1,6,621-002876-A,611,186.082416699938,1,81210,3,NA,2,4,0,NA,NA,NA,NA,NA,NA,NA,NA,60,1,60,1,NA,NA,NA,2,NA,2,37,1,1,0,1,13,8,48,519.599975585938,1424.59997558594,1424.59997558594,affirmative_filter,age_7_plus
622-001917-A-0011,1,1,6,622-001917-A,612,223.667611476827,1,47810,6,NA,5,3,0,NA,NA,NA,NA,NA,NA,NA,NA,NA,NA,NA,NA,NA,NA,NA,1,1,2,29,1,1,0,1,6,15,63,NA,2843.80004882812,2843.80004882812,affirmative_filter,age_7_plus
622-001917-A-0031,1,1,6,622-001917-A,612,223.667611476827,1,85415,3,NA,3,2,0,NA,NA,NA,NA,NA,NA,NA,NA,700,4,700,4,NA,NA,NA,1,1,1,38,1,1,0,1,15,6,31,700,6666.66650390625,6666.66650390625,affirmative_filter,age_7_plus
622-001917-A-0221,1,1,6,622-001917-A,612,223.667611476827,1,56210,6,NA,7,4,0,NA,NA,NA,NA,NA,NA,NA,NA,NA,NA,NA,NA,NA,NA,NA,2,NA,1,31,1,1,0,1,8,28,82,NA,5196,5196,affirmative_filter,age_7_plus
622-001961-A-0021,2,1,6,622-001961-A,612,259.608682838276,1,4330,3,NA,1,8,0,NA,NA,NA,NA,NA,NA,NA,NA,100,1,100,1,NA,NA,NA,2,NA,1,24,1,1,0,1,5,8,80,433,3933,3933,affirmative_filter,age_7_plus
622-001961-A-0111,3,1,6,622-001961-A,612,259.608682838276,1,01,6,NA,2,4,0,NA,NA,NA,NA,NA,NA,NA,NA,NA,NA,NA,NA,NA,NA,NA,2,NA,1,37,1,1,0,1,0,8,40,NA,1964,1964,affirmative_filter,age_7_plus
622-001961-A-0151,2,1,6,622-001961-A,612,259.608682838276,1,47992,3,NA,1,6,0,NA,NA,NA,NA,NA,NA,NA,NA,4900,4,1400,4,NA,NA,NA,1,2,2,46,1,1,0,1,6,6,16,1400,4116.5,4116.5,affirmative_filter,age_7_plus
622-001961-A-0151,3,1,6,622-001961-A,612,259.608682838276,1,01,3,NA,2,6,0,NA,NA,NA,NA,NA,NA,NA,NA,14000,8,8000,8,1,8,2000,1,2,1,36,1,1,0,1,0,12,42,666.666687011719,6466.66650390625,6654.16650390625,affirmative_filter,age_7_plus
622-001961-A-0411,1,1,6,622-001961-A,612,259.608682838276,1,97000,8,NA,3,3,0,300,2,2,NA,2,NA,2,NA,NA,NA,NA,NA,NA,NA,NA,2,NA,2,53,1,1,0,1,19,9,93,1299,8660,8660,affirmative_filter,age_7_plus
622-001961-A-0451,1,1,6,622-001961-A,612,259.608682838276,1,01111,3,NA,2,6,0,NA,NA,NA,NA,NA,NA,NA,NA,NA,NA,NA,8,2,NA,NA,1,2,1,58,1,1,0,1,0,12,52,NA,1948.5,1948.5,affirmative_filter,age_7_plus
622-002237-A-0181,1,1,6,622-002237-A,612,159.922342205932,1,41000,1,4,5,5,15,40,1,2,NA,2,NA,2,NA,NA,NA,NA,NA,NA,NA,NA,2,NA,1,28,1,1,0,1,5,26.25,64.75,866,3897,3897,affirmative_filter,age_7_plus
622-002237-A-0201,2,1,6,622-002237-A,612,159.922342205932,1,47992,6,NA,1,10,30,NA,NA,NA,NA,NA,NA,NA,NA,NA,NA,NA,NA,NA,NA,NA,2,NA,2,21,1,1,0,1,6,10.5,31.75,NA,866,866,affirmative_filter,age_7_plus
622-002275-A-0111,1,1,6,622-002275-A,612,215.753219070724,1,14101,3,NA,2,6,15,NA,NA,NA,NA,NA,NA,NA,NA,1800,4,800,4,NA,NA,NA,1,1,2,52,1,1,0,1,2,12.5,36.5,800,7547.5,7547.5,affirmative_filter,age_7_plus
622-002275-A-0171,3,1,6,622-002275-A,612,215.753219070724,1,45300,3,NA,5,2,15,NA,NA,NA,NA,NA,NA,NA,NA,100,1,30,1,NA,NA,NA,2,NA,1,22,1,1,0,1,6,11.25,60.75,649.5,1948.5,1948.5,affirmative_filter,age_7_plus
622-002297-A-0091,2,1,6,622-002297-A,612,77.5381053119668,1,47822,3,NA,2,10,15,NA,NA,NA,NA,NA,NA,NA,NA,100,1,30,1,NA,NA,NA,2,NA,2,58,1,1,0,1,6,20.5,73,259.799987792969,1212.39990234375,1212.39990234375,affirmative_filter,age_7_plus
622-002377-A-0171,1,1,6,622-002377-A,612,248.928894655387,1,56103,6,NA,4,4,0,NA,NA,NA,NA,NA,NA,NA,NA,NA,NA,NA,NA,NA,NA,NA,2,NA,1,32,1,1,0,1,8,16,64,NA,1515.5,1515.5,affirmative_filter,age_7_plus
622-002383-A-0151,3,1,6,622-002383-A,612,175.299490494963,1,10106,6,NA,5,3,15,NA,NA,NA,NA,NA,NA,NA,NA,NA,NA,NA,NA,NA,NA,NA,2,NA,2,20,1,1,0,1,2,16.25,23.5,NA,212.169998168945,212.169998168945,affirmative_filter,age_7_plus
623-001991-A-0021,1,1,6,623-001991-A,613,185.446674929372,1,94999,3,NA,1,8,0,NA,NA,NA,NA,NA,NA,NA,NA,50,1,50,1,NA,NA,NA,2,NA,1,41,1,1,0,1,18,8,56,216.5,1049.83337402344,1299.83337402344,affirmative_filter,age_7_plus
623-001991-A-0151,1,1,6,623-001991-A,613,185.446674929372,1,47712,1,4,5,4,0,1500,4,2,NA,2,NA,2,NA,NA,NA,NA,NA,NA,NA,NA,2,NA,1,26,1,1,0,1,6,20,60,1500,5500,5500,affirmative_filter,age_7_plus
623-001991-A-0201,1,1,6,623-001991-A,613,185.446674929372,1,01611,3,NA,1,8,0,NA,NA,NA,NA,NA,NA,NA,NA,100,1,100,1,NA,NA,NA,2,NA,1,57,1,1,0,1,0,8,48,433,3031,3031,affirmative_filter,age_7_plus
623-001991-A-0221,2,1,6,623-001991-A,613,185.446674929372,1,01132,6,NA,6,7,0,NA,NA,NA,NA,NA,NA,NA,NA,NA,NA,NA,NA,NA,NA,NA,2,NA,2,54,1,1,0,1,0,42,57,NA,1896.53991699219,1896.53991699219,affirmative_filter,age_7_plus
623-001991-A-0281,1,1,6,623-001991-A,613,185.446674929372,1,43210,3,NA,1,6,0,NA,NA,NA,NA,NA,NA,NA,NA,500,1,500,1,NA,NA,NA,1,2,1,35,1,1,0,1,5,6,90,2165,8660,8660,affirmative_filter,age_7_plus
623-002023-A-0061,1,1,6,623-002023-A,613,167.799330057061,1,47214,3,NA,1,5,0,NA,NA,NA,NA,NA,NA,NA,NA,80,1,80,1,NA,NA,NA,2,NA,1,22,1,1,0,1,6,5,53,346.399993896484,4243.39990234375,4243.39990234375,affirmative_filter,age_7_plus
623-002023-A-0081,2,1,6,623-002023-A,613,167.799330057061,1,47892,3,NA,2,2,0,NA,NA,NA,NA,NA,NA,NA,NA,1500,2,600,2,NA,NA,NA,2,NA,2,53,1,1,0,1,6,4,28,2598,3879.67993164062,3879.67993164062,affirmative_filter,age_7_plus
623-002023-A-0101,1,1,6,623-002023-A,613,167.799330057061,1,43210,3,NA,1,2,0,NA,NA,NA,NA,NA,NA,NA,NA,100,1,100,1,NA,NA,NA,2,NA,1,27,1,1,0,1,5,2,72,433,2100.0498046875,2100.0498046875,affirmative_filter,age_7_plus
623-002023-A-0121,1,1,6,623-002023-A,613,167.799330057061,1,95120,3,NA,6,4,0,NA,NA,NA,NA,NA,NA,NA,NA,6000,4,3000,4,NA,NA,NA,2,NA,1,38,1,1,0,1,18,24,60,3000,8000,8000,affirmative_filter,age_7_plus
623-002054-A-0011,4,1,6,623-002054-A,613,199.974755453793,1,47911,3,NA,2,2,0,NA,NA,NA,NA,NA,NA,NA,NA,200,2,80,2,NA,NA,NA,2,NA,1,19,1,1,0,1,6,4,64,346.399993896484,3145.39990234375,3145.39990234375,affirmative_filter,age_7_plus
623-002054-A-0031,1,1,6,623-002054-A,613,199.974755453793,1,49222,3,NA,2,10,0,NA,NA,NA,NA,NA,NA,NA,NA,200,1,150,1,NA,NA,NA,1,1,1,44,1,1,0,1,7,20,60,1299,4394.8330078125,4394.8330078125,affirmative_filter,age_7_plus
623-002054-A-0081,2,1,6,623-002054-A,613,199.974755453793,1,47733,3,NA,1,3,0,NA,NA,NA,NA,NA,NA,NA,NA,300,1,300,1,NA,NA,NA,1,2,1,52,1,1,0,1,6,3,87,1299,4936.2001953125,4936.2001953125,affirmative_filter,age_7_plus
623-002513-A-0201,1,1,6,623-002513-A,613,246.763720672148,1,47822,3,NA,2,5,45,NA,NA,NA,NA,NA,NA,NA,NA,160,2,80,2,NA,NA,NA,2,NA,2,54,1,1,0,1,6,11.5,76.25,346.399993896484,3713.39990234375,3713.39990234375,affirmative_filter,age_7_plus
623-002645-A-0051,2,1,6,623-002645-A,613,259.75128491805,1,64922,3,NA,3,4,0,NA,NA,NA,NA,NA,NA,NA,NA,200,2,200,2,NA,NA,NA,2,NA,2,45,1,1,0,1,10,12,42,866,2165,2165,affirmative_filter,age_7_plus
623-002667-A-0151,1,1,6,623-002667-A,613,163.374601272594,1,25110,4,NA,2,5,0,NA,NA,NA,NA,NA,NA,NA,NA,1800,2,600,2,NA,NA,NA,2,NA,1,30,1,1,0,1,2,10,50,2598,7198,7198,affirmative_filter,age_7_plus
623-003126-A-0071,1,1,6,623-003126-A,613,220.635797306862,1,47113,6,NA,4,5,0,NA,NA,NA,NA,NA,NA,NA,NA,NA,NA,NA,NA,NA,NA,NA,1,2,1,56,1,1,0,1,6,20,28,NA,4330,4830,affirmative_filter,age_7_plus
623-003126-A-0111,1,1,6,623-003126-A,613,220.635797306862,1,47822,4,NA,7,1,0,NA,NA,NA,NA,NA,NA,NA,NA,300,1,150,1,NA,NA,NA,2,NA,1,26,1,1,0,1,6,7,91,4546.5,6806.2998046875,6806.2998046875,affirmative_filter,age_7_plus
623-003126-A-0111,2,1,6,623-003126-A,613,220.635797306862,1,47822,6,NA,7,1,0,NA,NA,NA,NA,NA,NA,NA,NA,NA,NA,NA,NA,NA,NA,NA,2,NA,2,24,1,1,0,1,6,7,91,NA,2759.80004882812,2759.80004882812,affirmative_filter,age_7_plus
623-003144-A-0091,1,1,6,623-003144-A,613,145.912460919183,1,47113,3,NA,7,2,0,NA,NA,NA,NA,NA,NA,NA,NA,50,1,30,1,NA,NA,NA,2,NA,2,82,1,1,0,1,6,14,70,909.299987792969,2533.05004882812,2978.88330078125,affirmative_filter,age_7_plus
623-003144-A-0101,1,1,6,623-003144-A,613,145.912460919183,1,41000,4,NA,6,2,0,NA,NA,NA,NA,NA,NA,NA,NA,2500,2,1120,2,NA,NA,NA,2,NA,1,43,1,1,0,1,5,12,66,4849.60009765625,8053.7998046875,8053.7998046875,affirmative_filter,age_7_plus
624-002137-A-0061,1,1,6,624-002137-A,614,135.759006592568,1,41000,1,4,2,5,0,100,2,2,NA,2,NA,2,NA,NA,NA,NA,NA,NA,NA,NA,1,2,1,25,1,1,0,1,5,10,58,433,2783,2783,affirmative_filter,age_7_plus
624-002137-A-0211,1,1,6,624-002137-A,614,135.759006592568,1,01140,3,NA,4,4,0,NA,NA,NA,NA,NA,NA,NA,NA,20000,8,10000,8,2,NA,NA,2,NA,2,45,1,1,0,1,0,16,100,833.333374023438,4833.33349609375,4833.33349609375,affirmative_filter,age_7_plus
624-002137-A-0331,1,1,6,624-002137-A,614,135.759006592568,1,93111,3,NA,6,6,0,NA,NA,NA,NA,NA,NA,NA,NA,1500,4,1500,4,NA,NA,NA,2,NA,1,37,1,1,0,1,17,36,84,1500,5500,5500,affirmative_filter,age_7_plus
624-002137-A-0331,2,1,6,624-002137-A,614,135.759006592568,1,93111,6,NA,6,6,0,NA,NA,NA,NA,NA,NA,NA,NA,NA,NA,NA,NA,NA,NA,NA,2,NA,2,32,1,1,0,1,17,36,72,NA,1100,1100,affirmative_filter,age_7_plus
624-002167-A-0121,1,1,6,624-002167-A,614,374.816344336135,1,50120,3,NA,2,8,0,NA,NA,NA,NA,NA,NA,NA,NA,300,1,300,1,NA,NA,NA,2,NA,1,28,1,1,0,1,7,16,76,2598,6495,6495,affirmative_filter,age_7_plus
624-002167-A-0211,1,1,6,624-002167-A,614,374.816344336135,1,47743,6,NA,1,12,0,NA,NA,NA,NA,NA,NA,NA,NA,NA,NA,NA,NA,NA,NA,NA,2,NA,1,62,1,1,0,1,6,12,18,NA,311.760009765625,774.260009765625,affirmative_filter,age_7_plus
624-002167-A-0301,1,1,6,624-002167-A,614,374.816344336135,1,49222,3,NA,3,4,0,NA,NA,NA,NA,NA,NA,NA,NA,100,1,70,1,NA,NA,NA,1,2,1,33,1,1,0,1,7,12,52,909.299987792969,2559.30004882812,2559.30004882812,affirmative_filter,age_7_plus
624-003220-A-0091,1,1,6,624-003220-A,614,139.88681422545,1,47,1,4,3,4,0,50,1,2,NA,2,NA,2,NA,NA,NA,NA,NA,NA,NA,NA,2,NA,2,47,1,1,0,1,6,12,47,649.5,2511.39990234375,6111.39990234375,affirmative_filter,age_7_plus
632-002786-A-0061,2,1,6,632-002786-A,612,122.39091700012,1,47992,3,NA,5,4,0,NA,NA,NA,NA,NA,NA,NA,NA,300,2,150,2,NA,NA,NA,2,NA,2,21,1,1,0,1,6,20,56,649.5,3988.69995117188,3988.69995117188,affirmative_filter,age_7_plus
633-002826-A-0021,1,1,6,633-002826-A,613,233.303881362758,1,5610,1,4,7,5,30,500,4,2,NA,2,NA,2,NA,NA,NA,NA,NA,NA,NA,NA,2,NA,2,20,1,1,0,1,8,38.5,65.5,500,1200,1400,affirmative_filter,age_7_plus
641-004102-D-0121,1,2,6,641-004102-D,621,252.977897226924,1,01611,3,NA,7,8,15,NA,NA,NA,NA,NA,NA,NA,NA,1500,3,1500,3,NA,NA,NA,2,NA,1,46,1,1,0,1,0,57.75,131.25,3247.5,4717.5,4717.5,affirmative_filter,age_7_plus
642-003788-D-0021,1,2,6,642-003788-D,622,243.90902917659,1,01136,6,NA,6,4,0,NA,NA,NA,NA,NA,NA,NA,NA,NA,NA,NA,NA,NA,NA,NA,2,NA,2,25,1,1,0,1,0,24,72,NA,1818.59997558594,1818.59997558594,affirmative_filter,age_7_plus
642-003788-D-0161,2,2,6,642-003788-D,622,243.90902917659,1,81210,3,NA,2,4,0,NA,NA,NA,NA,NA,NA,NA,NA,50,1,50,1,NA,NA,NA,1,1,2,51,1,1,0,1,13,8,48,433,2233,2233,affirmative_filter,age_7_plus
642-003788-D-0291,1,2,6,642-003788-D,622,243.90902917659,1,01180,3,NA,1,6,0,NA,NA,NA,NA,NA,NA,NA,NA,200,1,80,1,1,1,80,2,NA,2,55,1,1,0,1,0,6,66,346.399993896484,2840.47998046875,2923.81323242188,affirmative_filter,age_7_plus
642-003788-D-0341,1,2,6,642-003788-D,622,243.90902917659,1,01411,3,NA,5,6,0,NA,NA,NA,NA,NA,NA,NA,NA,10000,6,7370,6,1,8,1000,2,NA,1,78,1,1,0,1,0,30,39,2456.66674804688,3956.66674804688,5348.33349609375,affirmative_filter,age_7_plus
642-003967-D-0341,1,2,6,642-003967-D,622,213.851552853819,1,47113,6,NA,7,7,0,NA,NA,NA,NA,NA,NA,NA,NA,NA,NA,NA,NA,NA,NA,NA,2,NA,1,32,1,1,0,1,6,49,70,NA,2727.89990234375,2744.56665039062,affirmative_filter,age_7_plus
642-003967-D-0341,2,2,6,642-003967-D,622,213.851552853819,1,10503,6,NA,7,3,0,NA,NA,NA,NA,NA,NA,NA,NA,NA,NA,NA,NA,NA,NA,NA,2,NA,2,36,1,1,0,1,2,21,61,NA,1960,1960,affirmative_filter,age_7_plus
642-003932-D-2071,1,2,6,642-003932-D,622,272.761143964375,1,14302,3,NA,7,1,15,NA,NA,NA,NA,NA,NA,NA,NA,1000,7,800,4,NA,NA,NA,2,NA,2,60,1,1,0,1,2,8.75,15.25,800,1250,1250,affirmative_filter,age_7_plus
643-003866-D-0031,2,2,6,643-003866-D,623,199.939072138558,1,011,6,NA,2,3,0,NA,NA,NA,NA,NA,NA,NA,NA,NA,NA,NA,NA,NA,NA,NA,1,2,2,58,1,1,0,1,0,6,46,NA,1732,1732,affirmative_filter,age_7_plus
643-003866-D-0031,3,2,6,643-003866-D,623,199.939072138558,1,01,6,NA,2,6,0,NA,NA,NA,NA,NA,NA,NA,NA,NA,NA,NA,NA,NA,NA,NA,2,NA,1,26,1,1,0,1,0,12,44,NA,1732,1732,affirmative_filter,age_7_plus
643-003866-D-0061,1,2,6,643-003866-D,623,199.939072138558,1,01230,6,NA,2,5,0,NA,NA,NA,NA,NA,NA,NA,NA,NA,NA,NA,NA,NA,NA,NA,1,1,1,43,1,1,0,1,0,10,50,NA,3066.66674804688,3066.66674804688,affirmative_filter,age_7_plus
643-003866-D-0111,1,2,6,643-003866-D,623,199.939072138558,1,01136,3,NA,2,6,0,NA,NA,NA,NA,NA,NA,NA,NA,3000,6,1500,6,1,6,1000,2,NA,2,37,1,1,0,1,0,12,36,500,6995,6995,affirmative_filter,age_7_plus
643-003866-D-0141,1,2,6,643-003866-D,623,199.939072138558,1,01470,3,NA,2,8,0,NA,NA,NA,NA,NA,NA,NA,NA,880,8,780,8,1,8,200,2,NA,2,80,1,1,0,1,0,16,88,65,419.166687011719,1052.5,affirmative_filter,age_7_plus
643-003866-D-0171,1,2,6,643-003866-D,623,199.939072138558,1,01413,3,NA,5,8,0,NA,NA,NA,NA,NA,NA,NA,NA,2000,4,1500,4,1,4,400,2,NA,1,64,1,1,0,1,0,40,110,1500,3140,3773.33325195312,affirmative_filter,age_7_plus
643-003866-D-0191,1,2,6,643-003866-D,623,199.939072138558,1,01,3,NA,2,4,0,NA,NA,NA,NA,NA,NA,NA,NA,13000,8,11060,8,1,8,8000,1,1,1,43,1,1,0,1,0,8,62,921.666687011719,3438.33349609375,3438.33349609375,affirmative_filter,age_7_plus
643-003866-D-0191,2,2,6,643-003866-D,623,199.939072138558,1,01470,3,NA,2,6,0,NA,NA,NA,NA,NA,NA,NA,NA,3600,8,3200,8,1,8,600,1,1,2,41,1,1,0,1,0,12,37,266.666687011719,1466.66674804688,1466.66674804688,affirmative_filter,age_7_plus
643-003866-D-0221,1,2,6,643-003866-D,623,199.939072138558,1,01611,3,NA,4,3,0,NA,NA,NA,NA,NA,NA,NA,NA,50,1,50,1,NA,NA,NA,1,2,2,50,1,1,0,1,0,12,68,866,1814.33337402344,1814.33337402344,affirmative_filter,age_7_plus
643-004196-D-0211,1,2,6,643-004196-D,623,196.815024136393,1,01210,3,NA,6,6,0,NA,NA,NA,NA,NA,NA,NA,NA,10000,8,8000,8,1,8,400,2,NA,2,60,1,1,0,1,0,36,92,666.666687011719,2008.33349609375,2595.83349609375,affirmative_filter,age_7_plus
643-004196-D-0211,2,2,6,643-004196-D,623,196.815024136393,1,01210,6,NA,6,6,0,NA,NA,NA,NA,NA,NA,NA,NA,NA,NA,NA,NA,NA,NA,NA,2,NA,1,62,1,1,0,1,0,36,92,NA,NA,445.833312988281,affirmative_filter,age_7_plus
643-004196-D-0211,3,2,6,643-004196-D,623,196.815024136393,1,01210,6,NA,3,4,0,NA,NA,NA,NA,NA,NA,NA,NA,NA,NA,NA,NA,NA,NA,NA,2,NA,1,38,1,1,0,1,0,12,48,NA,NA,0,affirmative_filter,age_7_plus
643-004196-D-0211,4,2,6,643-004196-D,623,196.815024136393,1,01210,6,NA,3,4,0,NA,NA,NA,NA,NA,NA,NA,NA,NA,NA,NA,NA,NA,NA,NA,2,NA,1,34,1,1,0,1,0,12,36,NA,NA,0,affirmative_filter,age_7_plus
643-004196-D-0211,5,2,6,643-004196-D,623,196.815024136393,1,01210,6,NA,4,6,0,NA,NA,NA,NA,NA,NA,NA,NA,NA,NA,NA,NA,NA,NA,NA,2,NA,2,30,1,1,0,1,0,24,48,NA,NA,0,affirmative_filter,age_7_plus
643-003986-D-0231,3,2,6,643-003986-D,623,180.68264510882,1,41000,1,3,2,8,30,1000,4,2,NA,2,NA,2,NA,NA,NA,NA,NA,NA,NA,NA,2,NA,1,24,1,1,0,1,5,17,59.5,1000,1000,1000,affirmative_filter,age_7_plus
643-003986-D-0231,4,2,6,643-003986-D,623,180.68264510882,1,4330,1,3,2,8,30,2000,4,2,NA,2,NA,2,NA,NA,NA,NA,NA,NA,NA,NA,2,NA,1,18,1,1,0,1,5,17,59.5,2000,2000,2000,affirmative_filter,age_7_plus
643-003986-D-0331,1,2,6,643-003986-D,623,180.68264510882,1,25920,3,NA,3,8,30,NA,NA,NA,NA,NA,NA,NA,NA,3000,4,1500,8,NA,NA,NA,2,NA,1,45,1,1,0,1,2,25.5,59.5,125,1100,1100,affirmative_filter,age_7_plus
644-003793-D-0071,1,2,6,644-003793-D,624,187.336949647078,1,10712,3,NA,2,8,0,NA,NA,NA,NA,NA,NA,NA,NA,150,2,80,2,NA,NA,NA,2,NA,2,56,1,1,0,1,2,16,56,346.399993896484,1147.44995117188,1147.44995117188,affirmative_filter,age_7_plus
644-003793-D-0071,3,2,6,644-003793-D,624,187.336949647078,1,81300,3,NA,3.5,3,0,NA,NA,NA,NA,NA,NA,NA,NA,40,1,40,1,NA,NA,NA,2,NA,1,21,1,1,0,1,13,10.5,24.5,606.200012207031,1818.60009765625,1818.60009765625,affirmative_filter,age_7_plus
644-003793-D-0121,1,2,6,644-003793-D,624,187.336949647078,1,49222,2,4,1,4,0,100,1,2,NA,2,NA,2,NA,NA,NA,NA,NA,NA,NA,NA,2,NA,1,64,1,1,0,1,7,4,52,433,652,1074.5,affirmative_filter,age_7_plus
644-003793-D-0121,2,2,6,644-003793-D,624,187.336949647078,1,47113,3,NA,7,5,0,NA,NA,NA,NA,NA,NA,NA,NA,80,1,10,1,NA,NA,NA,2,NA,2,63,1,1,0,1,6,35,77,303.100006103516,2727.90014648438,3150.40014648438,affirmative_filter,age_7_plus
644-003793-D-0151,1,2,6,644-003793-D,624,187.336949647078,1,01136,3,NA,1,4,0,NA,NA,NA,NA,NA,NA,NA,NA,660,8,500,8,1,8,660,2,NA,1,50,1,1,0,1,0,4,88,41.6666679382324,2708.94677734375,2708.94677734375,affirmative_filter,age_7_plus
644-003793-D-0181,1,2,6,644-003793-D,624,187.336949647078,1,10712,3,NA,1,12,0,NA,NA,NA,NA,NA,NA,NA,NA,3000,4,1500,4,NA,NA,NA,2,NA,2,45,1,1,0,1,2,12,44,1500,2300,2300,affirmative_filter,age_7_plus
644-003793-D-0211,2,2,6,644-003793-D,624,187.336949647078,1,01111,6,NA,6,8,0,NA,NA,NA,NA,NA,NA,NA,NA,NA,NA,NA,NA,NA,NA,NA,2,NA,2,52,1,1,0,1,0,48,54,NA,259.799987792969,259.799987792969,affirmative_filter,age_7_plus
644-003793-D-0211,3,2,6,644-003793-D,624,187.336949647078,1,01111,6,NA,4,8,0,NA,NA,NA,NA,NA,NA,NA,NA,NA,NA,NA,NA,NA,NA,NA,2,NA,2,38,1,1,0,1,0,32,64,NA,1732,1732,affirmative_filter,age_7_plus
644-003793-D-0271,3,2,6,644-003793-D,624,187.336949647078,1,01461,6,NA,7,2,0,NA,NA,NA,NA,NA,NA,NA,NA,NA,NA,NA,NA,NA,NA,NA,2,NA,1,14,1,1,0,1,0,14,86,NA,1558.80004882812,1558.80004882812,affirmative_filter,age_7_plus
644-003793-D-0291,1,2,6,644-003793-D,624,187.336949647078,1,01111,6,NA,6,5,30,NA,NA,NA,NA,NA,NA,NA,NA,NA,NA,NA,NA,NA,NA,NA,2,NA,2,53,1,1,0,1,0,33,45,NA,692.799987792969,692.799987792969,affirmative_filter,age_7_plus
651-003880-D-0011,1,2,6,651-003880-D,621,151.924226323778,1,01470,3,NA,2,8,0,NA,NA,NA,NA,NA,NA,NA,NA,16000,8,10000,8,1,8,500,1,1,1,39,1,1,0,1,0,16,36,833.333374023438,6583.33349609375,6583.33349609375,affirmative_filter,age_7_plus
651-003880-D-0051,2,2,6,651-003880-D,621,151.924226323778,1,011,6,NA,4,6,0,NA,NA,NA,NA,NA,NA,NA,NA,NA,NA,NA,NA,NA,NA,NA,1,2,1,29,1,1,0,1,0,24,48,NA,1558.79992675781,1558.79992675781,affirmative_filter,age_7_plus
651-003880-D-0091,2,2,6,651-003880-D,621,151.924226323778,1,01136,6,NA,5,3,0,NA,NA,NA,NA,NA,NA,NA,NA,NA,NA,NA,NA,NA,NA,NA,2,NA,2,31,1,1,0,1,0,15,63,NA,2598,2598,affirmative_filter,age_7_plus
651-003880-D-0111,3,2,6,651-003880-D,621,151.924226323778,1,01470,3,NA,1,2,0,NA,NA,NA,NA,NA,NA,NA,NA,18000,8,8000,8,1,8,1500,2,NA,1,22,1,1,0,1,0,2,50,666.666687011719,5906.66650390625,6094.16650390625,affirmative_filter,age_7_plus
651-003880-D-0111,4,2,6,651-003880-D,621,151.924226323778,1,01470,3,NA,1,2,0,NA,NA,NA,NA,NA,NA,NA,NA,15000,8,7000,8,1,8,300,2,NA,1,19,1,1,0,1,0,2,50,583.333374023438,1133.33337402344,1133.33337402344,affirmative_filter,age_7_plus
651-003880-D-0241,1,2,6,651-003880-D,621,151.924226323778,1,01,3,NA,4,8,0,NA,NA,NA,NA,NA,NA,NA,NA,90,1,90,1,NA,NA,NA,2,NA,1,61,1,1,0,1,0,32,88,1558.79992675781,3210.466796875,3843.80004882812,affirmative_filter,age_7_plus
651-003767-D-0011,1,2,6,651-003767-D,621,121.9458672833,1,01111,3,NA,3,6,0,NA,NA,NA,NA,NA,NA,NA,NA,7000,8,4000,8,1,8,700,2,NA,1,50,1,1,0,1,0,18,58,333.333343505859,845,1053.33337402344,affirmative_filter,age_7_plus
652-003877-D-0011,2,2,6,652-003877-D,622,424.063894329023,1,5610,3,NA,6,7,0,NA,NA,NA,NA,NA,NA,NA,NA,1500,4,1000,4,NA,NA,NA,2,NA,2,28,1,1,0,1,8,42,112,1000,2080,2080,affirmative_filter,age_7_plus
652-003877-D-0051,1,2,6,652-003877-D,622,424.063894329023,1,77304,3,NA,7,6,0,NA,NA,NA,NA,NA,NA,NA,NA,350,1,200,1,NA,NA,NA,1,2,1,32,1,1,0,1,13,42,77,6062,10966.1669921875,11153.6669921875,affirmative_filter,age_7_plus
652-003877-D-0051,2,2,6,652-003877-D,622,424.063894329023,1,4721,3,NA,7,4,0,NA,NA,NA,NA,NA,NA,NA,NA,50,1,10,1,NA,NA,NA,2,NA,2,30,1,1,0,1,6,28,98,303.100006103516,6365.10009765625,6365.10009765625,affirmative_filter,age_7_plus
652-003877-D-0081,1,2,6,652-003877-D,622,424.063894329023,1,01611,3,NA,1,8,0,NA,NA,NA,NA,NA,NA,NA,NA,100,1,100,1,NA,NA,NA,1,2,1,59,1,1,0,1,0,8,56,433,4092.80004882812,4092.80004882812,affirmative_filter,age_7_plus
652-003877-D-0111,1,2,6,652-003877-D,622,424.063894329023,1,01136,3,NA,3,6,0,NA,NA,NA,NA,NA,NA,NA,NA,7480,8,3550,8,1,8,3550,2,NA,2,52,1,1,0,1,0,18,50,295.833343505859,2027.83337402344,2027.83337402344,affirmative_filter,age_7_plus
652-003877-D-0111,2,2,6,652-003877-D,622,424.063894329023,1,01136,6,NA,6,2,0,NA,NA,NA,NA,NA,NA,NA,NA,NA,NA,NA,NA,NA,NA,NA,2,NA,1,57,1,1,0,1,0,12,60,NA,2598,2598,affirmative_filter,age_7_plus
652-003877-D-0111,3,2,6,652-003877-D,622,424.063894329023,1,01136,6,NA,5,4,0,NA,NA,NA,NA,NA,NA,NA,NA,NA,NA,NA,NA,NA,NA,NA,2,NA,2,24,1,1,0,1,0,20,68,NA,2598,2598,affirmative_filter,age_7_plus
652-003877-D-0111,4,2,6,652-003877-D,622,424.063894329023,1,01136,6,NA,1,5,0,NA,NA,NA,NA,NA,NA,NA,NA,NA,NA,NA,NA,NA,NA,NA,2,NA,1,17,1,1,0,1,0,5,21,NA,866,926,affirmative_filter,age_7_plus
652-003877-D-0111,6,2,6,652-003877-D,622,424.063894329023,1,01136,6,NA,1,6,0,NA,NA,NA,NA,NA,NA,NA,NA,NA,NA,NA,NA,NA,NA,NA,2,NA,1,17,1,1,0,1,0,6,14,NA,433,493,affirmative_filter,age_7_plus
652-003877-D-0151,1,2,6,652-003877-D,622,424.063894329023,1,01,3,NA,2,8,0,NA,NA,NA,NA,NA,NA,NA,NA,80,1,80,1,NA,NA,NA,1,1,2,35,1,1,0,1,0,16,86,692.799987792969,11019.1494140625,11319.1494140625,affirmative_filter,age_7_plus
652-003877-D-0181,3,2,6,652-003877-D,622,424.063894329023,1,01111,3,NA,6,3,0,NA,NA,NA,NA,NA,NA,NA,NA,3000,8,2000,8,1,8,2000,2,NA,1,40,1,1,0,1,0,18,90,166.66667175293,3666.66674804688,3666.66674804688,affirmative_filter,age_7_plus
652-003877-D-0251,1,2,6,652-003877-D,622,424.063894329023,1,01136,3,NA,2,3,0,NA,NA,NA,NA,NA,NA,NA,NA,5000,8,3000,8,1,8,600,2,NA,2,46,1,1,0,1,0,6,90,250,3281,3281,affirmative_filter,age_7_plus
652-003877-D-0251,2,2,6,652-003877-D,622,424.063894329023,1,01136,6,NA,1,3,0,NA,NA,NA,NA,NA,NA,NA,NA,NA,NA,NA,NA,NA,NA,NA,2,NA,1,39,1,1,0,1,0,3,59,NA,3031,3031,affirmative_filter,age_7_plus
652-003877-D-0391,1,2,6,652-003877-D,622,424.063894329023,1,011,3,NA,6,4,0,NA,NA,NA,NA,NA,NA,NA,NA,13650,8,11690,8,1,8,930,2,NA,1,39,1,1,0,1,0,24,72,974.166687011719,3572.16674804688,3572.16674804688,affirmative_filter,age_7_plus
652-003877-D-0391,2,2,6,652-003877-D,622,424.063894329023,1,011,6,NA,3,4,0,NA,NA,NA,NA,NA,NA,NA,NA,NA,NA,NA,NA,NA,NA,NA,2,NA,2,41,1,1,0,1,0,12,44,NA,1732,1732,affirmative_filter,age_7_plus
652-003877-D-0391,3,2,6,652-003877-D,622,424.063894329023,1,011,6,NA,3,6,0,NA,NA,NA,NA,NA,NA,NA,NA,NA,NA,NA,NA,NA,NA,NA,2,NA,1,15,1,1,0,1,0,18,66,NA,2598,2598,affirmative_filter,age_7_plus
654-004172-D-0431,1,2,6,654-004172-D,624,155.85174802572,1,01210,3,NA,6,8,0,NA,NA,NA,NA,NA,NA,NA,NA,4500,8,4000,8,1,8,110,2,NA,1,46,1,1,0,1,0,48,108,333.333343505859,1546.33337402344,1546.33337402344,affirmative_filter,age_7_plus
711-000013-A-0061,1,1,7,711-000013-A,711,323.280164099011,1,49222,3,NA,1,6,0,NA,NA,NA,NA,NA,NA,NA,NA,200,1,150,1,NA,NA,NA,2,NA,1,24,1,1,0,1,7,6,54,649.5,3767.09985351562,3767.09985351562,affirmative_filter,age_7_plus
711-000946-A-0021,1,1,7,711-000946-A,711,1669.18125544999,1,81210,1,4,2,2,15,300,2,2,NA,2,NA,2,NA,NA,NA,NA,NA,NA,NA,NA,2,NA,2,45,1,1,0,1,13,4.5,47,1299,4215.6669921875,4215.6669921875,affirmative_filter,age_7_plus
711-000982-A-0131,1,1,7,711-000982-A,711,496.98712727374,1,94910,1,4,2,4,0,1000,4,2,NA,2,NA,2,NA,NA,NA,NA,NA,NA,NA,NA,2,NA,1,62,1,1,0,1,18,8,43,1000,9789.8994140625,10169.06640625,affirmative_filter,age_7_plus
711-000982-A-0341,1,1,7,711-000982-A,711,496.98712727374,1,49222,3,NA,6,3,0,NA,NA,NA,NA,NA,NA,NA,NA,130,1,120,1,NA,NA,NA,2,NA,1,27,1,1,0,1,7,18,60,3117.59985351562,9725.1796875,9725.1796875,affirmative_filter,age_7_plus
711-000992-A-0391,1,1,7,711-000992-A,711,421.054731104503,1,75000,3,NA,5,1,0,NA,NA,NA,NA,NA,NA,NA,NA,1500,4,1300,4,NA,NA,NA,2,NA,1,36,1,1,0,1,12,5,45,1300,3625.2099609375,3625.2099609375,affirmative_filter,age_7_plus
711-000992-A-0391,2,1,7,711-000992-A,711,421.054731104503,1,56101,6,NA,5,8,0,NA,NA,NA,NA,NA,NA,NA,NA,NA,NA,NA,NA,NA,NA,NA,2,NA,2,39,1,1,0,1,8,40,43,NA,350,350,affirmative_filter,age_7_plus
712-001621-A-0131,1,1,7,712-001621-A,712,197.245207355997,1,69101,3,NA,3,4,0,NA,NA,NA,NA,NA,NA,NA,NA,8000,4,5000,4,NA,NA,NA,1,1,1,43,1,1,0,1,12,12,28,5000,13791.6669921875,13791.6669921875,affirmative_filter,age_7_plus
712-001621-A-0131,2,1,7,712-001621-A,712,197.245207355997,1,69101,3,NA,3,4,0,NA,NA,NA,NA,NA,NA,NA,NA,4000,4,2000,4,NA,NA,NA,1,1,2,42,1,1,0,1,12,12,28,2000,8125,8125,affirmative_filter,age_7_plus
712-001621-A-0171,1,1,7,712-001621-A,712,197.245207355997,1,25920,3,NA,2,5,0,NA,NA,NA,NA,NA,NA,NA,NA,50,1,20,1,NA,NA,NA,1,1,1,42,1,1,0,1,2,10,50,173.199996948242,6064.86669921875,6064.86669921875,affirmative_filter,age_7_plus
712-001718-A-0501,2,1,7,712-001718-A,712,437.303327936552,1,49231,1,4,1,5,0,100,1,2,NA,2,NA,2,NA,NA,NA,NA,NA,NA,NA,NA,2,NA,1,31,1,1,0,1,7,5,25,433,4763,4763,affirmative_filter,age_7_plus
712-002216-A-0321,3,1,7,712-002216-A,712,397.777834834594,1,47,3,NA,2,1,0,NA,NA,NA,NA,NA,NA,NA,NA,400,2,100,2,NA,NA,NA,2,NA,2,34,1,1,0,1,6,2,20,433,1433,1433,affirmative_filter,age_7_plus
712-002216-A-0391,2,1,7,712-002216-A,712,397.777834834594,1,10712,3,NA,2,5,0,NA,NA,NA,NA,NA,NA,NA,NA,250,2,150,2,NA,NA,NA,2,NA,2,36,1,1,0,1,2,10,70,649.5,1089.5,1089.5,affirmative_filter,age_7_plus
712-002280-A-0031,1,1,7,712-002280-A,712,297.801587576702,1,47810,3,NA,5,4,0,NA,NA,NA,NA,NA,NA,NA,NA,80,1,50,1,NA,NA,NA,1,1,2,42,1,1,0,1,6,20,80,1082.5,5807.5,5807.5,affirmative_filter,age_7_plus
712-002280-A-0101,1,1,7,712-002280-A,712,297.801587576702,1,85498,3,NA,2,3,0,NA,NA,NA,NA,NA,NA,NA,NA,250,1,250,1,NA,NA,NA,1,1,1,27,1,1,0,1,15,6,30,2165,5490.66650390625,5490.66650390625,affirmative_filter,age_7_plus
712-002333-A-0611,1,1,7,712-002333-A,712,389.011381174328,1,95110,3,NA,2,3,0,NA,NA,NA,NA,NA,NA,NA,NA,150,1,150,1,NA,NA,NA,2,NA,1,33,1,1,0,1,18,6,36,1299,4590.6669921875,4590.6669921875,affirmative_filter,age_7_plus
712-002370-A-0261,1,1,7,712-002370-A,712,616.086882235399,1,10711,4,NA,6,8,0,NA,NA,NA,NA,NA,NA,NA,NA,1000,1,150,1,NA,NA,NA,2,NA,2,29,1,1,0,1,2,48,90,3897,9430.740234375,9489.0732421875,affirmative_filter,age_7_plus
712-002370-A-0341,1,1,7,712-002370-A,712,616.086882235399,1,85498,3,NA,3,3,15,NA,NA,NA,NA,NA,NA,NA,NA,90,1,50,1,NA,NA,NA,2,NA,1,53,1,1,0,1,15,9.75,34.75,649.5,3165.33325195312,3865.33325195312,affirmative_filter,age_7_plus
712-002482-A-0381,2,1,7,712-002482-A,712,334.324423788939,1,5610,3,NA,6,5,0,NA,NA,NA,NA,NA,NA,NA,NA,560,2,150,2,NA,NA,NA,2,NA,2,51,1,1,0,1,8,30,102,649.5,2381.5,2381.5,affirmative_filter,age_7_plus
712-002482-A-0421,1,1,7,712-002482-A,712,334.324423788939,1,47113,3,NA,7,8,0,NA,NA,NA,NA,NA,NA,NA,NA,100,1,30,1,NA,NA,NA,2,NA,2,68,1,1,0,1,6,56,71,909.299987792969,3031,3410.16674804688,affirmative_filter,age_7_plus
712-002551-A-0051,1,1,7,712-002551-A,712,494.843239507151,1,49222,3,NA,6,3,15,NA,NA,NA,NA,NA,NA,NA,NA,70,1,50,1,NA,NA,NA,2,NA,1,33,1,1,0,1,7,19.5,75.5,1299,4007.33325195312,4007.33325195312,affirmative_filter,age_7_plus
712-002551-A-0091,1,1,7,712-002551-A,712,494.843239507151,1,47991,3,NA,2,6,0,NA,NA,NA,NA,NA,NA,NA,NA,200,1,180,1,NA,NA,NA,2,NA,2,43,1,1,0,1,6,12,52,1558.79992675781,3533.5498046875,3533.5498046875,affirmative_filter,age_7_plus
712-003087-A-0061,1,1,7,712-003087-A,712,227.590623872304,1,56103,3,NA,1,8,0,NA,NA,NA,NA,NA,NA,NA,NA,300,2,150,2,NA,NA,NA,1,1,2,51,1,1,0,1,8,8,48,649.5,4462.8330078125,4462.8330078125,affirmative_filter,age_7_plus
712-003087-A-0061,2,1,7,712-003087-A,712,227.590623872304,1,73100,1,4,2,6,30,150,1,2,NA,2,NA,2,NA,NA,NA,NA,NA,NA,NA,NA,2,NA,1,26,1,1,0,1,12,13,53,1299,3799,3799,affirmative_filter,age_7_plus
712-003317-A-0551,1,1,7,712-003317-A,712,469.331681332887,1,66110,3,NA,2,6,0,NA,NA,NA,NA,NA,NA,NA,NA,1382,4,1037,4,NA,NA,NA,1,2,1,41,1,1,0,1,10,12,60,1037,8185.66650390625,8185.66650390625,affirmative_filter,age_7_plus
712-003317-A-0601,1,1,7,712-003317-A,712,469.331681332887,1,82193,3,NA,2,1,0,NA,NA,NA,NA,NA,NA,NA,NA,250,1,180,1,NA,NA,NA,1,1,2,31,1,1,0,1,13,2,14,1558.79992675781,3740.7998046875,3740.7998046875,affirmative_filter,age_7_plus
712-004119-A-0591,2,1,7,712-004119-A,712,1356.06080057248,1,69101,6,NA,5,4,0,NA,NA,NA,NA,NA,NA,NA,NA,NA,NA,NA,NA,NA,NA,NA,1,2,2,46,1,1,0,1,12,20,40,NA,1000,1000,affirmative_filter,age_7_plus
712-004121-A-0501,1,1,7,712-004121-A,712,650.909184274791,1,96010,3,NA,2,5,0,NA,NA,NA,NA,NA,NA,NA,NA,45,1,45,1,NA,NA,NA,2,NA,2,42,1,1,0,1,18,10,30,389.699981689453,2121.69995117188,2121.69995117188,affirmative_filter,age_7_plus
713-004608-A-0041,1,1,7,713-004608-A,713,438.69714574358,1,47822,1,4,1,8,0,50,1,2,NA,2,NA,2,NA,NA,NA,NA,NA,NA,NA,NA,2,NA,1,21,1,1,0,1,6,8,48,216.5,3139.25,3139.25,affirmative_filter,age_7_plus
713-005120-A-0151,1,1,7,713-005120-A,713,587.74168884877,1,854,3,NA,5,2,0,NA,NA,NA,NA,NA,NA,NA,NA,1200,4,500,4,NA,NA,NA,1,2,1,56,1,1,0,1,15,10,46,500,2800,2800,affirmative_filter,age_7_plus
713-005154-A-0091,1,1,7,713-005154-A,713,566.088047680658,1,46694,3,NA,5,4,0,NA,NA,NA,NA,NA,NA,NA,NA,300,2,300,2,NA,NA,NA,1,2,2,50,1,1,0,1,6,20,74,1299,3299,3299,affirmative_filter,age_7_plus
713-005154-A-0091,3,1,7,713-005154-A,713,566.088047680658,1,46694,6,NA,5,3,0,NA,NA,NA,NA,NA,NA,NA,NA,NA,NA,NA,NA,NA,NA,NA,2,NA,2,25,1,1,0,1,6,15,25,NA,346.399993896484,346.399993896484,affirmative_filter,age_7_plus
713-005215-A-0091,1,1,7,713-005215-A,713,636.720162919501,1,96020,3,NA,2,8,0,NA,NA,NA,NA,NA,NA,NA,NA,160,2,130,2,NA,NA,NA,2,NA,1,31,1,1,0,1,18,16,64,562.899963378906,2294.89990234375,2294.89990234375,affirmative_filter,age_7_plus
713-005621-A-0061,1,1,7,713-005621-A,713,323.459670865284,1,96020,3,NA,2,3,0,NA,NA,NA,NA,NA,NA,NA,NA,100,2,80,2,NA,NA,NA,1,2,2,50,1,1,0,1,18,6,30,346.399993896484,2078.39990234375,3278.39990234375,affirmative_filter,age_7_plus
713-005621-A-0091,2,1,7,713-005621-A,713,323.459670865284,1,56103,6,NA,7,2,0,NA,NA,NA,NA,NA,NA,NA,NA,NA,NA,NA,NA,NA,NA,NA,1,1,2,48,1,1,0,1,8,14,58,NA,2741.66674804688,2783.33349609375,affirmative_filter,age_7_plus
713-005621-A-0121,1,1,7,713-005621-A,713,323.459670865284,1,10711,4,NA,4,3,0,NA,NA,NA,NA,NA,NA,NA,NA,150,1,50,1,NA,NA,NA,2,NA,2,26,1,1,0,1,2,12,54,866,3204.19995117188,5204.2001953125,affirmative_filter,age_7_plus
713-006030-A-0251,1,1,7,713-006030-A,713,333.68985021985,1,10712,3,NA,6,12,0,NA,NA,NA,NA,NA,NA,NA,NA,90,1,37,1,NA,NA,NA,2,NA,1,58,1,1,0,1,2,72,144,961.260009765625,2234.28002929688,2434.28002929688,affirmative_filter,age_7_plus
713-006323-A-0361,2,1,7,713-006323-A,713,330.647663551179,1,96020,3,NA,2,4,0,NA,NA,NA,NA,NA,NA,NA,NA,280,2,150,2,NA,NA,NA,2,NA,2,38,1,1,0,1,18,8,56,649.5,1899.5,1899.5,affirmative_filter,age_7_plus
713-006837-A-0141,1,1,7,713-006837-A,713,421.824178599596,1,62010,3,NA,2,4,0,NA,NA,NA,NA,NA,NA,NA,NA,500,4,500,4,NA,NA,NA,1,2,1,39,1,1,0,1,9,8,32,500,22938.80078125,23438.80078125,affirmative_filter,age_7_plus
713-007135-A-0271,1,1,7,713-007135-A,713,462.198778551271,1,47911,3,NA,1,4,0,NA,NA,NA,NA,NA,NA,NA,NA,100,1,50,1,NA,NA,NA,2,NA,2,34,1,1,0,1,6,4,102,216.5,5066.10009765625,5091.10009765625,affirmative_filter,age_7_plus
713-007254-A-0111,1,1,7,713-007254-A,713,264.873748373482,1,95110,3,NA,3,2,0,NA,NA,NA,NA,NA,NA,NA,NA,500,4,500,4,NA,NA,NA,2,NA,1,31,1,1,0,1,18,6,18,500,3924,3924,affirmative_filter,age_7_plus
713-007254-A-0191,1,1,7,713-007254-A,713,264.873748373482,1,47991,3,NA,2,6,0,NA,NA,NA,NA,NA,NA,NA,NA,70,1,60,1,NA,NA,NA,2,NA,2,63,1,1,0,1,6,12,62,519.599975585938,2013.44995117188,2459.283203125,affirmative_filter,age_7_plus
713-007262-A-0171,1,1,7,713-007262-A,713,320.586375735693,1,56101,1,4,6,6,0,100,1,2,NA,2,NA,2,NA,NA,NA,NA,NA,NA,NA,NA,1,2,1,40,1,1,0,1,8,36,96,2598,5314.6669921875,5314.6669921875,affirmative_filter,age_7_plus
713-007297-A-0031,1,1,7,713-007297-A,713,316.577550208576,1,5610,3,NA,2,8,15,NA,NA,NA,NA,NA,NA,NA,NA,400,2,250,2,NA,NA,NA,2,NA,2,57,1,1,0,1,8,16.5,41.5,1082.5,2165,2165,affirmative_filter,age_7_plus
713-007419-A-0031,1,1,7,713-007419-A,713,285.965546855074,1,94997,1,5,5,5,0,1000,4,2,NA,2,NA,1,600,NA,NA,NA,NA,NA,NA,NA,2,NA,2,54,1,1,0,1,18,25,45,1050,2998.5,2998.5,affirmative_filter,age_7_plus
713-007423-A-0211,1,1,7,713-007423-A,713,218.445903847626,1,21000,3,NA,5,3,0,NA,NA,NA,NA,NA,NA,NA,NA,3000,4,3000,4,NA,NA,NA,1,2,1,54,1,1,0,1,2,15,81.5,3000,5700,10700,affirmative_filter,age_7_plus
713-007507-A-0221,1,1,7,713-007507-A,713,568.541415891823,1,56101,6,NA,6,2,30,NA,NA,NA,NA,NA,NA,NA,NA,NA,NA,NA,NA,NA,NA,NA,2,NA,1,43,1,1,0,1,8,15,60,NA,3464,3464,affirmative_filter,age_7_plus
713-007992-A-0121,1,1,7,713-007992-A,713,540.807688287344,1,85101,1,3,5,4,15,2000,4,2,NA,2,NA,2,NA,NA,NA,NA,NA,NA,NA,NA,1,1,2,51,1,1,0,1,15,21.25,46.25,2000,7141.66650390625,7141.66650390625,affirmative_filter,age_7_plus
713-008428-A-0191,1,1,7,713-008428-A,713,344.690614512813,1,4330,3,NA,5,3,0,NA,NA,NA,NA,NA,NA,NA,NA,150,1,150,1,NA,NA,NA,2,NA,1,55,1,1,0,1,5,15,25,3247.5,4113.5,4113.5,affirmative_filter,age_7_plus
713-008517-A-0181,1,1,7,713-008517-A,713,568.239962330905,1,85210,1,3,3,4,0,720,4,2,NA,2,NA,2,NA,NA,NA,NA,NA,NA,NA,NA,1,1,1,43,1,1,0,1,15,12,32,720,5584,5584,affirmative_filter,age_7_plus
713-008517-A-0621,1,1,7,713-008517-A,713,568.239962330905,1,47992,3,NA,5,2,0,NA,NA,NA,NA,NA,NA,NA,NA,700,3,200,3,NA,NA,NA,2,NA,2,48,1,1,0,1,6,10,115,433,1251.36999511719,1251.36999511719,affirmative_filter,age_7_plus
713-008526-A-0381,1,1,7,713-008526-A,713,464.006596459555,1,49222,3,NA,2,4,0,NA,NA,NA,NA,NA,NA,NA,NA,150,1,100,1,NA,NA,NA,1,1,1,37,1,1,0,1,7,8,52,866,5024.33349609375,5024.33349609375,affirmative_filter,age_7_plus
713-008621-A-0081,1,1,7,713-008621-A,713,263.903751736372,1,47,3,NA,5,10,15,NA,NA,NA,NA,NA,NA,NA,NA,1400,4,400,4,NA,NA,NA,2,NA,2,42,1,1,0,1,6,51.25,111.25,400,2900,2900,affirmative_filter,age_7_plus
713-008621-A-0111,1,1,7,713-008621-A,713,263.903751736372,1,14101,1,4,2,3,0,300,2,2,NA,2,NA,2,NA,NA,NA,NA,NA,NA,NA,NA,1,1,1,46,1,1,0,1,2,6,31,1299,3307.33349609375,3307.33349609375,affirmative_filter,age_7_plus
714-008958-A-0041,1,1,7,714-008958-A,714,384.176450619922,1,69200,3,NA,4,4,0,NA,NA,NA,NA,NA,NA,NA,NA,4000,4,2000,4,NA,NA,NA,1,1,1,44,1,1,0,1,12,16,80.5,2000,14228.90625,14228.90625,affirmative_filter,age_7_plus
714-009177-A-0621,1,1,7,714-009177-A,714,427.07615427248,1,43210,3,NA,1,5,0,NA,NA,NA,NA,NA,NA,NA,NA,375,4,200,1,NA,NA,NA,1,1,1,41,1,1,0,1,5,5,61,866,5093,5093,affirmative_filter,age_7_plus
714-009222-A-0281,1,1,7,714-009222-A,714,391.444653739758,1,49222,3,NA,2,5,0,NA,NA,NA,NA,NA,NA,NA,NA,300,1,140,1,NA,NA,NA,1,1,1,28,1,1,0,1,7,10,54,1212.40002441406,6545.7333984375,6545.7333984375,affirmative_filter,age_7_plus
714-010421-A-0401,1,1,7,714-010421-A,714,460.376738346187,1,47113,3,NA,7,6,0,NA,NA,NA,NA,NA,NA,NA,NA,300,1,70,1,NA,NA,NA,2,NA,2,62,1,1,0,1,6,42,98,2121.69995117188,3940.2998046875,4319.46630859375,affirmative_filter,age_7_plus
714-010464-A-0011,2,1,7,714-010464-A,714,344.84409972312,1,5610,6,NA,6,4,0,NA,NA,NA,NA,NA,NA,NA,NA,NA,NA,NA,NA,NA,NA,NA,1,1,2,30,1,1,0,1,8,24,64,NA,4170,4170,affirmative_filter,age_7_plus
714-010758-A-0281,1,1,7,714-010758-A,714,424.423507351533,1,32905,3,NA,2,8,0,NA,NA,NA,NA,NA,NA,NA,NA,800,2,300,2,NA,NA,NA,2,NA,2,40,1,1,0,1,2,16,76,1299,5793.5400390625,5793.5400390625,affirmative_filter,age_7_plus
714-010824-A-0271,2,1,7,714-010824-A,714,351.296484125424,1,47992,3,NA,6,4,0,NA,NA,NA,NA,NA,NA,NA,NA,500,3,200,3,NA,NA,NA,2,NA,2,64,1,1,0,1,6,24,60,433,2511.39990234375,2890.56665039062,affirmative_filter,age_7_plus
714-011078-A-0371,1,1,7,714-011078-A,714,458.751879269671,1,47992,3,NA,3,3,0,NA,NA,NA,NA,NA,NA,NA,NA,1800,4,1000,4,NA,NA,NA,1,2,2,53,1,1,0,1,6,9,49,1000,3251.60009765625,3251.60009765625,affirmative_filter,age_7_plus
714-011343-A-0021,1,1,7,714-011343-A,714,215.634523896343,1,86905,3,NA,5,3,15,NA,NA,NA,NA,NA,NA,NA,NA,800,4,600,4,NA,NA,NA,2,NA,2,56,1,1,0,1,16,16.25,41.25,600,2200,2200,affirmative_filter,age_7_plus
714-011343-A-0111,1,1,7,714-011343-A,714,215.634523896343,1,47,3,NA,2,3,0,NA,NA,NA,NA,NA,NA,NA,NA,1500,4,1500,4,NA,NA,NA,2,NA,1,32,1,1,0,1,6,6,48,1500,8986.5703125,8986.5703125,affirmative_filter,age_7_plus
714-011613-A-0151,1,1,7,714-011613-A,714,225.474988280502,1,56101,6,NA,1,12,0,NA,NA,NA,NA,NA,NA,NA,NA,NA,NA,NA,NA,NA,NA,NA,1,2,1,31,1,1,0,1,8,12,52,NA,2500,2500,affirmative_filter,age_7_plus
714-011613-A-0151,2,1,7,714-011613-A,714,225.474988280502,1,56101,3,NA,7,13,0,NA,NA,NA,NA,NA,NA,NA,NA,1000,1,500,1,NA,NA,NA,2,NA,2,33,1,1,0,1,8,91,103,15155,16655,16655,affirmative_filter,age_7_plus
714-011993-A-0161,1,1,7,714-011993-A,714,495.160758576788,1,86201,3,NA,3,6,0,NA,NA,NA,NA,NA,NA,NA,NA,500,1,300,1,NA,NA,NA,1,1,1,71,1,1,0,1,16,18,66,3897,14218.06640625,14218.06640625,affirmative_filter,age_7_plus
714-012071-A-0011,1,1,7,714-012071-A,714,159.158815256825,1,73201,3,NA,5,4,0,NA,NA,NA,NA,NA,NA,NA,NA,600,2,600,2,NA,NA,NA,2,NA,1,46,1,1,0,1,12,20,40,2598,6348,6348,affirmative_filter,age_7_plus
721-013296-A-0111,2,1,7,721-013296-A,711,63.0446157633991,1,47113,6,NA,6,5,0,NA,NA,NA,NA,NA,NA,NA,NA,NA,NA,NA,NA,NA,NA,NA,2,NA,2,26,1,1,0,1,6,30,40,NA,562.900024414062,575.400024414062,affirmative_filter,age_7_plus
721-013296-A-0171,1,1,7,721-013296-A,711,63.0446157633991,1,56101,1,4,5,6,0,70,1,2,NA,2,NA,2,NA,NA,NA,NA,NA,NA,NA,NA,2,NA,2,40,1,1,0,1,8,30,72,1515.5,8608.0400390625,8608.0400390625,affirmative_filter,age_7_plus
721-015166-A-0011,1,1,7,721-015166-A,711,316.798356297527,1,01230,3,NA,1,2,0,NA,NA,NA,NA,NA,NA,NA,NA,5000,8,4500,8,1,8,100,2,NA,1,31,1,1,0,1,0,2,32,375,2843.09985351562,5843.099609375,affirmative_filter,age_7_plus
721-016950-A-0091,1,1,7,721-016950-A,711,496.780135550594,1,90003,1,4,2,4,0,400,2,2,NA,2,NA,2,NA,NA,NA,NA,NA,NA,NA,NA,1,1,1,26,1,1,0,1,17,8,24,1732,6807,6807,affirmative_filter,age_7_plus
721-016950-A-0271,1,1,7,721-016950-A,711,496.780135550594,1,01612,3,NA,3,2,0,NA,NA,NA,NA,NA,NA,NA,NA,400,1,300,1,NA,NA,NA,2,NA,1,42,1,1,0,1,0,6,78,3897,6213.6669921875,6213.6669921875,affirmative_filter,age_7_plus
721-016950-A-0521,1,1,7,721-016950-A,711,496.780135550594,1,5610,6,NA,5,5,0,NA,NA,NA,NA,NA,NA,NA,NA,NA,NA,NA,NA,NA,NA,NA,2,NA,2,53,1,1,0,1,8,25,67,NA,2527.43994140625,2527.43994140625,affirmative_filter,age_7_plus
721-016950-A-0521,5,1,7,721-016950-A,711,496.780135550594,1,56103,1,4,3,6,0,120,2,2,NA,2,NA,2,NA,NA,NA,NA,NA,NA,NA,NA,2,NA,2,34,1,1,0,1,8,18,43,519.599975585938,4849.60009765625,4849.60009765625,affirmative_filter,age_7_plus
721-016987-A-0291,1,1,7,721-016987-A,711,317.429768664636,1,47221,3,NA,6,3,30,NA,NA,NA,NA,NA,NA,NA,NA,1000,2,400,2,NA,NA,NA,2,NA,2,32,1,1,0,1,6,21,45,1732,2332,2332,affirmative_filter,age_7_plus
721-017033-A-0501,1,1,7,721-017033-A,711,2354.07872390245,1,43301,3,NA,2,8,0,NA,NA,NA,NA,NA,NA,NA,NA,120,1,120,1,NA,NA,NA,2,NA,1,20,1,1,0,1,5,16,60,1039.19995117188,4070.19995117188,4070.19995117188,affirmative_filter,age_7_plus
721-017033-A-0701,5,1,7,721-017033-A,711,2354.07872390245,1,47,3,NA,1,1,0,NA,NA,NA,NA,NA,NA,NA,NA,130,1,120,1,NA,NA,NA,1,2,1,22,1,1,0,1,6,1,71,519.599975585938,4459.89990234375,4459.89990234375,affirmative_filter,age_7_plus
721-017033-A-0911,1,1,7,721-017033-A,711,2354.07872390245,1,49222,3,NA,2,12,0,NA,NA,NA,NA,NA,NA,NA,NA,250,1,180,1,NA,NA,NA,2,NA,1,35,1,1,0,1,7,24,56,1558.79992675781,6321.7998046875,6321.7998046875,affirmative_filter,age_7_plus
721-017033-A-1111,1,1,7,721-017033-A,711,2354.07872390245,1,49222,3,NA,1,4,0,NA,NA,NA,NA,NA,NA,NA,NA,100,1,80,1,NA,NA,NA,1,1,1,36,1,1,0,1,7,4,52,346.399993896484,3799.73315429688,3799.73315429688,affirmative_filter,age_7_plus
722-013396-A-0051,1,1,7,722-013396-A,712,353.2065341026,1,10711,3,NA,4,3,0,NA,NA,NA,NA,NA,NA,NA,NA,100,1,40,1,NA,NA,NA,2,NA,2,43,1,1,0,1,2,12,117,692.799987792969,4693.7197265625,4693.7197265625,affirmative_filter,age_7_plus
722-013396-A-0191,1,1,7,722-013396-A,712,353.2065341026,1,49222,3,NA,6,4,0,NA,NA,NA,NA,NA,NA,NA,NA,125,1,90,1,NA,NA,NA,2,NA,1,25,1,1,0,1,7,24,64,2338.19995117188,4503.2001953125,4519.86669921875,affirmative_filter,age_7_plus
722-013400-A-0031,1,1,7,722-013400-A,712,243.269089072397,1,95110,3,NA,1,3,0,NA,NA,NA,NA,NA,NA,NA,NA,150,1,130,1,NA,NA,NA,1,1,1,25,1,1,0,1,18,3,36,562.899963378906,3633.73315429688,3633.73315429688,affirmative_filter,age_7_plus
722-013400-A-0241,2,1,7,722-013400-A,712,243.269089072397,1,56303,3,NA,1,5,0,NA,NA,NA,NA,NA,NA,NA,NA,100,1,50,1,NA,NA,NA,2,NA,2,23,1,1,0,1,8,5,25,216.5,2468.09985351562,2476.43310546875,affirmative_filter,age_7_plus
722-013400-A-0361,1,1,7,722-013400-A,712,243.269089072397,1,5630,3,NA,2,6,0,NA,NA,NA,NA,NA,NA,NA,NA,50,1,20,1,NA,NA,NA,2,NA,2,40,1,1,0,1,8,12,42,173.199996948242,692.799987792969,705.299987792969,affirmative_filter,age_7_plus
722-012617-A-0091,1,1,7,722-012617-A,712,542.424320228992,1,49222,3,NA,7,5,0,NA,NA,NA,NA,NA,NA,NA,NA,100,1,80,1,NA,NA,NA,2,NA,1,29,1,1,0,1,7,35,77,2424.80004882812,6940.990234375,6940.990234375,affirmative_filter,age_7_plus
722-012659-A-0401,2,1,7,722-012659-A,712,506.262698880393,1,56103,3,NA,2,3,0,NA,NA,NA,NA,NA,NA,NA,NA,170,1,60,1,NA,NA,NA,2,NA,2,64,1,1,0,1,8,6,56,519.599975585938,2316.5498046875,2742.38305664062,affirmative_filter,age_7_plus
722-012675-A-0071,2,1,7,722-012675-A,712,986.226036779986,1,81210,3,NA,1,4,0,NA,NA,NA,NA,NA,NA,NA,NA,100,2,100,1,NA,NA,NA,1,2,2,39,1,1,0,1,13,4,40,433,2152.60009765625,2152.60009765625,affirmative_filter,age_7_plus
722-012675-A-0151,1,1,7,722-012675-A,712,986.226036779986,1,49222,3,NA,1,10,0,NA,NA,NA,NA,NA,NA,NA,NA,150,1,90,1,NA,NA,NA,2,NA,1,33,1,1,0,1,7,10,50,389.699981689453,3989.69995117188,4031.36669921875,affirmative_filter,age_7_plus
722-017081-A-0051,2,1,7,722-017081-A,712,265.185223223063,1,56103,3,NA,7,3,0,NA,NA,NA,NA,NA,NA,NA,NA,240,1,120,1,NA,NA,NA,2,NA,2,46,1,1,0,1,8,21,33,3637.19995117188,6754.7998046875,6754.7998046875,affirmative_filter,age_7_plus
723-016303-A-0341,3,1,7,723-016303-A,713,520.952860570501,1,43210,3,NA,2,2,0,NA,NA,NA,NA,NA,NA,NA,NA,100,2,100,2,NA,NA,NA,2,NA,1,27,1,1,0,1,5,4,40,433,7967.19970703125,7967.19970703125,affirmative_filter,age_7_plus
723-016303-A-0371,1,1,7,723-016303-A,713,520.952860570501,1,85497,1,1,5,4,0,2800,4,2,NA,2,NA,2,NA,NA,NA,NA,NA,NA,NA,NA,1,1,2,51,1,1,0,1,15,20,60,2800,4800,4800,affirmative_filter,age_7_plus
723-016327-A-0211,1,1,7,723-016327-A,713,619.964369158462,1,47113,3,NA,7,8,0,NA,NA,NA,NA,NA,NA,NA,NA,350,2,150,2,NA,NA,NA,1,1,1,39,1,1,0,1,6,56,76,649.5,7372,7372,affirmative_filter,age_7_plus
723-016327-A-0361,1,1,7,723-016327-A,713,619.964369158462,1,478,6,NA,7,5,0,NA,NA,NA,NA,NA,NA,NA,NA,NA,NA,NA,NA,NA,NA,NA,2,NA,1,68,1,1,0,1,6,35,59,NA,1299,1713.16662597656,affirmative_filter,age_7_plus
723-016327-A-0361,3,1,7,723-016327-A,713,619.964369158462,1,69102,3,NA,4,2,0,NA,NA,NA,NA,NA,NA,NA,NA,300,1,280,1,NA,NA,NA,1,2,1,41,1,1,0,1,12,8,20,4849.60009765625,6798.10009765625,6798.10009765625,affirmative_filter,age_7_plus
723-016371-A-0241,1,1,7,723-016371-A,713,502.673812831185,1,5630,3,NA,2,10,0,NA,NA,NA,NA,NA,NA,NA,NA,110,2,80,2,NA,NA,NA,2,NA,2,78,1,1,0,1,8,20,44,346.399993896484,2424.7998046875,2838.96655273438,affirmative_filter,age_7_plus
723-012361-A-0031,1,1,7,723-012361-A,713,219.34857287179,1,85101,1,3,5,5,0,850,4,2,NA,2,NA,2,NA,NA,NA,NA,NA,NA,NA,NA,2,NA,2,27,1,1,0,1,15,25,55,850,1824.25,1982.58337402344,affirmative_filter,age_7_plus
723-012361-A-0031,2,1,7,723-012361-A,713,219.34857287179,1,47,6,NA,3,5,0,NA,NA,NA,NA,NA,NA,NA,NA,NA,NA,NA,NA,NA,NA,NA,2,NA,1,30,1,1,0,1,6,15,70,NA,4580,4580,affirmative_filter,age_7_plus
723-014377-A-0181,1,1,7,723-014377-A,713,448.539709910903,1,82191,3,NA,7,5,0,NA,NA,NA,NA,NA,NA,NA,NA,85,1,60,1,NA,NA,NA,1,2,1,35,1,1,0,1,13,35,91,1818.59997558594,5425.48974609375,5425.48974609375,affirmative_filter,age_7_plus
723-014377-A-0271,3,1,7,723-014377-A,713,448.539709910903,1,49222,3,NA,3,3,0,NA,NA,NA,NA,NA,NA,NA,NA,80,1,50,1,NA,NA,NA,1,2,1,34,1,1,0,1,7,9,57,649.5,3247.5,3264.16674804688,affirmative_filter,age_7_plus
723-017538-A-0091,2,1,7,723-017538-A,713,423.876296225215,1,85210,1,4,1,4,0,600,4,2,NA,2,NA,2,NA,NA,NA,NA,NA,NA,NA,NA,1,1,2,34,1,1,0,1,15,4,24,600,6665,6665,affirmative_filter,age_7_plus
723-017538-A-0121,1,1,7,723-017538-A,713,423.876296225215,1,49222,3,NA,2,8,0,NA,NA,NA,NA,NA,NA,NA,NA,90,1,80,1,NA,NA,NA,2,NA,1,44,1,1,0,1,7,16,48,692.799987792969,1732,1732,affirmative_filter,age_7_plus
724-017889-A-0031,2,1,7,724-017889-A,714,259.959398252814,1,47113,3,NA,6,4,0,NA,NA,NA,NA,NA,NA,NA,NA,2000,4,1000,4,NA,NA,NA,1,1,2,50,1,1,0,1,6,24,72,1000,6948.033203125,6948.033203125,affirmative_filter,age_7_plus
724-017889-A-0111,6,1,7,724-017889-A,714,259.959398252814,1,96010,3,NA,2,4,0,NA,NA,NA,NA,NA,NA,NA,NA,80,2,80,2,NA,NA,NA,2,NA,2,67,1,1,0,1,18,8,18,346.399993896484,896.400024414062,1305.56665039062,affirmative_filter,age_7_plus
731-015067-A-0151,2,1,7,731-015067-A,711,282.952378060612,1,96010,3,NA,1,4,0,NA,NA,NA,NA,NA,NA,NA,NA,60,1,60,1,NA,NA,NA,2,NA,2,45,1,1,0,1,18,4,34,259.799987792969,1450.55004882812,1450.55004882812,affirmative_filter,age_7_plus
731-015067-A-0151,4,1,7,731-015067-A,711,282.952378060612,1,85421,3,NA,3,2,0,NA,NA,NA,NA,NA,NA,NA,NA,120,2,120,2,NA,NA,NA,2,NA,1,19,1,1,0,1,15,6,10,519.599975585938,1385.59997558594,1385.59997558594,affirmative_filter,age_7_plus
731-015437-A-0111,2,1,7,731-015437-A,711,637.534507289929,1,47113,3,NA,7,3,0,NA,NA,NA,NA,NA,NA,NA,NA,100,1,40,1,NA,NA,NA,2,NA,2,42,1,1,0,1,6,21,93,1212.40002441406,4202.10009765625,4202.10009765625,affirmative_filter,age_7_plus
731-015437-A-0291,1,1,7,731-015437-A,711,637.534507289929,1,56210,3,NA,6,4,0,NA,NA,NA,NA,NA,NA,NA,NA,250,1,120,1,NA,NA,NA,2,NA,2,37,1,1,0,1,8,24,64,3117.59985351562,5267.599609375,5267.599609375,affirmative_filter,age_7_plus
731-015437-A-0391,2,1,7,731-015437-A,711,637.534507289929,1,56102,3,NA,7,4,0,NA,NA,NA,NA,NA,NA,NA,NA,1000,2,400,2,NA,NA,NA,1,1,2,36,1,1,0,1,8,28,48,1732,7173,7173,affirmative_filter,age_7_plus
731-018883-A-0031,1,1,7,731-018883-A,711,706.401871179001,1,01612,1,4,6,7,0,4000,4,2,NA,2,NA,2,NA,NA,NA,NA,NA,NA,NA,NA,2,NA,1,32,1,1,0,1,0,42,72,4000,9250,9250,affirmative_filter,age_7_plus
731-018883-A-0271,1,1,7,731-018883-A,711,706.401871179001,1,5610,1,4,6,5,0,1000,4,2,NA,2,NA,2,NA,NA,NA,NA,NA,NA,NA,NA,2,NA,2,30,1,1,0,1,8,30,72,1000,4897,4897,affirmative_filter,age_7_plus
732-016777-A-0351,3,1,7,732-016777-A,712,826.551345110846,1,01136,6,NA,4,10,0,NA,NA,NA,NA,NA,NA,NA,NA,NA,NA,NA,NA,NA,NA,NA,2,NA,1,17,1,1,0,1,0,40,64,NA,1623.75,1623.75,affirmative_filter,age_7_plus
732-015001-A-0541,3,1,7,732-015001-A,712,355.688078838684,1,56101,1,4,3,4,0,50,1,2,NA,2,NA,2,NA,NA,NA,NA,NA,NA,NA,NA,2,NA,1,26,1,1,0,1,8,12,24,649.5,2165,2165,affirmative_filter,age_7_plus
732-015987-A-0021,1,1,7,732-015987-A,712,409.831708617461,1,01411,3,NA,2,8,0,NA,NA,NA,NA,NA,NA,NA,NA,6000,8,6000,8,NA,NA,NA,1,1,1,40,1,1,0,1,0,16,36,500,7158.33349609375,7158.33349609375,affirmative_filter,age_7_plus
732-018959-A-0061,2,1,7,732-018959-A,712,482.15495131466,1,47992,3,NA,2,1,0,NA,NA,NA,NA,NA,NA,NA,NA,1800,4,800,4,NA,NA,NA,1,2,2,37,1,1,0,1,6,2,20,800,5944.0400390625,5944.0400390625,affirmative_filter,age_7_plus
733-014879-A-0101,1,1,7,733-014879-A,713,310.743811568369,1,01136,3,NA,6,3,0,NA,NA,NA,NA,NA,NA,NA,NA,9000,7,8700,7,1,2,5,2,NA,1,53,1,1,0,1,0,18,48,1450,4294.81005859375,4294.81005859375,affirmative_filter,age_7_plus
742-022470-D-0261,1,2,7,742-022470-D,722,806.390983298121,1,11022,3,NA,3,4,0,NA,NA,NA,NA,NA,NA,NA,NA,300,2,240,2,NA,NA,NA,2,NA,2,33,1,1,0,1,2,12,52,1039.19995117188,2208.966796875,2242.30004882812,affirmative_filter,age_7_plus
742-022470-D-0511,2,2,7,742-022470-D,722,806.390983298121,1,10611,3,NA,1,2,0,NA,NA,NA,NA,NA,NA,NA,NA,50,1,50,1,NA,NA,NA,2,NA,2,47,1,1,0,1,2,2,11,216.5,801.049987792969,901.049987792969,affirmative_filter,age_7_plus
742-022470-D-0591,1,2,7,742-022470-D,722,806.390983298121,1,01111,3,NA,6,3,0,NA,NA,NA,NA,NA,NA,NA,NA,5000,7,2500,7,2,NA,NA,2,NA,1,23,1,1,0,1,0,18,53,416.666687011719,2148.66674804688,2148.66674804688,affirmative_filter,age_7_plus
742-023240-D-0091,1,2,7,742-023240-D,722,527.565793303886,1,01411,3,NA,1,3,0,NA,NA,NA,NA,NA,NA,NA,NA,10100,8,7200,8,NA,NA,NA,2,NA,1,60,1,1,0,1,0,3,47,600,5290,5290,affirmative_filter,age_7_plus
742-023240-D-0231,3,2,7,742-023240-D,722,527.565793303886,1,01612,3,NA,3,5,0,NA,NA,NA,NA,NA,NA,NA,NA,550,2,550,2,NA,NA,NA,2,NA,1,35,1,1,0,1,0,15,45,2381.5,5152.7001953125,5152.7001953125,affirmative_filter,age_7_plus
743-020421-A-0011,1,2,7,743-020421-A,723,823.777944268145,1,01111,3,NA,6,8,0,NA,NA,NA,NA,NA,NA,NA,NA,4000,8,2000,8,1,5,100,1,2,1,47,1,1,0,1,0,48,90,166.66667175293,653,653,affirmative_filter,age_7_plus
743-020421-A-0031,2,2,7,743-020421-A,723,823.777944268145,1,0111,3,NA,7,6,0,NA,NA,NA,NA,NA,NA,NA,NA,4000,8,1900,8,1,4,200,2,NA,1,37,1,1,0,1,0,42,84,158.333343505859,321.666687011719,321.666687011719,affirmative_filter,age_7_plus
743-020421-A-0141,1,2,7,743-020421-A,723,823.777944268145,1,01411,3,NA,7,2,0,NA,NA,NA,NA,NA,NA,NA,NA,4000,8,4000,8,2,NA,NA,2,NA,1,39,1,1,0,1,0,14,28,333.333343505859,1533.33337402344,1583.33337402344,affirmative_filter,age_7_plus
743-021164-D-0051,2,2,7,743-021164-D,723,214.52550631983,1,56101,3,NA,1,4,0,NA,NA,NA,NA,NA,NA,NA,NA,150,1,70,1,NA,NA,NA,2,NA,2,51,1,1,0,1,8,4,8,303.100006103516,2175.30004882812,2407.30004882812,affirmative_filter,age_7_plus
743-021228-D-0101,3,2,7,743-021228-D,723,1615.87212144905,1,47,6,NA,3,2,0,NA,NA,NA,NA,NA,NA,NA,NA,NA,NA,NA,NA,NA,NA,NA,2,NA,2,15,1,1,0,1,6,6,15,NA,NA,0,affirmative_filter,age_7_plus
743-021228-D-0101,4,2,7,743-021228-D,723,1615.87212144905,1,23920,6,NA,2,4,0,NA,NA,NA,NA,NA,NA,NA,NA,NA,NA,NA,NA,NA,NA,NA,2,NA,2,13,0,1,0,1,2,8,20,NA,NA,0,affirmative_filter,age_7_plus
743-020044-A-0031,1,2,7,743-020044-A,723,390.210605179648,1,47,3,NA,7,3,0,NA,NA,NA,NA,NA,NA,NA,NA,48,1,48,1,NA,NA,NA,2,NA,1,37,1,1,0,1,6,21,77,1454.88000488281,3473.47998046875,3473.47998046875,affirmative_filter,age_7_plus
743-020044-A-0081,1,2,7,743-020044-A,723,390.210605179648,1,10711,3,NA,3,5,0,NA,NA,NA,NA,NA,NA,NA,NA,310,1,40,1,NA,NA,NA,2,NA,2,56,1,1,0,1,2,15,106,519.599975585938,2732.22998046875,2732.22998046875,affirmative_filter,age_7_plus
744-019955-A-0031,2,2,7,744-019955-A,724,705.605489749869,1,01220,4,NA,6,4,0,NA,NA,NA,NA,NA,NA,NA,NA,20000,8,13000,8,1,2,10,2,NA,1,63,1,1,0,1,0,24,48,1083.33337402344,5466.6669921875,5875.83349609375,affirmative_filter,age_7_plus
744-020299-A-0031,1,2,7,744-020299-A,724,617.404803531135,1,46202,3,NA,1,3,0,NA,NA,NA,NA,NA,NA,NA,NA,1170,2,360,2,NA,NA,NA,2,NA,2,27,1,1,0,1,6,3,51,1558.79992675781,6754.7998046875,6754.7998046875,affirmative_filter,age_7_plus
744-020299-A-0041,2,2,7,744-020299-A,724,617.404803531135,1,47113,3,NA,7,7,0,NA,NA,NA,NA,NA,NA,NA,NA,4000,2,2000,2,NA,NA,NA,1,1,2,43,1,1,0,1,6,49,79,8660,14626,14626,affirmative_filter,age_7_plus
744-020299-A-0041,3,2,7,744-020299-A,724,617.404803531135,1,47113,6,NA,2,12,0,NA,NA,NA,NA,NA,NA,NA,NA,NA,NA,NA,NA,NA,NA,NA,2,NA,2,22,1,1,0,1,6,24,30,NA,1186.419921875,1186.419921875,affirmative_filter,age_7_plus
744-020299-A-0061,1,2,7,744-020299-A,724,617.404803531135,1,49222,3,NA,3,8,0,NA,NA,NA,NA,NA,NA,NA,NA,350,2,300,2,NA,NA,NA,2,NA,1,39,1,1,0,1,7,24,60,1299,9227.23046875,9227.23046875,affirmative_filter,age_7_plus
744-020224-A-0111,1,2,7,744-020224-A,724,666.405184763766,1,01413,3,NA,7,1,0,NA,NA,NA,NA,NA,NA,NA,NA,12,1,12,1,2,NA,NA,2,NA,1,72,1,1,0,1,0,7,19,363.720001220703,883.319946289062,1277.48657226562,affirmative_filter,age_7_plus
744-022041-D-0151,1,2,7,744-022041-D,724,560.12504753851,1,01111,1,4,5,4,0,80,1,2,NA,1,20,2,NA,NA,NA,NA,NA,NA,NA,NA,2,NA,1,44,1,1,0,1,0,20,44,1733.66662597656,4764.66650390625,4764.66650390625,affirmative_filter,age_7_plus
744-022041-D-0581,1,2,7,744-022041-D,724,560.12504753851,1,01411,3,NA,6,4,0,NA,NA,NA,NA,NA,NA,NA,NA,17400,6,15900,6,1,5,40,2,NA,1,67,1,1,0,1,0,24,96,5300,8550,8550,affirmative_filter,age_7_plus
744-022041-D-0691,1,2,7,744-022041-D,724,560.12504753851,1,01413,3,NA,6,2,0,NA,NA,NA,NA,NA,NA,NA,NA,3500,4,3000,4,1,1,12,2,NA,1,54,1,1,0,1,0,12,84,3000,8990,8990,affirmative_filter,age_7_plus
744-022041-D-0801,1,2,7,744-022041-D,724,560.12504753851,1,01413,3,NA,6,4,0,NA,NA,NA,NA,NA,NA,NA,NA,3000,4,2500,4,1,1,6,2,NA,1,53,1,1,0,1,0,24,84,2500,8278,8278,affirmative_filter,age_7_plus
744-022041-D-1011,1,2,7,744-022041-D,724,560.12504753851,1,01413,3,NA,7,4,0,NA,NA,NA,NA,NA,NA,NA,NA,4000,4,3000,4,1,8,11000,2,NA,1,46,1,1,0,1,0,28,88,3000,7000,7000,affirmative_filter,age_7_plus
744-022041-D-1121,3,2,7,744-022041-D,724,560.12504753851,1,01413,6,NA,7,2,0,NA,NA,NA,NA,NA,NA,NA,NA,NA,NA,NA,NA,NA,NA,NA,2,NA,1,16,1,1,0,1,0,14,74,NA,4156.7998046875,4156.7998046875,affirmative_filter,age_7_plus
744-022041-D-1231,1,2,7,744-022041-D,724,560.12504753851,1,01413,3,NA,7,2,0,NA,NA,NA,NA,NA,NA,NA,NA,4000,4,2500,4,1,8,10830,2,NA,1,42,1,1,0,1,0,14,62,2500,8597,8597,affirmative_filter,age_7_plus
744-022041-D-1231,2,2,7,744-022041-D,724,560.12504753851,1,01413,6,NA,7,1,0,NA,NA,NA,NA,NA,NA,NA,NA,NA,NA,NA,NA,NA,NA,NA,2,NA,2,40,1,1,0,1,0,7,9,NA,1299,1299,affirmative_filter,age_7_plus
744-022041-D-1231,4,2,7,744-022041-D,724,560.12504753851,1,01413,6,NA,4,3,0,NA,NA,NA,NA,NA,NA,NA,NA,NA,NA,NA,NA,NA,NA,NA,2,NA,1,18,1,1,0,1,0,12,60,NA,NA,0,affirmative_filter,age_7_plus
751-022373-D-0041,1,2,7,751-022373-D,721,642.679709706371,1,01111,3,NA,7,7,0,NA,NA,NA,NA,NA,NA,NA,NA,7000,8,4000,8,1,4,90,1,2,1,54,1,1,0,1,0,49,74,333.333343505859,1485.33337402344,1485.33337402344,affirmative_filter,age_7_plus
751-022373-D-0041,2,2,7,751-022373-D,721,642.679709706371,1,014,6,NA,5,5,0,NA,NA,NA,NA,NA,NA,NA,NA,NA,NA,NA,NA,NA,NA,NA,2,NA,2,66,1,1,0,1,0,25,29,NA,433,812.166625976562,affirmative_filter,age_7_plus
751-022373-D-0071,1,2,7,751-022373-D,721,642.679709706371,1,01411,3,NA,5,4,0,NA,NA,NA,NA,NA,NA,NA,NA,32000,8,15000,8,2,NA,NA,2,NA,1,49,1,1,0,1,0,20,68,1250,2480,2480,affirmative_filter,age_7_plus
751-022373-D-0121,1,2,7,751-022373-D,721,642.679709706371,1,01111,3,NA,6,6,0,NA,NA,NA,NA,NA,NA,NA,NA,3000,8,0,NA,2,NA,NA,2,NA,1,62,1,1,0,1,0,36,61,NA,1263.33337402344,1642.5,affirmative_filter,age_7_plus
751-022373-D-0121,3,2,7,751-022373-D,721,642.679709706371,1,01411,3,NA,6,2,0,NA,NA,NA,NA,NA,NA,NA,NA,4000,8,2000,8,2,NA,NA,2,NA,1,37,1,1,0,1,0,12,72,166.66667175293,320.833343505859,320.833343505859,affirmative_filter,age_7_plus
751-022373-D-0161,1,2,7,751-022373-D,721,642.679709706371,1,01111,3,NA,6,6,0,NA,NA,NA,NA,NA,NA,NA,NA,0,NA,0,NA,2,NA,NA,2,NA,1,41,1,1,0,1,0,36,46,NA,1766.66674804688,1766.66674804688,affirmative_filter,age_7_plus
751-022373-D-0191,1,2,7,751-022373-D,721,642.679709706371,1,011,6,NA,3,2,0,NA,NA,NA,NA,NA,NA,NA,NA,NA,NA,NA,NA,NA,NA,NA,2,NA,1,83,1,1,0,1,0,6,34,NA,247.333343505859,1011.5,affirmative_filter,age_7_plus
751-022373-D-0191,2,2,7,751-022373-D,721,642.679709706371,1,01411,6,NA,6,2,0,NA,NA,NA,NA,NA,NA,NA,NA,NA,NA,NA,NA,NA,NA,NA,2,NA,2,63,1,1,0,1,0,12,33,NA,166.66667175293,717.5,affirmative_filter,age_7_plus
751-022170-D-0091,3,2,7,751-022170-D,721,112.208403370356,1,01113,6,NA,2,10,0,NA,NA,NA,NA,NA,NA,NA,NA,NA,NA,NA,NA,NA,NA,NA,2,NA,1,32,1,1,0,1,0,20,52,NA,NA,0,affirmative_filter,age_7_plus
751-022170-D-0091,7,2,7,751-022170-D,721,112.208403370356,1,01113,6,NA,2,8,0,NA,NA,NA,NA,NA,NA,NA,NA,NA,NA,NA,NA,NA,NA,NA,2,NA,1,31,1,1,0,1,0,16,48,NA,1166.66674804688,1166.66674804688,affirmative_filter,age_7_plus
751-022170-D-0121,1,2,7,751-022170-D,721,112.208403370356,1,46201,4,NA,2,5,0,NA,NA,NA,NA,NA,NA,NA,NA,340000,7,105000,7,NA,NA,NA,2,NA,1,35,1,1,0,1,6,10,50,17500,17500,20416.666015625,affirmative_filter,age_7_plus
751-023656-D-0061,1,2,7,751-023656-D,721,218.511101300166,1,47733,1,4,5,8,0,5000,4,2,NA,2,NA,2,NA,NA,NA,NA,NA,NA,NA,NA,2,NA,1,39,1,1,0,1,6,40,76,5000,16600,16600,affirmative_filter,age_7_plus
751-022971-D-0021,1,2,7,751-022971-D,721,2156.35955230427,1,478,3,NA,6,4,0,NA,NA,NA,NA,NA,NA,NA,NA,300,1,100,1,NA,NA,NA,2,NA,2,46,1,1,0,1,6,24,52,2598,5214.6669921875,5214.6669921875,affirmative_filter,age_7_plus
751-022971-D-0211,2,2,7,751-022971-D,721,2156.35955230427,1,01,6,NA,7,8,0,NA,NA,NA,NA,NA,NA,NA,NA,NA,NA,NA,NA,NA,NA,NA,2,NA,2,63,1,1,0,1,0,56,112,NA,939.609985351562,1318.77661132812,affirmative_filter,age_7_plus
752-022597-D-0031,1,2,7,752-022597-D,722,435.451130980985,1,012,3,NA,6,10,0,NA,NA,NA,NA,NA,NA,NA,NA,6000,8,3000,8,1,8,200,2,NA,1,54,1,1,0,1,0,60,88,250,1061.66674804688,1061.66674804688,affirmative_filter,age_7_plus
752-022597-D-0051,1,2,7,752-022597-D,722,435.451130980985,1,014,3,NA,5,2,0,NA,NA,NA,NA,NA,NA,NA,NA,10000,8,5000,8,2,NA,NA,2,NA,1,65,1,1,0,1,0,10,64,416.666687011719,1233.33337402344,1622.5,affirmative_filter,age_7_plus
752-022597-D-0081,1,2,7,752-022597-D,722,435.451130980985,1,014,3,NA,2,2,0,NA,NA,NA,NA,NA,NA,NA,NA,0,NA,0,NA,1,4,40,1,2,1,28,1,1,0,1,0,4,52,NA,750,750,affirmative_filter,age_7_plus
752-022597-D-0091,1,2,7,752-022597-D,722,435.451130980985,1,014,3,NA,1,2,0,NA,NA,NA,NA,NA,NA,NA,NA,0,NA,0,NA,1,2,50,2,NA,1,63,1,1,0,1,0,2,42,NA,341.666687011719,720.833374023438,affirmative_filter,age_7_plus
752-022597-D-0101,1,2,7,752-022597-D,722,435.451130980985,1,01240,3,NA,1,2,0,NA,NA,NA,NA,NA,NA,NA,NA,0,NA,0,NA,2,NA,NA,2,NA,2,32,1,1,0,1,0,2,50,NA,1389.69995117188,1516.36657714844,affirmative_filter,age_7_plus
752-022597-D-0111,1,2,7,752-022597-D,722,435.451130980985,1,01500,3,NA,7,2,0,NA,NA,NA,NA,NA,NA,NA,NA,0,NA,0,NA,2,NA,NA,2,NA,1,46,1,1,0,1,0,14,30,NA,866,866,affirmative_filter,age_7_plus
752-022597-D-0121,2,2,7,752-022597-D,722,435.451130980985,1,01500,3,NA,6,4,0,NA,NA,NA,NA,NA,NA,NA,NA,0,NA,0,NA,1,8,1000,2,NA,1,65,1,1,0,1,0,24,52,NA,141.66667175293,574.166687011719,affirmative_filter,age_7_plus
752-021271-D-0011,1,2,7,752-021271-D,722,225.789475323474,1,01111,1,4,3,8,0,80,1,2,NA,2,NA,2,NA,NA,NA,NA,NA,NA,NA,NA,2,NA,1,46,1,1,0,1,0,24,48,1039.19995117188,2489.19995117188,2489.19995117188,affirmative_filter,age_7_plus
752-021271-D-0071,1,2,7,752-021271-D,722,225.789475323474,1,02201,3,NA,2,5,0,NA,NA,NA,NA,NA,NA,NA,NA,500,1,300,1,NA,NA,NA,2,NA,1,28,1,1,0,1,0,10,70,2598,4763,4763,affirmative_filter,age_7_plus
752-021917-D-0091,1,2,7,752-021917-D,722,287.1453110092,1,43304,3,NA,3,8,0,NA,NA,NA,NA,NA,NA,NA,NA,220,2,220,2,NA,NA,NA,2,NA,1,46,1,1,0,1,5,24,54,952.599975585938,2511.39990234375,2611.39990234375,affirmative_filter,age_7_plus
753-022844-D-0241,1,2,7,753-022844-D,723,787.43479966808,1,01611,3,NA,3,8,0,NA,NA,NA,NA,NA,NA,NA,NA,100,1,100,1,NA,NA,NA,2,NA,1,40,1,1,0,1,0,24,51,1299,4286.7001953125,4286.7001953125,affirmative_filter,age_7_plus
754-022591-D-0111,1,2,7,754-022591-D,724,1232.71789118357,1,47,3,NA,5,1,0,NA,NA,NA,NA,NA,NA,NA,NA,2000,2,400,2,NA,NA,NA,1,1,2,32,1,1,0,1,6,5,49,1732,6244.33349609375,6244.33349609375,affirmative_filter,age_7_plus
754-022591-D-0151,1,2,7,754-022591-D,724,1232.71789118357,1,01411,3,NA,7,5,0,NA,NA,NA,NA,NA,NA,NA,NA,7000,8,6900,8,1,2,10,2,NA,1,66,1,1,0,1,0,35,77,575,1408.33337402344,1817.5,affirmative_filter,age_7_plus
754-022591-D-0371,1,2,7,754-022591-D,724,1232.71789118357,1,014,3,NA,2,2,0,NA,NA,NA,NA,NA,NA,NA,NA,10000,8,8500,8,2,NA,NA,2,NA,1,46,1,1,0,1,0,4,58,708.333374023438,2045.83337402344,2045.83337402344,affirmative_filter,age_7_plus
754-022591-D-0371,3,2,7,754-022591-D,724,1232.71789118357,1,014,6,NA,7,2,0,NA,NA,NA,NA,NA,NA,NA,NA,NA,NA,NA,NA,NA,NA,NA,2,NA,1,24,1,1,0,1,0,14,62,NA,NA,0,affirmative_filter,age_7_plus
754-022591-D-0501,1,2,7,754-022591-D,724,1232.71789118357,1,01612,3,NA,4,4,0,NA,NA,NA,NA,NA,NA,NA,NA,920,1,920,1,2,NA,NA,2,NA,1,38,1,1,0,1,0,16,76,15934.3994140625,17167.732421875,17167.732421875,affirmative_filter,age_7_plus
813-000455-A-0021,1,1,8,813-000455-A,813,345.823546484463,1,43210,3,NA,2,3,30,NA,NA,NA,NA,NA,NA,NA,NA,200,1,150,1,NA,NA,NA,2,NA,1,40,1,1,0,1,5,7,39.5,1299,3303.7900390625,3303.7900390625,affirmative_filter,age_7_plus
813-000479-A-0121,1,1,8,813-000479-A,813,219.02157944016,1,77100,3,NA,3,2,15,NA,NA,NA,NA,NA,NA,NA,NA,750,2,750,2,NA,NA,NA,1,1,1,42,1,1,0,1,13,6.75,46.75,3247.5,9147.5,9147.5,affirmative_filter,age_7_plus
813-000479-A-0221,1,1,8,813-000479-A,813,219.02157944016,1,10712,3,NA,2,3,30,NA,NA,NA,NA,NA,NA,NA,NA,100,3,50,3,NA,NA,NA,2,NA,2,43,1,1,0,1,2,7,18.25,108.25,757.75,757.75,affirmative_filter,age_7_plus
814-000657-A-0461,1,1,8,814-000657-A,814,243.96947746773,1,47911,3,NA,2,6,30,NA,NA,NA,NA,NA,NA,NA,NA,80,2,80,2,NA,NA,NA,2,NA,2,23,1,1,0,1,6,13,56.75,346.399993896484,2686.09985351562,3336.09985351562,affirmative_filter,age_7_plus
821-002283-A-0111,2,1,8,821-002283-A,811,245.530987682968,1,96010,3,NA,2,4,15,NA,NA,NA,NA,NA,NA,NA,NA,50,1,50,1,NA,NA,NA,2,NA,2,22,1,1,0,1,18,8.5,17,433,779.400024414062,779.400024414062,affirmative_filter,age_7_plus
821-002299-A-0061,3,1,8,821-002299-A,811,381.937091951284,1,49222,3,NA,3,4,15,NA,NA,NA,NA,NA,NA,NA,NA,70,1,50,1,NA,NA,NA,2,NA,1,22,1,1,0,1,7,12.75,25.5,649.5,649.5,649.5,affirmative_filter,age_7_plus
821-002299-A-0141,1,1,8,821-002299-A,811,381.937091951284,1,96010,3,NA,3,4,15,NA,NA,NA,NA,NA,NA,NA,NA,100,1,100,1,NA,NA,NA,2,NA,2,52,1,1,0,1,18,12.75,38.25,1299,2799,2799,affirmative_filter,age_7_plus
821-002299-A-0171,1,1,8,821-002299-A,811,381.937091951284,1,49222,3,NA,7,4,15,NA,NA,NA,NA,NA,NA,NA,NA,40,1,30,1,NA,NA,NA,1,1,1,34,1,1,0,1,7,29.75,51,909.299987792969,6917.6328125,6917.6328125,affirmative_filter,age_7_plus
821-002299-A-0191,1,1,8,821-002299-A,811,381.937091951284,1,492,3,NA,2,4,15,NA,NA,NA,NA,NA,NA,NA,NA,150,1,100,1,NA,NA,NA,1,1,1,47,1,1,0,1,7,8.5,31,866,5827.66650390625,5852.66650390625,affirmative_filter,age_7_plus
822-002971-A-0011,1,1,8,822-002971-A,812,140.627562210393,1,56101,1,4,2,4,0,40,1,2,NA,2,NA,2,NA,NA,NA,NA,NA,NA,NA,NA,2,NA,2,41,1,1,0,1,8,8,32,346.399993896484,1212.40002441406,1212.40002441406,affirmative_filter,age_7_plus
822-001323-A-0081,1,1,8,822-001323-A,812,119.917646775831,1,74201,3,NA,6,5,45,NA,NA,NA,NA,NA,NA,NA,NA,3000,4,2000,4,NA,NA,NA,1,1,1,44,1,1,0,1,12,34.5,78.25,2000,11458.3330078125,11458.3330078125,affirmative_filter,age_7_plus
823-001681-A-0271,1,1,8,823-001681-A,813,267.158190306129,1,49222,3,NA,7,5,45,NA,NA,NA,NA,NA,NA,NA,NA,40,1,20,1,NA,NA,NA,2,NA,1,24,1,1,0,1,7,40.25,101.5,606.200012207031,2727.89990234375,2727.89990234375,affirmative_filter,age_7_plus
843-003414-A-0161,1,2,8,843-003414-A,823,315.160249461871,1,45403,3,NA,2,3,0,NA,NA,NA,NA,NA,NA,NA,NA,600,2,600,2,NA,NA,NA,2,NA,1,29,1,1,0,1,6,6,30,2598,5196,5196,affirmative_filter,age_7_plus
843-003414-A-0261,3,2,8,843-003414-A,823,315.160249461871,1,11022,3,NA,2,5,15,NA,NA,NA,NA,NA,NA,NA,NA,100,1,50,1,NA,NA,NA,2,NA,2,58,1,1,0,1,2,10.5,46.75,433,2598,2598,affirmative_filter,age_7_plus
852-003815-D-0061,1,2,8,852-003815-D,822,279.542196214855,1,01111,1,4,6,3,15,2500,7,2,NA,2,NA,2,NA,NA,NA,NA,NA,NA,NA,NA,2,NA,1,23,1,1,0,1,0,19.5,72,416.666687011719,2766.66674804688,2966.66674804688,affirmative_filter,age_7_plus
852-003815-D-0061,2,2,8,852-003815-D,822,279.542196214855,1,01111,1,4,6,3,15,2000,7,2,NA,2,NA,2,NA,NA,NA,NA,NA,NA,NA,NA,2,NA,1,35,1,1,0,1,0,19.5,60,333.333343505859,3233.33325195312,3233.33325195312,affirmative_filter,age_7_plus
852-003815-D-0081,1,2,8,852-003815-D,822,279.542196214855,1,80101,1,4,7,8,15,1000,3,2,NA,2,NA,2,NA,NA,NA,NA,NA,NA,NA,NA,2,NA,1,23,1,1,0,1,13,57.75,110.25,2165,5698.33349609375,5698.33349609375,affirmative_filter,age_7_plus
852-003815-D-0091,1,2,8,852-003815-D,822,279.542196214855,1,01111,3,NA,6,4,45,NA,NA,NA,NA,NA,NA,NA,NA,2500,6,2000,6,2,NA,NA,2,NA,1,33,1,1,0,1,0,28.5,66,666.666687011719,2164.16674804688,3164.16674804688,affirmative_filter,age_7_plus
852-003876-D-0101,2,2,8,852-003876-D,822,318.753997493862,1,01,6,NA,6,5,45,NA,NA,NA,NA,NA,NA,NA,NA,NA,NA,NA,NA,NA,NA,NA,2,NA,1,26,1,1,0,1,0,34.5,64.5,NA,2338.19995117188,2354.86669921875,affirmative_filter,age_7_plus
852-003876-D-0171,2,2,8,852-003876-D,822,318.753997493862,1,47113,3,NA,6,8,45,NA,NA,NA,NA,NA,NA,NA,NA,5000,4,1500,4,NA,NA,NA,2,NA,2,72,1,1,0,1,6,52.5,84,1500,3257.97998046875,3648.81323242188,affirmative_filter,age_7_plus
852-003325-A-0061,1,2,8,852-003325-A,822,161.446829899489,1,01611,3,NA,1,6,30,NA,NA,NA,NA,NA,NA,NA,NA,200,3,200,3,NA,NA,NA,2,NA,1,58,1,1,0,1,0,6.5,47,433,1266.33337402344,1266.33337402344,affirmative_filter,age_7_plus
852-003325-A-0061,2,2,8,852-003325-A,822,161.446829899489,1,96010,3,NA,2,4,15,NA,NA,NA,NA,NA,NA,NA,NA,50,1,50,1,NA,NA,NA,2,NA,2,48,1,1,0,1,18,8.5,49,433,433,433,affirmative_filter,age_7_plus
852-003873-D-0011,1,2,8,852-003873-D,822,287.764025515292,1,01220,3,NA,1,8,0,NA,NA,NA,NA,NA,NA,NA,NA,5000,6,5000,6,NA,NA,NA,2,NA,1,28,1,1,0,1,0,8,64,1666.66674804688,3268.7666015625,3268.7666015625,affirmative_filter,age_7_plus
852-003873-D-0091,1,2,8,852-003873-D,822,287.764025515292,1,01220,3,NA,7,8,0,NA,NA,NA,NA,NA,NA,NA,NA,6000,7,6000,7,NA,NA,NA,2,NA,1,49,1,1,0,1,0,56,104,1000,2483.33349609375,2483.33349609375,affirmative_filter,age_7_plus
852-003873-D-0121,2,2,8,852-003873-D,822,287.764025515292,1,01111,6,NA,5,4,15,NA,NA,NA,NA,NA,NA,NA,NA,NA,NA,NA,NA,NA,NA,NA,2,NA,2,42,1,1,0,1,0,21.25,58,NA,1166.66674804688,1166.66674804688,affirmative_filter,age_7_plus
852-003873-D-0151,1,2,8,852-003873-D,822,287.764025515292,1,01140,3,NA,5,4,15,NA,NA,NA,NA,NA,NA,NA,NA,150,1,120,1,1,4,30,2,NA,2,67,1,1,0,1,0,21.25,58,2598,6235.2001953125,7731.86669921875,affirmative_filter,age_7_plus
853-004185-D-0011,1,2,8,853-004185-D,823,129.381576094873,1,01111,6,NA,2,4,30,NA,NA,NA,NA,NA,NA,NA,NA,NA,NA,NA,NA,NA,NA,NA,2,NA,1,52,1,1,0,1,0,9,49,NA,3741.66674804688,3741.66674804688,affirmative_filter,age_7_plus
911-000041-A-0021,1,1,9,911-000041-A,911,67.6666743741641,1,49222,3,NA,6,2,0,NA,NA,NA,NA,NA,NA,NA,NA,80,1,40,1,NA,NA,NA,2,NA,1,26,1,1,0,1,7,12,72,1039.19995117188,6715.666015625,6715.666015625,affirmative_filter,age_7_plus
911-000056-A-0241,1,1,9,911-000056-A,911,219.916691716033,1,81210,3,NA,3,2,0,NA,NA,NA,NA,NA,NA,NA,NA,120,2,100,2,NA,NA,NA,2,NA,2,23,1,1,0,1,13,6,42,433,1033,1033,affirmative_filter,age_7_plus
911-000056-A-0351,1,1,9,911-000056-A,911,219.916691716033,1,25110,3,NA,1,3,0,NA,NA,NA,NA,NA,NA,NA,NA,200,4,200,4,NA,NA,NA,1,2,1,47,1,1,0,1,2,3,87,200,4080,4080,affirmative_filter,age_7_plus
911-000056-A-0401,6,1,9,911-000056-A,911,219.916691716033,1,90003,1,4,1,6,0,250,2,2,NA,2,NA,2,NA,NA,NA,NA,NA,NA,NA,NA,2,NA,2,41,1,1,0,1,17,6,66,1082.5,4598,4598,affirmative_filter,age_7_plus
911-000058-A-0241,1,1,9,911-000058-A,911,145.000016516066,1,74102,3,NA,3,1,0,NA,NA,NA,NA,NA,NA,NA,NA,600,4,580,4,NA,NA,NA,1,2,2,28,1,1,0,1,12,3,43,580,4820,4820,affirmative_filter,age_7_plus
911-000083-A-0031,1,1,9,911-000083-A,911,85.2600097114468,1,43210,3,NA,1,4,0,NA,NA,NA,NA,NA,NA,NA,NA,100,1,100,1,NA,NA,NA,2,NA,1,55,1,1,0,1,5,4,19,433,1255.69995117188,1339.03332519531,affirmative_filter,age_7_plus
911-000083-A-0181,1,1,9,911-000083-A,911,85.2600097114468,1,93213,1,4,7,6,0,300,2,2,NA,2,NA,2,NA,NA,NA,NA,NA,NA,NA,NA,2,NA,1,29,1,1,0,1,17,42,82,1299,5229.5,5229.5,affirmative_filter,age_7_plus
911-000096-A-0101,5,1,9,911-000096-A,911,88.8125101160904,1,49222,3,NA,3,4,0,NA,NA,NA,NA,NA,NA,NA,NA,30,1,20,1,NA,NA,NA,2,NA,1,34,1,1,0,1,7,12,75,259.799987792969,1679.80004882812,1679.80004882812,affirmative_filter,age_7_plus
911-000096-A-0111,1,1,9,911-000096-A,911,88.8125101160904,1,47,3,NA,1,2,0,NA,NA,NA,NA,NA,NA,NA,NA,100,2,100,2,NA,NA,NA,2,NA,1,37,1,1,0,1,6,2,18,433,983,983,affirmative_filter,age_7_plus
911-000096-A-0131,1,1,9,911-000096-A,911,88.8125101160904,1,31001,3,NA,1,2,0,NA,NA,NA,NA,NA,NA,NA,NA,200,4,200,4,NA,NA,NA,2,NA,1,32,1,1,0,1,2,2,50,200,2365,2365,affirmative_filter,age_7_plus
911-000096-A-0131,2,1,9,911-000096-A,911,88.8125101160904,1,81210,3,NA,1,7,0,NA,NA,NA,NA,NA,NA,NA,NA,100,2,100,2,NA,NA,NA,2,NA,2,23,1,1,0,1,13,7,55,433,3212.85986328125,3212.85986328125,affirmative_filter,age_7_plus
911-000096-A-0151,1,1,9,911-000096-A,911,88.8125101160904,1,47113,3,NA,1,6,0,NA,NA,NA,NA,NA,NA,NA,NA,700,2,100,2,NA,NA,NA,1,2,2,31,1,1,0,1,6,6,78,433,2133,2383,affirmative_filter,age_7_plus
911-000096-A-0171,1,1,9,911-000096-A,911,88.8125101160904,1,69200,3,NA,1,4,0,NA,NA,NA,NA,NA,NA,NA,NA,200,2,180,2,NA,NA,NA,1,1,2,49,1,1,0,1,12,4,44,779.399963378906,5162.7333984375,5162.7333984375,affirmative_filter,age_7_plus
911-000096-A-0201,1,1,9,911-000096-A,911,88.8125101160904,1,85491,3,NA,4,2,0,NA,NA,NA,NA,NA,NA,NA,NA,400,4,300,4,NA,NA,NA,2,NA,1,33,1,1,0,1,15,8,48,300,2843.30004882812,2876.63330078125,affirmative_filter,age_7_plus
912-000108-A-0051,1,1,9,912-000108-A,912,77.3041469835934,1,56301,3,NA,2,5,0,NA,NA,NA,NA,NA,NA,NA,NA,200,1,80,1,NA,NA,NA,1,2,2,52,1,1,0,1,8,10,30,692.799987792969,4156.7998046875,4156.7998046875,affirmative_filter,age_7_plus
912-000108-A-0061,1,1,9,912-000108-A,912,77.3041469835934,1,56103,3,NA,2,5,0,NA,NA,NA,NA,NA,NA,NA,NA,250,1,100,1,NA,NA,NA,2,NA,2,34,1,1,0,1,8,10,66,866,6928,6928,affirmative_filter,age_7_plus
912-000108-A-0061,2,1,9,912-000108-A,912,77.3041469835934,1,56103,6,NA,2,4,0,NA,NA,NA,NA,NA,NA,NA,NA,NA,NA,NA,NA,NA,NA,NA,2,NA,2,16,1,1,0,1,8,8,20,NA,1299,1399,affirmative_filter,age_7_plus
912-000108-A-0061,3,1,9,912-000108-A,912,77.3041469835934,1,17091,6,NA,3,2,0,NA,NA,NA,NA,NA,NA,NA,NA,NA,NA,NA,NA,NA,NA,NA,2,NA,2,13,0,1,0,1,2,6,14,NA,NA,100,affirmative_filter,age_7_plus
912-000108-A-0061,7,1,9,912-000108-A,912,77.3041469835934,1,56103,6,NA,2,3,0,NA,NA,NA,NA,NA,NA,NA,NA,NA,NA,NA,NA,NA,NA,NA,2,NA,1,20,1,1,0,1,8,6,41,NA,NA,0,affirmative_filter,age_7_plus
912-000108-A-0111,1,1,9,912-000108-A,912,77.3041469835934,1,25110,3,NA,2,8,0,NA,NA,NA,NA,NA,NA,NA,NA,2000,3,400,3,NA,NA,NA,2,NA,1,37,1,1,0,1,2,16,76,866,3355.75,3355.75,affirmative_filter,age_7_plus
912-000118-A-0031,2,1,9,912-000118-A,912,70.8621347349606,1,47593,6,NA,3,4,0,NA,NA,NA,NA,NA,NA,NA,NA,NA,NA,NA,NA,NA,NA,NA,1,1,1,25,1,1,0,1,6,12,52,NA,4883.33349609375,4883.33349609375,affirmative_filter,age_7_plus
912-000137-A-0011,1,1,9,912-000137-A,912,96.6301837294917,1,56103,6,NA,5,4,0,NA,NA,NA,NA,NA,NA,NA,NA,NA,NA,NA,NA,NA,NA,NA,2,NA,1,42,1,1,0,1,8,20,68,NA,1688.69995117188,1688.69995117188,affirmative_filter,age_7_plus
912-000137-A-0061,1,1,9,912-000137-A,912,96.6301837294917,1,11042,2,4,6,3,0,2000,4,2,NA,2,NA,2,NA,NA,NA,NA,NA,NA,NA,NA,1,1,1,40,1,1,0,1,2,18,72,2000,11035,11035,affirmative_filter,age_7_plus
912-000137-A-0111,1,1,9,912-000137-A,912,96.6301837294917,1,49222,3,NA,2,3,0,NA,NA,NA,NA,NA,NA,NA,NA,100,1,85,1,NA,NA,NA,2,NA,1,31,1,1,0,1,7,6,54,736.099975585938,4416.60009765625,4416.60009765625,affirmative_filter,age_7_plus
912-000137-A-0121,4,1,9,912-000137-A,912,96.6301837294917,1,14101,6,NA,3,3,0,NA,NA,NA,NA,NA,NA,NA,NA,NA,NA,NA,NA,NA,NA,NA,2,NA,2,20,1,1,0,1,2,9,29,NA,2400,2487.5,affirmative_filter,age_7_plus
912-000137-A-0141,1,1,9,912-000137-A,912,96.6301837294917,1,49222,3,NA,5,3,0,NA,NA,NA,NA,NA,NA,NA,NA,400,2,250,2,NA,NA,NA,2,NA,1,34,1,1,0,1,7,15,55,1082.5,6062,6062,affirmative_filter,age_7_plus
912-000137-A-0191,1,1,9,912-000137-A,912,96.6301837294917,1,49222,3,NA,2,5,0,NA,NA,NA,NA,NA,NA,NA,NA,120,1,100,1,NA,NA,NA,1,1,1,49,1,1,0,1,7,10,50,866,4466,4466,affirmative_filter,age_7_plus
912-000192-A-0011,1,1,9,912-000192-A,912,47.4054558759343,1,74103,1,4,3,5,0,250,2,2,NA,2,NA,2,NA,NA,NA,NA,NA,NA,NA,NA,1,2,2,44,1,1,0,1,12,15,57.5,1082.5,3882.5,3882.5,affirmative_filter,age_7_plus
912-000192-A-0021,1,1,9,912-000192-A,912,47.4054558759343,1,56210,3,NA,2,4,0,NA,NA,NA,NA,NA,NA,NA,NA,200,2,40,2,NA,NA,NA,2,NA,2,36,1,1,0,1,8,8,35.5,173.199996948242,2771.19995117188,2771.19995117188,affirmative_filter,age_7_plus
912-000192-A-0031,4,1,9,912-000192-A,912,47.4054558759343,1,45403,3,NA,2,5,0,NA,NA,NA,NA,NA,NA,NA,NA,150,2,90,2,NA,NA,NA,2,NA,1,20,1,1,0,1,6,10,66,389.699981689453,2814.5,2814.5,affirmative_filter,age_7_plus
912-000215-A-0071,1,1,9,912-000215-A,912,109.514208226757,1,10502,3,NA,1,3,0,NA,NA,NA,NA,NA,NA,NA,NA,60,2,30,2,NA,NA,NA,2,NA,2,41,1,1,0,1,2,3,19,129.899993896484,1861.90002441406,1861.90002441406,affirmative_filter,age_7_plus
912-000215-A-0111,1,1,9,912-000215-A,912,109.514208226757,1,49222,3,NA,2,3,0,NA,NA,NA,NA,NA,NA,NA,NA,70,2,60,2,NA,NA,NA,2,NA,1,45,1,1,0,1,7,6,54,259.799987792969,11084.7998046875,11084.7998046875,affirmative_filter,age_7_plus
912-000215-A-0131,1,1,9,912-000215-A,912,109.514208226757,1,41000,3,NA,1,8,0,NA,NA,NA,NA,NA,NA,NA,NA,150,2,150,2,NA,NA,NA,2,NA,1,26,1,1,0,1,5,8,44,649.5,4200.099609375,4200.099609375,affirmative_filter,age_7_plus
912-000238-A-0011,3,1,9,912-000238-A,912,67.3656478236961,1,47823,6,NA,1,3,0,NA,NA,NA,NA,NA,NA,NA,NA,NA,NA,NA,NA,NA,NA,NA,1,1,1,25,1,1,0,1,6,3,33,NA,1030,1030,affirmative_filter,age_7_plus
912-000238-A-0031,1,1,9,912-000238-A,912,67.3656478236961,1,43304,3,NA,1,8,0,NA,NA,NA,NA,NA,NA,NA,NA,150,1,150,1,NA,NA,NA,2,NA,1,40,1,1,0,1,5,8,44,649.5,2381.5,2727.89990234375,affirmative_filter,age_7_plus
912-000260-A-0361,1,1,9,912-000260-A,912,151.950963914626,1,43210,3,NA,3,3,0,NA,NA,NA,NA,NA,NA,NA,NA,2100,4,1100,4,NA,NA,NA,1,1,1,34,1,1,0,1,5,9,57,1100,8104.16650390625,8104.16650390625,affirmative_filter,age_7_plus
912-000260-A-0361,2,1,9,912-000260-A,912,151.950963914626,1,47911,3,NA,5,3,0,NA,NA,NA,NA,NA,NA,NA,NA,750,2,375,2,NA,NA,NA,2,NA,2,31,1,1,0,1,6,15,35,1623.75,3048.75,3048.75,affirmative_filter,age_7_plus
913-000312-A-0041,2,1,9,913-000312-A,913,63.0292383264137,1,85302,1,3,5,2,0,2500,4,2,NA,2,NA,2,NA,NA,NA,NA,NA,NA,NA,NA,1,1,2,45,1,1,0,1,15,10,50,2500,8500,8500,affirmative_filter,age_7_plus
913-000312-A-0141,1,1,9,913-000312-A,913,63.0292383264137,1,01614,3,NA,3,5,0,NA,NA,NA,NA,NA,NA,NA,NA,150,1,100,1,NA,NA,NA,2,NA,1,35,1,1,0,1,0,15,39,1299,4799,4799,affirmative_filter,age_7_plus
913-000372-A-0151,2,1,9,913-000372-A,913,133.280576877729,1,47218,3,NA,5,5,0,NA,NA,NA,NA,NA,NA,NA,NA,50,1,10,1,NA,NA,NA,2,NA,2,38,1,1,0,1,6,25,50,216.5,2598,2598,affirmative_filter,age_7_plus
913-000372-A-0151,3,1,9,913-000372-A,913,133.280576877729,1,47810,6,NA,5,1,0,NA,NA,NA,NA,NA,NA,NA,NA,NA,NA,NA,NA,NA,NA,NA,2,NA,1,16,1,1,0,1,6,5,25,NA,433,533,affirmative_filter,age_7_plus
913-000407-A-0071,1,1,9,913-000407-A,913,88.2409336569792,1,56301,1,4,1,14,0,100,1,2,NA,2,NA,2,NA,NA,NA,NA,NA,NA,NA,NA,1,2,1,56,1,1,0,1,8,14,44,433,1299,1299,affirmative_filter,age_7_plus
913-000410-A-0061,1,1,9,913-000410-A,913,145.936928740389,1,85302,1,1,2,3,0,2000,4,2,NA,2,NA,2,NA,NA,NA,NA,NA,NA,NA,NA,1,1,2,36,1,1,0,1,15,6,54,2000,6950,6950,affirmative_filter,age_7_plus
913-000422-A-0111,1,1,9,913-000422-A,913,150.410682369851,1,84220,1,1,1,1,0,7000,4,2,NA,2,NA,2,NA,NA,NA,NA,NA,NA,NA,NA,1,1,1,58,1,1,0,1,14,1,41,7000,11000,11000,affirmative_filter,age_7_plus
913-000422-A-0181,3,1,9,913-000422-A,913,150.410682369851,1,68101,6,NA,2,2,0,NA,NA,NA,NA,NA,NA,NA,NA,NA,NA,NA,NA,NA,NA,NA,1,1,2,35,1,1,0,1,11,4,52,NA,2950,2950,affirmative_filter,age_7_plus
913-000422-A-0221,2,1,9,913-000422-A,913,150.410682369851,1,85302,1,1,2,2,0,2800,4,2,NA,2,NA,2,NA,NA,NA,NA,NA,NA,NA,NA,1,1,1,32,1,1,0,1,15,4,52,2800,8050,9350,affirmative_filter,age_7_plus
913-000422-A-0241,1,1,9,913-000422-A,913,150.410682369851,1,85302,1,1,2,3,0,1800,4,2,NA,2,NA,2,NA,NA,NA,NA,NA,NA,NA,NA,1,1,1,36,1,1,0,1,15,6,46,1800,17358.33203125,17358.33203125,affirmative_filter,age_7_plus
913-000429-A-0041,1,1,9,913-000429-A,913,74.6036984554461,1,85498,3,NA,4,3,0,NA,NA,NA,NA,NA,NA,NA,NA,1500,4,1000,4,NA,NA,NA,1,1,1,35,1,1,0,1,15,12,32,1000,3612.08325195312,3612.08325195312,affirmative_filter,age_7_plus
913-000429-A-0281,1,1,9,913-000429-A,913,74.6036984554461,1,47,3,NA,7,2,0,NA,NA,NA,NA,NA,NA,NA,NA,3000,4,1000,4,NA,NA,NA,2,NA,1,31,1,1,0,1,6,14,74,1000,3300,7597.51953125,affirmative_filter,age_7_plus
913-000429-A-0301,4,1,9,913-000429-A,913,74.6036984554461,1,01611,3,NA,2,2,0,NA,NA,NA,NA,NA,NA,NA,NA,30,1,30,1,NA,NA,NA,2,NA,1,22,1,1,0,1,0,4,34,259.799987792969,2316.55004882812,2316.55004882812,affirmative_filter,age_7_plus
914-000438-A-0011,1,1,9,914-000438-A,914,70.8947707741262,1,96010,6,NA,2,7,0,NA,NA,NA,NA,NA,NA,NA,NA,NA,NA,NA,NA,NA,NA,NA,2,NA,2,37,1,1,0,1,18,14,46,NA,910,1110,affirmative_filter,age_7_plus
914-000438-A-0011,2,1,9,914-000438-A,914,70.8947707741262,1,81210,6,NA,1,8,0,NA,NA,NA,NA,NA,NA,NA,NA,NA,NA,NA,NA,NA,NA,NA,2,NA,2,57,1,1,0,1,13,8,22,NA,1602.09997558594,1702.09997558594,affirmative_filter,age_7_plus
914-000438-A-0031,1,1,9,914-000438-A,914,70.8947707741262,1,96020,3,NA,2,5,0,NA,NA,NA,NA,NA,NA,NA,NA,300,1,240,1,NA,NA,NA,1,2,2,56,1,1,0,1,18,10,55,2078.39990234375,4378.39990234375,4378.39990234375,affirmative_filter,age_7_plus
914-000438-A-0051,1,1,9,914-000438-A,914,70.8947707741262,1,85302,1,1,3,2,0,2000,4,2,NA,2,NA,2,NA,NA,NA,NA,NA,NA,NA,NA,1,1,2,46,1,1,0,1,15,6,56,2000,8216.666015625,8216.666015625,affirmative_filter,age_7_plus
914-000438-A-0161,1,1,9,914-000438-A,914,70.8947707741262,1,56210,6,NA,1,4,0,NA,NA,NA,NA,NA,NA,NA,NA,NA,NA,NA,NA,NA,NA,NA,2,NA,1,38,1,1,0,1,8,4,34,NA,1277.34997558594,1277.34997558594,affirmative_filter,age_7_plus
914-000438-A-0161,2,1,9,914-000438-A,914,70.8947707741262,1,56210,3,NA,1,4,0,NA,NA,NA,NA,NA,NA,NA,NA,200,1,100,1,NA,NA,NA,1,1,2,33,1,1,0,1,8,4,44,433,4359.6669921875,4359.6669921875,affirmative_filter,age_7_plus
914-000480-A-0071,1,1,9,914-000480-A,914,64.3787072838572,1,56103,3,NA,1,4,0,NA,NA,NA,NA,NA,NA,NA,NA,300,2,100,2,NA,NA,NA,1,1,2,36,1,1,0,1,8,4,39,433,2448,2448,affirmative_filter,age_7_plus
914-000480-A-0081,1,1,9,914-000480-A,914,64.3787072838572,1,96020,3,NA,3,3,0,NA,NA,NA,NA,NA,NA,NA,NA,250,2,100,2,NA,NA,NA,2,NA,2,48,1,1,0,1,18,9,107,433,903,3568,affirmative_filter,age_7_plus
914-000480-A-0101,1,1,9,914-000480-A,914,64.3787072838572,1,10712,3,NA,4,4,0,NA,NA,NA,NA,NA,NA,NA,NA,1000,2,500,2,NA,NA,NA,2,NA,2,41,1,1,0,1,2,16,31,2165,3788.75,3788.75,affirmative_filter,age_7_plus
914-000480-A-0111,2,1,9,914-000480-A,914,64.3787072838572,1,56101,3,NA,7,6,0,NA,NA,NA,NA,NA,NA,NA,NA,250,1,150,1,NA,NA,NA,2,NA,2,58,1,1,0,1,8,42,54,4546.5,11682.33984375,11682.33984375,affirmative_filter,age_7_plus
914-000482-A-0041,1,1,9,914-000482-A,914,66.2695504348516,1,95220,3,NA,7,4,0,NA,NA,NA,NA,NA,NA,NA,NA,500,2,500,2,NA,NA,NA,1,2,1,43,1,1,0,1,18,28,48,2165,6386.75,6386.75,affirmative_filter,age_7_plus
914-000482-A-0081,1,1,9,914-000482-A,914,66.2695504348516,1,56102,1,4,6,6,0,1200,4,2,NA,2,NA,2,NA,NA,NA,NA,NA,NA,NA,NA,2,NA,2,19,1,1,0,1,8,36,72,1200,4683.33349609375,4837.8203125,affirmative_filter,age_7_plus
914-000482-A-0161,1,1,9,914-000482-A,914,66.2695504348516,1,8620,1,3,5,3,0,2900,4,2,NA,2,NA,2,NA,NA,NA,NA,NA,NA,NA,NA,1,1,2,34,1,1,0,1,16,15,87,2900,13858.3330078125,13858.3330078125,affirmative_filter,age_7_plus
914-000482-A-0221,1,1,9,914-000482-A,914,66.2695504348516,1,85302,1,3,2,1,30,1800,4,2,NA,2,NA,2,NA,NA,NA,NA,NA,NA,NA,NA,1,1,2,38,1,1,0,1,15,3,27,1800,6400,6400,affirmative_filter,age_7_plus
914-000484-A-0041,1,1,9,914-000484-A,914,51.1195690591422,1,85302,1,1,3,1,30,1200,4,2,NA,2,NA,2,NA,NA,NA,NA,NA,NA,NA,NA,1,1,1,47,1,1,0,1,15,4.5,64.5,1200,10841.5,10841.5,affirmative_filter,age_7_plus
914-000484-A-0091,2,1,9,914-000484-A,914,51.1195690591422,1,77292,3,NA,3,1,0,NA,NA,NA,NA,NA,NA,NA,NA,700,2,700,2,NA,NA,NA,1,1,2,50,1,1,0,1,13,3,43,3031,9016.75,9016.75,affirmative_filter,age_7_plus
914-000484-A-0191,2,1,9,914-000484-A,914,51.1195690591422,1,85302,1,1,2,2,0,1200,4,2,NA,2,NA,2,NA,NA,NA,NA,NA,NA,NA,NA,1,2,2,58,1,1,0,1,15,4,36.5,1200,2745.81005859375,2745.81005859375,affirmative_filter,age_7_plus
914-000523-A-0121,2,1,9,914-000523-A,914,67.2299787020234,1,53202,3,NA,5,1,0,NA,NA,NA,NA,NA,NA,NA,NA,4000,4,2000,4,NA,NA,NA,2,NA,2,38,1,1,0,1,7,5,53,2000,4350,4445.66650390625,affirmative_filter,age_7_plus
931-000619-A-0021,1,1,9,931-000619-A,911,24.606063408787,1,52240,3,NA,1,1,0,NA,NA,NA,NA,NA,NA,NA,NA,20,1,20,1,NA,NA,NA,2,NA,1,25,1,1,0,1,7,1,73,86.5999984741211,2666,3066,affirmative_filter,age_7_plus
931-000619-A-0041,1,1,9,931-000619-A,911,24.606063408787,1,01612,3,NA,2,2,0,NA,NA,NA,NA,NA,NA,NA,NA,150,1,120,1,NA,NA,NA,2,NA,1,24,1,1,0,1,0,4,49,1039.19995117188,2309.19995117188,2309.19995117188,affirmative_filter,age_7_plus
931-000619-A-0081,1,1,9,931-000619-A,911,24.606063408787,1,08101,1,4,3,2,0,1000,3,2,NA,2,NA,2,NA,NA,NA,NA,NA,NA,NA,NA,2,NA,1,63,1,1,0,1,1,6,46,2165,3690,4069.16674804688,affirmative_filter,age_7_plus
931-000583-A-0121,1,1,9,931-000583-A,911,41.8888936601968,1,47113,6,NA,2,2,0,NA,NA,NA,NA,NA,NA,NA,NA,NA,NA,NA,NA,NA,NA,NA,2,NA,1,29,1,1,0,1,6,4,88,NA,15155,16454,affirmative_filter,age_7_plus
932-000557-A-0111,2,1,9,932-000557-A,912,80.6689480241739,1,45401,6,NA,6,8,0,NA,NA,NA,NA,NA,NA,NA,NA,NA,NA,NA,NA,NA,NA,NA,2,NA,2,40,1,1,0,1,6,48,66,NA,4780.31982421875,4780.31982421875,affirmative_filter,age_7_plus
942-001008-D-0131,1,2,9,942-001008-D,922,34.0442378654248,1,01,6,NA,2,3,0,NA,NA,NA,NA,NA,NA,NA,NA,NA,NA,NA,NA,NA,NA,NA,2,NA,1,38,1,1,0,1,0,6,30,NA,12990,12990,affirmative_filter,age_7_plus
942-001008-D-0341,4,2,9,942-001008-D,922,34.0442378654248,1,90008,1,4,3,8,0,200,4,2,NA,2,NA,2,NA,NA,NA,NA,NA,NA,NA,NA,2,NA,1,20,1,1,0,1,17,24,42,200,8556.8994140625,9056.8994140625,affirmative_filter,age_7_plus
942-001008-D-0461,1,2,9,942-001008-D,922,34.0442378654248,1,94910,1,5,4,2,0,800,4,2,NA,2,NA,2,NA,NA,NA,NA,NA,NA,NA,NA,2,NA,1,46,1,1,0,1,18,8,32,800,10066.2001953125,10149.533203125,affirmative_filter,age_7_plus
943-000896-D-0291,1,2,9,943-000896-D,923,63.4901701105373,1,01,3,NA,2,6,0,NA,NA,NA,NA,NA,NA,NA,NA,1300,8,1250,8,1,8,6000,2,NA,1,46,1,1,0,1,0,12,42,104.16667175293,929.166687011719,929.166687011719,affirmative_filter,age_7_plus
943-000896-D-0291,3,2,9,943-000896-D,923,63.4901701105373,1,01,6,NA,2,4,0,NA,NA,NA,NA,NA,NA,NA,NA,NA,NA,NA,NA,NA,NA,NA,2,NA,1,21,1,1,0,1,0,8,44,NA,291.666687011719,541.666687011719,affirmative_filter,age_7_plus
943-000896-D-0351,1,2,9,943-000896-D,923,63.4901701105373,1,01450,3,NA,7,1,0,NA,NA,NA,NA,NA,NA,NA,NA,875,8,635,8,1,8,35,2,NA,1,32,1,1,0,1,0,7,67,52.9166679382324,244.583343505859,244.583343505859,affirmative_filter,age_7_plus
943-000896-D-0401,1,2,9,943-000896-D,923,63.4901701105373,1,01220,3,NA,2,4,0,NA,NA,NA,NA,NA,NA,NA,NA,0,NA,0,NA,1,2,10,2,NA,1,42,1,1,0,1,0,8,26,NA,291.666687011719,291.666687011719,affirmative_filter,age_7_plus
943-000896-D-0401,2,2,9,943-000896-D,923,63.4901701105373,1,02300,6,NA,2,6,0,NA,NA,NA,NA,NA,NA,NA,NA,NA,NA,NA,NA,NA,NA,NA,2,NA,2,40,1,1,0,1,0,12,30,NA,NA,0,affirmative_filter,age_7_plus
943-000896-D-0451,1,2,9,943-000896-D,923,63.4901701105373,1,01,3,NA,4,8,0,NA,NA,NA,NA,NA,NA,NA,NA,0,NA,0,NA,1,2,20,2,NA,1,25,1,1,0,1,0,32,92,NA,358.333343505859,358.333343505859,affirmative_filter,age_7_plus
943-000896-D-0511,1,2,9,943-000896-D,923,63.4901701105373,1,01,3,NA,1,6,0,NA,NA,NA,NA,NA,NA,NA,NA,0,NA,0,NA,NA,NA,NA,2,NA,1,45,1,1,0,1,0,6,66,NA,1041.66674804688,1041.66674804688,affirmative_filter,age_7_plus
943-000896-D-0561,1,2,9,943-000896-D,923,63.4901701105373,1,01,3,NA,7,1,0,NA,NA,NA,NA,NA,NA,NA,NA,0,NA,0,NA,1,8,30,2,NA,1,41,1,1,0,1,0,7,67,NA,583.333374023438,583.333374023438,affirmative_filter,age_7_plus
943-000896-D-0561,4,2,9,943-000896-D,923,63.4901701105373,1,01,6,NA,2,4,0,NA,NA,NA,NA,NA,NA,NA,NA,NA,NA,NA,NA,NA,NA,NA,2,NA,1,15,1,1,0,1,0,8,68,NA,NA,0,affirmative_filter,age_7_plus
943-000896-D-0621,1,2,9,943-000896-D,923,63.4901701105373,1,01,3,NA,3,3,0,NA,NA,NA,NA,NA,NA,NA,NA,800,8,750,8,1,8,1290,1,2,1,38,1,1,0,1,0,9,49,62.5,2552.25,2552.25,affirmative_filter,age_7_plus
943-000896-D-0621,2,2,9,943-000896-D,923,63.4901701105373,1,01,6,NA,7,1,0,NA,NA,NA,NA,NA,NA,NA,NA,NA,NA,NA,NA,NA,NA,NA,2,NA,2,31,1,1,0,1,0,7,19,NA,NA,833,affirmative_filter,age_7_plus
943-000667-A-0101,1,2,9,943-000667-A,923,39.9588483213172,1,014,6,NA,3,6,0,NA,NA,NA,NA,NA,NA,NA,NA,NA,NA,NA,NA,NA,NA,NA,1,2,2,39,1,1,0,1,0,18,42,NA,3767.09985351562,3767.09985351562,affirmative_filter,age_7_plus
943-000667-A-0101,2,2,9,943-000667-A,923,39.9588483213172,1,014,3,NA,3,8,0,NA,NA,NA,NA,NA,NA,NA,NA,6000,8,3000,8,1,8,1080,2,NA,1,28,1,1,0,1,0,24,108,250,3750,3750,affirmative_filter,age_7_plus
943-000667-A-0111,1,2,9,943-000667-A,923,39.9588483213172,1,01461,3,NA,5,1,0,NA,NA,NA,NA,NA,NA,NA,NA,3000,7,1500,7,1,7,50,1,2,1,59,1,1,0,1,0,5,96,250,2415,2415,affirmative_filter,age_7_plus
943-000667-A-0111,2,2,9,943-000667-A,923,39.9588483213172,1,01461,6,NA,7,1,0,NA,NA,NA,NA,NA,NA,NA,NA,NA,NA,NA,NA,NA,NA,NA,1,2,2,45,1,1,0,1,0,7,112,NA,NA,0,affirmative_filter,age_7_plus
943-000667-A-0131,1,2,9,943-000667-A,923,39.9588483213172,1,01,3,NA,2,3,0,NA,NA,NA,NA,NA,NA,NA,NA,6000,8,4000,8,1,8,240,2,NA,1,52,1,1,0,1,0,6,66,333.333343505859,916.666748046875,916.666748046875,affirmative_filter,age_7_plus
943-000667-A-0131,2,2,9,943-000667-A,923,39.9588483213172,1,02300,6,NA,3,8,0,NA,NA,NA,NA,NA,NA,NA,NA,NA,NA,NA,NA,NA,NA,NA,2,NA,2,52,1,1,0,1,0,24,40,NA,866,866,affirmative_filter,age_7_plus
943-000667-A-0161,1,2,9,943-000667-A,923,39.9588483213172,1,011,3,NA,3,6,0,NA,NA,NA,NA,NA,NA,NA,NA,0,NA,0,NA,1,8,800,2,NA,1,35,1,1,0,1,0,18,42,NA,1840.25,1840.25,affirmative_filter,age_7_plus
943-000667-A-0161,2,2,9,943-000667-A,923,39.9588483213172,1,011,6,NA,2,5,0,NA,NA,NA,NA,NA,NA,NA,NA,NA,NA,NA,NA,NA,NA,NA,2,NA,2,32,1,1,0,1,0,10,28,NA,NA,0,affirmative_filter,age_7_plus
943-000651-A-0021,1,2,9,943-000651-A,923,95.2352551658059,1,01500,3,NA,2,3,0,NA,NA,NA,NA,NA,NA,NA,NA,0,NA,0,NA,1,1,20,2,NA,1,48,1,1,0,1,0,6,56,NA,7000,7000,affirmative_filter,age_7_plus
943-000651-A-0091,1,2,9,943-000651-A,923,95.2352551658059,1,01,3,NA,2,4,0,NA,NA,NA,NA,NA,NA,NA,NA,0,NA,0,NA,1,1,10,2,NA,1,34,1,1,0,1,0,8,48,NA,1400,1400,affirmative_filter,age_7_plus
943-000651-A-0151,1,2,9,943-000651-A,923,95.2352551658059,1,01,3,NA,2,6,0,NA,NA,NA,NA,NA,NA,NA,NA,1000,8,600,8,1,3,500,2,NA,1,52,1,1,0,1,0,12,60,50,2210,2210,affirmative_filter,age_7_plus
943-000651-A-0221,1,2,9,943-000651-A,923,95.2352551658059,1,01450,3,NA,1,1,0,NA,NA,NA,NA,NA,NA,NA,NA,500,4,200,4,1,4,500,2,NA,1,23,1,1,0,1,0,1,49,200,2000,2000,affirmative_filter,age_7_plus
943-000651-A-0251,1,2,9,943-000651-A,923,95.2352551658059,1,01,3,NA,6,2,30,NA,NA,NA,NA,NA,NA,NA,NA,0,NA,0,NA,1,8,4000,1,1,1,56,1,1,0,1,0,15,40,NA,8333.3330078125,8333.3330078125,affirmative_filter,age_7_plus
943-000651-A-0281,1,2,9,943-000651-A,923,95.2352551658059,1,01500,3,NA,5,8,0,NA,NA,NA,NA,NA,NA,NA,NA,400,8,360,8,1,8,3000,2,NA,1,54,1,1,0,1,0,40,90,30,780,780,affirmative_filter,age_7_plus
943-000651-A-0281,3,2,9,943-000651-A,923,95.2352551658059,1,01500,6,NA,1,8,0,NA,NA,NA,NA,NA,NA,NA,NA,NA,NA,NA,NA,NA,NA,NA,2,NA,1,34,1,1,0,1,0,8,38,NA,195.833343505859,195.833343505859,affirmative_filter,age_7_plus
943-000651-A-0351,1,2,9,943-000651-A,923,95.2352551658059,1,01461,3,NA,7,1,0,NA,NA,NA,NA,NA,NA,NA,NA,180,4,130,4,1,4,50,2,NA,2,32,1,1,0,1,0,7,77,130,3493.94995117188,4293.9501953125,affirmative_filter,age_7_plus
943-000651-A-0351,2,2,9,943-000651-A,923,95.2352551658059,1,02300,3,NA,5,9,0,NA,NA,NA,NA,NA,NA,NA,NA,4000,8,3000,8,NA,NA,NA,2,NA,1,15,1,1,0,1,0,45,75,250,1007.75,1034.41662597656,affirmative_filter,age_7_plus
943-000651-A-0381,1,2,9,943-000651-A,923,95.2352551658059,1,01500,3,NA,4,6,0,NA,NA,NA,NA,NA,NA,NA,NA,4000,8,3960,8,1,5,25,2,NA,1,18,1,1,0,1,0,24,54,330,1155,1198.33337402344,affirmative_filter,age_7_plus
943-000995-D-0101,1,2,9,943-000995-D,923,63.057423089336,1,02300,3,NA,6,8,0,NA,NA,NA,NA,NA,NA,NA,NA,800,2,800,2,NA,NA,NA,2,NA,1,54,1,1,0,1,0,48,96,3464,23468.599609375,23468.599609375,affirmative_filter,age_7_plus
943-000995-D-0441,1,2,9,943-000995-D,923,63.057423089336,1,02300,3,NA,5,3,0,NA,NA,NA,NA,NA,NA,NA,NA,3000,2,2000,2,2,NA,NA,2,NA,1,29,1,1,0,1,0,15,50,8660,11933.48046875,11933.48046875,affirmative_filter,age_7_plus
943-000995-D-0691,1,2,9,943-000995-D,923,63.057423089336,1,01220,3,NA,2,3,0,NA,NA,NA,NA,NA,NA,NA,NA,500,2,500,2,1,1,5,2,NA,2,43,1,1,0,1,0,6,46,2165,49426.94921875,49426.94921875,affirmative_filter,age_7_plus
943-000995-D-0781,1,2,9,943-000995-D,923,63.057423089336,1,02201,3,NA,2,8,0,NA,NA,NA,NA,NA,NA,NA,NA,300,1,260,1,NA,NA,NA,2,NA,1,55,1,1,0,1,0,16,46,2251.59985351562,8313.599609375,8313.599609375,affirmative_filter,age_7_plus
943-000995-D-0861,1,2,9,943-000995-D,923,63.057423089336,1,01,6,NA,2,3,0,NA,NA,NA,NA,NA,NA,NA,NA,NA,NA,NA,NA,NA,NA,NA,1,1,1,33,1,1,0,1,0,6,46,NA,5433,5433,affirmative_filter,age_7_plus
951-000960-D-0011,1,2,9,951-000960-D,921,21.5873811700954,1,01,6,NA,2,2,0,NA,NA,NA,NA,NA,NA,NA,NA,NA,NA,NA,NA,NA,NA,NA,1,1,1,74,1,1,0,1,0,4,34,NA,8785,10085,affirmative_filter,age_7_plus
951-000960-D-0011,2,2,9,951-000960-D,921,21.5873811700954,1,01,3,NA,2,2,0,NA,NA,NA,NA,NA,NA,NA,NA,3000,8,2400,8,1,2,75,2,NA,2,34,1,1,0,1,0,4,39,200,4016.66674804688,4016.66674804688,affirmative_filter,age_7_plus
951-000960-D-0011,3,2,9,951-000960-D,921,21.5873811700954,1,01,6,NA,2,2,0,NA,NA,NA,NA,NA,NA,NA,NA,NA,NA,NA,NA,NA,NA,NA,2,NA,1,15,1,1,0,1,0,4,19,NA,NA,100,affirmative_filter,age_7_plus
951-000960-D-0011,4,2,9,951-000960-D,921,21.5873811700954,1,01,6,NA,2,2,0,NA,NA,NA,NA,NA,NA,NA,NA,NA,NA,NA,NA,NA,NA,NA,2,NA,1,13,0,1,0,1,0,4,13,NA,NA,100,affirmative_filter,age_7_plus
951-000960-D-0021,1,2,9,951-000960-D,921,21.5873811700954,1,01,3,NA,2,3,0,NA,NA,NA,NA,NA,NA,NA,NA,0,NA,0,NA,1,2,25,2,NA,1,29,1,1,0,1,0,6,26,NA,1833.33337402344,1833.33337402344,affirmative_filter,age_7_plus
951-000960-D-0031,1,2,9,951-000960-D,921,21.5873811700954,1,01,3,NA,3,3,0,NA,NA,NA,NA,NA,NA,NA,NA,2160,8,1440,8,1,1,30,2,NA,1,43,1,1,0,1,0,9,44,120,2192.5,2192.5,affirmative_filter,age_7_plus
951-000960-D-0031,2,2,9,951-000960-D,921,21.5873811700954,1,01,6,NA,3,3,0,NA,NA,NA,NA,NA,NA,NA,NA,NA,NA,NA,NA,NA,NA,NA,2,NA,2,42,1,1,0,1,0,9,44,NA,NA,0,affirmative_filter,age_7_plus
951-000960-D-0041,1,2,9,951-000960-D,921,21.5873811700954,1,01,3,NA,4,3,0,NA,NA,NA,NA,NA,NA,NA,NA,0,NA,0,NA,1,2,30,2,NA,1,28,1,1,0,1,0,12,54,NA,1375,1375,affirmative_filter,age_7_plus
951-000960-D-0051,1,2,9,951-000960-D,921,21.5873811700954,1,01,3,NA,3,4,0,NA,NA,NA,NA,NA,NA,NA,NA,6000,8,5050,8,1,8,2300,2,NA,2,39,1,1,0,1,0,12,52,420.833343505859,5987.50048828125,5987.50048828125,affirmative_filter,age_7_plus
951-000960-D-0051,2,2,9,951-000960-D,921,21.5873811700954,1,01,6,NA,2,3,0,NA,NA,NA,NA,NA,NA,NA,NA,NA,NA,NA,NA,NA,NA,NA,2,NA,1,17,1,1,0,1,0,6,31,NA,NA,100,affirmative_filter,age_7_plus
951-000960-D-0051,3,2,9,951-000960-D,921,21.5873811700954,1,01,6,NA,2,3,0,NA,NA,NA,NA,NA,NA,NA,NA,NA,NA,NA,NA,NA,NA,NA,2,NA,1,14,1,1,0,1,0,6,31,NA,NA,100,affirmative_filter,age_7_plus
951-000960-D-0051,4,2,9,951-000960-D,921,21.5873811700954,1,01,6,NA,2,3,0,NA,NA,NA,NA,NA,NA,NA,NA,NA,NA,NA,NA,NA,NA,NA,2,NA,1,12,0,1,0,1,0,6,31,NA,NA,100,affirmative_filter,age_7_plus
951-000960-D-0061,1,2,9,951-000960-D,921,21.5873811700954,1,01,3,NA,3,5,0,NA,NA,NA,NA,NA,NA,NA,NA,18000,8,16000,8,1,8,8000,2,NA,1,65,1,1,0,1,0,15,55,1333.33337402344,5375,5375,affirmative_filter,age_7_plus
951-000960-D-0071,1,2,9,951-000960-D,921,21.5873811700954,1,01,3,NA,3,4,0,NA,NA,NA,NA,NA,NA,NA,NA,16500,8,14000,8,1,8,9000,2,NA,1,28,1,1,0,1,0,12,52,1166.66674804688,6500,6500,affirmative_filter,age_7_plus
951-000960-D-0071,2,2,9,951-000960-D,921,21.5873811700954,1,01,6,NA,3,3,0,NA,NA,NA,NA,NA,NA,NA,NA,NA,NA,NA,NA,NA,NA,NA,2,NA,2,22,1,1,0,1,0,9,39,NA,NA,0,affirmative_filter,age_7_plus
951-000960-D-0081,1,2,9,951-000960-D,921,21.5873811700954,1,01,3,NA,3,4,0,NA,NA,NA,NA,NA,NA,NA,NA,12000,8,10000,8,1,6,1200,2,NA,1,34,1,1,0,1,0,12,42,833.333374023438,4500,4500,affirmative_filter,age_7_plus
951-000960-D-0081,2,2,9,951-000960-D,921,21.5873811700954,1,01,6,NA,3,4,0,NA,NA,NA,NA,NA,NA,NA,NA,NA,NA,NA,NA,NA,NA,NA,2,NA,2,28,1,1,0,1,0,12,30,NA,NA,0,affirmative_filter,age_7_plus
951-000960-D-0091,3,2,9,951-000960-D,921,21.5873811700954,1,01,3,NA,3,6,0,NA,NA,NA,NA,NA,NA,NA,NA,0,NA,0,NA,1,6,1500,2,NA,1,23,1,1,0,1,0,18,50,NA,2250,2250,affirmative_filter,age_7_plus
951-000960-D-0111,1,2,9,951-000960-D,921,21.5873811700954,1,41000,1,4,3,8,0,390,2,2,NA,2,NA,2,NA,NA,NA,NA,NA,NA,NA,NA,2,NA,1,36,1,1,0,1,5,24,56,1688.69995117188,3938.69995117188,3938.69995117188,affirmative_filter,age_7_plus
951-000960-D-0121,1,2,9,951-000960-D,921,21.5873811700954,1,01,3,NA,3,6,0,NA,NA,NA,NA,NA,NA,NA,NA,0,NA,0,NA,1,6,1200,2,NA,1,34,1,1,0,1,0,18,42,NA,4150,4150,affirmative_filter,age_7_plus
951-000964-D-0011,1,2,9,951-000964-D,921,20.1640373566825,1,46201,3,NA,6,3,0,NA,NA,NA,NA,NA,NA,NA,NA,15000,7,7000,7,NA,NA,NA,2,NA,1,56,1,1,0,1,6,18,95,1166.66674804688,3245.06665039062,3495.06665039062,affirmative_filter,age_7_plus
951-000964-D-0011,2,2,9,951-000964-D,921,20.1640373566825,1,47113,6,NA,5,4,0,NA,NA,NA,NA,NA,NA,NA,NA,NA,NA,NA,NA,NA,NA,NA,2,NA,2,52,1,1,0,1,6,20,50,NA,1039.19995117188,1039.19995117188,affirmative_filter,age_7_plus
951-000964-D-0021,1,2,9,951-000964-D,921,20.1640373566825,1,56103,6,NA,3,3,0,NA,NA,NA,NA,NA,NA,NA,NA,NA,NA,NA,NA,NA,NA,NA,2,NA,1,21,1,1,0,1,8,9,34,NA,941.666687011719,941.666687011719,affirmative_filter,age_7_plus
951-000964-D-0031,1,2,9,951-000964-D,921,20.1640373566825,1,01,3,NA,3,3,0,NA,NA,NA,NA,NA,NA,NA,NA,2250,8,2000,8,1,2,25,2,NA,1,49,1,1,0,1,0,9,29,166.66667175293,1616.66662597656,1616.66662597656,affirmative_filter,age_7_plus
951-000964-D-0041,1,2,9,951-000964-D,921,20.1640373566825,1,01,3,NA,3,3,0,NA,NA,NA,NA,NA,NA,NA,NA,6000,8,4500,8,1,2,15,2,NA,1,38,1,1,0,1,0,9,34,375,1858.33337402344,1858.33337402344,affirmative_filter,age_7_plus
951-000964-D-0041,3,2,9,951-000964-D,921,20.1640373566825,1,01,6,NA,2,2,0,NA,NA,NA,NA,NA,NA,NA,NA,NA,NA,NA,NA,NA,NA,NA,2,NA,1,17,1,1,0,1,0,4,19,NA,NA,100,affirmative_filter,age_7_plus
951-000964-D-0081,1,2,9,951-000964-D,921,20.1640373566825,1,01,3,NA,3,2,30,NA,NA,NA,NA,NA,NA,NA,NA,8000,8,7000,8,1,3,75,2,NA,1,69,1,1,0,1,0,7.5,32.5,583.333374023438,3433.33349609375,4185.83349609375,affirmative_filter,age_7_plus
951-000964-D-0111,1,2,9,951-000964-D,921,20.1640373566825,1,01,3,NA,4,6,0,NA,NA,NA,NA,NA,NA,NA,NA,0,NA,0,NA,1,4,300,2,NA,1,38,1,1,0,1,0,24,42,NA,2025,2025,affirmative_filter,age_7_plus
951-000964-D-0121,1,2,9,951-000964-D,921,20.1640373566825,1,01,3,NA,3,8,0,NA,NA,NA,NA,NA,NA,NA,NA,0,NA,0,NA,1,6,1100,2,NA,1,34,1,1,0,1,0,24,56,NA,3025,3025,affirmative_filter,age_7_plus
951-000964-D-0121,2,2,9,951-000964-D,921,20.1640373566825,1,01,6,NA,3,8,0,NA,NA,NA,NA,NA,NA,NA,NA,NA,NA,NA,NA,NA,NA,NA,2,NA,2,40,1,1,0,1,0,24,48,NA,NA,0,affirmative_filter,age_7_plus
951-000964-D-0141,1,2,9,951-000964-D,921,20.1640373566825,1,01,3,NA,3,6,0,NA,NA,NA,NA,NA,NA,NA,NA,0,NA,0,NA,1,6,1800,2,NA,1,40,1,1,0,1,0,18,50,NA,2966.66674804688,2966.66674804688,affirmative_filter,age_7_plus
951-000982-D-0011,1,2,9,951-000982-D,921,366.985479891622,1,01,3,NA,3,3,0,NA,NA,NA,NA,NA,NA,NA,NA,0,NA,0,NA,1,2,15,2,NA,1,59,1,1,0,1,0,9,25,NA,900,900,affirmative_filter,age_7_plus
951-000982-D-0031,1,2,9,951-000982-D,921,366.985479891622,1,01,3,NA,3,7,0,NA,NA,NA,NA,NA,NA,NA,NA,0,NA,0,NA,1,2,30,2,NA,1,23,1,1,0,1,0,21,117,NA,4183.60009765625,4183.60009765625,affirmative_filter,age_7_plus
951-000982-D-0051,1,2,9,951-000982-D,921,366.985479891622,1,01,3,NA,3,2,0,NA,NA,NA,NA,NA,NA,NA,NA,0,NA,0,NA,1,3,70,2,NA,1,63,1,1,0,1,0,6,21,NA,441.666687011719,840.833374023438,affirmative_filter,age_7_plus
951-000982-D-0051,3,2,9,951-000982-D,921,366.985479891622,1,02300,3,NA,2,5,0,NA,NA,NA,NA,NA,NA,NA,NA,17000,8,15500,8,2,NA,NA,2,NA,1,29,1,1,0,1,0,10,106,1291.66674804688,5275.2666015625,5275.2666015625,affirmative_filter,age_7_plus
951-000982-D-0071,1,2,9,951-000982-D,921,366.985479891622,1,03122,4,NA,3,4,0,NA,NA,NA,NA,NA,NA,NA,NA,500,2,400,2,1,2,60,2,NA,1,44,1,1,0,1,0,12,72,1732,3898.66674804688,3898.66674804688,affirmative_filter,age_7_plus
951-000982-D-0091,1,2,9,951-000982-D,921,366.985479891622,1,50211,4,NA,3,10,0,NA,NA,NA,NA,NA,NA,NA,NA,3500,4,2000,4,NA,NA,NA,2,NA,1,65,1,1,0,1,7,30,54,2000,3166.66674804688,3585.83349609375,affirmative_filter,age_7_plus
951-000982-D-0141,1,2,9,951-000982-D,921,366.985479891622,1,46201,3,NA,4,4,0,NA,NA,NA,NA,NA,NA,NA,NA,48000,7,19000,7,NA,NA,NA,2,NA,1,50,1,1,0,1,6,16,76,3166.66674804688,7258.5166015625,7258.5166015625,affirmative_filter,age_7_plus
951-000982-D-0161,1,2,9,951-000982-D,921,366.985479891622,1,02201,3,NA,3,8,0,NA,NA,NA,NA,NA,NA,NA,NA,3000,3,2200,3,NA,NA,NA,2,NA,1,31,1,1,0,1,0,24,56,4763,7742.1669921875,7742.1669921875,affirmative_filter,age_7_plus
951-000982-D-0201,1,2,9,951-000982-D,921,366.985479891622,1,01,3,NA,3,6,0,NA,NA,NA,NA,NA,NA,NA,NA,0,NA,0,NA,1,2,50,2,NA,1,45,1,1,0,1,0,18,42,NA,5233.33349609375,5233.33349609375,affirmative_filter,age_7_plus
951-000982-D-0221,1,2,9,951-000982-D,921,366.985479891622,1,01,3,NA,3,6,0,NA,NA,NA,NA,NA,NA,NA,NA,0,NA,0,NA,1,2,70,2,NA,1,59,1,1,0,1,0,18,42,NA,2400,2400,affirmative_filter,age_7_plus
951-000807-D-0011,1,2,9,951-000807-D,921,18.3492739945811,1,41000,1,4,2,8,0,720,2,2,NA,1,30,2,NA,NA,NA,NA,NA,NA,NA,NA,2,NA,1,30,1,1,0,1,5,16,36,3120.09985351562,4878.43310546875,4878.43310546875,affirmative_filter,age_7_plus
951-000807-D-0021,1,2,9,951-000807-D,921,18.3492739945811,1,01,3,NA,3,3,0,NA,NA,NA,NA,NA,NA,NA,NA,3000,8,2200,8,1,2,40,1,2,2,53,1,1,0,1,0,9,30,183.333343505859,1475.00012207031,1475.00012207031,affirmative_filter,age_7_plus
951-000807-D-0021,2,2,9,951-000807-D,921,18.3492739945811,1,01,6,NA,1,3,0,NA,NA,NA,NA,NA,NA,NA,NA,NA,NA,NA,NA,NA,NA,NA,2,NA,1,10,0,1,0,1,0,3,17,NA,NA,521.239990234375,affirmative_filter,age_7_plus
951-000807-D-0031,1,2,9,951-000807-D,921,18.3492739945811,1,01,3,NA,1,7,0,NA,NA,NA,NA,NA,NA,NA,NA,0,NA,0,NA,1,2,30,2,NA,2,32,1,1,0,1,0,7,21,NA,1158.33337402344,4405.83349609375,affirmative_filter,age_7_plus
951-000807-D-0041,1,2,9,951-000807-D,921,18.3492739945811,1,01,3,NA,2,2,0,NA,NA,NA,NA,NA,NA,NA,NA,2000,8,1500,8,1,2,37,1,2,1,45,1,1,0,1,0,4,24,125,2625,2625,affirmative_filter,age_7_plus
951-000807-D-0041,2,2,9,951-000807-D,921,18.3492739945811,1,02300,6,NA,2,5,0,NA,NA,NA,NA,NA,NA,NA,NA,NA,NA,NA,NA,NA,NA,NA,1,1,2,44,1,1,0,1,0,10,32.5,NA,3775,3775,affirmative_filter,age_7_plus
951-000807-D-0041,3,2,9,951-000807-D,921,18.3492739945811,1,01,6,NA,2,2,0,NA,NA,NA,NA,NA,NA,NA,NA,NA,NA,NA,NA,NA,NA,NA,2,NA,1,14,1,1,0,1,0,4,14,NA,NA,90,affirmative_filter,age_7_plus
951-000807-D-0051,1,2,9,951-000807-D,921,18.3492739945811,1,011,3,NA,3,2,0,NA,NA,NA,NA,NA,NA,NA,NA,4000,8,3300,8,1,1,30,2,NA,1,65,1,1,0,1,0,6,30,275,1800,2219.16674804688,affirmative_filter,age_7_plus
951-000807-D-0051,3,2,9,951-000807-D,921,18.3492739945811,1,011,6,NA,3,2,0,NA,NA,NA,NA,NA,NA,NA,NA,NA,NA,NA,NA,NA,NA,NA,2,NA,1,15,1,1,0,1,0,6,18,NA,NA,300,affirmative_filter,age_7_plus
951-000807-D-0071,1,2,9,951-000807-D,921,18.3492739945811,1,01,3,NA,2,4,0,NA,NA,NA,NA,NA,NA,NA,NA,5000,8,4200,8,1,1,20,1,2,1,56,1,1,0,1,0,8,38,350,2515,2715,affirmative_filter,age_7_plus
951-000807-D-0091,1,2,9,951-000807-D,921,18.3492739945811,1,01,3,NA,3,6,0,NA,NA,NA,NA,NA,NA,NA,NA,0,NA,0,NA,1,6,1800,2,NA,1,34,1,1,0,1,0,18,42,NA,2733.33349609375,2733.33349609375,affirmative_filter,age_7_plus
951-000807-D-0091,2,2,9,951-000807-D,921,18.3492739945811,1,01,6,NA,3,6,0,NA,NA,NA,NA,NA,NA,NA,NA,NA,NA,NA,NA,NA,NA,NA,2,NA,2,24,1,1,0,1,0,18,42,NA,NA,0,affirmative_filter,age_7_plus
951-000807-D-0111,1,2,9,951-000807-D,921,18.3492739945811,1,01,3,NA,3,6,0,NA,NA,NA,NA,NA,NA,NA,NA,0,NA,0,NA,1,6,1500,2,NA,1,29,1,1,0,1,0,18,34,NA,3370.83349609375,3370.83349609375,affirmative_filter,age_7_plus
951-000807-D-0121,1,2,9,951-000807-D,921,18.3492739945811,1,014,3,NA,3,5,0,NA,NA,NA,NA,NA,NA,NA,NA,250,2,200,2,2,NA,NA,2,NA,1,31,1,1,0,1,0,15,39,866,4441,4441,affirmative_filter,age_7_plus
951-001026-D-0061,1,2,9,951-001026-D,921,29.013809307671,1,01,3,NA,2,4,0,NA,NA,NA,NA,NA,NA,NA,NA,0,NA,0,NA,1,2,20,2,NA,1,22,1,1,0,1,0,8,48,NA,1450,1450,affirmative_filter,age_7_plus
951-001026-D-0121,1,2,9,951-001026-D,921,29.013809307671,1,01,3,NA,2,5,0,NA,NA,NA,NA,NA,NA,NA,NA,0,NA,0,NA,1,1,20,2,NA,1,48,1,1,0,1,0,10,60,NA,2300,2300,affirmative_filter,age_7_plus
951-001026-D-0151,1,2,9,951-001026-D,921,29.013809307671,1,01,3,NA,2,5,0,NA,NA,NA,NA,NA,NA,NA,NA,300,8,300,8,1,4,50,2,NA,1,52,1,1,0,1,0,10,66,25,2480.10986328125,2880.10986328125,affirmative_filter,age_7_plus
951-001026-D-0181,1,2,9,951-001026-D,921,29.013809307671,1,01461,6,NA,2,1,30,NA,NA,NA,NA,NA,NA,NA,NA,NA,NA,NA,NA,NA,NA,NA,1,2,1,56,1,1,0,1,0,3,23,NA,NA,1700,affirmative_filter,age_7_plus
951-001026-D-0181,2,2,9,951-001026-D,921,29.013809307671,1,01461,3,NA,2,1,30,NA,NA,NA,NA,NA,NA,NA,NA,0,NA,0,NA,1,4,60,2,NA,2,57,1,1,0,1,0,3,23,NA,1212.40002441406,1212.40002441406,affirmative_filter,age_7_plus
951-001026-D-0211,1,2,9,951-001026-D,921,29.013809307671,1,01,3,NA,3,2,0,NA,NA,NA,NA,NA,NA,NA,NA,0,NA,0,NA,1,2,60,2,NA,1,31,1,1,0,1,0,6,54,NA,433.333343505859,433.333343505859,affirmative_filter,age_7_plus
951-001026-D-0211,2,2,9,951-001026-D,921,29.013809307671,1,01,6,NA,2,3,0,NA,NA,NA,NA,NA,NA,NA,NA,NA,NA,NA,NA,NA,NA,NA,2,NA,2,40,1,1,0,1,0,6,54,NA,NA,0,affirmative_filter,age_7_plus
951-001026-D-0211,5,2,9,951-001026-D,921,29.013809307671,1,01,6,NA,3,4,0,NA,NA,NA,NA,NA,NA,NA,NA,NA,NA,NA,NA,NA,NA,NA,2,NA,2,64,1,1,0,1,0,12,60,NA,NA,424.166656494141,affirmative_filter,age_7_plus
951-001026-D-0271,1,2,9,951-001026-D,921,29.013809307671,1,01,3,NA,3,6,0,NA,NA,NA,NA,NA,NA,NA,NA,620,8,520,8,1,8,500,2,NA,1,58,1,1,0,1,0,18,33,43.3333358764648,1234.08337402344,1234.08337402344,affirmative_filter,age_7_plus
951-001026-D-0271,2,2,9,951-001026-D,921,29.013809307671,1,01,6,NA,5,3,0,NA,NA,NA,NA,NA,NA,NA,NA,NA,NA,NA,NA,NA,NA,NA,2,NA,2,60,1,1,0,1,0,15,57,NA,779.399963378906,1208.56665039062,affirmative_filter,age_7_plus
951-001026-D-0301,1,2,9,951-001026-D,921,29.013809307671,1,01,3,NA,1,6,0,NA,NA,NA,NA,NA,NA,NA,NA,2700,8,2200,8,1,8,500,2,NA,1,50,1,1,0,1,0,6,60,183.333343505859,6418.533203125,6418.533203125,affirmative_filter,age_7_plus
951-001026-D-0331,1,2,9,951-001026-D,921,29.013809307671,1,01,3,NA,2,6,0,NA,NA,NA,NA,NA,NA,NA,NA,0,NA,0,NA,1,8,2000,1,2,1,42,1,1,0,1,0,12,54,NA,1191.66674804688,1191.66674804688,affirmative_filter,age_7_plus
951-000938-D-0011,1,2,9,951-000938-D,921,36.5324912109307,1,01,3,NA,4,3,0,NA,NA,NA,NA,NA,NA,NA,NA,0,NA,0,NA,1,2,40,2,NA,2,56,1,1,0,1,0,12,47,NA,1316.66674804688,1366.66674804688,affirmative_filter,age_7_plus
951-000938-D-0011,3,2,9,951-000938-D,921,36.5324912109307,1,02300,3,NA,3,2,0,NA,NA,NA,NA,NA,NA,NA,NA,15000,8,12000,8,1,8,20,2,NA,1,35,1,1,0,1,0,6,36,1000,4464,4464,affirmative_filter,age_7_plus
951-000938-D-0021,1,2,9,951-000938-D,921,36.5324912109307,1,01,3,NA,3,3,0,NA,NA,NA,NA,NA,NA,NA,NA,0,NA,0,NA,1,2,25,2,NA,1,23,1,1,0,1,0,9,24,NA,1275,1275,affirmative_filter,age_7_plus
951-000938-D-0041,1,2,9,951-000938-D,921,36.5324912109307,1,02300,3,NA,4,3,0,NA,NA,NA,NA,NA,NA,NA,NA,14500,8,14000,8,1,8,180,2,NA,1,42,1,1,0,1,0,12,36,1166.66674804688,3000,3000,affirmative_filter,age_7_plus
951-000938-D-0041,2,2,9,951-000938-D,921,36.5324912109307,1,02300,6,NA,4,6,0,NA,NA,NA,NA,NA,NA,NA,NA,NA,NA,NA,NA,NA,NA,NA,2,NA,2,33,1,1,0,1,0,24,42,NA,NA,0,affirmative_filter,age_7_plus
951-000938-D-0041,3,2,9,951-000938-D,921,36.5324912109307,1,02300,6,NA,3,3,0,NA,NA,NA,NA,NA,NA,NA,NA,NA,NA,NA,NA,NA,NA,NA,2,NA,1,14,1,1,0,1,0,9,33,NA,NA,60,affirmative_filter,age_7_plus
951-000938-D-0061,1,2,9,951-000938-D,921,36.5324912109307,1,01,3,NA,4,3,0,NA,NA,NA,NA,NA,NA,NA,NA,0,NA,0,NA,1,2,50,2,NA,1,40,1,1,0,1,0,12,42,NA,2108.33349609375,2108.33349609375,affirmative_filter,age_7_plus
951-000938-D-0061,2,2,9,951-000938-D,921,36.5324912109307,1,01,6,NA,4,3,0,NA,NA,NA,NA,NA,NA,NA,NA,NA,NA,NA,NA,NA,NA,NA,2,NA,2,30,1,1,0,1,0,12,27,NA,NA,0,affirmative_filter,age_7_plus
951-000938-D-0061,3,2,9,951-000938-D,921,36.5324912109307,1,01,6,NA,2,3,0,NA,NA,NA,NA,NA,NA,NA,NA,NA,NA,NA,NA,NA,NA,NA,2,NA,1,16,1,1,0,1,0,6,24,NA,NA,160,affirmative_filter,age_7_plus
951-000938-D-0081,1,2,9,951-000938-D,921,36.5324912109307,1,01,3,NA,3,5,0,NA,NA,NA,NA,NA,NA,NA,NA,7000,8,6000,8,1,4,880,2,NA,1,45,1,1,0,1,0,15,39,500,3541.66674804688,3541.66674804688,affirmative_filter,age_7_plus
951-000938-D-0081,2,2,9,951-000938-D,921,36.5324912109307,1,01,6,NA,2,5,0,NA,NA,NA,NA,NA,NA,NA,NA,NA,NA,NA,NA,NA,NA,NA,2,NA,2,27,1,1,0,1,0,10,28,NA,NA,0,affirmative_filter,age_7_plus
951-000938-D-0101,1,2,9,951-000938-D,921,36.5324912109307,1,01,3,NA,2,3,0,NA,NA,NA,NA,NA,NA,NA,NA,2000,8,1600,8,1,1,70,2,NA,1,49,1,1,0,1,0,6,34,133.333343505859,3241.66674804688,3241.66674804688,affirmative_filter,age_7_plus
951-000938-D-0101,3,2,9,951-000938-D,921,36.5324912109307,1,01,6,NA,2,3,0,NA,NA,NA,NA,NA,NA,NA,NA,NA,NA,NA,NA,NA,NA,NA,2,NA,1,16,1,1,0,1,0,6,15,NA,NA,100,affirmative_filter,age_7_plus
951-000938-D-0131,1,2,9,951-000938-D,921,36.5324912109307,1,01,3,NA,3,3,0,NA,NA,NA,NA,NA,NA,NA,NA,5800,8,4800,8,1,1,50,2,NA,1,65,1,1,0,1,0,9,39,400,1866.66674804688,2285.83349609375,affirmative_filter,age_7_plus
951-000938-D-0151,1,2,9,951-000938-D,921,36.5324912109307,1,011,3,NA,2,6,0,NA,NA,NA,NA,NA,NA,NA,NA,0,NA,0,NA,1,4,1000,2,NA,1,26,1,1,0,1,0,12,42,NA,1858.33337402344,1858.33337402344,affirmative_filter,age_7_plus
951-000938-D-0171,1,2,9,951-000938-D,921,36.5324912109307,1,011,3,NA,3,8,0,NA,NA,NA,NA,NA,NA,NA,NA,0,NA,0,NA,1,5,3000,2,NA,1,51,1,1,0,1,0,24,48,NA,2150,2150,affirmative_filter,age_7_plus
952-000880-D-0031,1,2,9,952-000880-D,922,57.7720400140542,1,01,3,NA,3,5,0,NA,NA,NA,NA,NA,NA,NA,NA,2500,5,1500,5,1,1,20,1,1,1,47,1,1,0,1,0,15,39,750,7628.16650390625,7628.16650390625,affirmative_filter,age_7_plus
952-000880-D-0121,1,2,9,952-000880-D,922,57.7720400140542,1,03122,3,NA,3,2,0,NA,NA,NA,NA,NA,NA,NA,NA,150,4,100,4,1,2,20,2,NA,1,31,1,1,0,1,0,6,48,100,875,875,affirmative_filter,age_7_plus
952-000880-D-0151,1,2,9,952-000880-D,922,57.7720400140542,1,01,3,NA,5,6,0,NA,NA,NA,NA,NA,NA,NA,NA,550,8,430,8,1,8,1600,2,NA,1,36,1,1,0,1,0,30,54,35.8333358764648,1118.33337402344,1118.33337402344,affirmative_filter,age_7_plus
952-000880-D-0151,2,2,9,952-000880-D,922,57.7720400140542,1,01,6,NA,2,3,0,NA,NA,NA,NA,NA,NA,NA,NA,NA,NA,NA,NA,NA,NA,NA,2,NA,2,50,1,1,0,1,0,6,15,NA,1234.04992675781,1234.04992675781,affirmative_filter,age_7_plus
952-000880-D-0171,2,2,9,952-000880-D,922,57.7720400140542,1,01,6,NA,6,2,0,NA,NA,NA,NA,NA,NA,NA,NA,NA,NA,NA,NA,NA,NA,NA,2,NA,2,72,1,1,0,1,0,12,48,NA,536.919982910156,961.086669921875,affirmative_filter,age_7_plus
952-000880-D-0191,1,2,9,952-000880-D,922,57.7720400140542,1,01,3,NA,3,6,0,NA,NA,NA,NA,NA,NA,NA,NA,200,4,180,4,1,4,150,2,NA,1,48,1,1,0,1,0,18,48,180,3514.09985351562,3514.09985351562,affirmative_filter,age_7_plus
952-000880-D-0191,6,2,9,952-000880-D,922,57.7720400140542,1,01,6,NA,1,3,0,NA,NA,NA,NA,NA,NA,NA,NA,NA,NA,NA,NA,NA,NA,NA,2,NA,1,11,0,1,0,1,0,3,21,NA,NA,100,affirmative_filter,age_7_plus
952-000880-D-0221,1,2,9,952-000880-D,922,57.7720400140542,1,01,3,NA,6,4,30,NA,NA,NA,NA,NA,NA,NA,NA,18000,8,14000,8,1,2,40,1,1,1,60,1,1,0,1,0,27,57,1166.66674804688,8100,8100,affirmative_filter,age_7_plus
952-000880-D-0241,1,2,9,952-000880-D,922,57.7720400140542,1,01136,3,NA,3,6,0,NA,NA,NA,NA,NA,NA,NA,NA,4000,8,3500,8,1,8,250,2,NA,1,23,1,1,0,1,0,18,38,291.666687011719,891.666687011719,891.666687011719,affirmative_filter,age_7_plus
952-001041-D-0031,1,2,9,952-001041-D,922,95.3238660231894,1,02300,3,NA,6,10,0,NA,NA,NA,NA,NA,NA,NA,NA,3000,8,2500,8,2,NA,NA,2,NA,1,28,1,1,0,1,0,60,108,208.333343505859,4754.83349609375,4754.83349609375,affirmative_filter,age_7_plus
952-001041-D-0061,1,2,9,952-001041-D,922,95.3238660231894,1,02201,3,NA,2,8,0,NA,NA,NA,NA,NA,NA,NA,NA,150,1,150,1,NA,NA,NA,2,NA,1,30,1,1,0,1,0,16,34,1299,2699,2699,affirmative_filter,age_7_plus
952-001041-D-0081,1,2,9,952-001041-D,922,95.3238660231894,1,01,3,NA,2,6,0,NA,NA,NA,NA,NA,NA,NA,NA,2500,7,2500,7,1,7,500,2,NA,1,62,1,1,0,1,0,12,60,416.666687011719,862.5,1241.66662597656,affirmative_filter,age_7_plus
952-001041-D-0081,2,2,9,952-001041-D,922,95.3238660231894,1,01,6,NA,2,4,0,NA,NA,NA,NA,NA,NA,NA,NA,NA,NA,NA,NA,NA,NA,NA,2,NA,2,52,1,1,0,1,0,8,48,NA,NA,0,affirmative_filter,age_7_plus
952-001041-D-0081,3,2,9,952-001041-D,922,95.3238660231894,1,01,6,NA,2,4,0,NA,NA,NA,NA,NA,NA,NA,NA,NA,NA,NA,NA,NA,NA,NA,2,NA,2,19,1,1,0,1,0,8,56,NA,NA,120,affirmative_filter,age_7_plus
952-001041-D-0131,1,2,9,952-001041-D,922,95.3238660231894,1,01,3,NA,2,6,0,NA,NA,NA,NA,NA,NA,NA,NA,2000,6,2000,6,1,4,80,2,NA,1,49,1,1,0,1,0,12,42,666.666687011719,833.333374023438,833.333374023438,affirmative_filter,age_7_plus
952-001041-D-0131,2,2,9,952-001041-D,922,95.3238660231894,1,01,6,NA,2,3,0,NA,NA,NA,NA,NA,NA,NA,NA,NA,NA,NA,NA,NA,NA,NA,2,NA,2,47,1,1,0,1,0,6,42,NA,NA,0,affirmative_filter,age_7_plus
952-001041-D-0151,1,2,9,952-001041-D,922,95.3238660231894,1,01,3,NA,3,6,0,NA,NA,NA,NA,NA,NA,NA,NA,5600,8,5500,8,1,8,1500,2,NA,1,64,1,1,0,1,0,18,58,458.333343505859,1284.16674804688,2163.33349609375,affirmative_filter,age_7_plus
952-001041-D-0171,1,2,9,952-001041-D,922,95.3238660231894,1,01,3,NA,3,4,0,NA,NA,NA,NA,NA,NA,NA,NA,2000,8,1900,8,1,8,500,2,NA,1,36,1,1,0,1,0,12,57,158.333343505859,3081.08325195312,3081.08325195312,affirmative_filter,age_7_plus
952-001041-D-0171,2,2,9,952-001041-D,922,95.3238660231894,1,01,6,NA,7,1,0,NA,NA,NA,NA,NA,NA,NA,NA,NA,NA,NA,NA,NA,NA,NA,2,NA,2,36,1,1,0,1,0,7,61,NA,433,433,affirmative_filter,age_7_plus
952-001041-D-0181,1,2,9,952-001041-D,922,95.3238660231894,1,01,3,NA,5,7,0,NA,NA,NA,NA,NA,NA,NA,NA,2100,8,2000,8,1,8,1000,2,NA,1,64,1,1,0,1,0,35,89,166.66667175293,566.666687011719,945.833374023438,affirmative_filter,age_7_plus
952-001041-D-0181,2,2,9,952-001041-D,922,95.3238660231894,1,01,6,NA,3,4,0,NA,NA,NA,NA,NA,NA,NA,NA,NA,NA,NA,NA,NA,NA,NA,2,NA,2,60,1,1,0,1,0,12,39,NA,NA,379.166656494141,affirmative_filter,age_7_plus
952-001027-D-0011,1,2,9,952-001027-D,922,59.2073702007388,1,01,3,NA,2,3,0,NA,NA,NA,NA,NA,NA,NA,NA,0,NA,0,NA,1,1,30,2,NA,1,23,1,1,0,1,0,6,56,NA,791.666687011719,791.666687011719,affirmative_filter,age_7_plus
952-001027-D-0021,1,2,9,952-001027-D,922,59.2073702007388,1,02300,3,NA,4,10,0,NA,NA,NA,NA,NA,NA,NA,NA,7000,8,6000,8,2,NA,NA,2,NA,1,46,1,1,0,1,0,40,55,500,3500,3500,affirmative_filter,age_7_plus
952-001027-D-0041,1,2,9,952-001027-D,922,59.2073702007388,1,022,3,NA,1,8,0,NA,NA,NA,NA,NA,NA,NA,NA,200,1,150,1,NA,NA,NA,2,NA,1,34,1,1,0,1,0,8,32,649.5,1899.5,1899.5,affirmative_filter,age_7_plus
952-001027-D-0061,1,2,9,952-001027-D,922,59.2073702007388,1,02300,3,NA,3,7,0,NA,NA,NA,NA,NA,NA,NA,NA,8000,8,7500,8,2,NA,NA,2,NA,1,69,1,1,0,1,0,21,39,625,2625,3004.16674804688,affirmative_filter,age_7_plus
952-001027-D-0061,3,2,9,952-001027-D,922,59.2073702007388,1,01,6,NA,3,6,0,NA,NA,NA,NA,NA,NA,NA,NA,NA,NA,NA,NA,NA,NA,NA,2,NA,1,25,1,1,0,1,0,18,58,NA,366.666687011719,366.666687011719,affirmative_filter,age_7_plus
952-001027-D-0071,1,2,9,952-001027-D,922,59.2073702007388,1,01,3,NA,6,5,0,NA,NA,NA,NA,NA,NA,NA,NA,700,6,600,6,1,7,300,2,NA,1,58,1,1,0,1,0,30,70,200,862.5,862.5,affirmative_filter,age_7_plus
952-001027-D-0071,2,2,9,952-001027-D,922,59.2073702007388,1,01,6,NA,6,5,0,NA,NA,NA,NA,NA,NA,NA,NA,NA,NA,NA,NA,NA,NA,NA,2,NA,2,55,1,1,0,1,0,30,78,NA,NA,0,affirmative_filter,age_7_plus
952-001027-D-0071,3,2,9,952-001027-D,922,59.2073702007388,1,01,6,NA,3,4,0,NA,NA,NA,NA,NA,NA,NA,NA,NA,NA,NA,NA,NA,NA,NA,2,NA,1,12,0,1,0,1,0,12,48,NA,NA,70,affirmative_filter,age_7_plus
952-001027-D-0111,2,2,9,952-001027-D,922,59.2073702007388,1,01,3,NA,2,6,0,NA,NA,NA,NA,NA,NA,NA,NA,0,NA,0,NA,1,4,300,2,NA,1,46,1,1,0,1,0,12,61,NA,308.333343505859,308.333343505859,affirmative_filter,age_7_plus
952-001027-D-0121,1,2,9,952-001027-D,922,59.2073702007388,1,01612,3,NA,1,6,0,NA,NA,NA,NA,NA,NA,NA,NA,100,2,85,2,NA,NA,NA,1,2,1,37,1,1,0,1,0,6,76,368.049987792969,565.13330078125,565.13330078125,affirmative_filter,age_7_plus
952-001027-D-0141,1,2,9,952-001027-D,922,59.2073702007388,1,02300,3,NA,4,7,0,NA,NA,NA,NA,NA,NA,NA,NA,8000,8,7000,8,2,NA,NA,2,NA,2,51,1,1,0,1,0,28,46,583.333374023438,1882.33337402344,1882.33337402344,affirmative_filter,age_7_plus
952-001027-D-0141,3,2,9,952-001027-D,922,59.2073702007388,1,01,6,NA,2,2,0,NA,NA,NA,NA,NA,NA,NA,NA,NA,NA,NA,NA,NA,NA,NA,2,NA,1,10,0,1,0,1,0,4,10,NA,NA,60,affirmative_filter,age_7_plus
952-001027-D-0161,1,2,9,952-001027-D,922,59.2073702007388,1,01,3,NA,2,6,0,NA,NA,NA,NA,NA,NA,NA,NA,750,8,600,8,1,8,2300,2,NA,1,50,1,1,0,1,0,12,52,50,1500,1500,affirmative_filter,age_7_plus
952-001027-D-0161,2,2,9,952-001027-D,922,59.2073702007388,1,01,6,NA,3,3,0,NA,NA,NA,NA,NA,NA,NA,NA,NA,NA,NA,NA,NA,NA,NA,2,NA,2,52,1,1,0,1,0,9,33,NA,NA,0,affirmative_filter,age_7_plus
952-001027-D-0161,3,2,9,952-001027-D,922,59.2073702007388,1,01,6,NA,2,3,0,NA,NA,NA,NA,NA,NA,NA,NA,NA,NA,NA,NA,NA,NA,NA,2,NA,2,16,1,1,0,1,0,6,38,NA,NA,60,affirmative_filter,age_7_plus
952-001027-D-0161,4,2,9,952-001027-D,922,59.2073702007388,1,01,6,NA,1,3,0,NA,NA,NA,NA,NA,NA,NA,NA,NA,NA,NA,NA,NA,NA,NA,2,NA,2,14,1,1,0,1,0,3,35,NA,NA,60,affirmative_filter,age_7_plus
952-001027-D-0161,5,2,9,952-001027-D,922,59.2073702007388,1,01,6,NA,1,3,0,NA,NA,NA,NA,NA,NA,NA,NA,NA,NA,NA,NA,NA,NA,NA,2,NA,2,13,0,1,0,1,0,3,27,NA,NA,60,affirmative_filter,age_7_plus
952-001027-D-0171,1,2,9,952-001027-D,922,59.2073702007388,1,01,3,NA,3,6,0,NA,NA,NA,NA,NA,NA,NA,NA,550,8,430,8,1,8,1600,2,NA,1,33,1,1,0,1,0,18,72,35.8333358764648,825,825,affirmative_filter,age_7_plus
952-001027-D-0171,2,2,9,952-001027-D,922,59.2073702007388,1,01,6,NA,2,3,0,NA,NA,NA,NA,NA,NA,NA,NA,NA,NA,NA,NA,NA,NA,NA,2,NA,2,21,1,1,0,1,0,6,60,NA,NA,0,affirmative_filter,age_7_plus
952-001027-D-0191,1,2,9,952-001027-D,922,59.2073702007388,1,01,3,NA,3,4,0,NA,NA,NA,NA,NA,NA,NA,NA,500,8,450,8,1,8,1500,2,NA,1,38,1,1,0,1,0,12,72,37.5,795.833374023438,795.833374023438,affirmative_filter,age_7_plus
952-001027-D-0191,2,2,9,952-001027-D,922,59.2073702007388,1,01,6,NA,6,1,0,NA,NA,NA,NA,NA,NA,NA,NA,NA,NA,NA,NA,NA,NA,NA,2,NA,2,36,1,1,0,1,0,6,22,NA,606.200012207031,606.200012207031,affirmative_filter,age_7_plus
952-001027-D-0191,3,2,9,952-001027-D,922,59.2073702007388,1,01,6,NA,2,4,0,NA,NA,NA,NA,NA,NA,NA,NA,NA,NA,NA,NA,NA,NA,NA,2,NA,1,9,0,1,0,1,0,8,14,NA,NA,60,affirmative_filter,age_7_plus
952-001027-D-0191,5,2,9,952-001027-D,922,59.2073702007388,1,01,6,NA,2,3,0,NA,NA,NA,NA,NA,NA,NA,NA,NA,NA,NA,NA,NA,NA,NA,2,NA,1,18,1,1,0,1,0,6,46,NA,NA,60,affirmative_filter,age_7_plus
952-000690-D-0021,1,2,9,952-000690-D,922,20.5848880116522,1,49222,3,NA,1,10,0,NA,NA,NA,NA,NA,NA,NA,NA,120,1,90,1,NA,NA,NA,1,2,1,43,1,1,0,1,7,10,38,389.699981689453,1026.03332519531,1326.03332519531,affirmative_filter,age_7_plus
952-000690-D-0041,1,2,9,952-000690-D,922,20.5848880116522,1,01,3,NA,2,4,0,NA,NA,NA,NA,NA,NA,NA,NA,0,NA,0,NA,2,NA,NA,2,NA,1,47,1,1,0,1,0,8,40,NA,1400,1400,affirmative_filter,age_7_plus
952-000690-D-0061,1,2,9,952-000690-D,922,20.5848880116522,1,03220,4,NA,7,1,0,NA,NA,NA,NA,NA,NA,NA,NA,1200,4,380,6,1,2,40,2,NA,1,51,1,1,0,1,0,7,49,126.66667175293,492.666687011719,492.666687011719,affirmative_filter,age_7_plus
952-000690-D-0091,1,2,9,952-000690-D,922,20.5848880116522,1,01136,3,NA,2,3,0,NA,NA,NA,NA,NA,NA,NA,NA,12000,8,8000,8,1,8,450,1,1,1,49,1,1,0,1,0,6,36,666.666687011719,11866.6669921875,11866.6669921875,affirmative_filter,age_7_plus
952-000690-D-0101,1,2,9,952-000690-D,922,20.5848880116522,1,01111,3,NA,7,8,0,NA,NA,NA,NA,NA,NA,NA,NA,1200,4,700,4,NA,NA,NA,2,NA,2,63,1,1,0,1,0,56,88,700,2302.10009765625,3685.43334960938,affirmative_filter,age_7_plus
952-000690-D-0111,1,2,9,952-000690-D,922,20.5848880116522,1,03220,4,NA,4,1,0,NA,NA,NA,NA,NA,NA,NA,NA,2500,4,1750,4,1,3,60,1,2,1,66,1,1,0,1,0,4,25,1750,3934,8059,affirmative_filter,age_7_plus
952-000690-D-0121,1,2,9,952-000690-D,922,20.5848880116522,1,01,3,NA,6,2,0,NA,NA,NA,NA,NA,NA,NA,NA,0,NA,0,NA,1,2,68,2,NA,1,61,1,1,0,1,0,12,52,NA,880,1263.33325195312,affirmative_filter,age_7_plus
953-001005-D-0301,1,2,9,953-001005-D,923,149.771683337678,1,02300,3,NA,6,7,0,NA,NA,NA,NA,NA,NA,NA,NA,3600,2,2000,2,NA,NA,NA,2,NA,1,39,1,1,0,1,0,42,52,8660,11233.2001953125,11233.2001953125,affirmative_filter,age_7_plus
953-000993-D-0031,1,2,9,953-000993-D,923,43.2033701935609,1,01,3,NA,1,3,0,NA,NA,NA,NA,NA,NA,NA,NA,0,NA,0,NA,1,2,20,1,2,1,59,1,1,0,1,0,3,51,NA,10392,10392,affirmative_filter,age_7_plus
953-000993-D-0191,1,2,9,953-000993-D,923,43.2033701935609,1,01411,3,NA,5,8,0,NA,NA,NA,NA,NA,NA,NA,NA,8000,7,2000,7,2,NA,NA,2,NA,1,34,1,1,0,1,0,40,43,333.333343505859,1199.33337402344,5199.33349609375,affirmative_filter,age_7_plus
953-000993-D-0261,1,2,9,953-000993-D,923,43.2033701935609,1,01220,3,NA,3,6,0,NA,NA,NA,NA,NA,NA,NA,NA,600,2,500,2,1,1,5,2,NA,1,39,1,1,0,1,0,18,21,2165,3247.5,3247.5,affirmative_filter,age_7_plus
953-000993-D-0381,1,2,9,953-000993-D,923,43.2033701935609,1,01411,3,NA,3,2,0,NA,NA,NA,NA,NA,NA,NA,NA,4500,8,3500,8,NA,NA,NA,2,NA,1,47,1,1,0,1,0,6,46,291.666687011719,19755.015625,19763.349609375,affirmative_filter,age_7_plus
953-000993-D-0421,1,2,9,953-000993-D,923,43.2033701935609,1,01,3,NA,4,2,0,NA,NA,NA,NA,NA,NA,NA,NA,100,2,50,2,NA,NA,NA,2,NA,1,47,1,1,0,1,0,8,56,216.5,22819.099609375,22819.099609375,affirmative_filter,age_7_plus
953-000691-D-0101,1,2,9,953-000691-D,923,27.7192010877606,1,01136,3,NA,6,3,0,NA,NA,NA,NA,NA,NA,NA,NA,960,8,680,8,1,8,100,2,NA,1,27,1,1,0,1,0,18,66,56.6666679382324,2005.16662597656,2005.16662597656,affirmative_filter,age_7_plus
953-000691-D-0131,1,2,9,953-000691-D,923,27.7192010877606,1,01461,3,NA,4,1,30,NA,NA,NA,NA,NA,NA,NA,NA,0,NA,0,NA,NA,NA,NA,2,NA,1,33,1,1,0,1,0,6,18,NA,866,866,affirmative_filter,age_7_plus
953-000691-D-0151,2,2,9,953-000691-D,923,27.7192010877606,1,01500,6,NA,7,1,0,NA,NA,NA,NA,NA,NA,NA,NA,NA,NA,NA,NA,NA,NA,NA,1,2,2,69,1,1,0,1,0,7,35,NA,540,5377,affirmative_filter,age_7_plus
953-000691-D-0181,1,2,9,953-000691-D,923,27.7192010877606,1,01500,3,NA,4,4,0,NA,NA,NA,NA,NA,NA,NA,NA,9500,8,6500,8,1,8,450,1,1,1,55,1,1,0,1,0,16,25,541.666687011719,8841.6669921875,8841.6669921875,affirmative_filter,age_7_plus
